{"type": "FeatureCollection", "features": [{"type": "Feature", "geometry": {"type": "LineString", "coordinates": [[34.10949, 0.98261], [34.10892, 0.98218]]}, "properties": {"link_id": "BUTA00001", "name": "Butaleja - Link 1", "district": "Butaleja", "pavement": "Unpaved", "condition": "Poor", "length_km": 0.086}}, {"type": "Feature", "geometry": {"type": "LineString", "coordinates": [[34.10892, 0.9822], [34.10845, 0.98224]]}, "properties": {"link_id": "BUTA00002", "name": "Butaleja - Link 2", "district": "Butaleja", "pavement": "Unpaved", "condition": "Poor", "length_km": 0.053}}, {"type": "Feature", "geometry": {"type": "LineString", "coordinates": [[34.10991, 0.98191], [34.10961, 0.98661]]}, "properties": {"link_id": "BUTA00003", "name": "Butaleja - Link 3", "district": "Butaleja", "pavement": "Unpaved", "condition": "Poor", "length_km": 0.559}}, {"type": "Feature", "geometry": {"type": "LineString", "coordinates": [[34.11038, 0.97931], [34.11043, 0.97916]]}, "properties": {"link_id": "BUTA00004", "name": "Butaleja - Link 4", "district": "Butaleja", "pavement": "Unpaved", "condition": "Poor", "length_km": 0.018}}, {"type": "Feature", "geometry": {"type": "LineString", "coordinates": [[34.11075, 0.97956], [34.10991, 0.98191]]}, "properties": {"link_id": "BUTA00005", "name": "Butaleja - Link 5", "district": "Butaleja", "pavement": "Unpaved", "condition": "Poor", "length_km": 0.284}}, {"type": "Feature", "geometry": {"type": "LineString", "coordinates": [[34.10861, 0.97821], [34.10988, 0.97833]]}, "properties": {"link_id": "BUTA00006", "name": "Butaleja - Link 6", "district": "Butaleja", "pavement": "Unpaved", "condition": "Poor", "length_km": 0.15}}, {"type": "Feature", "geometry": {"type": "LineString", "coordinates": [[34.11044, 0.97843], [34.10991, 0.97836]]}, "properties": {"link_id": "BUTA00007", "name": "Butaleja - Link 7", "district": "Butaleja", "pavement": "Unpaved", "condition": "Poor", "length_km": 0.062}}, {"type": "Feature", "geometry": {"type": "LineString", "coordinates": [[34.11047, 0.97908], [34.11034, 0.97907]]}, "properties": {"link_id": "BUTA00008", "name": "Butaleja - Link 8", "district": "Butaleja", "pavement": "Unpaved", "condition": "Poor", "length_km": 0.015}}, {"type": "Feature", "geometry": {"type": "LineString", "coordinates": [[34.11073, 0.9756], [34.11041, 0.97663]]}, "properties": {"link_id": "BUTA00009", "name": "Butaleja - Link 9", "district": "Butaleja", "pavement": "Unpaved", "condition": "Poor", "length_km": 0.126}}, {"type": "Feature", "geometry": {"type": "LineString", "coordinates": [[34.11068, 0.97559], [34.11057, 0.97594]]}, "properties": {"link_id": "BUTA00010", "name": "Butaleja - Link 10", "district": "Butaleja", "pavement": "Unpaved", "condition": "Poor", "length_km": 0.041}}, {"type": "Feature", "geometry": {"type": "LineString", "coordinates": [[34.1084, 0.97506], [34.11347, 0.97586]]}, "properties": {"link_id": "BUTA00011", "name": "Butaleja - Link 11", "district": "Butaleja", "pavement": "Paved", "condition": "Good", "length_km": 0.583}}, {"type": "Feature", "geometry": {"type": "LineString", "coordinates": [[34.11106, 0.97568], [34.11093, 0.97492]]}, "properties": {"link_id": "BUTA00012", "name": "Butaleja - Link 12", "district": "Butaleja", "pavement": "Unpaved", "condition": "Poor", "length_km": 0.094}}, {"type": "Feature", "geometry": {"type": "LineString", "coordinates": [[34.10767, 0.97685], [34.10784, 0.97721]]}, "properties": {"link_id": "BUTA00013", "name": "Butaleja - Link 13", "district": "Butaleja", "pavement": "Unpaved", "condition": "Poor", "length_km": 0.044}}, {"type": "Feature", "geometry": {"type": "LineString", "coordinates": [[34.10704, 0.97564], [34.1083, 0.97588]]}, "properties": {"link_id": "BUTA00014", "name": "Butaleja - Link 14", "district": "Butaleja", "pavement": "Unpaved", "condition": "Poor", "length_km": 0.147}}, {"type": "Feature", "geometry": {"type": "LineString", "coordinates": [[34.10759, 0.97581], [34.10752, 0.9762]]}, "properties": {"link_id": "BUTA00015", "name": "Butaleja - Link 15", "district": "Butaleja", "pavement": "Unpaved", "condition": "Poor", "length_km": 0.045}}, {"type": "Feature", "geometry": {"type": "LineString", "coordinates": [[34.1084, 0.97506], [34.10833, 0.97581]]}, "properties": {"link_id": "BUTA00016", "name": "Butaleja - Link 16", "district": "Butaleja", "pavement": "Paved", "condition": "Good", "length_km": 0.084}}, {"type": "Feature", "geometry": {"type": "LineString", "coordinates": [[34.10721, 0.97446], [34.10739, 0.974]]}, "properties": {"link_id": "BUTA00017", "name": "Butaleja - Link 17", "district": "Butaleja", "pavement": "Unpaved", "condition": "Poor", "length_km": 0.057}}, {"type": "Feature", "geometry": {"type": "LineString", "coordinates": [[34.10635, 0.97363], [34.1084, 0.97506]]}, "properties": {"link_id": "BUTA00018", "name": "Butaleja - Link 18", "district": "Butaleja", "pavement": "Paved", "condition": "Good", "length_km": 0.289}}, {"type": "Feature", "geometry": {"type": "LineString", "coordinates": [[34.10704, 0.97564], [34.10599, 0.9742]]}, "properties": {"link_id": "BUTA00019", "name": "Butaleja - Link 19", "district": "Butaleja", "pavement": "Unpaved", "condition": "Poor", "length_km": 0.218}}, {"type": "Feature", "geometry": {"type": "LineString", "coordinates": [[34.10635, 0.97363], [34.10676, 0.97809]]}, "properties": {"link_id": "BUTA00020", "name": "Butaleja - Link 20", "district": "Butaleja", "pavement": "Unpaved", "condition": "Poor", "length_km": 0.55}}, {"type": "Feature", "geometry": {"type": "LineString", "coordinates": [[34.10833, 0.97581], [34.1016, 0.9798]]}, "properties": {"link_id": "BUTA00021", "name": "Butaleja - Link 21", "district": "Butaleja", "pavement": "Paved", "condition": "Good", "length_km": 1.22}}, {"type": "Feature", "geometry": {"type": "LineString", "coordinates": [[34.10598, 0.97466], [34.10213, 0.97645]]}, "properties": {"link_id": "BUTA00022", "name": "Butaleja - Link 22", "district": "Butaleja", "pavement": "Unpaved", "condition": "Poor", "length_km": 0.515}}, {"type": "Feature", "geometry": {"type": "LineString", "coordinates": [[34.10213, 0.97645], [34.10224, 0.9775]]}, "properties": {"link_id": "BUTA00023", "name": "Butaleja - Link 23", "district": "Butaleja", "pavement": "Unpaved", "condition": "Poor", "length_km": 0.158}}, {"type": "Feature", "geometry": {"type": "LineString", "coordinates": [[34.10195, 0.97998], [34.10224, 0.9775]]}, "properties": {"link_id": "BUTA00024", "name": "Butaleja - Link 24", "district": "Butaleja", "pavement": "Unpaved", "condition": "Poor", "length_km": 0.278}}, {"type": "Feature", "geometry": {"type": "LineString", "coordinates": [[34.10161, 0.98169], [34.10225, 0.98014]]}, "properties": {"link_id": "BUTA00025", "name": "Butaleja - Link 25", "district": "Butaleja", "pavement": "Unpaved", "condition": "Poor", "length_km": 0.225}}, {"type": "Feature", "geometry": {"type": "LineString", "coordinates": [[34.10028, 0.98232], [34.10161, 0.98169]]}, "properties": {"link_id": "BUTA00026", "name": "Butaleja - Link 26", "district": "Butaleja", "pavement": "Unpaved", "condition": "Poor", "length_km": 0.18}}, {"type": "Feature", "geometry": {"type": "LineString", "coordinates": [[34.10067, 0.98326], [34.10101, 0.9839]]}, "properties": {"link_id": "BUTA00027", "name": "Butaleja - Link 27", "district": "Butaleja", "pavement": "Unpaved", "condition": "Poor", "length_km": 0.084}}, {"type": "Feature", "geometry": {"type": "LineString", "coordinates": [[34.10094, 0.98361], [34.10073, 0.98363]]}, "properties": {"link_id": "BUTA00028", "name": "Butaleja - Link 28", "district": "Butaleja", "pavement": "Unpaved", "condition": "Poor", "length_km": 0.025}}, {"type": "Feature", "geometry": {"type": "LineString", "coordinates": [[34.10037, 0.98386], [34.1005, 0.98377]]}, "properties": {"link_id": "BUTA00029", "name": "Butaleja - Link 29", "district": "Butaleja", "pavement": "Unpaved", "condition": "Poor", "length_km": 0.017}}, {"type": "Feature", "geometry": {"type": "LineString", "coordinates": [[34.10094, 0.98361], [34.10104, 0.98329]]}, "properties": {"link_id": "BUTA00030", "name": "Butaleja - Link 30", "district": "Butaleja", "pavement": "Unpaved", "condition": "Poor", "length_km": 0.038}}, {"type": "Feature", "geometry": {"type": "LineString", "coordinates": [[34.10575, 0.98123], [34.09999, 0.98535]]}, "properties": {"link_id": "BUTA00031", "name": "Butaleja - Link 31", "district": "Butaleja", "pavement": "Paved", "condition": "Good", "length_km": 0.827}}, {"type": "Feature", "geometry": {"type": "LineString", "coordinates": [[34.10297, 0.98123], [34.10216, 0.98113]]}, "properties": {"link_id": "BUTA00032", "name": "Butaleja - Link 32", "district": "Butaleja", "pavement": "Unpaved", "condition": "Poor", "length_km": 0.091}}, {"type": "Feature", "geometry": {"type": "LineString", "coordinates": [[34.10291, 0.98239], [34.10316, 0.98045]]}, "properties": {"link_id": "BUTA00033", "name": "Butaleja - Link 33", "district": "Butaleja", "pavement": "Unpaved", "condition": "Poor", "length_km": 0.224}}, {"type": "Feature", "geometry": {"type": "LineString", "coordinates": [[34.10354, 0.98217], [34.10386, 0.98064]]}, "properties": {"link_id": "BUTA00034", "name": "Butaleja - Link 34", "district": "Butaleja", "pavement": "Unpaved", "condition": "Poor", "length_km": 0.19}}, {"type": "Feature", "geometry": {"type": "LineString", "coordinates": [[34.10254, 0.98743], [34.10153, 0.988]]}, "properties": {"link_id": "BUTA00035", "name": "Butaleja - Link 35", "district": "Butaleja", "pavement": "Unpaved", "condition": "Fair", "length_km": 0.13}}, {"type": "Feature", "geometry": {"type": "LineString", "coordinates": [[34.10162, 0.98793], [34.10183, 0.98707]]}, "properties": {"link_id": "BUTA00036", "name": "Butaleja - Link 36", "district": "Butaleja", "pavement": "Unpaved", "condition": "Fair", "length_km": 0.103}}, {"type": "Feature", "geometry": {"type": "LineString", "coordinates": [[34.10079, 0.98546], [34.10107, 0.98551]]}, "properties": {"link_id": "BUTA00037", "name": "Butaleja - Link 37", "district": "Butaleja", "pavement": "Unpaved", "condition": "Poor", "length_km": 0.057}}, {"type": "Feature", "geometry": {"type": "LineString", "coordinates": [[34.10107, 0.98551], [34.10112, 0.98527]]}, "properties": {"link_id": "BUTA00038", "name": "Butaleja - Link 38", "district": "Butaleja", "pavement": "Unpaved", "condition": "Poor", "length_km": 0.028}}, {"type": "Feature", "geometry": {"type": "LineString", "coordinates": [[34.10079, 0.98546], [34.1009, 0.98511]]}, "properties": {"link_id": "BUTA00039", "name": "Butaleja - Link 39", "district": "Butaleja", "pavement": "Unpaved", "condition": "Poor", "length_km": 0.044}}, {"type": "Feature", "geometry": {"type": "LineString", "coordinates": [[34.10049, 0.98452], [34.1004, 0.9848]]}, "properties": {"link_id": "BUTA00040", "name": "Butaleja - Link 40", "district": "Butaleja", "pavement": "Unpaved", "condition": "Poor", "length_km": 0.034}}, {"type": "Feature", "geometry": {"type": "LineString", "coordinates": [[34.1003, 0.98469], [34.1004, 0.9848]]}, "properties": {"link_id": "BUTA00041", "name": "Butaleja - Link 41", "district": "Butaleja", "pavement": "Unpaved", "condition": "Poor", "length_km": 0.017}}, {"type": "Feature", "geometry": {"type": "LineString", "coordinates": [[34.1003, 0.98469], [34.10021, 0.98462]]}, "properties": {"link_id": "BUTA00042", "name": "Butaleja - Link 42", "district": "Butaleja", "pavement": "Unpaved", "condition": "Poor", "length_km": 0.013}}, {"type": "Feature", "geometry": {"type": "LineString", "coordinates": [[34.10025, 0.98532], [34.10034, 0.98502]]}, "properties": {"link_id": "BUTA00043", "name": "Butaleja - Link 43", "district": "Butaleja", "pavement": "Unpaved", "condition": "Poor", "length_km": 0.075}}, {"type": "Feature", "geometry": {"type": "LineString", "coordinates": [[34.10001, 0.98527], [34.10033, 0.9854]]}, "properties": {"link_id": "BUTA00044", "name": "Butaleja - Link 44", "district": "Butaleja", "pavement": "Unpaved", "condition": "Poor", "length_km": 0.043}}, {"type": "Feature", "geometry": {"type": "LineString", "coordinates": [[34.10089, 0.9857], [34.10083, 0.98579]]}, "properties": {"link_id": "BUTA00045", "name": "Butaleja - Link 45", "district": "Butaleja", "pavement": "Unpaved", "condition": "Poor", "length_km": 0.012}}, {"type": "Feature", "geometry": {"type": "LineString", "coordinates": [[34.10071, 0.98785], [34.10115, 0.98715]]}, "properties": {"link_id": "BUTA00046", "name": "Butaleja - Link 46", "district": "Butaleja", "pavement": "Unpaved", "condition": "Fair", "length_km": 0.092}}, {"type": "Feature", "geometry": {"type": "LineString", "coordinates": [[34.10071, 0.98785], [34.10161, 0.98836]]}, "properties": {"link_id": "BUTA00047", "name": "Butaleja - Link 47", "district": "Butaleja", "pavement": "Unpaved", "condition": "Fair", "length_km": 0.123}}, {"type": "Feature", "geometry": {"type": "LineString", "coordinates": [[34.09989, 0.98762], [34.09996, 0.98904]]}, "properties": {"link_id": "BUTA00048", "name": "Butaleja - Link 48", "district": "Butaleja", "pavement": "Unpaved", "condition": "Fair", "length_km": 0.255}}, {"type": "Feature", "geometry": {"type": "LineString", "coordinates": [[34.10097, 0.98923], [34.10175, 0.98895]]}, "properties": {"link_id": "BUTA00049", "name": "Butaleja - Link 49", "district": "Butaleja", "pavement": "Unpaved", "condition": "Fair", "length_km": 0.105}}, {"type": "Feature", "geometry": {"type": "LineString", "coordinates": [[34.10105, 0.98926], [34.10098, 0.99009]]}, "properties": {"link_id": "BUTA00050", "name": "Butaleja - Link 50", "district": "Butaleja", "pavement": "Unpaved", "condition": "Fair", "length_km": 0.106}}, {"type": "Feature", "geometry": {"type": "LineString", "coordinates": [[34.09996, 0.98904], [34.1016, 0.98953]]}, "properties": {"link_id": "BUTA00051", "name": "Butaleja - Link 51", "district": "Butaleja", "pavement": "Unpaved", "condition": "Fair", "length_km": 0.196}}, {"type": "Feature", "geometry": {"type": "LineString", "coordinates": [[34.10013, 0.9908], [34.10169, 0.98988]]}, "properties": {"link_id": "BUTA00052", "name": "Butaleja - Link 52", "district": "Butaleja", "pavement": "Unpaved", "condition": "Fair", "length_km": 0.219}}, {"type": "Feature", "geometry": {"type": "LineString", "coordinates": [[34.10332, 0.98885], [34.10188, 0.98887]]}, "properties": {"link_id": "BUTA00053", "name": "Butaleja - Link 53", "district": "Butaleja", "pavement": "Unpaved", "condition": "Fair", "length_km": 0.206}}, {"type": "Feature", "geometry": {"type": "LineString", "coordinates": [[34.1016, 0.98953], [34.10173, 0.98955]]}, "properties": {"link_id": "BUTA00054", "name": "Butaleja - Link 54", "district": "Butaleja", "pavement": "Unpaved", "condition": "Fair", "length_km": 0.015}}, {"type": "Feature", "geometry": {"type": "LineString", "coordinates": [[34.10208, 0.98921], [34.10169, 0.98988]]}, "properties": {"link_id": "BUTA00055", "name": "Butaleja - Link 55", "district": "Butaleja", "pavement": "Unpaved", "condition": "Fair", "length_km": 0.096}}, {"type": "Feature", "geometry": {"type": "LineString", "coordinates": [[34.10205, 0.98932], [34.10219, 0.98928]]}, "properties": {"link_id": "BUTA00056", "name": "Butaleja - Link 56", "district": "Butaleja", "pavement": "Unpaved", "condition": "Fair", "length_km": 0.015}}, {"type": "Feature", "geometry": {"type": "LineString", "coordinates": [[34.10161, 0.98836], [34.10175, 0.98895]]}, "properties": {"link_id": "BUTA00057", "name": "Butaleja - Link 57", "district": "Butaleja", "pavement": "Unpaved", "condition": "Fair", "length_km": 0.082}}, {"type": "Feature", "geometry": {"type": "LineString", "coordinates": [[34.10353, 0.98866], [34.10325, 0.98835]]}, "properties": {"link_id": "BUTA00058", "name": "Butaleja - Link 58", "district": "Butaleja", "pavement": "Unpaved", "condition": "Fair", "length_km": 0.047}}, {"type": "Feature", "geometry": {"type": "LineString", "coordinates": [[34.10401, 0.98829], [34.10332, 0.98885]]}, "properties": {"link_id": "BUTA00059", "name": "Butaleja - Link 59", "district": "Butaleja", "pavement": "Unpaved", "condition": "Fair", "length_km": 0.099}}, {"type": "Feature", "geometry": {"type": "LineString", "coordinates": [[34.10409, 0.98956], [34.10403, 0.98927]]}, "properties": {"link_id": "BUTA00060", "name": "Butaleja - Link 60", "district": "Butaleja", "pavement": "Unpaved", "condition": "Fair", "length_km": 0.037}}, {"type": "Feature", "geometry": {"type": "LineString", "coordinates": [[34.10483, 0.98897], [34.10496, 0.98895]]}, "properties": {"link_id": "BUTA00061", "name": "Butaleja - Link 61", "district": "Butaleja", "pavement": "Paved", "condition": "Good", "length_km": 0.015}}, {"type": "Feature", "geometry": {"type": "LineString", "coordinates": [[34.10542, 0.99019], [34.10558, 0.98935]]}, "properties": {"link_id": "BUTA00062", "name": "Butaleja - Link 62", "district": "Butaleja", "pavement": "Unpaved", "condition": "Fair", "length_km": 0.118}}, {"type": "Feature", "geometry": {"type": "LineString", "coordinates": [[34.10628, 0.98991], [34.10531, 0.99026]]}, "properties": {"link_id": "BUTA00063", "name": "Butaleja - Link 63", "district": "Butaleja", "pavement": "Unpaved", "condition": "Fair", "length_km": 0.142}}, {"type": "Feature", "geometry": {"type": "LineString", "coordinates": [[34.10485, 0.98888], [34.10354, 0.99317]]}, "properties": {"link_id": "BUTA00064", "name": "Butaleja - Link 64", "district": "Butaleja", "pavement": "Paved", "condition": "Good", "length_km": 0.519}}, {"type": "Feature", "geometry": {"type": "LineString", "coordinates": [[34.10248, 0.99233], [34.10432, 0.98961]]}, "properties": {"link_id": "BUTA00065", "name": "Butaleja - Link 65", "district": "Butaleja", "pavement": "Unpaved", "condition": "Fair", "length_km": 0.39}}, {"type": "Feature", "geometry": {"type": "LineString", "coordinates": [[34.10207, 0.99652], [34.10351, 0.99315]]}, "properties": {"link_id": "BUTA00066", "name": "Butaleja - Link 66", "district": "Butaleja", "pavement": "Paved", "condition": "Good", "length_km": 0.417}}, {"type": "Feature", "geometry": {"type": "LineString", "coordinates": [[34.10035, 0.99352], [34.10292, 0.99379]]}, "properties": {"link_id": "BUTA00067", "name": "Butaleja - Link 67", "district": "Butaleja", "pavement": "Unpaved", "condition": "Fair", "length_km": 0.293}}, {"type": "Feature", "geometry": {"type": "LineString", "coordinates": [[34.10018, 0.99335], [34.10112, 0.99154]]}, "properties": {"link_id": "BUTA00068", "name": "Butaleja - Link 68", "district": "Butaleja", "pavement": "Unpaved", "condition": "Fair", "length_km": 0.278}}, {"type": "Feature", "geometry": {"type": "LineString", "coordinates": [[34.09964, 0.99517], [34.10231, 0.99576]]}, "properties": {"link_id": "BUTA00069", "name": "Butaleja - Link 69", "district": "Butaleja", "pavement": "Unpaved", "condition": "Poor", "length_km": 0.31}}, {"type": "Feature", "geometry": {"type": "LineString", "coordinates": [[34.10205, 0.99556], [34.10078, 0.99539]]}, "properties": {"link_id": "BUTA00070", "name": "Butaleja - Link 70", "district": "Butaleja", "pavement": "Unpaved", "condition": "Poor", "length_km": 0.22}}, {"type": "Feature", "geometry": {"type": "LineString", "coordinates": [[34.1023, 0.99759], [34.10207, 0.99652]]}, "properties": {"link_id": "BUTA00071", "name": "Butaleja - Link 71", "district": "Butaleja", "pavement": "Unpaved", "condition": "Poor", "length_km": 0.123}}, {"type": "Feature", "geometry": {"type": "LineString", "coordinates": [[34.10121, 0.99721], [34.1024, 0.99924]]}, "properties": {"link_id": "BUTA00072", "name": "Butaleja - Link 72", "district": "Butaleja", "pavement": "Unpaved", "condition": "Poor", "length_km": 0.334}}, {"type": "Feature", "geometry": {"type": "LineString", "coordinates": [[34.09972, 0.99753], [34.10207, 0.99652]]}, "properties": {"link_id": "BUTA00073", "name": "Butaleja - Link 73", "district": "Butaleja", "pavement": "Paved", "condition": "Good", "length_km": 0.296}}, {"type": "Feature", "geometry": {"type": "LineString", "coordinates": [[34.10217, 1.00605], [34.10769, 0.99639]]}, "properties": {"link_id": "BUTA00074", "name": "Butaleja - Link 74", "district": "Butaleja", "pavement": "Paved", "condition": "Good", "length_km": 1.353}}, {"type": "Feature", "geometry": {"type": "LineString", "coordinates": [[34.1023, 0.99759], [34.10789, 0.99785]]}, "properties": {"link_id": "BUTA00075", "name": "Butaleja - Link 75", "district": "Butaleja", "pavement": "Unpaved", "condition": "Poor", "length_km": 0.714}}, {"type": "Feature", "geometry": {"type": "LineString", "coordinates": [[34.1024, 0.99924], [34.10362, 0.99811]]}, "properties": {"link_id": "BUTA00076", "name": "Butaleja - Link 76", "district": "Butaleja", "pavement": "Unpaved", "condition": "Poor", "length_km": 0.227}}, {"type": "Feature", "geometry": {"type": "LineString", "coordinates": [[34.10231, 0.99576], [34.1078, 0.99699]]}, "properties": {"link_id": "BUTA00077", "name": "Butaleja - Link 77", "district": "Butaleja", "pavement": "Unpaved", "condition": "Poor", "length_km": 0.642}}, {"type": "Feature", "geometry": {"type": "LineString", "coordinates": [[34.10844, 0.99815], [34.1082, 0.99911]]}, "properties": {"link_id": "BUTA00078", "name": "Butaleja - Link 78", "district": "Butaleja", "pavement": "Unpaved", "condition": "Poor", "length_km": 0.11}}, {"type": "Feature", "geometry": {"type": "LineString", "coordinates": [[34.10787, 0.99793], [34.11257, 0.99837]]}, "properties": {"link_id": "BUTA00079", "name": "Butaleja - Link 79", "district": "Butaleja", "pavement": "Unpaved", "condition": "Poor", "length_km": 0.629}}, {"type": "Feature", "geometry": {"type": "LineString", "coordinates": [[34.10931, 0.99617], [34.10941, 0.99653]]}, "properties": {"link_id": "BUTA00080", "name": "Butaleja - Link 80", "district": "Butaleja", "pavement": "Unpaved", "condition": "Fair", "length_km": 0.047}}, {"type": "Feature", "geometry": {"type": "LineString", "coordinates": [[34.11002, 0.99627], [34.112, 0.99463]]}, "properties": {"link_id": "BUTA00081", "name": "Butaleja - Link 81", "district": "Butaleja", "pavement": "Unpaved", "condition": "Poor", "length_km": 0.357}}, {"type": "Feature", "geometry": {"type": "LineString", "coordinates": [[34.11064, 0.99703], [34.11161, 0.99426]]}, "properties": {"link_id": "BUTA00082", "name": "Butaleja - Link 82", "district": "Butaleja", "pavement": "Unpaved", "condition": "Poor", "length_km": 0.342}}, {"type": "Feature", "geometry": {"type": "LineString", "coordinates": [[34.11114, 0.99486], [34.1089, 0.99478]]}, "properties": {"link_id": "BUTA00083", "name": "Butaleja - Link 83", "district": "Butaleja", "pavement": "Unpaved", "condition": "Poor", "length_km": 0.276}}, {"type": "Feature", "geometry": {"type": "LineString", "coordinates": [[34.1088, 0.99496], [34.109, 0.99327]]}, "properties": {"link_id": "BUTA00084", "name": "Butaleja - Link 84", "district": "Butaleja", "pavement": "Unpaved", "condition": "Poor", "length_km": 0.224}}, {"type": "Feature", "geometry": {"type": "LineString", "coordinates": [[34.1103, 0.99316], [34.1087, 0.997]]}, "properties": {"link_id": "BUTA00085", "name": "Butaleja - Link 85", "district": "Butaleja", "pavement": "Paved", "condition": "Good", "length_km": 0.47}}, {"type": "Feature", "geometry": {"type": "LineString", "coordinates": [[34.10929, 0.99494], [34.10965, 0.99515]]}, "properties": {"link_id": "BUTA00086", "name": "Butaleja - Link 86", "district": "Butaleja", "pavement": "Unpaved", "condition": "Poor", "length_km": 0.047}}, {"type": "Feature", "geometry": {"type": "LineString", "coordinates": [[34.10708, 0.99525], [34.10903, 0.9954]]}, "properties": {"link_id": "BUTA00087", "name": "Butaleja - Link 87", "district": "Butaleja", "pavement": "Unpaved", "condition": "Poor", "length_km": 0.284}}, {"type": "Feature", "geometry": {"type": "LineString", "coordinates": [[34.09999, 0.98535], [34.11698, 0.99981]]}, "properties": {"link_id": "BUTA00088", "name": "Butaleja - Link 88", "district": "Butaleja", "pavement": "Paved", "condition": "Good", "length_km": 3.183}}, {"type": "Feature", "geometry": {"type": "LineString", "coordinates": [[34.10761, 0.99327], [34.10742, 0.99384]]}, "properties": {"link_id": "BUTA00089", "name": "Butaleja - Link 89", "district": "Butaleja", "pavement": "Unpaved", "condition": "Fair", "length_km": 0.069}}, {"type": "Feature", "geometry": {"type": "LineString", "coordinates": [[34.10739, 0.99381], [34.10722, 0.99433]]}, "properties": {"link_id": "BUTA00090", "name": "Butaleja - Link 90", "district": "Butaleja", "pavement": "Unpaved", "condition": "Poor", "length_km": 0.062}}, {"type": "Feature", "geometry": {"type": "LineString", "coordinates": [[34.10724, 0.99414], [34.10698, 0.99396]]}, "properties": {"link_id": "BUTA00091", "name": "Butaleja - Link 91", "district": "Butaleja", "pavement": "Unpaved", "condition": "Poor", "length_km": 0.035}}, {"type": "Feature", "geometry": {"type": "LineString", "coordinates": [[34.1073, 0.99315], [34.10681, 0.99283]]}, "properties": {"link_id": "BUTA00092", "name": "Butaleja - Link 92", "district": "Butaleja", "pavement": "Unpaved", "condition": "Poor", "length_km": 0.08}}, {"type": "Feature", "geometry": {"type": "LineString", "coordinates": [[34.09974, 0.98606], [34.11555, 0.99762]]}, "properties": {"link_id": "BUTA00093", "name": "Butaleja - Link 93", "district": "Butaleja", "pavement": "Paved", "condition": "Good", "length_km": 2.192}}, {"type": "Feature", "geometry": {"type": "LineString", "coordinates": [[34.10779, 0.9925], [34.10841, 0.99371]]}, "properties": {"link_id": "BUTA00094", "name": "Butaleja - Link 94", "district": "Butaleja", "pavement": "Unpaved", "condition": "Fair", "length_km": 0.204}}, {"type": "Feature", "geometry": {"type": "LineString", "coordinates": [[34.10835, 0.99153], [34.10779, 0.9925]]}, "properties": {"link_id": "BUTA00095", "name": "Butaleja - Link 95", "district": "Butaleja", "pavement": "Unpaved", "condition": "Fair", "length_km": 0.125}}, {"type": "Feature", "geometry": {"type": "LineString", "coordinates": [[34.10736, 0.99112], [34.1074, 0.9908]]}, "properties": {"link_id": "BUTA00096", "name": "Butaleja - Link 96", "district": "Butaleja", "pavement": "Unpaved", "condition": "Poor", "length_km": 0.037}}, {"type": "Feature", "geometry": {"type": "LineString", "coordinates": [[34.10706, 0.99096], [34.10723, 0.9907]]}, "properties": {"link_id": "BUTA00097", "name": "Butaleja - Link 97", "district": "Butaleja", "pavement": "Unpaved", "condition": "Poor", "length_km": 0.034}}, {"type": "Feature", "geometry": {"type": "LineString", "coordinates": [[34.10776, 0.9892], [34.10803, 0.98856]]}, "properties": {"link_id": "BUTA00098", "name": "Butaleja - Link 98", "district": "Butaleja", "pavement": "Unpaved", "condition": "Poor", "length_km": 0.081}}, {"type": "Feature", "geometry": {"type": "LineString", "coordinates": [[34.10799, 0.9889], [34.10891, 0.98856]]}, "properties": {"link_id": "BUTA00099", "name": "Butaleja - Link 99", "district": "Butaleja", "pavement": "Unpaved", "condition": "Poor", "length_km": 0.113}}, {"type": "Feature", "geometry": {"type": "LineString", "coordinates": [[34.1074, 0.9908], [34.11105, 0.98972]]}, "properties": {"link_id": "BUTA00100", "name": "Butaleja - Link 100", "district": "Butaleja", "pavement": "Unpaved", "condition": "Poor", "length_km": 0.456}}, {"type": "Feature", "geometry": {"type": "LineString", "coordinates": [[34.11184, 0.9865], [34.1103, 0.99316]]}, "properties": {"link_id": "BUTA00101", "name": "Butaleja - Link 101", "district": "Butaleja", "pavement": "Unpaved", "condition": "Poor", "length_km": 0.798}}, {"type": "Feature", "geometry": {"type": "LineString", "coordinates": [[34.11162, 0.98935], [34.11259, 0.98893]]}, "properties": {"link_id": "BUTA00102", "name": "Butaleja - Link 102", "district": "Butaleja", "pavement": "Unpaved", "condition": "Poor", "length_km": 0.119}}, {"type": "Feature", "geometry": {"type": "LineString", "coordinates": [[34.11433, 0.98873], [34.11396, 0.98866]]}, "properties": {"link_id": "BUTA00103", "name": "Butaleja - Link 103", "district": "Butaleja", "pavement": "Unpaved", "condition": "Poor", "length_km": 0.041}}, {"type": "Feature", "geometry": {"type": "LineString", "coordinates": [[34.1138, 0.98913], [34.11413, 0.98936]]}, "properties": {"link_id": "BUTA00104", "name": "Butaleja - Link 104", "district": "Butaleja", "pavement": "Unpaved", "condition": "Poor", "length_km": 0.045}}, {"type": "Feature", "geometry": {"type": "LineString", "coordinates": [[34.11255, 0.99236], [34.11396, 0.98866]]}, "properties": {"link_id": "BUTA00105", "name": "Butaleja - Link 105", "district": "Butaleja", "pavement": "Paved", "condition": "Good", "length_km": 0.441}}, {"type": "Feature", "geometry": {"type": "LineString", "coordinates": [[34.11309, 0.99089], [34.11508, 0.99202]]}, "properties": {"link_id": "BUTA00106", "name": "Butaleja - Link 106", "district": "Butaleja", "pavement": "Paved", "condition": "Good", "length_km": 0.274}}, {"type": "Feature", "geometry": {"type": "LineString", "coordinates": [[34.11146, 0.98956], [34.11259, 0.99063]]}, "properties": {"link_id": "BUTA00107", "name": "Butaleja - Link 107", "district": "Butaleja", "pavement": "Unpaved", "condition": "Poor", "length_km": 0.183}}, {"type": "Feature", "geometry": {"type": "LineString", "coordinates": [[34.11187, 0.99432], [34.11255, 0.99236]]}, "properties": {"link_id": "BUTA00108", "name": "Butaleja - Link 108", "district": "Butaleja", "pavement": "Paved", "condition": "Good", "length_km": 0.23}}, {"type": "Feature", "geometry": {"type": "LineString", "coordinates": [[34.11082, 0.9936], [34.11249, 0.99255]]}, "properties": {"link_id": "BUTA00109", "name": "Butaleja - Link 109", "district": "Butaleja", "pavement": "Unpaved", "condition": "Poor", "length_km": 0.238}}, {"type": "Feature", "geometry": {"type": "LineString", "coordinates": [[34.11187, 0.99446], [34.11175, 0.99438]]}, "properties": {"link_id": "BUTA00110", "name": "Butaleja - Link 110", "district": "Butaleja", "pavement": "Paved", "condition": "Good", "length_km": 0.03}}, {"type": "Feature", "geometry": {"type": "LineString", "coordinates": [[34.1126, 0.99526], [34.11276, 0.99475]]}, "properties": {"link_id": "BUTA00111", "name": "Butaleja - Link 111", "district": "Butaleja", "pavement": "Unpaved", "condition": "Poor", "length_km": 0.069}}, {"type": "Feature", "geometry": {"type": "LineString", "coordinates": [[34.11201, 0.99393], [34.11251, 0.99425]]}, "properties": {"link_id": "BUTA00112", "name": "Butaleja - Link 112", "district": "Butaleja", "pavement": "Unpaved", "condition": "Poor", "length_km": 0.067}}, {"type": "Feature", "geometry": {"type": "LineString", "coordinates": [[34.11421, 0.99341], [34.11356, 0.9942]]}, "properties": {"link_id": "BUTA00113", "name": "Butaleja - Link 113", "district": "Butaleja", "pavement": "Paved", "condition": "Good", "length_km": 0.124}}, {"type": "Feature", "geometry": {"type": "LineString", "coordinates": [[34.11515, 0.99191], [34.11536, 0.99196]]}, "properties": {"link_id": "BUTA00114", "name": "Butaleja - Link 114", "district": "Butaleja", "pavement": "Paved", "condition": "Good", "length_km": 0.024}}, {"type": "Feature", "geometry": {"type": "LineString", "coordinates": [[34.11533, 0.99227], [34.11497, 0.99225]]}, "properties": {"link_id": "BUTA00115", "name": "Butaleja - Link 115", "district": "Butaleja", "pavement": "Unpaved", "condition": "Poor", "length_km": 0.042}}, {"type": "Feature", "geometry": {"type": "LineString", "coordinates": [[34.11541, 0.99269], [34.11537, 0.99299]]}, "properties": {"link_id": "BUTA00116", "name": "Butaleja - Link 116", "district": "Butaleja", "pavement": "Unpaved", "condition": "Poor", "length_km": 0.035}}, {"type": "Feature", "geometry": {"type": "LineString", "coordinates": [[34.11541, 0.99269], [34.11427, 0.99352]]}, "properties": {"link_id": "BUTA00117", "name": "Butaleja - Link 117", "district": "Butaleja", "pavement": "Paved", "condition": "Good", "length_km": 0.171}}, {"type": "Feature", "geometry": {"type": "LineString", "coordinates": [[34.11471, 0.99506], [34.116, 0.99469]]}, "properties": {"link_id": "BUTA00118", "name": "Butaleja - Link 118", "district": "Butaleja", "pavement": "Unpaved", "condition": "Poor", "length_km": 0.152}}, {"type": "Feature", "geometry": {"type": "LineString", "coordinates": [[34.11587, 0.99384], [34.11663, 0.99375]]}, "properties": {"link_id": "BUTA00119", "name": "Butaleja - Link 119", "district": "Butaleja", "pavement": "Unpaved", "condition": "Poor", "length_km": 0.086}}, {"type": "Feature", "geometry": {"type": "LineString", "coordinates": [[34.11619, 0.99231], [34.11664, 0.99287]]}, "properties": {"link_id": "BUTA00120", "name": "Butaleja - Link 120", "district": "Butaleja", "pavement": "Paved", "condition": "Good", "length_km": 0.103}}, {"type": "Feature", "geometry": {"type": "LineString", "coordinates": [[34.11664, 0.99287], [34.11663, 0.99375]]}, "properties": {"link_id": "BUTA00121", "name": "Butaleja - Link 121", "district": "Butaleja", "pavement": "Paved", "condition": "Good", "length_km": 0.114}}, {"type": "Feature", "geometry": {"type": "LineString", "coordinates": [[34.11536, 0.99196], [34.1176, 0.99241]]}, "properties": {"link_id": "BUTA00122", "name": "Butaleja - Link 122", "district": "Butaleja", "pavement": "Paved", "condition": "Good", "length_km": 0.259}}, {"type": "Feature", "geometry": {"type": "LineString", "coordinates": [[34.1152, 0.99018], [34.11449, 0.99]]}, "properties": {"link_id": "BUTA00123", "name": "Butaleja - Link 123", "district": "Butaleja", "pavement": "Paved", "condition": "Good", "length_km": 0.082}}, {"type": "Feature", "geometry": {"type": "LineString", "coordinates": [[34.1159, 0.99051], [34.1152, 0.99018]]}, "properties": {"link_id": "BUTA00124", "name": "Butaleja - Link 124", "district": "Butaleja", "pavement": "Paved", "condition": "Good", "length_km": 0.086}}, {"type": "Feature", "geometry": {"type": "LineString", "coordinates": [[34.11433, 0.98873], [34.11522, 0.98872]]}, "properties": {"link_id": "BUTA00125", "name": "Butaleja - Link 125", "district": "Butaleja", "pavement": "Paved", "condition": "Good", "length_km": 0.124}}, {"type": "Feature", "geometry": {"type": "LineString", "coordinates": [[34.11522, 0.98872], [34.11626, 0.98792]]}, "properties": {"link_id": "BUTA00126", "name": "Butaleja - Link 126", "district": "Butaleja", "pavement": "Unpaved", "condition": "Poor", "length_km": 0.184}}, {"type": "Feature", "geometry": {"type": "LineString", "coordinates": [[34.11516, 0.98895], [34.11637, 0.98955]]}, "properties": {"link_id": "BUTA00127", "name": "Butaleja - Link 127", "district": "Butaleja", "pavement": "Paved", "condition": "Good", "length_km": 0.155}}, {"type": "Feature", "geometry": {"type": "LineString", "coordinates": [[34.11698, 0.98936], [34.11641, 0.98928]]}, "properties": {"link_id": "BUTA00128", "name": "Butaleja - Link 128", "district": "Butaleja", "pavement": "Unpaved", "condition": "Poor", "length_km": 0.073}}, {"type": "Feature", "geometry": {"type": "LineString", "coordinates": [[34.11637, 0.98955], [34.11668, 0.98993]]}, "properties": {"link_id": "BUTA00129", "name": "Butaleja - Link 129", "district": "Butaleja", "pavement": "Paved", "condition": "Good", "length_km": 0.06}}, {"type": "Feature", "geometry": {"type": "LineString", "coordinates": [[34.11692, 0.98955], [34.11711, 0.98963]]}, "properties": {"link_id": "BUTA00130", "name": "Butaleja - Link 130", "district": "Butaleja", "pavement": "Unpaved", "condition": "Poor", "length_km": 0.023}}, {"type": "Feature", "geometry": {"type": "LineString", "coordinates": [[34.11713, 0.98897], [34.11688, 0.9889]]}, "properties": {"link_id": "BUTA00131", "name": "Butaleja - Link 131", "district": "Butaleja", "pavement": "Unpaved", "condition": "Poor", "length_km": 0.029}}, {"type": "Feature", "geometry": {"type": "LineString", "coordinates": [[34.11719, 0.98881], [34.1181, 0.98912]]}, "properties": {"link_id": "BUTA00132", "name": "Butaleja - Link 132", "district": "Butaleja", "pavement": "Paved", "condition": "Good", "length_km": 0.109}}, {"type": "Feature", "geometry": {"type": "LineString", "coordinates": [[34.11804, 0.98888], [34.11765, 0.98778]]}, "properties": {"link_id": "BUTA00133", "name": "Butaleja - Link 133", "district": "Butaleja", "pavement": "Unpaved", "condition": "Poor", "length_km": 0.131}}, {"type": "Feature", "geometry": {"type": "LineString", "coordinates": [[34.11804, 0.98888], [34.11995, 0.9942]]}, "properties": {"link_id": "BUTA00134", "name": "Butaleja - Link 134", "district": "Butaleja", "pavement": "Paved", "condition": "Good", "length_km": 0.651}}, {"type": "Feature", "geometry": {"type": "LineString", "coordinates": [[34.11791, 0.98848], [34.1197, 0.98873]]}, "properties": {"link_id": "BUTA00135", "name": "Butaleja - Link 135", "district": "Butaleja", "pavement": "Unpaved", "condition": "Poor", "length_km": 0.212}}, {"type": "Feature", "geometry": {"type": "LineString", "coordinates": [[34.11921, 0.9885], [34.11958, 0.98796]]}, "properties": {"link_id": "BUTA00136", "name": "Butaleja - Link 136", "district": "Butaleja", "pavement": "Unpaved", "condition": "Poor", "length_km": 0.085}}, {"type": "Feature", "geometry": {"type": "LineString", "coordinates": [[34.12056, 0.98872], [34.11999, 0.98816]]}, "properties": {"link_id": "BUTA00137", "name": "Butaleja - Link 137", "district": "Butaleja", "pavement": "Unpaved", "condition": "Poor", "length_km": 0.125}}, {"type": "Feature", "geometry": {"type": "LineString", "coordinates": [[34.11991, 0.98965], [34.12026, 0.98933]]}, "properties": {"link_id": "BUTA00138", "name": "Butaleja - Link 138", "district": "Butaleja", "pavement": "Unpaved", "condition": "Poor", "length_km": 0.052}}, {"type": "Feature", "geometry": {"type": "LineString", "coordinates": [[34.12112, 0.98943], [34.1197, 0.98873]]}, "properties": {"link_id": "BUTA00139", "name": "Butaleja - Link 139", "district": "Butaleja", "pavement": "Unpaved", "condition": "Poor", "length_km": 0.205}}, {"type": "Feature", "geometry": {"type": "LineString", "coordinates": [[34.12071, 0.98928], [34.12056, 0.98872]]}, "properties": {"link_id": "BUTA00140", "name": "Butaleja - Link 140", "district": "Butaleja", "pavement": "Unpaved", "condition": "Poor", "length_km": 0.065}}, {"type": "Feature", "geometry": {"type": "LineString", "coordinates": [[34.12186, 0.99031], [34.12252, 0.99003]]}, "properties": {"link_id": "BUTA00141", "name": "Butaleja - Link 141", "district": "Butaleja", "pavement": "Unpaved", "condition": "Poor", "length_km": 0.195}}, {"type": "Feature", "geometry": {"type": "LineString", "coordinates": [[34.12218, 0.98954], [34.12213, 0.9898]]}, "properties": {"link_id": "BUTA00142", "name": "Butaleja - Link 142", "district": "Butaleja", "pavement": "Unpaved", "condition": "Poor", "length_km": 0.029}}, {"type": "Feature", "geometry": {"type": "LineString", "coordinates": [[34.12201, 0.98863], [34.12198, 0.98941]]}, "properties": {"link_id": "BUTA00143", "name": "Butaleja - Link 143", "district": "Butaleja", "pavement": "Unpaved", "condition": "Poor", "length_km": 0.088}}, {"type": "Feature", "geometry": {"type": "LineString", "coordinates": [[34.12178, 0.99044], [34.12199, 0.99053]]}, "properties": {"link_id": "BUTA00144", "name": "Butaleja - Link 144", "district": "Butaleja", "pavement": "Unpaved", "condition": "Poor", "length_km": 0.047}}, {"type": "Feature", "geometry": {"type": "LineString", "coordinates": [[34.12213, 0.9898], [34.12252, 0.99003]]}, "properties": {"link_id": "BUTA00145", "name": "Butaleja - Link 145", "district": "Butaleja", "pavement": "Unpaved", "condition": "Poor", "length_km": 0.052}}, {"type": "Feature", "geometry": {"type": "LineString", "coordinates": [[34.12222, 0.99162], [34.12222, 0.99156]]}, "properties": {"link_id": "BUTA00146", "name": "Butaleja - Link 146", "district": "Butaleja", "pavement": "Paved", "condition": "Good", "length_km": 0.01}}, {"type": "Feature", "geometry": {"type": "LineString", "coordinates": [[34.11804, 0.98888], [34.12222, 0.99156]]}, "properties": {"link_id": "BUTA00147", "name": "Butaleja - Link 147", "district": "Butaleja", "pavement": "Unpaved", "condition": "Poor", "length_km": 0.606}}, {"type": "Feature", "geometry": {"type": "LineString", "coordinates": [[34.12222, 0.99162], [34.12156, 0.9942]]}, "properties": {"link_id": "BUTA00148", "name": "Butaleja - Link 148", "district": "Butaleja", "pavement": "Paved", "condition": "Good", "length_km": 0.298}}, {"type": "Feature", "geometry": {"type": "LineString", "coordinates": [[34.12141, 0.99442], [34.12302, 0.9942]]}, "properties": {"link_id": "BUTA00149", "name": "Butaleja - Link 149", "district": "Butaleja", "pavement": "Unpaved", "condition": "Poor", "length_km": 0.184}}, {"type": "Feature", "geometry": {"type": "LineString", "coordinates": [[34.12256, 0.99536], [34.12207, 0.99446]]}, "properties": {"link_id": "BUTA00150", "name": "Butaleja - Link 150", "district": "Butaleja", "pavement": "Unpaved", "condition": "Poor", "length_km": 0.117}}, {"type": "Feature", "geometry": {"type": "LineString", "coordinates": [[34.12012, 0.99507], [34.12156, 0.9942]]}, "properties": {"link_id": "BUTA00151", "name": "Butaleja - Link 151", "district": "Butaleja", "pavement": "Unpaved", "condition": "Poor", "length_km": 0.209}}, {"type": "Feature", "geometry": {"type": "LineString", "coordinates": [[34.11993, 0.99412], [34.12073, 0.99449]]}, "properties": {"link_id": "BUTA00152", "name": "Butaleja - Link 152", "district": "Butaleja", "pavement": "Unpaved", "condition": "Poor", "length_km": 0.099}}, {"type": "Feature", "geometry": {"type": "LineString", "coordinates": [[34.11995, 0.9942], [34.12047, 0.99598]]}, "properties": {"link_id": "BUTA00153", "name": "Butaleja - Link 153", "district": "Butaleja", "pavement": "Unpaved", "condition": "Poor", "length_km": 0.208}}, {"type": "Feature", "geometry": {"type": "LineString", "coordinates": [[34.11947, 0.99476], [34.12007, 0.99474]]}, "properties": {"link_id": "BUTA00154", "name": "Butaleja - Link 154", "district": "Butaleja", "pavement": "Unpaved", "condition": "Poor", "length_km": 0.067}}, {"type": "Feature", "geometry": {"type": "LineString", "coordinates": [[34.1176, 0.99241], [34.11748, 0.99309]]}, "properties": {"link_id": "BUTA00155", "name": "Butaleja - Link 155", "district": "Butaleja", "pavement": "Unpaved", "condition": "Poor", "length_km": 0.08}}, {"type": "Feature", "geometry": {"type": "LineString", "coordinates": [[34.11744, 0.99918], [34.11762, 0.99751]]}, "properties": {"link_id": "BUTA00156", "name": "Butaleja - Link 156", "district": "Butaleja", "pavement": "Unpaved", "condition": "Poor", "length_km": 0.211}}, {"type": "Feature", "geometry": {"type": "LineString", "coordinates": [[34.11972, 0.99617], [34.11983, 0.99703]]}, "properties": {"link_id": "BUTA00157", "name": "Butaleja - Link 157", "district": "Butaleja", "pavement": "Unpaved", "condition": "Poor", "length_km": 0.097}}, {"type": "Feature", "geometry": {"type": "LineString", "coordinates": [[34.11802, 0.99636], [34.11972, 0.99617]]}, "properties": {"link_id": "BUTA00158", "name": "Butaleja - Link 158", "district": "Butaleja", "pavement": "Unpaved", "condition": "Poor", "length_km": 0.202}}, {"type": "Feature", "geometry": {"type": "LineString", "coordinates": [[34.12012, 0.99507], [34.11972, 0.99617]]}, "properties": {"link_id": "BUTA00159", "name": "Butaleja - Link 159", "district": "Butaleja", "pavement": "Unpaved", "condition": "Poor", "length_km": 0.138}}, {"type": "Feature", "geometry": {"type": "LineString", "coordinates": [[34.12299, 0.99908], [34.12319, 0.99516]]}, "properties": {"link_id": "BUTA00160", "name": "Butaleja - Link 160", "district": "Butaleja", "pavement": "Unpaved", "condition": "Poor", "length_km": 0.554}}, {"type": "Feature", "geometry": {"type": "LineString", "coordinates": [[34.12047, 0.99598], [34.12163, 0.99876]]}, "properties": {"link_id": "BUTA00161", "name": "Butaleja - Link 161", "district": "Butaleja", "pavement": "Unpaved", "condition": "Poor", "length_km": 0.345}}, {"type": "Feature", "geometry": {"type": "LineString", "coordinates": [[34.12072, 0.99639], [34.12045, 0.99884]]}, "properties": {"link_id": "BUTA00162", "name": "Butaleja - Link 162", "district": "Butaleja", "pavement": "Unpaved", "condition": "Poor", "length_km": 0.293}}, {"type": "Feature", "geometry": {"type": "LineString", "coordinates": [[34.12046, 0.99903], [34.12051, 0.99935]]}, "properties": {"link_id": "BUTA00163", "name": "Butaleja - Link 163", "district": "Butaleja", "pavement": "Unpaved", "condition": "Poor", "length_km": 0.055}}, {"type": "Feature", "geometry": {"type": "LineString", "coordinates": [[34.12032, 0.99917], [34.11982, 0.9997]]}, "properties": {"link_id": "BUTA00164", "name": "Butaleja - Link 164", "district": "Butaleja", "pavement": "Unpaved", "condition": "Poor", "length_km": 0.096}}, {"type": "Feature", "geometry": {"type": "LineString", "coordinates": [[34.11965, 1.00097], [34.12025, 0.99973]]}, "properties": {"link_id": "BUTA00165", "name": "Butaleja - Link 165", "district": "Butaleja", "pavement": "Unpaved", "condition": "Poor", "length_km": 0.158}}, {"type": "Feature", "geometry": {"type": "LineString", "coordinates": [[34.12172, 0.99969], [34.12001, 1.0012]]}, "properties": {"link_id": "BUTA00166", "name": "Butaleja - Link 166", "district": "Butaleja", "pavement": "Unpaved", "condition": "Poor", "length_km": 0.28}}, {"type": "Feature", "geometry": {"type": "LineString", "coordinates": [[34.12163, 0.99876], [34.12172, 0.99969]]}, "properties": {"link_id": "BUTA00167", "name": "Butaleja - Link 167", "district": "Butaleja", "pavement": "Unpaved", "condition": "Poor", "length_km": 0.111}}, {"type": "Feature", "geometry": {"type": "LineString", "coordinates": [[34.12299, 0.99908], [34.12168, 1.00003]]}, "properties": {"link_id": "BUTA00168", "name": "Butaleja - Link 168", "district": "Butaleja", "pavement": "Unpaved", "condition": "Poor", "length_km": 0.181}}, {"type": "Feature", "geometry": {"type": "LineString", "coordinates": [[34.12358, 1.00172], [34.1215, 1.0003]]}, "properties": {"link_id": "BUTA00169", "name": "Butaleja - Link 169", "district": "Butaleja", "pavement": "Unpaved", "condition": "Poor", "length_km": 0.314}}, {"type": "Feature", "geometry": {"type": "LineString", "coordinates": [[34.11853, 0.99951], [34.11955, 0.99959]]}, "properties": {"link_id": "BUTA00170", "name": "Butaleja - Link 170", "district": "Butaleja", "pavement": "Unpaved", "condition": "Poor", "length_km": 0.115}}, {"type": "Feature", "geometry": {"type": "LineString", "coordinates": [[34.11835, 0.99943], [34.11884, 0.99903]]}, "properties": {"link_id": "BUTA00171", "name": "Butaleja - Link 171", "district": "Butaleja", "pavement": "Unpaved", "condition": "Poor", "length_km": 0.102}}, {"type": "Feature", "geometry": {"type": "LineString", "coordinates": [[34.11814, 0.99979], [34.11868, 0.99931]]}, "properties": {"link_id": "BUTA00172", "name": "Butaleja - Link 172", "district": "Butaleja", "pavement": "Unpaved", "condition": "Poor", "length_km": 0.101}}, {"type": "Feature", "geometry": {"type": "LineString", "coordinates": [[34.11763, 0.99873], [34.11808, 0.99913]]}, "properties": {"link_id": "BUTA00173", "name": "Butaleja - Link 173", "district": "Butaleja", "pavement": "Unpaved", "condition": "Poor", "length_km": 0.071}}, {"type": "Feature", "geometry": {"type": "LineString", "coordinates": [[34.12001, 1.0012], [34.11555, 0.99762]]}, "properties": {"link_id": "BUTA00174", "name": "Butaleja - Link 174", "district": "Butaleja", "pavement": "Paved", "condition": "Good", "length_km": 0.636}}, {"type": "Feature", "geometry": {"type": "LineString", "coordinates": [[34.11711, 0.99964], [34.11728, 0.99939]]}, "properties": {"link_id": "BUTA00175", "name": "Butaleja - Link 175", "district": "Butaleja", "pavement": "Unpaved", "condition": "Poor", "length_km": 0.033}}, {"type": "Feature", "geometry": {"type": "LineString", "coordinates": [[34.11503, 0.99981], [34.11717, 1.00386]]}, "properties": {"link_id": "BUTA00176", "name": "Butaleja - Link 176", "district": "Butaleja", "pavement": "Unpaved", "condition": "Poor", "length_km": 0.698}}, {"type": "Feature", "geometry": {"type": "LineString", "coordinates": [[34.11403, 1.00161], [34.11459, 0.99964]]}, "properties": {"link_id": "BUTA00177", "name": "Butaleja - Link 177", "district": "Butaleja", "pavement": "Unpaved", "condition": "Poor", "length_km": 0.244}}, {"type": "Feature", "geometry": {"type": "LineString", "coordinates": [[34.11352, 0.99968], [34.11522, 1.00084]]}, "properties": {"link_id": "BUTA00178", "name": "Butaleja - Link 178", "district": "Butaleja", "pavement": "Unpaved", "condition": "Poor", "length_km": 0.276}}, {"type": "Feature", "geometry": {"type": "LineString", "coordinates": [[34.11476, 0.99946], [34.11459, 0.99964]]}, "properties": {"link_id": "BUTA00179", "name": "Butaleja - Link 179", "district": "Butaleja", "pavement": "Unpaved", "condition": "Poor", "length_km": 0.028}}, {"type": "Feature", "geometry": {"type": "LineString", "coordinates": [[34.11521, 0.99848], [34.11393, 0.99922]]}, "properties": {"link_id": "BUTA00180", "name": "Butaleja - Link 180", "district": "Butaleja", "pavement": "Unpaved", "condition": "Poor", "length_km": 0.177}}, {"type": "Feature", "geometry": {"type": "LineString", "coordinates": [[34.11531, 0.99949], [34.11698, 0.99981]]}, "properties": {"link_id": "BUTA00181", "name": "Butaleja - Link 181", "district": "Butaleja", "pavement": "Unpaved", "condition": "Poor", "length_km": 0.273}}, {"type": "Feature", "geometry": {"type": "LineString", "coordinates": [[34.1164, 0.99675], [34.11743, 0.99781]]}, "properties": {"link_id": "BUTA00182", "name": "Butaleja - Link 182", "district": "Butaleja", "pavement": "Unpaved", "condition": "Poor", "length_km": 0.166}}, {"type": "Feature", "geometry": {"type": "LineString", "coordinates": [[34.11538, 0.99647], [34.11628, 0.9959]]}, "properties": {"link_id": "BUTA00183", "name": "Butaleja - Link 183", "district": "Butaleja", "pavement": "Unpaved", "condition": "Poor", "length_km": 0.119}}, {"type": "Feature", "geometry": {"type": "LineString", "coordinates": [[34.11225, 0.99699], [34.11501, 0.99954]]}, "properties": {"link_id": "BUTA00184", "name": "Butaleja - Link 184", "district": "Butaleja", "pavement": "Unpaved", "condition": "Poor", "length_km": 0.431}}, {"type": "Feature", "geometry": {"type": "LineString", "coordinates": [[34.11364, 0.99633], [34.11385, 0.99621]]}, "properties": {"link_id": "BUTA00185", "name": "Butaleja - Link 185", "district": "Butaleja", "pavement": "Unpaved", "condition": "Poor", "length_km": 0.027}}, {"type": "Feature", "geometry": {"type": "LineString", "coordinates": [[34.11311, 0.99555], [34.11449, 0.99562]]}, "properties": {"link_id": "BUTA00186", "name": "Butaleja - Link 186", "district": "Butaleja", "pavement": "Unpaved", "condition": "Poor", "length_km": 0.259}}, {"type": "Feature", "geometry": {"type": "LineString", "coordinates": [[34.11364, 0.99633], [34.10936, 0.99721]]}, "properties": {"link_id": "BUTA00187", "name": "Butaleja - Link 187", "district": "Butaleja", "pavement": "Unpaved", "condition": "Poor", "length_km": 0.499}}, {"type": "Feature", "geometry": {"type": "LineString", "coordinates": [[34.11393, 0.99922], [34.11278, 0.99916]]}, "properties": {"link_id": "BUTA00188", "name": "Butaleja - Link 188", "district": "Butaleja", "pavement": "Unpaved", "condition": "Poor", "length_km": 0.151}}, {"type": "Feature", "geometry": {"type": "LineString", "coordinates": [[34.11267, 1.00295], [34.11344, 1.0015]]}, "properties": {"link_id": "BUTA00189", "name": "Butaleja - Link 189", "district": "Butaleja", "pavement": "Unpaved", "condition": "Poor", "length_km": 0.213}}, {"type": "Feature", "geometry": {"type": "LineString", "coordinates": [[34.11541, 1.0022], [34.10895, 1.00543]]}, "properties": {"link_id": "BUTA00190", "name": "Butaleja - Link 190", "district": "Butaleja", "pavement": "Unpaved", "condition": "Poor", "length_km": 0.916}}, {"type": "Feature", "geometry": {"type": "LineString", "coordinates": [[34.1111, 1.00686], [34.11603, 1.00567]]}, "properties": {"link_id": "BUTA00191", "name": "Butaleja - Link 191", "district": "Butaleja", "pavement": "Unpaved", "condition": "Poor", "length_km": 0.568}}, {"type": "Feature", "geometry": {"type": "LineString", "coordinates": [[34.11631, 1.00662], [34.11663, 1.00619]]}, "properties": {"link_id": "BUTA00192", "name": "Butaleja - Link 192", "district": "Butaleja", "pavement": "Unpaved", "condition": "Poor", "length_km": 0.062}}, {"type": "Feature", "geometry": {"type": "LineString", "coordinates": [[34.11632, 1.00545], [34.11652, 1.00617]]}, "properties": {"link_id": "BUTA00193", "name": "Butaleja - Link 193", "district": "Butaleja", "pavement": "Unpaved", "condition": "Poor", "length_km": 0.086}}, {"type": "Feature", "geometry": {"type": "LineString", "coordinates": [[34.11599, 1.00543], [34.11652, 1.00545]]}, "properties": {"link_id": "BUTA00194", "name": "Butaleja - Link 194", "district": "Butaleja", "pavement": "Unpaved", "condition": "Poor", "length_km": 0.059}}, {"type": "Feature", "geometry": {"type": "LineString", "coordinates": [[34.11585, 1.0042], [34.11717, 1.00386]]}, "properties": {"link_id": "BUTA00195", "name": "Butaleja - Link 195", "district": "Butaleja", "pavement": "Unpaved", "condition": "Poor", "length_km": 0.164}}, {"type": "Feature", "geometry": {"type": "LineString", "coordinates": [[34.12171, 1.0051], [34.12009, 1.00128]]}, "properties": {"link_id": "BUTA00196", "name": "Butaleja - Link 196", "district": "Butaleja", "pavement": "Unpaved", "condition": "Poor", "length_km": 0.496}}, {"type": "Feature", "geometry": {"type": "LineString", "coordinates": [[34.12001, 1.0012], [34.12495, 1.00556]]}, "properties": {"link_id": "BUTA00197", "name": "Butaleja - Link 197", "district": "Butaleja", "pavement": "Unpaved", "condition": "Fair", "length_km": 0.733}}, {"type": "Feature", "geometry": {"type": "LineString", "coordinates": [[34.12016, 1.00772], [34.12003, 1.00739]]}, "properties": {"link_id": "BUTA00198", "name": "Butaleja - Link 198", "district": "Butaleja", "pavement": "Unpaved", "condition": "Poor", "length_km": 0.04}}, {"type": "Feature", "geometry": {"type": "LineString", "coordinates": [[34.12054, 1.00748], [34.1204, 1.00709]]}, "properties": {"link_id": "BUTA00199", "name": "Butaleja - Link 199", "district": "Butaleja", "pavement": "Unpaved", "condition": "Poor", "length_km": 0.046}}, {"type": "Feature", "geometry": {"type": "LineString", "coordinates": [[34.12081, 1.00733], [34.12073, 1.00707]]}, "properties": {"link_id": "BUTA00200", "name": "Butaleja - Link 200", "district": "Butaleja", "pavement": "Unpaved", "condition": "Poor", "length_km": 0.03}}, {"type": "Feature", "geometry": {"type": "LineString", "coordinates": [[34.11987, 1.00822], [34.1222, 1.00691]]}, "properties": {"link_id": "BUTA00201", "name": "Butaleja - Link 201", "district": "Butaleja", "pavement": "Unpaved", "condition": "Poor", "length_km": 0.401}}, {"type": "Feature", "geometry": {"type": "LineString", "coordinates": [[34.12236, 1.00685], [34.12171, 1.0051]]}, "properties": {"link_id": "BUTA00202", "name": "Butaleja - Link 202", "district": "Butaleja", "pavement": "Unpaved", "condition": "Poor", "length_km": 0.211}}, {"type": "Feature", "geometry": {"type": "LineString", "coordinates": [[34.12231, 1.00661], [34.12273, 1.00576]]}, "properties": {"link_id": "BUTA00203", "name": "Butaleja - Link 203", "district": "Butaleja", "pavement": "Unpaved", "condition": "Poor", "length_km": 0.109}}, {"type": "Feature", "geometry": {"type": "LineString", "coordinates": [[34.12219, 1.00751], [34.12303, 1.00803]]}, "properties": {"link_id": "BUTA00204", "name": "Butaleja - Link 204", "district": "Butaleja", "pavement": "Unpaved", "condition": "Poor", "length_km": 0.143}}, {"type": "Feature", "geometry": {"type": "LineString", "coordinates": [[34.12234, 1.00892], [34.12218, 1.00815]]}, "properties": {"link_id": "BUTA00205", "name": "Butaleja - Link 205", "district": "Butaleja", "pavement": "Unpaved", "condition": "Poor", "length_km": 0.088}}, {"type": "Feature", "geometry": {"type": "LineString", "coordinates": [[34.12095, 1.01051], [34.12354, 1.0084]]}, "properties": {"link_id": "BUTA00206", "name": "Butaleja - Link 206", "district": "Butaleja", "pavement": "Unpaved", "condition": "Poor", "length_km": 0.429}}, {"type": "Feature", "geometry": {"type": "LineString", "coordinates": [[34.12164, 1.00928], [34.12158, 1.00865]]}, "properties": {"link_id": "BUTA00207", "name": "Butaleja - Link 207", "district": "Butaleja", "pavement": "Unpaved", "condition": "Poor", "length_km": 0.071}}, {"type": "Feature", "geometry": {"type": "LineString", "coordinates": [[34.11883, 1.00887], [34.11913, 1.00842]]}, "properties": {"link_id": "BUTA00208", "name": "Butaleja - Link 208", "district": "Butaleja", "pavement": "Unpaved", "condition": "Poor", "length_km": 0.076}}, {"type": "Feature", "geometry": {"type": "LineString", "coordinates": [[34.1183, 1.00865], [34.11946, 1.00909]]}, "properties": {"link_id": "BUTA00209", "name": "Butaleja - Link 209", "district": "Butaleja", "pavement": "Unpaved", "condition": "Poor", "length_km": 0.139}}, {"type": "Feature", "geometry": {"type": "LineString", "coordinates": [[34.11913, 1.00842], [34.11971, 1.00853]]}, "properties": {"link_id": "BUTA00210", "name": "Butaleja - Link 210", "district": "Butaleja", "pavement": "Unpaved", "condition": "Poor", "length_km": 0.066}}, {"type": "Feature", "geometry": {"type": "LineString", "coordinates": [[34.11618, 1.00617], [34.1202, 1.00773]]}, "properties": {"link_id": "BUTA00211", "name": "Butaleja - Link 211", "district": "Butaleja", "pavement": "Unpaved", "condition": "Poor", "length_km": 0.513}}, {"type": "Feature", "geometry": {"type": "LineString", "coordinates": [[34.11796, 1.01047], [34.11887, 1.00976]]}, "properties": {"link_id": "BUTA00212", "name": "Butaleja - Link 212", "district": "Butaleja", "pavement": "Unpaved", "condition": "Fair", "length_km": 0.13}}, {"type": "Feature", "geometry": {"type": "LineString", "coordinates": [[34.11839, 1.00962], [34.11803, 1.01079]]}, "properties": {"link_id": "BUTA00213", "name": "Butaleja - Link 213", "district": "Butaleja", "pavement": "Unpaved", "condition": "Poor", "length_km": 0.14}}, {"type": "Feature", "geometry": {"type": "LineString", "coordinates": [[34.11818, 1.01053], [34.11829, 1.01073]]}, "properties": {"link_id": "BUTA00214", "name": "Butaleja - Link 214", "district": "Butaleja", "pavement": "Unpaved", "condition": "Poor", "length_km": 0.026}}, {"type": "Feature", "geometry": {"type": "LineString", "coordinates": [[34.12001, 1.01147], [34.11604, 1.012]]}, "properties": {"link_id": "BUTA00215", "name": "Butaleja - Link 215", "district": "Butaleja", "pavement": "Unpaved", "condition": "Fair", "length_km": 0.484}}, {"type": "Feature", "geometry": {"type": "LineString", "coordinates": [[34.11769, 1.01229], [34.11796, 1.01128]]}, "properties": {"link_id": "BUTA00216", "name": "Butaleja - Link 216", "district": "Butaleja", "pavement": "Unpaved", "condition": "Poor", "length_km": 0.126}}, {"type": "Feature", "geometry": {"type": "LineString", "coordinates": [[34.11966, 1.01288], [34.12001, 1.01147]]}, "properties": {"link_id": "BUTA00217", "name": "Butaleja - Link 217", "district": "Butaleja", "pavement": "Unpaved", "condition": "Poor", "length_km": 0.165}}, {"type": "Feature", "geometry": {"type": "LineString", "coordinates": [[34.12156, 1.01086], [34.11933, 1.01026]]}, "properties": {"link_id": "BUTA00218", "name": "Butaleja - Link 218", "district": "Butaleja", "pavement": "Unpaved", "condition": "Poor", "length_km": 0.265}}, {"type": "Feature", "geometry": {"type": "LineString", "coordinates": [[34.12087, 1.00964], [34.12153, 1.00935]]}, "properties": {"link_id": "BUTA00219", "name": "Butaleja - Link 219", "district": "Butaleja", "pavement": "Unpaved", "condition": "Poor", "length_km": 0.081}}, {"type": "Feature", "geometry": {"type": "LineString", "coordinates": [[34.12159, 1.01037], [34.12099, 1.00984]]}, "properties": {"link_id": "BUTA00220", "name": "Butaleja - Link 220", "district": "Butaleja", "pavement": "Unpaved", "condition": "Poor", "length_km": 0.091}}, {"type": "Feature", "geometry": {"type": "LineString", "coordinates": [[34.12153, 1.01059], [34.12157, 1.00964]]}, "properties": {"link_id": "BUTA00221", "name": "Butaleja - Link 221", "district": "Butaleja", "pavement": "Unpaved", "condition": "Poor", "length_km": 0.11}}, {"type": "Feature", "geometry": {"type": "LineString", "coordinates": [[34.1225, 1.01013], [34.12229, 1.00895]]}, "properties": {"link_id": "BUTA00222", "name": "Butaleja - Link 222", "district": "Butaleja", "pavement": "Unpaved", "condition": "Poor", "length_km": 0.134}}, {"type": "Feature", "geometry": {"type": "LineString", "coordinates": [[34.12183, 1.00982], [34.1225, 1.01013]]}, "properties": {"link_id": "BUTA00223", "name": "Butaleja - Link 223", "district": "Butaleja", "pavement": "Unpaved", "condition": "Poor", "length_km": 0.089}}, {"type": "Feature", "geometry": {"type": "LineString", "coordinates": [[34.12142, 1.01067], [34.12208, 1.0106]]}, "properties": {"link_id": "BUTA00224", "name": "Butaleja - Link 224", "district": "Butaleja", "pavement": "Unpaved", "condition": "Poor", "length_km": 0.078}}, {"type": "Feature", "geometry": {"type": "LineString", "coordinates": [[34.12117, 1.01242], [34.12351, 1.01059]]}, "properties": {"link_id": "BUTA00225", "name": "Butaleja - Link 225", "district": "Butaleja", "pavement": "Unpaved", "condition": "Poor", "length_km": 0.394}}, {"type": "Feature", "geometry": {"type": "LineString", "coordinates": [[34.12159, 1.01189], [34.12353, 1.01247]]}, "properties": {"link_id": "BUTA00226", "name": "Butaleja - Link 226", "district": "Butaleja", "pavement": "Unpaved", "condition": "Poor", "length_km": 0.225}}, {"type": "Feature", "geometry": {"type": "LineString", "coordinates": [[34.11932, 1.01483], [34.12144, 1.01465]]}, "properties": {"link_id": "BUTA00227", "name": "Butaleja - Link 227", "district": "Butaleja", "pavement": "Unpaved", "condition": "Poor", "length_km": 0.276}}, {"type": "Feature", "geometry": {"type": "LineString", "coordinates": [[34.12117, 1.01242], [34.1249, 1.0106]]}, "properties": {"link_id": "BUTA00228", "name": "Butaleja - Link 228", "district": "Butaleja", "pavement": "Unpaved", "condition": "Fair", "length_km": 1.334}}, {"type": "Feature", "geometry": {"type": "LineString", "coordinates": [[34.12229, 1.01428], [34.12245, 1.01633]]}, "properties": {"link_id": "BUTA00229", "name": "Butaleja - Link 229", "district": "Butaleja", "pavement": "Unpaved", "condition": "Poor", "length_km": 0.229}}, {"type": "Feature", "geometry": {"type": "LineString", "coordinates": [[34.1213, 1.01647], [34.12245, 1.01633]]}, "properties": {"link_id": "BUTA00230", "name": "Butaleja - Link 230", "district": "Butaleja", "pavement": "Unpaved", "condition": "Poor", "length_km": 0.15}}, {"type": "Feature", "geometry": {"type": "LineString", "coordinates": [[34.12181, 1.01612], [34.12198, 1.01653]]}, "properties": {"link_id": "BUTA00231", "name": "Butaleja - Link 231", "district": "Butaleja", "pavement": "Unpaved", "condition": "Poor", "length_km": 0.05}}, {"type": "Feature", "geometry": {"type": "LineString", "coordinates": [[34.11796, 1.01128], [34.11749, 1.01687]]}, "properties": {"link_id": "BUTA00232", "name": "Butaleja - Link 232", "district": "Butaleja", "pavement": "Unpaved", "condition": "Poor", "length_km": 0.813}}, {"type": "Feature", "geometry": {"type": "LineString", "coordinates": [[34.11759, 1.01505], [34.11742, 1.01233]]}, "properties": {"link_id": "BUTA00233", "name": "Butaleja - Link 233", "district": "Butaleja", "pavement": "Unpaved", "condition": "Poor", "length_km": 0.305}}, {"type": "Feature", "geometry": {"type": "LineString", "coordinates": [[34.11487, 1.01586], [34.1175, 1.01625]]}, "properties": {"link_id": "BUTA00234", "name": "Butaleja - Link 234", "district": "Butaleja", "pavement": "Unpaved", "condition": "Poor", "length_km": 0.298}}, {"type": "Feature", "geometry": {"type": "LineString", "coordinates": [[34.1146, 1.01585], [34.11455, 1.01626]]}, "properties": {"link_id": "BUTA00235", "name": "Butaleja - Link 235", "district": "Butaleja", "pavement": "Unpaved", "condition": "Poor", "length_km": 0.045}}, {"type": "Feature", "geometry": {"type": "LineString", "coordinates": [[34.11459, 1.0133], [34.11431, 1.0136]]}, "properties": {"link_id": "BUTA00236", "name": "Butaleja - Link 236", "district": "Butaleja", "pavement": "Unpaved", "condition": "Poor", "length_km": 0.111}}, {"type": "Feature", "geometry": {"type": "LineString", "coordinates": [[34.11596, 1.01616], [34.11633, 1.01239]]}, "properties": {"link_id": "BUTA00237", "name": "Butaleja - Link 237", "district": "Butaleja", "pavement": "Unpaved", "condition": "Poor", "length_km": 0.467}}, {"type": "Feature", "geometry": {"type": "LineString", "coordinates": [[34.11615, 1.01048], [34.11624, 1.00944]]}, "properties": {"link_id": "BUTA00238", "name": "Butaleja - Link 238", "district": "Butaleja", "pavement": "Unpaved", "condition": "Poor", "length_km": 0.117}}, {"type": "Feature", "geometry": {"type": "LineString", "coordinates": [[34.11497, 1.01103], [34.11534, 1.01118]]}, "properties": {"link_id": "BUTA00239", "name": "Butaleja - Link 239", "district": "Butaleja", "pavement": "Unpaved", "condition": "Poor", "length_km": 0.046}}, {"type": "Feature", "geometry": {"type": "LineString", "coordinates": [[34.11475, 1.01071], [34.11514, 1.0112]]}, "properties": {"link_id": "BUTA00240", "name": "Butaleja - Link 240", "district": "Butaleja", "pavement": "Unpaved", "condition": "Poor", "length_km": 0.071}}, {"type": "Feature", "geometry": {"type": "LineString", "coordinates": [[34.11472, 1.01058], [34.11454, 1.00985]]}, "properties": {"link_id": "BUTA00241", "name": "Butaleja - Link 241", "district": "Butaleja", "pavement": "Unpaved", "condition": "Poor", "length_km": 0.086}}, {"type": "Feature", "geometry": {"type": "LineString", "coordinates": [[34.11458, 1.01002], [34.11444, 1.00988]]}, "properties": {"link_id": "BUTA00242", "name": "Butaleja - Link 242", "district": "Butaleja", "pavement": "Unpaved", "condition": "Poor", "length_km": 0.024}}, {"type": "Feature", "geometry": {"type": "LineString", "coordinates": [[34.11503, 1.01122], [34.11506, 1.01163]]}, "properties": {"link_id": "BUTA00243", "name": "Butaleja - Link 243", "district": "Butaleja", "pavement": "Unpaved", "condition": "Poor", "length_km": 0.046}}, {"type": "Feature", "geometry": {"type": "LineString", "coordinates": [[34.11345, 1.00947], [34.11409, 1.00994]]}, "properties": {"link_id": "BUTA00244", "name": "Butaleja - Link 244", "district": "Butaleja", "pavement": "Unpaved", "condition": "Poor", "length_km": 0.097}}, {"type": "Feature", "geometry": {"type": "LineString", "coordinates": [[34.10932, 1.01108], [34.11721, 1.00937]]}, "properties": {"link_id": "BUTA00245", "name": "Butaleja - Link 245", "district": "Butaleja", "pavement": "Unpaved", "condition": "Fair", "length_km": 0.914}}, {"type": "Feature", "geometry": {"type": "LineString", "coordinates": [[34.11339, 1.01011], [34.11322, 1.0096]]}, "properties": {"link_id": "BUTA00246", "name": "Butaleja - Link 246", "district": "Butaleja", "pavement": "Unpaved", "condition": "Poor", "length_km": 0.06}}, {"type": "Feature", "geometry": {"type": "LineString", "coordinates": [[34.1135, 1.01162], [34.11343, 1.01009]]}, "properties": {"link_id": "BUTA00247", "name": "Butaleja - Link 247", "district": "Butaleja", "pavement": "Unpaved", "condition": "Poor", "length_km": 0.172}}, {"type": "Feature", "geometry": {"type": "LineString", "coordinates": [[34.1113, 1.00866], [34.1116, 1.01038]]}, "properties": {"link_id": "BUTA00248", "name": "Butaleja - Link 248", "district": "Butaleja", "pavement": "Unpaved", "condition": "Poor", "length_km": 0.205}}, {"type": "Feature", "geometry": {"type": "LineString", "coordinates": [[34.11113, 1.01289], [34.11181, 1.01363]]}, "properties": {"link_id": "BUTA00249", "name": "Butaleja - Link 249", "district": "Butaleja", "pavement": "Unpaved", "condition": "Poor", "length_km": 0.113}}, {"type": "Feature", "geometry": {"type": "LineString", "coordinates": [[34.11248, 1.01397], [34.11431, 1.0136]]}, "properties": {"link_id": "BUTA00250", "name": "Butaleja - Link 250", "district": "Butaleja", "pavement": "Unpaved", "condition": "Poor", "length_km": 0.22}}, {"type": "Feature", "geometry": {"type": "LineString", "coordinates": [[34.1141, 1.01324], [34.11393, 1.01317]]}, "properties": {"link_id": "BUTA00251", "name": "Butaleja - Link 251", "district": "Butaleja", "pavement": "Unpaved", "condition": "Poor", "length_km": 0.02}}, {"type": "Feature", "geometry": {"type": "LineString", "coordinates": [[34.11248, 1.01397], [34.11473, 1.01318]]}, "properties": {"link_id": "BUTA00252", "name": "Butaleja - Link 252", "district": "Butaleja", "pavement": "Unpaved", "condition": "Poor", "length_km": 0.992}}, {"type": "Feature", "geometry": {"type": "LineString", "coordinates": [[34.11328, 1.0149], [34.11382, 1.0149]]}, "properties": {"link_id": "BUTA00253", "name": "Butaleja - Link 253", "district": "Butaleja", "pavement": "Unpaved", "condition": "Poor", "length_km": 0.061}}, {"type": "Feature", "geometry": {"type": "LineString", "coordinates": [[34.1115, 1.01656], [34.11137, 1.01505]]}, "properties": {"link_id": "BUTA00254", "name": "Butaleja - Link 254", "district": "Butaleja", "pavement": "Unpaved", "condition": "Poor", "length_km": 0.178}}, {"type": "Feature", "geometry": {"type": "LineString", "coordinates": [[34.10949, 1.01471], [34.11137, 1.01505]]}, "properties": {"link_id": "BUTA00255", "name": "Butaleja - Link 255", "district": "Butaleja", "pavement": "Unpaved", "condition": "Poor", "length_km": 0.245}}, {"type": "Feature", "geometry": {"type": "LineString", "coordinates": [[34.10893, 1.01468], [34.11072, 1.01377]]}, "properties": {"link_id": "BUTA00256", "name": "Butaleja - Link 256", "district": "Butaleja", "pavement": "Unpaved", "condition": "Poor", "length_km": 0.27}}, {"type": "Feature", "geometry": {"type": "LineString", "coordinates": [[34.10885, 1.01385], [34.1109, 1.01382]]}, "properties": {"link_id": "BUTA00257", "name": "Butaleja - Link 257", "district": "Butaleja", "pavement": "Unpaved", "condition": "Poor", "length_km": 0.23}}, {"type": "Feature", "geometry": {"type": "LineString", "coordinates": [[34.1089, 1.01721], [34.10932, 1.01108]]}, "properties": {"link_id": "BUTA00258", "name": "Butaleja - Link 258", "district": "Butaleja", "pavement": "Unpaved", "condition": "Fair", "length_km": 0.778}}, {"type": "Feature", "geometry": {"type": "LineString", "coordinates": [[34.10895, 1.01526], [34.10953, 1.01505]]}, "properties": {"link_id": "BUTA00259", "name": "Butaleja - Link 259", "district": "Butaleja", "pavement": "Unpaved", "condition": "Poor", "length_km": 0.072}}, {"type": "Feature", "geometry": {"type": "LineString", "coordinates": [[34.10897, 1.01638], [34.10731, 1.0143]]}, "properties": {"link_id": "BUTA00260", "name": "Butaleja - Link 260", "district": "Butaleja", "pavement": "Unpaved", "condition": "Poor", "length_km": 0.429}}, {"type": "Feature", "geometry": {"type": "LineString", "coordinates": [[34.1072, 1.01583], [34.10712, 1.0158]]}, "properties": {"link_id": "BUTA00261", "name": "Butaleja - Link 261", "district": "Butaleja", "pavement": "Unpaved", "condition": "Poor", "length_km": 0.01}}, {"type": "Feature", "geometry": {"type": "LineString", "coordinates": [[34.10651, 1.01606], [34.10657, 1.0162]]}, "properties": {"link_id": "BUTA00262", "name": "Butaleja - Link 262", "district": "Butaleja", "pavement": "Unpaved", "condition": "Poor", "length_km": 0.017}}, {"type": "Feature", "geometry": {"type": "LineString", "coordinates": [[34.10657, 1.01442], [34.1071, 1.01484]]}, "properties": {"link_id": "BUTA00263", "name": "Butaleja - Link 263", "district": "Butaleja", "pavement": "Unpaved", "condition": "Poor", "length_km": 0.105}}, {"type": "Feature", "geometry": {"type": "LineString", "coordinates": [[34.10493, 1.01446], [34.10718, 1.0143]]}, "properties": {"link_id": "BUTA00264", "name": "Butaleja - Link 264", "district": "Butaleja", "pavement": "Unpaved", "condition": "Poor", "length_km": 0.254}}, {"type": "Feature", "geometry": {"type": "LineString", "coordinates": [[34.10463, 1.01324], [34.10759, 1.01343]]}, "properties": {"link_id": "BUTA00265", "name": "Butaleja - Link 265", "district": "Butaleja", "pavement": "Unpaved", "condition": "Fair", "length_km": 0.338}}, {"type": "Feature", "geometry": {"type": "LineString", "coordinates": [[34.10665, 1.01315], [34.10783, 1.01309]]}, "properties": {"link_id": "BUTA00266", "name": "Butaleja - Link 266", "district": "Butaleja", "pavement": "Unpaved", "condition": "Poor", "length_km": 0.132}}, {"type": "Feature", "geometry": {"type": "LineString", "coordinates": [[34.10815, 1.01271], [34.10712, 1.01408]]}, "properties": {"link_id": "BUTA00267", "name": "Butaleja - Link 267", "district": "Butaleja", "pavement": "Unpaved", "condition": "Poor", "length_km": 0.196}}, {"type": "Feature", "geometry": {"type": "LineString", "coordinates": [[34.10888, 1.01417], [34.10718, 1.0143]]}, "properties": {"link_id": "BUTA00268", "name": "Butaleja - Link 268", "district": "Butaleja", "pavement": "Unpaved", "condition": "Poor", "length_km": 0.19}}, {"type": "Feature", "geometry": {"type": "LineString", "coordinates": [[34.10802, 1.01293], [34.10826, 1.01294]]}, "properties": {"link_id": "BUTA00269", "name": "Butaleja - Link 269", "district": "Butaleja", "pavement": "Unpaved", "condition": "Poor", "length_km": 0.027}}, {"type": "Feature", "geometry": {"type": "LineString", "coordinates": [[34.10662, 1.01299], [34.10819, 1.01283]]}, "properties": {"link_id": "BUTA00270", "name": "Butaleja - Link 270", "district": "Butaleja", "pavement": "Unpaved", "condition": "Poor", "length_km": 0.176}}, {"type": "Feature", "geometry": {"type": "LineString", "coordinates": [[34.10657, 1.01068], [34.1067, 1.01401]]}, "properties": {"link_id": "BUTA00271", "name": "Butaleja - Link 271", "district": "Butaleja", "pavement": "Unpaved", "condition": "Poor", "length_km": 0.397}}, {"type": "Feature", "geometry": {"type": "LineString", "coordinates": [[34.10649, 1.01142], [34.10619, 1.01052]]}, "properties": {"link_id": "BUTA00272", "name": "Butaleja - Link 272", "district": "Butaleja", "pavement": "Unpaved", "condition": "Poor", "length_km": 0.107}}, {"type": "Feature", "geometry": {"type": "LineString", "coordinates": [[34.10593, 1.0118], [34.10571, 1.0106]]}, "properties": {"link_id": "BUTA00273", "name": "Butaleja - Link 273", "district": "Butaleja", "pavement": "Unpaved", "condition": "Poor", "length_km": 0.139}}, {"type": "Feature", "geometry": {"type": "LineString", "coordinates": [[34.10845, 1.0131], [34.11035, 1.01154]]}, "properties": {"link_id": "BUTA00274", "name": "Butaleja - Link 274", "district": "Butaleja", "pavement": "Unpaved", "condition": "Poor", "length_km": 0.295}}, {"type": "Feature", "geometry": {"type": "LineString", "coordinates": [[34.11139, 1.01394], [34.11131, 1.01196]]}, "properties": {"link_id": "BUTA00275", "name": "Butaleja - Link 275", "district": "Butaleja", "pavement": "Unpaved", "condition": "Poor", "length_km": 0.273}}, {"type": "Feature", "geometry": {"type": "LineString", "coordinates": [[34.11019, 1.01147], [34.11051, 1.01066]]}, "properties": {"link_id": "BUTA00276", "name": "Butaleja - Link 276", "district": "Butaleja", "pavement": "Unpaved", "condition": "Poor", "length_km": 0.099}}, {"type": "Feature", "geometry": {"type": "LineString", "coordinates": [[34.11059, 1.01041], [34.11026, 1.00971]]}, "properties": {"link_id": "BUTA00277", "name": "Butaleja - Link 277", "district": "Butaleja", "pavement": "Unpaved", "condition": "Poor", "length_km": 0.101}}, {"type": "Feature", "geometry": {"type": "LineString", "coordinates": [[34.10992, 0.99993], [34.1093, 1.00576]]}, "properties": {"link_id": "BUTA00278", "name": "Butaleja - Link 278", "district": "Butaleja", "pavement": "Unpaved", "condition": "Poor", "length_km": 0.666}}, {"type": "Feature", "geometry": {"type": "LineString", "coordinates": [[34.10499, 1.00434], [34.1111, 1.00686]]}, "properties": {"link_id": "BUTA00279", "name": "Butaleja - Link 279", "district": "Butaleja", "pavement": "Unpaved", "condition": "Fair", "length_km": 0.746}}, {"type": "Feature", "geometry": {"type": "LineString", "coordinates": [[34.10603, 1.00477], [34.1062, 1.00669]]}, "properties": {"link_id": "BUTA00280", "name": "Butaleja - Link 280", "district": "Butaleja", "pavement": "Unpaved", "condition": "Poor", "length_km": 0.218}}, {"type": "Feature", "geometry": {"type": "LineString", "coordinates": [[34.1062, 1.00568], [34.10491, 1.00536]]}, "properties": {"link_id": "BUTA00281", "name": "Butaleja - Link 281", "district": "Butaleja", "pavement": "Unpaved", "condition": "Poor", "length_km": 0.154}}, {"type": "Feature", "geometry": {"type": "LineString", "coordinates": [[34.10533, 1.00557], [34.10545, 1.00462]]}, "properties": {"link_id": "BUTA00282", "name": "Butaleja - Link 282", "district": "Butaleja", "pavement": "Unpaved", "condition": "Poor", "length_km": 0.107}}, {"type": "Feature", "geometry": {"type": "LineString", "coordinates": [[34.10518, 1.00359], [34.10441, 1.00322]]}, "properties": {"link_id": "BUTA00283", "name": "Butaleja - Link 283", "district": "Butaleja", "pavement": "Unpaved", "condition": "Poor", "length_km": 0.233}}, {"type": "Feature", "geometry": {"type": "LineString", "coordinates": [[34.10407, 1.003], [34.1037, 1.00203]]}, "properties": {"link_id": "BUTA00284", "name": "Butaleja - Link 284", "district": "Butaleja", "pavement": "Unpaved", "condition": "Poor", "length_km": 0.128}}, {"type": "Feature", "geometry": {"type": "LineString", "coordinates": [[34.10337, 1.00404], [34.10359, 1.00348]]}, "properties": {"link_id": "BUTA00285", "name": "Butaleja - Link 285", "district": "Butaleja", "pavement": "Unpaved", "condition": "Poor", "length_km": 0.085}}, {"type": "Feature", "geometry": {"type": "LineString", "coordinates": [[34.10324, 1.00404], [34.10309, 1.00464]]}, "properties": {"link_id": "BUTA00286", "name": "Butaleja - Link 286", "district": "Butaleja", "pavement": "Unpaved", "condition": "Poor", "length_km": 0.094}}, {"type": "Feature", "geometry": {"type": "LineString", "coordinates": [[34.10448, 1.00439], [34.10138, 1.00572]]}, "properties": {"link_id": "BUTA00287", "name": "Butaleja - Link 287", "district": "Butaleja", "pavement": "Unpaved", "condition": "Poor", "length_km": 0.386}}, {"type": "Feature", "geometry": {"type": "LineString", "coordinates": [[34.10217, 1.00605], [34.10138, 1.00572]]}, "properties": {"link_id": "BUTA00288", "name": "Butaleja - Link 288", "district": "Butaleja", "pavement": "Paved", "condition": "Good", "length_km": 0.096}}, {"type": "Feature", "geometry": {"type": "LineString", "coordinates": [[34.10505, 1.00386], [34.10086, 1.00423]]}, "properties": {"link_id": "BUTA00289", "name": "Butaleja - Link 289", "district": "Butaleja", "pavement": "Unpaved", "condition": "Poor", "length_km": 0.475}}, {"type": "Feature", "geometry": {"type": "LineString", "coordinates": [[34.09944, 1.00599], [34.10102, 1.00559]]}, "properties": {"link_id": "BUTA00290", "name": "Butaleja - Link 290", "district": "Butaleja", "pavement": "Unpaved", "condition": "Poor", "length_km": 0.182}}, {"type": "Feature", "geometry": {"type": "LineString", "coordinates": [[34.09952, 1.00657], [34.10139, 1.00602]]}, "properties": {"link_id": "BUTA00291", "name": "Butaleja - Link 291", "district": "Butaleja", "pavement": "Unpaved", "condition": "Poor", "length_km": 0.219}}, {"type": "Feature", "geometry": {"type": "LineString", "coordinates": [[34.10156, 1.00863], [34.10217, 1.00605]]}, "properties": {"link_id": "BUTA00292", "name": "Butaleja - Link 292", "district": "Butaleja", "pavement": "Unpaved", "condition": "Poor", "length_km": 0.305}}, {"type": "Feature", "geometry": {"type": "LineString", "coordinates": [[34.10055, 1.0098], [34.10131, 1.00995]]}, "properties": {"link_id": "BUTA00293", "name": "Butaleja - Link 293", "district": "Butaleja", "pavement": "Unpaved", "condition": "Poor", "length_km": 0.086}}, {"type": "Feature", "geometry": {"type": "LineString", "coordinates": [[34.10166, 1.01267], [34.10085, 1.01273]]}, "properties": {"link_id": "BUTA00294", "name": "Butaleja - Link 294", "district": "Butaleja", "pavement": "Unpaved", "condition": "Poor", "length_km": 0.096}}, {"type": "Feature", "geometry": {"type": "LineString", "coordinates": [[34.10159, 1.01363], [34.10169, 1.01193]]}, "properties": {"link_id": "BUTA00295", "name": "Butaleja - Link 295", "district": "Butaleja", "pavement": "Unpaved", "condition": "Poor", "length_km": 0.189}}, {"type": "Feature", "geometry": {"type": "LineString", "coordinates": [[34.10201, 1.01196], [34.10209, 1.01395]]}, "properties": {"link_id": "BUTA00296", "name": "Butaleja - Link 296", "district": "Butaleja", "pavement": "Unpaved", "condition": "Poor", "length_km": 0.222}}, {"type": "Feature", "geometry": {"type": "LineString", "coordinates": [[34.10268, 1.01216], [34.10297, 1.01356]]}, "properties": {"link_id": "BUTA00297", "name": "Butaleja - Link 297", "district": "Butaleja", "pavement": "Unpaved", "condition": "Poor", "length_km": 0.159}}, {"type": "Feature", "geometry": {"type": "LineString", "coordinates": [[34.10274, 1.01169], [34.10276, 1.01217]]}, "properties": {"link_id": "BUTA00298", "name": "Butaleja - Link 298", "district": "Butaleja", "pavement": "Unpaved", "condition": "Poor", "length_km": 0.053}}, {"type": "Feature", "geometry": {"type": "LineString", "coordinates": [[34.10249, 1.01188], [34.10302, 1.01219]]}, "properties": {"link_id": "BUTA00299", "name": "Butaleja - Link 299", "district": "Butaleja", "pavement": "Unpaved", "condition": "Poor", "length_km": 0.084}}, {"type": "Feature", "geometry": {"type": "LineString", "coordinates": [[34.104, 1.01164], [34.10474, 1.01314]]}, "properties": {"link_id": "BUTA00300", "name": "Butaleja - Link 300", "district": "Butaleja", "pavement": "Unpaved", "condition": "Poor", "length_km": 0.205}}, {"type": "Feature", "geometry": {"type": "LineString", "coordinates": [[34.10169, 1.01193], [34.10516, 1.01271]]}, "properties": {"link_id": "BUTA00301", "name": "Butaleja - Link 301", "district": "Butaleja", "pavement": "Unpaved", "condition": "Poor", "length_km": 0.513}}, {"type": "Feature", "geometry": {"type": "LineString", "coordinates": [[34.103, 1.01172], [34.10433, 1.01348]]}, "properties": {"link_id": "BUTA00302", "name": "Butaleja - Link 302", "district": "Butaleja", "pavement": "Unpaved", "condition": "Poor", "length_km": 0.319}}, {"type": "Feature", "geometry": {"type": "LineString", "coordinates": [[34.1033, 1.01321], [34.10344, 1.01359]]}, "properties": {"link_id": "BUTA00303", "name": "Butaleja - Link 303", "district": "Butaleja", "pavement": "Unpaved", "condition": "Poor", "length_km": 0.047}}, {"type": "Feature", "geometry": {"type": "LineString", "coordinates": [[34.10508, 1.01338], [34.10449, 1.01335]]}, "properties": {"link_id": "BUTA00304", "name": "Butaleja - Link 304", "district": "Butaleja", "pavement": "Unpaved", "condition": "Poor", "length_km": 0.078}}, {"type": "Feature", "geometry": {"type": "LineString", "coordinates": [[34.10517, 1.01341], [34.10505, 1.0145]]}, "properties": {"link_id": "BUTA00305", "name": "Butaleja - Link 305", "district": "Butaleja", "pavement": "Unpaved", "condition": "Poor", "length_km": 0.125}}, {"type": "Feature", "geometry": {"type": "LineString", "coordinates": [[34.10493, 1.0157], [34.10407, 1.0137]]}, "properties": {"link_id": "BUTA00306", "name": "Butaleja - Link 306", "district": "Butaleja", "pavement": "Unpaved", "condition": "Fair", "length_km": 0.268}}, {"type": "Feature", "geometry": {"type": "LineString", "coordinates": [[34.10492, 1.01574], [34.10495, 1.01573]]}, "properties": {"link_id": "BUTA00307", "name": "Butaleja - Link 307", "district": "Butaleja", "pavement": "Unpaved", "condition": "Fair", "length_km": 0.01}}, {"type": "Feature", "geometry": {"type": "LineString", "coordinates": [[34.10744, 1.01572], [34.10188, 1.01667]]}, "properties": {"link_id": "BUTA00308", "name": "Butaleja - Link 308", "district": "Butaleja", "pavement": "Unpaved", "condition": "Poor", "length_km": 0.65}}, {"type": "Feature", "geometry": {"type": "LineString", "coordinates": [[34.10182, 1.01452], [34.10516, 1.01619]]}, "properties": {"link_id": "BUTA00309", "name": "Butaleja - Link 309", "district": "Butaleja", "pavement": "Unpaved", "condition": "Fair", "length_km": 0.471}}, {"type": "Feature", "geometry": {"type": "LineString", "coordinates": [[34.1033, 1.0151], [34.10317, 1.01628]]}, "properties": {"link_id": "BUTA00310", "name": "Butaleja - Link 310", "district": "Butaleja", "pavement": "Unpaved", "condition": "Poor", "length_km": 0.133}}, {"type": "Feature", "geometry": {"type": "LineString", "coordinates": [[34.10287, 1.01631], [34.10317, 1.01628]]}, "properties": {"link_id": "BUTA00311", "name": "Butaleja - Link 311", "district": "Butaleja", "pavement": "Unpaved", "condition": "Poor", "length_km": 0.035}}, {"type": "Feature", "geometry": {"type": "LineString", "coordinates": [[34.10288, 1.01665], [34.10286, 1.01622]]}, "properties": {"link_id": "BUTA00312", "name": "Butaleja - Link 312", "district": "Butaleja", "pavement": "Unpaved", "condition": "Poor", "length_km": 0.049}}, {"type": "Feature", "geometry": {"type": "LineString", "coordinates": [[34.1022, 1.01579], [34.10286, 1.01622]]}, "properties": {"link_id": "BUTA00313", "name": "Butaleja - Link 313", "district": "Butaleja", "pavement": "Unpaved", "condition": "Poor", "length_km": 0.09}}, {"type": "Feature", "geometry": {"type": "LineString", "coordinates": [[34.10201, 1.01566], [34.10208, 1.01618]]}, "properties": {"link_id": "BUTA00314", "name": "Butaleja - Link 314", "district": "Butaleja", "pavement": "Unpaved", "condition": "Poor", "length_km": 0.075}}, {"type": "Feature", "geometry": {"type": "LineString", "coordinates": [[34.10231, 1.01484], [34.10136, 1.01564]]}, "properties": {"link_id": "BUTA00315", "name": "Butaleja - Link 315", "district": "Butaleja", "pavement": "Unpaved", "condition": "Poor", "length_km": 0.172}}, {"type": "Feature", "geometry": {"type": "LineString", "coordinates": [[34.10206, 1.01368], [34.10166, 1.01367]]}, "properties": {"link_id": "BUTA00316", "name": "Butaleja - Link 316", "district": "Butaleja", "pavement": "Unpaved", "condition": "Poor", "length_km": 0.046}}, {"type": "Feature", "geometry": {"type": "LineString", "coordinates": [[34.10156, 1.01361], [34.10194, 1.01447]]}, "properties": {"link_id": "BUTA00317", "name": "Butaleja - Link 317", "district": "Butaleja", "pavement": "Unpaved", "condition": "Poor", "length_km": 0.11}}, {"type": "Feature", "geometry": {"type": "LineString", "coordinates": [[34.10073, 1.01484], [34.09986, 1.01542]]}, "properties": {"link_id": "BUTA00318", "name": "Butaleja - Link 318", "district": "Butaleja", "pavement": "Unpaved", "condition": "Poor", "length_km": 0.139}}, {"type": "Feature", "geometry": {"type": "LineString", "coordinates": [[34.10069, 1.01627], [34.10093, 1.01475]]}, "properties": {"link_id": "BUTA00319", "name": "Butaleja - Link 319", "district": "Butaleja", "pavement": "Unpaved", "condition": "Poor", "length_km": 0.205}}, {"type": "Feature", "geometry": {"type": "LineString", "coordinates": [[34.09986, 1.01575], [34.10131, 1.01621]]}, "properties": {"link_id": "BUTA00320", "name": "Butaleja - Link 320", "district": "Butaleja", "pavement": "Unpaved", "condition": "Poor", "length_km": 0.169}}, {"type": "Feature", "geometry": {"type": "LineString", "coordinates": [[34.10007, 1.01621], [34.10069, 1.01627]]}, "properties": {"link_id": "BUTA00321", "name": "Butaleja - Link 321", "district": "Butaleja", "pavement": "Unpaved", "condition": "Fair", "length_km": 0.071}}, {"type": "Feature", "geometry": {"type": "LineString", "coordinates": [[34.10032, 1.01628], [34.09938, 1.01667]]}, "properties": {"link_id": "BUTA00322", "name": "Butaleja - Link 322", "district": "Butaleja", "pavement": "Unpaved", "condition": "Fair", "length_km": 0.152}}, {"type": "Feature", "geometry": {"type": "LineString", "coordinates": [[34.09981, 1.01614], [34.09935, 1.01616]]}, "properties": {"link_id": "BUTA00323", "name": "Butaleja - Link 323", "district": "Butaleja", "pavement": "Unpaved", "condition": "Poor", "length_km": 0.051}}, {"type": "Feature", "geometry": {"type": "LineString", "coordinates": [[34.0993, 1.01553], [34.10007, 1.01621]]}, "properties": {"link_id": "BUTA00324", "name": "Butaleja - Link 324", "district": "Butaleja", "pavement": "Unpaved", "condition": "Poor", "length_km": 0.183}}, {"type": "Feature", "geometry": {"type": "LineString", "coordinates": [[34.10007, 1.01448], [34.09994, 1.01548]]}, "properties": {"link_id": "BUTA00325", "name": "Butaleja - Link 325", "district": "Butaleja", "pavement": "Unpaved", "condition": "Poor", "length_km": 0.122}}, {"type": "Feature", "geometry": {"type": "LineString", "coordinates": [[34.09992, 1.01505], [34.09937, 1.01488]]}, "properties": {"link_id": "BUTA00326", "name": "Butaleja - Link 326", "district": "Butaleja", "pavement": "Unpaved", "condition": "Poor", "length_km": 0.091}}, {"type": "Feature", "geometry": {"type": "LineString", "coordinates": [[34.09745, 1.01614], [34.09843, 1.0167]]}, "properties": {"link_id": "BUTA00327", "name": "Butaleja - Link 327", "district": "Butaleja", "pavement": "Unpaved", "condition": "Fair", "length_km": 0.132}}, {"type": "Feature", "geometry": {"type": "LineString", "coordinates": [[32.64308, 0.37779], [32.64356, 0.37754]]}, "properties": {"link_id": "WAKI00328", "name": "Wakiso - Link 1", "district": "Wakiso", "pavement": "Unpaved", "condition": "Fair", "length_km": 0.078}}, {"type": "Feature", "geometry": {"type": "LineString", "coordinates": [[32.64318, 0.37665], [32.64355, 0.37713]]}, "properties": {"link_id": "WAKI00329", "name": "Wakiso - Link 2", "district": "Wakiso", "pavement": "Unpaved", "condition": "Fair", "length_km": 0.068}}, {"type": "Feature", "geometry": {"type": "LineString", "coordinates": [[32.64263, 0.37715], [32.64404, 0.37588]]}, "properties": {"link_id": "WAKI00330", "name": "Wakiso - Link 3", "district": "Wakiso", "pavement": "Unpaved", "condition": "Fair", "length_km": 0.212}}, {"type": "Feature", "geometry": {"type": "LineString", "coordinates": [[32.64367, 0.37619], [32.64391, 0.37671]]}, "properties": {"link_id": "WAKI00331", "name": "Wakiso - Link 4", "district": "Wakiso", "pavement": "Unpaved", "condition": "Poor", "length_km": 0.064}}, {"type": "Feature", "geometry": {"type": "LineString", "coordinates": [[32.645, 0.37783], [32.64461, 0.37821]]}, "properties": {"link_id": "WAKI00332", "name": "Wakiso - Link 5", "district": "Wakiso", "pavement": "Unpaved", "condition": "Fair", "length_km": 0.06}}, {"type": "Feature", "geometry": {"type": "LineString", "coordinates": [[32.64369, 0.37817], [32.64405, 0.37849]]}, "properties": {"link_id": "WAKI00333", "name": "Wakiso - Link 6", "district": "Wakiso", "pavement": "Unpaved", "condition": "Fair", "length_km": 0.054}}, {"type": "Feature", "geometry": {"type": "LineString", "coordinates": [[32.64405, 0.37849], [32.64415, 0.37837]]}, "properties": {"link_id": "WAKI00334", "name": "Wakiso - Link 7", "district": "Wakiso", "pavement": "Unpaved", "condition": "Poor", "length_km": 0.017}}, {"type": "Feature", "geometry": {"type": "LineString", "coordinates": [[32.6452, 0.37833], [32.64401, 0.3793]]}, "properties": {"link_id": "WAKI00335", "name": "Wakiso - Link 8", "district": "Wakiso", "pavement": "Unpaved", "condition": "Fair", "length_km": 0.175}}, {"type": "Feature", "geometry": {"type": "LineString", "coordinates": [[32.6448, 0.37853], [32.64465, 0.37885]]}, "properties": {"link_id": "WAKI00336", "name": "Wakiso - Link 9", "district": "Wakiso", "pavement": "Unpaved", "condition": "Fair", "length_km": 0.04}}, {"type": "Feature", "geometry": {"type": "LineString", "coordinates": [[32.64259, 0.37937], [32.64324, 0.37974]]}, "properties": {"link_id": "WAKI00337", "name": "Wakiso - Link 10", "district": "Wakiso", "pavement": "Unpaved", "condition": "Poor", "length_km": 0.084}}, {"type": "Feature", "geometry": {"type": "LineString", "coordinates": [[32.64308, 0.37884], [32.64332, 0.37907]]}, "properties": {"link_id": "WAKI00338", "name": "Wakiso - Link 11", "district": "Wakiso", "pavement": "Unpaved", "condition": "Poor", "length_km": 0.038}}, {"type": "Feature", "geometry": {"type": "LineString", "coordinates": [[32.6433, 0.3786], [32.64286, 0.37837]]}, "properties": {"link_id": "WAKI00339", "name": "Wakiso - Link 12", "district": "Wakiso", "pavement": "Unpaved", "condition": "Fair", "length_km": 0.056}}, {"type": "Feature", "geometry": {"type": "LineString", "coordinates": [[32.64235, 0.38139], [32.64188, 0.38109]]}, "properties": {"link_id": "WAKI00340", "name": "Wakiso - Link 13", "district": "Wakiso", "pavement": "Unpaved", "condition": "Poor", "length_km": 0.063}}, {"type": "Feature", "geometry": {"type": "LineString", "coordinates": [[32.64171, 0.38211], [32.6429, 0.38078]]}, "properties": {"link_id": "WAKI00341", "name": "Wakiso - Link 14", "district": "Wakiso", "pavement": "Unpaved", "condition": "Fair", "length_km": 0.199}}, {"type": "Feature", "geometry": {"type": "LineString", "coordinates": [[32.64215, 0.38206], [32.64193, 0.38233]]}, "properties": {"link_id": "WAKI00342", "name": "Wakiso - Link 15", "district": "Wakiso", "pavement": "Unpaved", "condition": "Poor", "length_km": 0.038}}, {"type": "Feature", "geometry": {"type": "LineString", "coordinates": [[32.64272, 0.38306], [32.64298, 0.3828]]}, "properties": {"link_id": "WAKI00343", "name": "Wakiso - Link 16", "district": "Wakiso", "pavement": "Unpaved", "condition": "Poor", "length_km": 0.041}}, {"type": "Feature", "geometry": {"type": "LineString", "coordinates": [[32.64096, 0.38153], [32.6446, 0.38489]]}, "properties": {"link_id": "WAKI00344", "name": "Wakiso - Link 17", "district": "Wakiso", "pavement": "Unpaved", "condition": "Fair", "length_km": 0.553}}, {"type": "Feature", "geometry": {"type": "LineString", "coordinates": [[32.64297, 0.38332], [32.64277, 0.38363]]}, "properties": {"link_id": "WAKI00345", "name": "Wakiso - Link 18", "district": "Wakiso", "pavement": "Unpaved", "condition": "Fair", "length_km": 0.041}}, {"type": "Feature", "geometry": {"type": "LineString", "coordinates": [[32.643, 0.38335], [32.64367, 0.38304]]}, "properties": {"link_id": "WAKI00346", "name": "Wakiso - Link 19", "district": "Wakiso", "pavement": "Unpaved", "condition": "Fair", "length_km": 0.083}}, {"type": "Feature", "geometry": {"type": "LineString", "coordinates": [[32.64377, 0.38347], [32.64339, 0.38314]]}, "properties": {"link_id": "WAKI00347", "name": "Wakiso - Link 20", "district": "Wakiso", "pavement": "Unpaved", "condition": "Fair", "length_km": 0.055}}, {"type": "Feature", "geometry": {"type": "LineString", "coordinates": [[32.64524, 0.38345], [32.6442, 0.38295]]}, "properties": {"link_id": "WAKI00348", "name": "Wakiso - Link 21", "district": "Wakiso", "pavement": "Unpaved", "condition": "Fair", "length_km": 0.128}}, {"type": "Feature", "geometry": {"type": "LineString", "coordinates": [[32.64604, 0.38166], [32.642, 0.38011]]}, "properties": {"link_id": "WAKI00349", "name": "Wakiso - Link 22", "district": "Wakiso", "pavement": "Unpaved", "condition": "Fair", "length_km": 0.509}}, {"type": "Feature", "geometry": {"type": "LineString", "coordinates": [[32.64378, 0.38093], [32.64389, 0.38048]]}, "properties": {"link_id": "WAKI00350", "name": "Wakiso - Link 23", "district": "Wakiso", "pavement": "Unpaved", "condition": "Fair", "length_km": 0.051}}, {"type": "Feature", "geometry": {"type": "LineString", "coordinates": [[32.64409, 0.38088], [32.64423, 0.38048]]}, "properties": {"link_id": "WAKI00351", "name": "Wakiso - Link 24", "district": "Wakiso", "pavement": "Unpaved", "condition": "Poor", "length_km": 0.046}}, {"type": "Feature", "geometry": {"type": "LineString", "coordinates": [[32.6447, 0.38046], [32.64444, 0.38024]]}, "properties": {"link_id": "WAKI00352", "name": "Wakiso - Link 25", "district": "Wakiso", "pavement": "Unpaved", "condition": "Poor", "length_km": 0.037}}, {"type": "Feature", "geometry": {"type": "LineString", "coordinates": [[32.64465, 0.38042], [32.6445, 0.3799]]}, "properties": {"link_id": "WAKI00353", "name": "Wakiso - Link 26", "district": "Wakiso", "pavement": "Unpaved", "condition": "Poor", "length_km": 0.071}}, {"type": "Feature", "geometry": {"type": "LineString", "coordinates": [[32.64504, 0.38055], [32.64521, 0.38031]]}, "properties": {"link_id": "WAKI00354", "name": "Wakiso - Link 27", "district": "Wakiso", "pavement": "Unpaved", "condition": "Poor", "length_km": 0.032}}, {"type": "Feature", "geometry": {"type": "LineString", "coordinates": [[32.64488, 0.38087], [32.6447, 0.38046]]}, "properties": {"link_id": "WAKI00355", "name": "Wakiso - Link 28", "district": "Wakiso", "pavement": "Unpaved", "condition": "Fair", "length_km": 0.08}}, {"type": "Feature", "geometry": {"type": "LineString", "coordinates": [[32.64642, 0.38082], [32.64594, 0.38057]]}, "properties": {"link_id": "WAKI00356", "name": "Wakiso - Link 29", "district": "Wakiso", "pavement": "Unpaved", "condition": "Fair", "length_km": 0.06}}, {"type": "Feature", "geometry": {"type": "LineString", "coordinates": [[32.64554, 0.38136], [32.6457, 0.38098]]}, "properties": {"link_id": "WAKI00357", "name": "Wakiso - Link 30", "district": "Wakiso", "pavement": "Unpaved", "condition": "Fair", "length_km": 0.046}}, {"type": "Feature", "geometry": {"type": "LineString", "coordinates": [[32.6456, 0.38265], [32.6443, 0.38209]]}, "properties": {"link_id": "WAKI00358", "name": "Wakiso - Link 31", "district": "Wakiso", "pavement": "Unpaved", "condition": "Poor", "length_km": 0.159}}, {"type": "Feature", "geometry": {"type": "LineString", "coordinates": [[32.64563, 0.38258], [32.64584, 0.38282]]}, "properties": {"link_id": "WAKI00359", "name": "Wakiso - Link 32", "district": "Wakiso", "pavement": "Unpaved", "condition": "Poor", "length_km": 0.036}}, {"type": "Feature", "geometry": {"type": "LineString", "coordinates": [[32.6463, 0.3835], [32.64584, 0.38335]]}, "properties": {"link_id": "WAKI00360", "name": "Wakiso - Link 33", "district": "Wakiso", "pavement": "Unpaved", "condition": "Poor", "length_km": 0.061}}, {"type": "Feature", "geometry": {"type": "LineString", "coordinates": [[32.64586, 0.38209], [32.64531, 0.38193]]}, "properties": {"link_id": "WAKI00361", "name": "Wakiso - Link 34", "district": "Wakiso", "pavement": "Unpaved", "condition": "Fair", "length_km": 0.066}}, {"type": "Feature", "geometry": {"type": "LineString", "coordinates": [[32.64666, 0.38182], [32.647, 0.38204]]}, "properties": {"link_id": "WAKI00362", "name": "Wakiso - Link 35", "district": "Wakiso", "pavement": "Unpaved", "condition": "Poor", "length_km": 0.046}}, {"type": "Feature", "geometry": {"type": "LineString", "coordinates": [[32.64633, 0.38252], [32.64711, 0.38197]]}, "properties": {"link_id": "WAKI00363", "name": "Wakiso - Link 36", "district": "Wakiso", "pavement": "Unpaved", "condition": "Fair", "length_km": 0.106}}, {"type": "Feature", "geometry": {"type": "LineString", "coordinates": [[32.64696, 0.38329], [32.64715, 0.38374]]}, "properties": {"link_id": "WAKI00364", "name": "Wakiso - Link 37", "district": "Wakiso", "pavement": "Unpaved", "condition": "Fair", "length_km": 0.054}}, {"type": "Feature", "geometry": {"type": "LineString", "coordinates": [[32.64653, 0.38338], [32.64825, 0.38163]]}, "properties": {"link_id": "WAKI00365", "name": "Wakiso - Link 38", "district": "Wakiso", "pavement": "Unpaved", "condition": "Fair", "length_km": 0.297}}, {"type": "Feature", "geometry": {"type": "LineString", "coordinates": [[32.64714, 0.38124], [32.64749, 0.38155]]}, "properties": {"link_id": "WAKI00366", "name": "Wakiso - Link 39", "district": "Wakiso", "pavement": "Unpaved", "condition": "Fair", "length_km": 0.051}}, {"type": "Feature", "geometry": {"type": "LineString", "coordinates": [[32.64746, 0.38092], [32.64689, 0.38149]]}, "properties": {"link_id": "WAKI00367", "name": "Wakiso - Link 40", "district": "Wakiso", "pavement": "Unpaved", "condition": "Fair", "length_km": 0.09}}, {"type": "Feature", "geometry": {"type": "LineString", "coordinates": [[32.64685, 0.37872], [32.64742, 0.37899]]}, "properties": {"link_id": "WAKI00368", "name": "Wakiso - Link 41", "district": "Wakiso", "pavement": "Unpaved", "condition": "Fair", "length_km": 0.07}}, {"type": "Feature", "geometry": {"type": "LineString", "coordinates": [[32.64656, 0.3783], [32.64682, 0.37857]]}, "properties": {"link_id": "WAKI00369", "name": "Wakiso - Link 42", "district": "Wakiso", "pavement": "Unpaved", "condition": "Fair", "length_km": 0.041}}, {"type": "Feature", "geometry": {"type": "LineString", "coordinates": [[32.64607, 0.37856], [32.64656, 0.37915]]}, "properties": {"link_id": "WAKI00370", "name": "Wakiso - Link 43", "district": "Wakiso", "pavement": "Unpaved", "condition": "Poor", "length_km": 0.087}}, {"type": "Feature", "geometry": {"type": "LineString", "coordinates": [[32.64629, 0.37979], [32.64609, 0.37998]]}, "properties": {"link_id": "WAKI00371", "name": "Wakiso - Link 44", "district": "Wakiso", "pavement": "Unpaved", "condition": "Poor", "length_km": 0.031}}, {"type": "Feature", "geometry": {"type": "LineString", "coordinates": [[32.6462, 0.37969], [32.64592, 0.37999]]}, "properties": {"link_id": "WAKI00372", "name": "Wakiso - Link 45", "district": "Wakiso", "pavement": "Unpaved", "condition": "Poor", "length_km": 0.045}}, {"type": "Feature", "geometry": {"type": "LineString", "coordinates": [[32.64606, 0.37955], [32.64547, 0.38029]]}, "properties": {"link_id": "WAKI00373", "name": "Wakiso - Link 46", "district": "Wakiso", "pavement": "Unpaved", "condition": "Poor", "length_km": 0.105}}, {"type": "Feature", "geometry": {"type": "LineString", "coordinates": [[32.64504, 0.37939], [32.64527, 0.37995]]}, "properties": {"link_id": "WAKI00374", "name": "Wakiso - Link 47", "district": "Wakiso", "pavement": "Unpaved", "condition": "Fair", "length_km": 0.087}}, {"type": "Feature", "geometry": {"type": "LineString", "coordinates": [[32.64504, 0.37939], [32.64465, 0.37963]]}, "properties": {"link_id": "WAKI00375", "name": "Wakiso - Link 48", "district": "Wakiso", "pavement": "Unpaved", "condition": "Fair", "length_km": 0.053}}, {"type": "Feature", "geometry": {"type": "LineString", "coordinates": [[32.6456, 0.37902], [32.64504, 0.37939]]}, "properties": {"link_id": "WAKI00376", "name": "Wakiso - Link 49", "district": "Wakiso", "pavement": "Unpaved", "condition": "Fair", "length_km": 0.075}}, {"type": "Feature", "geometry": {"type": "LineString", "coordinates": [[32.6455, 0.37887], [32.64656, 0.3783]]}, "properties": {"link_id": "WAKI00377", "name": "Wakiso - Link 50", "district": "Wakiso", "pavement": "Unpaved", "condition": "Fair", "length_km": 0.134}}, {"type": "Feature", "geometry": {"type": "LineString", "coordinates": [[32.6453, 0.3779], [32.64621, 0.37809]]}, "properties": {"link_id": "WAKI00378", "name": "Wakiso - Link 51", "district": "Wakiso", "pavement": "Unpaved", "condition": "Poor", "length_km": 0.115}}, {"type": "Feature", "geometry": {"type": "LineString", "coordinates": [[32.64508, 0.37799], [32.64529, 0.37702]]}, "properties": {"link_id": "WAKI00379", "name": "Wakiso - Link 52", "district": "Wakiso", "pavement": "Unpaved", "condition": "Poor", "length_km": 0.124}}, {"type": "Feature", "geometry": {"type": "LineString", "coordinates": [[32.6432, 0.37412], [32.64669, 0.3802]]}, "properties": {"link_id": "WAKI00380", "name": "Kyaliwajjala - Naalya Road", "district": "Wakiso", "pavement": "Unpaved", "condition": "Fair", "length_km": 0.786}}, {"type": "Feature", "geometry": {"type": "LineString", "coordinates": [[32.64656, 0.3783], [32.64613, 0.37596]]}, "properties": {"link_id": "WAKI00381", "name": "Wakiso - Link 53", "district": "Wakiso", "pavement": "Unpaved", "condition": "Fair", "length_km": 0.272}}, {"type": "Feature", "geometry": {"type": "LineString", "coordinates": [[32.64685, 0.37786], [32.64678, 0.37683]]}, "properties": {"link_id": "WAKI00382", "name": "Wakiso - Link 54", "district": "Wakiso", "pavement": "Unpaved", "condition": "Fair", "length_km": 0.119}}, {"type": "Feature", "geometry": {"type": "LineString", "coordinates": [[32.64654, 0.37801], [32.64715, 0.3768]]}, "properties": {"link_id": "WAKI00383", "name": "Wakiso - Link 55", "district": "Wakiso", "pavement": "Unpaved", "condition": "Fair", "length_km": 0.216}}, {"type": "Feature", "geometry": {"type": "LineString", "coordinates": [[32.64622, 0.37597], [32.64676, 0.37582]]}, "properties": {"link_id": "WAKI00384", "name": "Wakiso - Link 56", "district": "Wakiso", "pavement": "Unpaved", "condition": "Fair", "length_km": 0.07}}, {"type": "Feature", "geometry": {"type": "LineString", "coordinates": [[32.6465, 0.37576], [32.64659, 0.37625]]}, "properties": {"link_id": "WAKI00385", "name": "Wakiso - Link 57", "district": "Wakiso", "pavement": "Unpaved", "condition": "Fair", "length_km": 0.056}}, {"type": "Feature", "geometry": {"type": "LineString", "coordinates": [[32.64446, 0.37672], [32.6451, 0.37575]]}, "properties": {"link_id": "WAKI00386", "name": "Wakiso - Link 58", "district": "Wakiso", "pavement": "Unpaved", "condition": "Fair", "length_km": 0.16}}, {"type": "Feature", "geometry": {"type": "LineString", "coordinates": [[32.64613, 0.3754], [32.64487, 0.37464]]}, "properties": {"link_id": "WAKI00387", "name": "Wakiso - Link 59", "district": "Wakiso", "pavement": "Unpaved", "condition": "Fair", "length_km": 0.174}}, {"type": "Feature", "geometry": {"type": "LineString", "coordinates": [[32.64637, 0.37462], [32.64494, 0.37375]]}, "properties": {"link_id": "WAKI00388", "name": "Wakiso - Link 60", "district": "Wakiso", "pavement": "Unpaved", "condition": "Fair", "length_km": 0.186}}, {"type": "Feature", "geometry": {"type": "LineString", "coordinates": [[32.64544, 0.37329], [32.6451, 0.37385]]}, "properties": {"link_id": "WAKI00389", "name": "Wakiso - Link 61", "district": "Wakiso", "pavement": "Unpaved", "condition": "Fair", "length_km": 0.073}}, {"type": "Feature", "geometry": {"type": "LineString", "coordinates": [[32.6452, 0.37269], [32.64512, 0.37311]]}, "properties": {"link_id": "WAKI00390", "name": "Wakiso - Link 62", "district": "Wakiso", "pavement": "Unpaved", "condition": "Fair", "length_km": 0.048}}, {"type": "Feature", "geometry": {"type": "LineString", "coordinates": [[32.64671, 0.37394], [32.64434, 0.37264]]}, "properties": {"link_id": "WAKI00391", "name": "Wakiso - Link 63", "district": "Wakiso", "pavement": "Unpaved", "condition": "Fair", "length_km": 0.301}}, {"type": "Feature", "geometry": {"type": "LineString", "coordinates": [[32.64597, 0.37312], [32.64588, 0.37354]]}, "properties": {"link_id": "WAKI00392", "name": "Wakiso - Link 64", "district": "Wakiso", "pavement": "Unpaved", "condition": "Fair", "length_km": 0.047}}, {"type": "Feature", "geometry": {"type": "LineString", "coordinates": [[32.64767, 0.37436], [32.64693, 0.37485]]}, "properties": {"link_id": "WAKI00393", "name": "Wakiso - Link 65", "district": "Wakiso", "pavement": "Unpaved", "condition": "Fair", "length_km": 0.106}}, {"type": "Feature", "geometry": {"type": "LineString", "coordinates": [[32.64835, 0.37374], [32.64678, 0.37375]]}, "properties": {"link_id": "WAKI00394", "name": "Wakiso - Link 66", "district": "Wakiso", "pavement": "Unpaved", "condition": "Fair", "length_km": 0.175}}, {"type": "Feature", "geometry": {"type": "LineString", "coordinates": [[32.64743, 0.37378], [32.64743, 0.3731]]}, "properties": {"link_id": "WAKI00395", "name": "Wakiso - Link 67", "district": "Wakiso", "pavement": "Unpaved", "condition": "Fair", "length_km": 0.075}}, {"type": "Feature", "geometry": {"type": "LineString", "coordinates": [[32.64878, 0.36846], [32.6447, 0.37721]]}, "properties": {"link_id": "WAKI00396", "name": "Wakiso - Link 68", "district": "Wakiso", "pavement": "Unpaved", "condition": "Fair", "length_km": 1.146}}, {"type": "Feature", "geometry": {"type": "LineString", "coordinates": [[32.6463, 0.37171], [32.64623, 0.3721]]}, "properties": {"link_id": "WAKI00397", "name": "Wakiso - Link 69", "district": "Wakiso", "pavement": "Unpaved", "condition": "Poor", "length_km": 0.044}}, {"type": "Feature", "geometry": {"type": "LineString", "coordinates": [[32.64532, 0.37082], [32.64717, 0.37184]]}, "properties": {"link_id": "WAKI00398", "name": "Wakiso - Link 70", "district": "Wakiso", "pavement": "Unpaved", "condition": "Fair", "length_km": 0.235}}, {"type": "Feature", "geometry": {"type": "LineString", "coordinates": [[32.64734, 0.3714], [32.64676, 0.37112]]}, "properties": {"link_id": "WAKI00399", "name": "Wakiso - Link 71", "district": "Wakiso", "pavement": "Unpaved", "condition": "Fair", "length_km": 0.072}}, {"type": "Feature", "geometry": {"type": "LineString", "coordinates": [[32.6478, 0.37002], [32.64726, 0.36992]]}, "properties": {"link_id": "WAKI00400", "name": "Wakiso - Link 72", "district": "Wakiso", "pavement": "Unpaved", "condition": "Fair", "length_km": 0.061}}, {"type": "Feature", "geometry": {"type": "LineString", "coordinates": [[32.64726, 0.36992], [32.64533, 0.36934]]}, "properties": {"link_id": "WAKI00401", "name": "Wakiso - Link 73", "district": "Wakiso", "pavement": "Unpaved", "condition": "Fair", "length_km": 0.246}}, {"type": "Feature", "geometry": {"type": "LineString", "coordinates": [[32.64734, 0.36994], [32.64555, 0.36994]]}, "properties": {"link_id": "WAKI00402", "name": "Wakiso - Link 74", "district": "Wakiso", "pavement": "Unpaved", "condition": "Fair", "length_km": 0.232}}, {"type": "Feature", "geometry": {"type": "LineString", "coordinates": [[32.64564, 0.37025], [32.64754, 0.37094]]}, "properties": {"link_id": "WAKI00403", "name": "Wakiso - Link 75", "district": "Wakiso", "pavement": "Unpaved", "condition": "Fair", "length_km": 0.226}}, {"type": "Feature", "geometry": {"type": "LineString", "coordinates": [[32.64646, 0.37061], [32.64617, 0.37129]]}, "properties": {"link_id": "WAKI00404", "name": "Wakiso - Link 76", "district": "Wakiso", "pavement": "Unpaved", "condition": "Fair", "length_km": 0.082}}, {"type": "Feature", "geometry": {"type": "LineString", "coordinates": [[32.64566, 0.37099], [32.64594, 0.37038]]}, "properties": {"link_id": "WAKI00405", "name": "Wakiso - Link 77", "district": "Wakiso", "pavement": "Unpaved", "condition": "Fair", "length_km": 0.074}}, {"type": "Feature", "geometry": {"type": "LineString", "coordinates": [[32.64529, 0.37118], [32.64707, 0.37214]]}, "properties": {"link_id": "WAKI00406", "name": "Wakiso - Link 78", "district": "Wakiso", "pavement": "Unpaved", "condition": "Fair", "length_km": 0.225}}, {"type": "Feature", "geometry": {"type": "LineString", "coordinates": [[32.64693, 0.37296], [32.64591, 0.37151]]}, "properties": {"link_id": "WAKI00407", "name": "Wakiso - Link 79", "district": "Wakiso", "pavement": "Unpaved", "condition": "Fair", "length_km": 0.294}}, {"type": "Feature", "geometry": {"type": "LineString", "coordinates": [[32.64556, 0.37218], [32.64502, 0.37196]]}, "properties": {"link_id": "WAKI00408", "name": "Wakiso - Link 80", "district": "Wakiso", "pavement": "Unpaved", "condition": "Fair", "length_km": 0.065}}, {"type": "Feature", "geometry": {"type": "LineString", "coordinates": [[32.64542, 0.37244], [32.645, 0.37227]]}, "properties": {"link_id": "WAKI00409", "name": "Wakiso - Link 81", "district": "Wakiso", "pavement": "Unpaved", "condition": "Fair", "length_km": 0.051}}, {"type": "Feature", "geometry": {"type": "LineString", "coordinates": [[32.64344, 0.3695], [32.64378, 0.36968]]}, "properties": {"link_id": "WAKI00410", "name": "Wakiso - Link 82", "district": "Wakiso", "pavement": "Unpaved", "condition": "Poor", "length_km": 0.043}}, {"type": "Feature", "geometry": {"type": "LineString", "coordinates": [[32.64363, 0.37021], [32.64336, 0.37044]]}, "properties": {"link_id": "WAKI00411", "name": "Wakiso - Link 83", "district": "Wakiso", "pavement": "Unpaved", "condition": "Poor", "length_km": 0.047}}, {"type": "Feature", "geometry": {"type": "LineString", "coordinates": [[32.6432, 0.36997], [32.64237, 0.36888]]}, "properties": {"link_id": "WAKI00412", "name": "Wakiso - Link 84", "district": "Wakiso", "pavement": "Unpaved", "condition": "Fair", "length_km": 0.2}}, {"type": "Feature", "geometry": {"type": "LineString", "coordinates": [[32.64206, 0.36974], [32.64281, 0.37027]]}, "properties": {"link_id": "WAKI00413", "name": "Wakiso - Link 85", "district": "Wakiso", "pavement": "Unpaved", "condition": "Fair", "length_km": 0.104}}, {"type": "Feature", "geometry": {"type": "LineString", "coordinates": [[32.64336, 0.37044], [32.64163, 0.37035]]}, "properties": {"link_id": "WAKI00414", "name": "Wakiso - Link 86", "district": "Wakiso", "pavement": "Unpaved", "condition": "Fair", "length_km": 0.252}}, {"type": "Feature", "geometry": {"type": "LineString", "coordinates": [[32.64264, 0.37094], [32.64247, 0.3712]]}, "properties": {"link_id": "WAKI00415", "name": "Wakiso - Link 87", "district": "Wakiso", "pavement": "Unpaved", "condition": "Fair", "length_km": 0.035}}, {"type": "Feature", "geometry": {"type": "LineString", "coordinates": [[32.64254, 0.37229], [32.64289, 0.37192]]}, "properties": {"link_id": "WAKI00416", "name": "Wakiso - Link 88", "district": "Wakiso", "pavement": "Unpaved", "condition": "Fair", "length_km": 0.057}}, {"type": "Feature", "geometry": {"type": "LineString", "coordinates": [[32.64235, 0.3724], [32.64319, 0.37187]]}, "properties": {"link_id": "WAKI00417", "name": "Wakiso - Link 89", "district": "Wakiso", "pavement": "Unpaved", "condition": "Fair", "length_km": 0.149}}, {"type": "Feature", "geometry": {"type": "LineString", "coordinates": [[32.64243, 0.37257], [32.64196, 0.37322]]}, "properties": {"link_id": "WAKI00418", "name": "Wakiso - Link 90", "district": "Wakiso", "pavement": "Unpaved", "condition": "Fair", "length_km": 0.089}}, {"type": "Feature", "geometry": {"type": "LineString", "coordinates": [[32.64319, 0.37449], [32.64292, 0.37396]]}, "properties": {"link_id": "WAKI00419", "name": "Wakiso - Link 91", "district": "Wakiso", "pavement": "Unpaved", "condition": "Poor", "length_km": 0.066}}, {"type": "Feature", "geometry": {"type": "LineString", "coordinates": [[32.64468, 0.37281], [32.64439, 0.37328]]}, "properties": {"link_id": "WAKI00420", "name": "Wakiso - Link 92", "district": "Wakiso", "pavement": "Unpaved", "condition": "Fair", "length_km": 0.061}}, {"type": "Feature", "geometry": {"type": "LineString", "coordinates": [[32.64333, 0.37437], [32.64402, 0.37414]]}, "properties": {"link_id": "WAKI00421", "name": "Wakiso - Link 93", "district": "Wakiso", "pavement": "Unpaved", "condition": "Poor", "length_km": 0.099}}, {"type": "Feature", "geometry": {"type": "LineString", "coordinates": [[32.64364, 0.37374], [32.6432, 0.37412]]}, "properties": {"link_id": "WAKI00422", "name": "Wakiso - Link 94", "district": "Wakiso", "pavement": "Unpaved", "condition": "Poor", "length_km": 0.065}}, {"type": "Feature", "geometry": {"type": "LineString", "coordinates": [[32.64352, 0.37476], [32.64342, 0.37485]]}, "properties": {"link_id": "WAKI00423", "name": "Wakiso - Link 95", "district": "Wakiso", "pavement": "Unpaved", "condition": "Poor", "length_km": 0.014}}, {"type": "Feature", "geometry": {"type": "LineString", "coordinates": [[32.64348, 0.37502], [32.64366, 0.37537]]}, "properties": {"link_id": "WAKI00424", "name": "Wakiso - Link 96", "district": "Wakiso", "pavement": "Unpaved", "condition": "Poor", "length_km": 0.044}}, {"type": "Feature", "geometry": {"type": "LineString", "coordinates": [[32.64352, 0.37539], [32.64347, 0.37558]]}, "properties": {"link_id": "WAKI00425", "name": "Wakiso - Link 97", "district": "Wakiso", "pavement": "Unpaved", "condition": "Poor", "length_km": 0.039}}, {"type": "Feature", "geometry": {"type": "LineString", "coordinates": [[32.64359, 0.37551], [32.64347, 0.37558]]}, "properties": {"link_id": "WAKI00426", "name": "Wakiso - Link 98", "district": "Wakiso", "pavement": "Unpaved", "condition": "Poor", "length_km": 0.016}}, {"type": "Feature", "geometry": {"type": "LineString", "coordinates": [[32.64359, 0.37551], [32.64352, 0.37539]]}, "properties": {"link_id": "WAKI00427", "name": "Wakiso - Link 99", "district": "Wakiso", "pavement": "Unpaved", "condition": "Poor", "length_km": 0.015}}, {"type": "Feature", "geometry": {"type": "LineString", "coordinates": [[32.64352, 0.37539], [32.64349, 0.37531]]}, "properties": {"link_id": "WAKI00428", "name": "Wakiso - Link 100", "district": "Wakiso", "pavement": "Unpaved", "condition": "Poor", "length_km": 0.01}}, {"type": "Feature", "geometry": {"type": "LineString", "coordinates": [[32.64366, 0.37537], [32.64359, 0.37551]]}, "properties": {"link_id": "WAKI00429", "name": "Wakiso - Link 101", "district": "Wakiso", "pavement": "Unpaved", "condition": "Poor", "length_km": 0.022}}, {"type": "Feature", "geometry": {"type": "LineString", "coordinates": [[32.6438, 0.37536], [32.64372, 0.37549]]}, "properties": {"link_id": "WAKI00430", "name": "Wakiso - Link 102", "district": "Wakiso", "pavement": "Unpaved", "condition": "Poor", "length_km": 0.021}}, {"type": "Feature", "geometry": {"type": "LineString", "coordinates": [[32.64394, 0.37564], [32.64444, 0.37418]]}, "properties": {"link_id": "WAKI00431", "name": "Wakiso - Link 103", "district": "Wakiso", "pavement": "Unpaved", "condition": "Fair", "length_km": 0.196}}, {"type": "Feature", "geometry": {"type": "LineString", "coordinates": [[32.64506, 0.37502], [32.64457, 0.37466]]}, "properties": {"link_id": "WAKI00432", "name": "Wakiso - Link 104", "district": "Wakiso", "pavement": "Unpaved", "condition": "Fair", "length_km": 0.068}}, {"type": "Feature", "geometry": {"type": "LineString", "coordinates": [[32.64432, 0.37514], [32.64478, 0.37546]]}, "properties": {"link_id": "WAKI00433", "name": "Wakiso - Link 105", "district": "Wakiso", "pavement": "Unpaved", "condition": "Fair", "length_km": 0.062}}, {"type": "Feature", "geometry": {"type": "LineString", "coordinates": [[32.64372, 0.37549], [32.64389, 0.37584]]}, "properties": {"link_id": "WAKI00434", "name": "Wakiso - Link 106", "district": "Wakiso", "pavement": "Unpaved", "condition": "Poor", "length_km": 0.043}}, {"type": "Feature", "geometry": {"type": "LineString", "coordinates": [[32.6438, 0.37594], [32.64389, 0.37584]]}, "properties": {"link_id": "WAKI00435", "name": "Wakiso - Link 107", "district": "Wakiso", "pavement": "Unpaved", "condition": "Poor", "length_km": 0.019}}, {"type": "Feature", "geometry": {"type": "LineString", "coordinates": [[32.6437, 0.37574], [32.6438, 0.37594]]}, "properties": {"link_id": "WAKI00436", "name": "Wakiso - Link 108", "district": "Wakiso", "pavement": "Unpaved", "condition": "Poor", "length_km": 0.025}}, {"type": "Feature", "geometry": {"type": "LineString", "coordinates": [[32.64359, 0.37551], [32.6437, 0.37574]]}, "properties": {"link_id": "WAKI00437", "name": "Wakiso - Link 109", "district": "Wakiso", "pavement": "Unpaved", "condition": "Poor", "length_km": 0.029}}, {"type": "Feature", "geometry": {"type": "LineString", "coordinates": [[32.64349, 0.37531], [32.64332, 0.37508]]}, "properties": {"link_id": "WAKI00438", "name": "Wakiso - Link 110", "district": "Wakiso", "pavement": "Unpaved", "condition": "Poor", "length_km": 0.032}}, {"type": "Feature", "geometry": {"type": "LineString", "coordinates": [[32.64332, 0.37508], [32.64348, 0.37502]]}, "properties": {"link_id": "WAKI00439", "name": "Wakiso - Link 111", "district": "Wakiso", "pavement": "Unpaved", "condition": "Poor", "length_km": 0.024}}, {"type": "Feature", "geometry": {"type": "LineString", "coordinates": [[32.64327, 0.375], [32.64324, 0.37502]]}, "properties": {"link_id": "WAKI00440", "name": "Wakiso - Link 112", "district": "Wakiso", "pavement": "Unpaved", "condition": "Poor", "length_km": 0.01}}, {"type": "Feature", "geometry": {"type": "LineString", "coordinates": [[32.64332, 0.37508], [32.64324, 0.37502]]}, "properties": {"link_id": "WAKI00441", "name": "Wakiso - Link 113", "district": "Wakiso", "pavement": "Unpaved", "condition": "Poor", "length_km": 0.011}}, {"type": "Feature", "geometry": {"type": "LineString", "coordinates": [[32.64342, 0.37485], [32.64327, 0.375]]}, "properties": {"link_id": "WAKI00442", "name": "Wakiso - Link 114", "district": "Wakiso", "pavement": "Unpaved", "condition": "Poor", "length_km": 0.024}}, {"type": "Feature", "geometry": {"type": "LineString", "coordinates": [[32.64324, 0.37502], [32.64333, 0.37436]]}, "properties": {"link_id": "WAKI00443", "name": "Wakiso - Link 115", "district": "Wakiso", "pavement": "Unpaved", "condition": "Poor", "length_km": 0.095}}, {"type": "Feature", "geometry": {"type": "LineString", "coordinates": [[32.64214, 0.37649], [32.64297, 0.37582]]}, "properties": {"link_id": "WAKI00444", "name": "Wakiso - Link 116", "district": "Wakiso", "pavement": "Unpaved", "condition": "Fair", "length_km": 0.119}}, {"type": "Feature", "geometry": {"type": "LineString", "coordinates": [[32.64119, 0.37488], [32.6417, 0.37418]]}, "properties": {"link_id": "WAKI00445", "name": "Wakiso - Link 117", "district": "Wakiso", "pavement": "Unpaved", "condition": "Poor", "length_km": 0.116}}, {"type": "Feature", "geometry": {"type": "LineString", "coordinates": [[32.641, 0.37267], [32.64156, 0.37337]]}, "properties": {"link_id": "WAKI00446", "name": "Wakiso - Link 118", "district": "Wakiso", "pavement": "Unpaved", "condition": "Fair", "length_km": 0.099}}, {"type": "Feature", "geometry": {"type": "LineString", "coordinates": [[32.64117, 0.37397], [32.64042, 0.37331]]}, "properties": {"link_id": "WAKI00447", "name": "Wakiso - Link 119", "district": "Wakiso", "pavement": "Unpaved", "condition": "Fair", "length_km": 0.111}}, {"type": "Feature", "geometry": {"type": "LineString", "coordinates": [[32.63968, 0.37617], [32.64265, 0.37301]]}, "properties": {"link_id": "WAKI00448", "name": "Wakiso - Link 120", "district": "Wakiso", "pavement": "Unpaved", "condition": "Fair", "length_km": 0.512}}, {"type": "Feature", "geometry": {"type": "LineString", "coordinates": [[32.64068, 0.37449], [32.641, 0.37417]]}, "properties": {"link_id": "WAKI00449", "name": "Wakiso - Link 121", "district": "Wakiso", "pavement": "Unpaved", "condition": "Fair", "length_km": 0.051}}, {"type": "Feature", "geometry": {"type": "LineString", "coordinates": [[32.64042, 0.37331], [32.6402, 0.37458]]}, "properties": {"link_id": "WAKI00450", "name": "Wakiso - Link 122", "district": "Wakiso", "pavement": "Unpaved", "condition": "Fair", "length_km": 0.176}}, {"type": "Feature", "geometry": {"type": "LineString", "coordinates": [[32.64046, 0.37327], [32.64008, 0.37282]]}, "properties": {"link_id": "WAKI00451", "name": "Wakiso - Link 123", "district": "Wakiso", "pavement": "Unpaved", "condition": "Poor", "length_km": 0.066}}, {"type": "Feature", "geometry": {"type": "LineString", "coordinates": [[32.64068, 0.37449], [32.63906, 0.37223]]}, "properties": {"link_id": "WAKI00452", "name": "Wakiso - Link 124", "district": "Wakiso", "pavement": "Unpaved", "condition": "Fair", "length_km": 0.312}}, {"type": "Feature", "geometry": {"type": "LineString", "coordinates": [[32.63959, 0.37322], [32.64008, 0.37282]]}, "properties": {"link_id": "WAKI00453", "name": "Wakiso - Link 125", "district": "Wakiso", "pavement": "Unpaved", "condition": "Poor", "length_km": 0.07}}, {"type": "Feature", "geometry": {"type": "LineString", "coordinates": [[32.63881, 0.37338], [32.63973, 0.37342]]}, "properties": {"link_id": "WAKI00454", "name": "Wakiso - Link 126", "district": "Wakiso", "pavement": "Unpaved", "condition": "Fair", "length_km": 0.141}}, {"type": "Feature", "geometry": {"type": "LineString", "coordinates": [[32.64068, 0.37449], [32.63854, 0.37624]]}, "properties": {"link_id": "WAKI00455", "name": "Wakiso - Link 127", "district": "Wakiso", "pavement": "Unpaved", "condition": "Fair", "length_km": 0.315}}, {"type": "Feature", "geometry": {"type": "LineString", "coordinates": [[32.63943, 0.3759], [32.63903, 0.37689]]}, "properties": {"link_id": "WAKI00456", "name": "Wakiso - Link 128", "district": "Wakiso", "pavement": "Unpaved", "condition": "Fair", "length_km": 0.152}}, {"type": "Feature", "geometry": {"type": "LineString", "coordinates": [[32.63869, 0.37656], [32.63944, 0.37591]]}, "properties": {"link_id": "WAKI00457", "name": "Wakiso - Link 129", "district": "Wakiso", "pavement": "Unpaved", "condition": "Fair", "length_km": 0.111}}, {"type": "Feature", "geometry": {"type": "LineString", "coordinates": [[32.6395, 0.37507], [32.63837, 0.37581]]}, "properties": {"link_id": "WAKI00458", "name": "Wakiso - Link 130", "district": "Wakiso", "pavement": "Unpaved", "condition": "Fair", "length_km": 0.16}}, {"type": "Feature", "geometry": {"type": "LineString", "coordinates": [[32.63811, 0.37491], [32.63915, 0.37476]]}, "properties": {"link_id": "WAKI00459", "name": "Margherita Road", "district": "Wakiso", "pavement": "Unpaved", "condition": "Fair", "length_km": 0.133}}, {"type": "Feature", "geometry": {"type": "LineString", "coordinates": [[32.63873, 0.37523], [32.63822, 0.3754]]}, "properties": {"link_id": "WAKI00460", "name": "Olweny Road", "district": "Wakiso", "pavement": "Unpaved", "condition": "Fair", "length_km": 0.06}}, {"type": "Feature", "geometry": {"type": "LineString", "coordinates": [[32.63885, 0.37716], [32.63805, 0.37277]]}, "properties": {"link_id": "WAKI00461", "name": "Nakalere Road", "district": "Wakiso", "pavement": "Unpaved", "condition": "Fair", "length_km": 0.506}}, {"type": "Feature", "geometry": {"type": "LineString", "coordinates": [[32.63781, 0.37577], [32.63829, 0.37558]]}, "properties": {"link_id": "WAKI00462", "name": "Wakiso - Link 131", "district": "Wakiso", "pavement": "Unpaved", "condition": "Fair", "length_km": 0.057}}, {"type": "Feature", "geometry": {"type": "LineString", "coordinates": [[32.63843, 0.37598], [32.63751, 0.37632]]}, "properties": {"link_id": "WAKI00463", "name": "Kidepo Road", "district": "Wakiso", "pavement": "Paved", "condition": "Good", "length_km": 0.112}}, {"type": "Feature", "geometry": {"type": "LineString", "coordinates": [[32.6371, 0.37625], [32.6368, 0.37653]]}, "properties": {"link_id": "WAKI00464", "name": "Wakiso - Link 132", "district": "Wakiso", "pavement": "Unpaved", "condition": "Fair", "length_km": 0.049}}, {"type": "Feature", "geometry": {"type": "LineString", "coordinates": [[32.63666, 0.37578], [32.63698, 0.37643]]}, "properties": {"link_id": "WAKI00465", "name": "Aswa Lane", "district": "Wakiso", "pavement": "Unpaved", "condition": "Fair", "length_km": 0.083}}, {"type": "Feature", "geometry": {"type": "LineString", "coordinates": [[32.63606, 0.37596], [32.63663, 0.37473]]}, "properties": {"link_id": "WAKI00466", "name": "Kimbejja Cresent", "district": "Wakiso", "pavement": "Unpaved", "condition": "Fair", "length_km": 0.2}}, {"type": "Feature", "geometry": {"type": "LineString", "coordinates": [[32.63811, 0.37481], [32.63588, 0.37488]]}, "properties": {"link_id": "WAKI00467", "name": "Madiba Road", "district": "Wakiso", "pavement": "Paved", "condition": "Good", "length_km": 0.264}}, {"type": "Feature", "geometry": {"type": "LineString", "coordinates": [[32.63708, 0.37449], [32.63748, 0.37545]]}, "properties": {"link_id": "WAKI00468", "name": "Pride Road", "district": "Wakiso", "pavement": "Paved", "condition": "Good", "length_km": 0.116}}, {"type": "Feature", "geometry": {"type": "LineString", "coordinates": [[32.63809, 0.37424], [32.63669, 0.37334]]}, "properties": {"link_id": "WAKI00469", "name": "Kyambogo View", "district": "Wakiso", "pavement": "Unpaved", "condition": "Fair", "length_km": 0.19}}, {"type": "Feature", "geometry": {"type": "LineString", "coordinates": [[32.63727, 0.37394], [32.63696, 0.37455]]}, "properties": {"link_id": "WAKI00470", "name": "Wakiso - Link 133", "district": "Wakiso", "pavement": "Unpaved", "condition": "Fair", "length_km": 0.076}}, {"type": "Feature", "geometry": {"type": "LineString", "coordinates": [[32.63674, 0.37339], [32.63682, 0.37464]]}, "properties": {"link_id": "WAKI00471", "name": "Kotoga Lane", "district": "Wakiso", "pavement": "Paved", "condition": "Good", "length_km": 0.139}}, {"type": "Feature", "geometry": {"type": "LineString", "coordinates": [[32.63588, 0.37488], [32.6385, 0.37282]]}, "properties": {"link_id": "WAKI00472", "name": "Kyoga Lane", "district": "Wakiso", "pavement": "Paved", "condition": "Good", "length_km": 0.513}}, {"type": "Feature", "geometry": {"type": "LineString", "coordinates": [[32.6371, 0.37289], [32.63807, 0.37353]]}, "properties": {"link_id": "WAKI00473", "name": "Masaba Link", "district": "Wakiso", "pavement": "Unpaved", "condition": "Fair", "length_km": 0.132}}, {"type": "Feature", "geometry": {"type": "LineString", "coordinates": [[32.6385, 0.37282], [32.63855, 0.3726]]}, "properties": {"link_id": "WAKI00474", "name": "Wakiso - Link 134", "district": "Wakiso", "pavement": "Unpaved", "condition": "Fair", "length_km": 0.025}}, {"type": "Feature", "geometry": {"type": "LineString", "coordinates": [[32.63856, 0.37197], [32.63919, 0.37215]]}, "properties": {"link_id": "WAKI00475", "name": "Wakiso - Link 135", "district": "Wakiso", "pavement": "Unpaved", "condition": "Poor", "length_km": 0.083}}, {"type": "Feature", "geometry": {"type": "LineString", "coordinates": [[32.63905, 0.3721], [32.63906, 0.37223]]}, "properties": {"link_id": "WAKI00476", "name": "Wakiso - Link 136", "district": "Wakiso", "pavement": "Unpaved", "condition": "Poor", "length_km": 0.014}}, {"type": "Feature", "geometry": {"type": "LineString", "coordinates": [[32.63926, 0.37211], [32.63913, 0.37127]]}, "properties": {"link_id": "WAKI00477", "name": "Wakiso - Link 137", "district": "Wakiso", "pavement": "Unpaved", "condition": "Fair", "length_km": 0.106}}, {"type": "Feature", "geometry": {"type": "LineString", "coordinates": [[32.63745, 0.37232], [32.63745, 0.37267]]}, "properties": {"link_id": "WAKI00478", "name": "Intex Road", "district": "Wakiso", "pavement": "Paved", "condition": "Good", "length_km": 0.039}}, {"type": "Feature", "geometry": {"type": "LineString", "coordinates": [[32.63736, 0.37213], [32.63775, 0.3721]]}, "properties": {"link_id": "WAKI00479", "name": "Wakiso - Link 138", "district": "Wakiso", "pavement": "Unpaved", "condition": "Poor", "length_km": 0.044}}, {"type": "Feature", "geometry": {"type": "LineString", "coordinates": [[32.63743, 0.37224], [32.63693, 0.37256]]}, "properties": {"link_id": "WAKI00480", "name": "Wakiso - Link 139", "district": "Wakiso", "pavement": "Unpaved", "condition": "Fair", "length_km": 0.066}}, {"type": "Feature", "geometry": {"type": "LineString", "coordinates": [[32.63578, 0.37147], [32.63719, 0.37132]]}, "properties": {"link_id": "WAKI00481", "name": "Seventh Rise", "district": "Wakiso", "pavement": "Unpaved", "condition": "Fair", "length_km": 0.159}}, {"type": "Feature", "geometry": {"type": "LineString", "coordinates": [[32.63734, 0.37124], [32.63733, 0.37112]]}, "properties": {"link_id": "WAKI00482", "name": "Wakiso - Link 140", "district": "Wakiso", "pavement": "Unpaved", "condition": "Poor", "length_km": 0.014}}, {"type": "Feature", "geometry": {"type": "LineString", "coordinates": [[32.63718, 0.3711], [32.63753, 0.37111]]}, "properties": {"link_id": "WAKI00483", "name": "Wakiso - Link 141", "district": "Wakiso", "pavement": "Unpaved", "condition": "Poor", "length_km": 0.039}}, {"type": "Feature", "geometry": {"type": "LineString", "coordinates": [[32.63718, 0.37123], [32.63753, 0.37124]]}, "properties": {"link_id": "WAKI00484", "name": "Wakiso - Link 142", "district": "Wakiso", "pavement": "Unpaved", "condition": "Poor", "length_km": 0.039}}, {"type": "Feature", "geometry": {"type": "LineString", "coordinates": [[32.63721, 0.37148], [32.6376, 0.37148]]}, "properties": {"link_id": "WAKI00485", "name": "Wakiso - Link 143", "district": "Wakiso", "pavement": "Unpaved", "condition": "Poor", "length_km": 0.044}}, {"type": "Feature", "geometry": {"type": "LineString", "coordinates": [[32.63717, 0.37073], [32.63674, 0.37141]]}, "properties": {"link_id": "WAKI00486", "name": "First Link", "district": "Wakiso", "pavement": "Unpaved", "condition": "Fair", "length_km": 0.132}}, {"type": "Feature", "geometry": {"type": "LineString", "coordinates": [[32.63691, 0.36977], [32.63693, 0.36977]]}, "properties": {"link_id": "WAKI00487", "name": "Wakiso - Link 144", "district": "Wakiso", "pavement": "Unpaved", "condition": "Fair", "length_km": 0.01}}, {"type": "Feature", "geometry": {"type": "LineString", "coordinates": [[32.63693, 0.36977], [32.63697, 0.36977]]}, "properties": {"link_id": "WAKI00488", "name": "Wakiso - Link 145", "district": "Wakiso", "pavement": "Unpaved", "condition": "Fair", "length_km": 0.01}}, {"type": "Feature", "geometry": {"type": "LineString", "coordinates": [[32.63697, 0.36977], [32.63841, 0.36972]]}, "properties": {"link_id": "WAKI00489", "name": "Wakiso - Link 146", "district": "Wakiso", "pavement": "Unpaved", "condition": "Fair", "length_km": 0.161}}, {"type": "Feature", "geometry": {"type": "LineString", "coordinates": [[32.63809, 0.37087], [32.63793, 0.37021]]}, "properties": {"link_id": "WAKI00490", "name": "Wakiso - Link 147", "district": "Wakiso", "pavement": "Unpaved", "condition": "Fair", "length_km": 0.076}}, {"type": "Feature", "geometry": {"type": "LineString", "coordinates": [[32.63821, 0.37084], [32.63825, 0.37122]]}, "properties": {"link_id": "WAKI00491", "name": "Wakiso - Link 148", "district": "Wakiso", "pavement": "Unpaved", "condition": "Poor", "length_km": 0.042}}, {"type": "Feature", "geometry": {"type": "LineString", "coordinates": [[32.6392, 0.37068], [32.63781, 0.37092]]}, "properties": {"link_id": "WAKI00492", "name": "Wakiso - Link 149", "district": "Wakiso", "pavement": "Unpaved", "condition": "Fair", "length_km": 0.159}}, {"type": "Feature", "geometry": {"type": "LineString", "coordinates": [[32.63928, 0.37023], [32.63842, 0.37014]]}, "properties": {"link_id": "WAKI00493", "name": "Wakiso - Link 150", "district": "Wakiso", "pavement": "Unpaved", "condition": "Poor", "length_km": 0.096}}, {"type": "Feature", "geometry": {"type": "LineString", "coordinates": [[32.63805, 0.36971], [32.63906, 0.36941]]}, "properties": {"link_id": "WAKI00494", "name": "Wakiso - Link 151", "district": "Wakiso", "pavement": "Unpaved", "condition": "Fair", "length_km": 0.154}}, {"type": "Feature", "geometry": {"type": "LineString", "coordinates": [[32.63941, 0.36989], [32.63962, 0.37015]]}, "properties": {"link_id": "WAKI00495", "name": "Wakiso - Link 152", "district": "Wakiso", "pavement": "Unpaved", "condition": "Fair", "length_km": 0.036}}, {"type": "Feature", "geometry": {"type": "LineString", "coordinates": [[32.64076, 0.37067], [32.64024, 0.37022]]}, "properties": {"link_id": "WAKI00496", "name": "Wakiso - Link 153", "district": "Wakiso", "pavement": "Unpaved", "condition": "Fair", "length_km": 0.077}}, {"type": "Feature", "geometry": {"type": "LineString", "coordinates": [[32.63951, 0.37128], [32.63988, 0.37088]]}, "properties": {"link_id": "WAKI00497", "name": "Wakiso - Link 154", "district": "Wakiso", "pavement": "Unpaved", "condition": "Fair", "length_km": 0.06}}, {"type": "Feature", "geometry": {"type": "LineString", "coordinates": [[32.63855, 0.3726], [32.64027, 0.36808]]}, "properties": {"link_id": "WAKI00498", "name": "Wakiso Road", "district": "Wakiso", "pavement": "Unpaved", "condition": "Fair", "length_km": 0.626}}, {"type": "Feature", "geometry": {"type": "LineString", "coordinates": [[32.64001, 0.3724], [32.6406, 0.37312]]}, "properties": {"link_id": "WAKI00499", "name": "Wakiso - Link 155", "district": "Wakiso", "pavement": "Unpaved", "condition": "Poor", "length_km": 0.103}}, {"type": "Feature", "geometry": {"type": "LineString", "coordinates": [[32.6398, 0.37172], [32.64036, 0.37098]]}, "properties": {"link_id": "WAKI00500", "name": "Wakiso - Link 156", "district": "Wakiso", "pavement": "Unpaved", "condition": "Poor", "length_km": 0.111}}, {"type": "Feature", "geometry": {"type": "LineString", "coordinates": [[32.64058, 0.37105], [32.64097, 0.37131]]}, "properties": {"link_id": "WAKI00501", "name": "Wakiso - Link 157", "district": "Wakiso", "pavement": "Unpaved", "condition": "Poor", "length_km": 0.053}}, {"type": "Feature", "geometry": {"type": "LineString", "coordinates": [[32.64213, 0.37188], [32.64042, 0.37331]]}, "properties": {"link_id": "WAKI00502", "name": "Wakiso - Link 158", "district": "Wakiso", "pavement": "Unpaved", "condition": "Fair", "length_km": 0.253}}, {"type": "Feature", "geometry": {"type": "LineString", "coordinates": [[32.64173, 0.37106], [32.64117, 0.37174]]}, "properties": {"link_id": "WAKI00503", "name": "Wakiso - Link 159", "district": "Wakiso", "pavement": "Unpaved", "condition": "Fair", "length_km": 0.099}}, {"type": "Feature", "geometry": {"type": "LineString", "coordinates": [[32.6415, 0.37057], [32.64111, 0.37119]]}, "properties": {"link_id": "WAKI00504", "name": "Wakiso - Link 160", "district": "Wakiso", "pavement": "Unpaved", "condition": "Poor", "length_km": 0.08}}, {"type": "Feature", "geometry": {"type": "LineString", "coordinates": [[32.64122, 0.36999], [32.6407, 0.37191]]}, "properties": {"link_id": "WAKI00505", "name": "Wakiso - Link 161", "district": "Wakiso", "pavement": "Unpaved", "condition": "Fair", "length_km": 0.256}}, {"type": "Feature", "geometry": {"type": "LineString", "coordinates": [[32.64106, 0.36967], [32.64147, 0.36933]]}, "properties": {"link_id": "WAKI00506", "name": "Wakiso - Link 162", "district": "Wakiso", "pavement": "Unpaved", "condition": "Fair", "length_km": 0.059}}, {"type": "Feature", "geometry": {"type": "LineString", "coordinates": [[32.6422, 0.36915], [32.64175, 0.36883]]}, "properties": {"link_id": "WAKI00507", "name": "Wakiso - Link 163", "district": "Wakiso", "pavement": "Unpaved", "condition": "Fair", "length_km": 0.061}}, {"type": "Feature", "geometry": {"type": "LineString", "coordinates": [[32.64068, 0.36889], [32.64109, 0.36872]]}, "properties": {"link_id": "WAKI00508", "name": "Wakiso - Link 164", "district": "Wakiso", "pavement": "Unpaved", "condition": "Poor", "length_km": 0.05}}, {"type": "Feature", "geometry": {"type": "LineString", "coordinates": [[32.64113, 0.36797], [32.64127, 0.36823]]}, "properties": {"link_id": "WAKI00509", "name": "Wakiso - Link 165", "district": "Wakiso", "pavement": "Unpaved", "condition": "Poor", "length_km": 0.043}}, {"type": "Feature", "geometry": {"type": "LineString", "coordinates": [[32.64072, 0.36742], [32.64095, 0.36773]]}, "properties": {"link_id": "WAKI00510", "name": "Wakiso - Link 166", "district": "Wakiso", "pavement": "Unpaved", "condition": "Fair", "length_km": 0.046}}, {"type": "Feature", "geometry": {"type": "LineString", "coordinates": [[32.6405, 0.36774], [32.6417, 0.36823]]}, "properties": {"link_id": "WAKI00511", "name": "Wakiso - Link 167", "district": "Wakiso", "pavement": "Unpaved", "condition": "Poor", "length_km": 0.146}}, {"type": "Feature", "geometry": {"type": "LineString", "coordinates": [[32.64095, 0.36773], [32.6418, 0.36792]]}, "properties": {"link_id": "WAKI00512", "name": "Wakiso - Link 168", "district": "Wakiso", "pavement": "Unpaved", "condition": "Poor", "length_km": 0.112}}, {"type": "Feature", "geometry": {"type": "LineString", "coordinates": [[32.64107, 0.36686], [32.64223, 0.36741]]}, "properties": {"link_id": "WAKI00513", "name": "Wakiso - Link 169", "district": "Wakiso", "pavement": "Unpaved", "condition": "Fair", "length_km": 0.144}}, {"type": "Feature", "geometry": {"type": "LineString", "coordinates": [[32.64172, 0.36652], [32.64189, 0.36626]]}, "properties": {"link_id": "WAKI00514", "name": "Wakiso - Link 170", "district": "Wakiso", "pavement": "Unpaved", "condition": "Poor", "length_km": 0.034}}, {"type": "Feature", "geometry": {"type": "LineString", "coordinates": [[32.641, 0.36652], [32.64093, 0.36665]]}, "properties": {"link_id": "WAKI00515", "name": "Wakiso - Link 171", "district": "Wakiso", "pavement": "Unpaved", "condition": "Poor", "length_km": 0.017}}, {"type": "Feature", "geometry": {"type": "LineString", "coordinates": [[32.64027, 0.36808], [32.6418, 0.36517]]}, "properties": {"link_id": "WAKI00516", "name": "Kamuli Kireka Road", "district": "Wakiso", "pavement": "Unpaved", "condition": "Fair", "length_km": 0.368}}, {"type": "Feature", "geometry": {"type": "LineString", "coordinates": [[32.64139, 0.36624], [32.64092, 0.36607]]}, "properties": {"link_id": "WAKI00517", "name": "Wakiso - Link 172", "district": "Wakiso", "pavement": "Unpaved", "condition": "Poor", "length_km": 0.056}}, {"type": "Feature", "geometry": {"type": "LineString", "coordinates": [[32.64104, 0.36641], [32.64022, 0.36618]]}, "properties": {"link_id": "WAKI00518", "name": "Wakiso - Link 173", "district": "Wakiso", "pavement": "Unpaved", "condition": "Poor", "length_km": 0.107}}, {"type": "Feature", "geometry": {"type": "LineString", "coordinates": [[32.64006, 0.36685], [32.6404, 0.36714]]}, "properties": {"link_id": "WAKI00519", "name": "Wakiso - Link 174", "district": "Wakiso", "pavement": "Unpaved", "condition": "Poor", "length_km": 0.07}}, {"type": "Feature", "geometry": {"type": "LineString", "coordinates": [[32.64, 0.36696], [32.63988, 0.36721]]}, "properties": {"link_id": "WAKI00520", "name": "Wakiso - Link 175", "district": "Wakiso", "pavement": "Unpaved", "condition": "Poor", "length_km": 0.031}}, {"type": "Feature", "geometry": {"type": "LineString", "coordinates": [[32.6401, 0.36675], [32.63987, 0.36663]]}, "properties": {"link_id": "WAKI00521", "name": "Wakiso - Link 176", "district": "Wakiso", "pavement": "Unpaved", "condition": "Poor", "length_km": 0.029}}, {"type": "Feature", "geometry": {"type": "LineString", "coordinates": [[32.63976, 0.36732], [32.6396, 0.36712]]}, "properties": {"link_id": "WAKI00522", "name": "Wakiso - Link 177", "district": "Wakiso", "pavement": "Unpaved", "condition": "Poor", "length_km": 0.385}}, {"type": "Feature", "geometry": {"type": "LineString", "coordinates": [[32.64029, 0.36729], [32.64055, 0.36663]]}, "properties": {"link_id": "WAKI00523", "name": "Wakiso - Link 178", "district": "Wakiso", "pavement": "Unpaved", "condition": "Poor", "length_km": 0.142}}, {"type": "Feature", "geometry": {"type": "LineString", "coordinates": [[32.64019, 0.36654], [32.64055, 0.36663]]}, "properties": {"link_id": "WAKI00524", "name": "Wakiso - Link 179", "district": "Wakiso", "pavement": "Unpaved", "condition": "Poor", "length_km": 0.06}}, {"type": "Feature", "geometry": {"type": "LineString", "coordinates": [[32.63995, 0.36645], [32.64019, 0.36654]]}, "properties": {"link_id": "WAKI00525", "name": "Wakiso - Link 180", "district": "Wakiso", "pavement": "Unpaved", "condition": "Poor", "length_km": 0.029}}, {"type": "Feature", "geometry": {"type": "LineString", "coordinates": [[32.63939, 0.36691], [32.63982, 0.36675]]}, "properties": {"link_id": "WAKI00526", "name": "Wakiso - Link 181", "district": "Wakiso", "pavement": "Unpaved", "condition": "Poor", "length_km": 0.065}}, {"type": "Feature", "geometry": {"type": "LineString", "coordinates": [[32.63963, 0.36772], [32.63973, 0.36786]]}, "properties": {"link_id": "WAKI00527", "name": "Wakiso - Link 182", "district": "Wakiso", "pavement": "Unpaved", "condition": "Poor", "length_km": 0.02}}, {"type": "Feature", "geometry": {"type": "LineString", "coordinates": [[32.63991, 0.36754], [32.63948, 0.36781]]}, "properties": {"link_id": "WAKI00528", "name": "Wakiso - Link 183", "district": "Wakiso", "pavement": "Unpaved", "condition": "Poor", "length_km": 0.057}}, {"type": "Feature", "geometry": {"type": "LineString", "coordinates": [[32.64033, 0.3682], [32.64052, 0.36806]]}, "properties": {"link_id": "WAKI00529", "name": "Wakiso - Link 184", "district": "Wakiso", "pavement": "Unpaved", "condition": "Poor", "length_km": 0.026}}, {"type": "Feature", "geometry": {"type": "LineString", "coordinates": [[32.6432, 0.37412], [32.63559, 0.36394]]}, "properties": {"link_id": "WAKI00530", "name": "Kyaliwajjala - Naalya Road", "district": "Wakiso", "pavement": "Unpaved", "condition": "Fair", "length_km": 1.448}}, {"type": "Feature", "geometry": {"type": "LineString", "coordinates": [[32.63841, 0.36881], [32.63889, 0.3664]]}, "properties": {"link_id": "WAKI00531", "name": "Wakiso - Link 185", "district": "Wakiso", "pavement": "Unpaved", "condition": "Fair", "length_km": 0.28}}, {"type": "Feature", "geometry": {"type": "LineString", "coordinates": [[32.63695, 0.368], [32.64, 0.36857]]}, "properties": {"link_id": "WAKI00532", "name": "Wakiso - Link 186", "district": "Wakiso", "pavement": "Unpaved", "condition": "Fair", "length_km": 0.35}}, {"type": "Feature", "geometry": {"type": "LineString", "coordinates": [[32.63785, 0.3683], [32.63781, 0.36873]]}, "properties": {"link_id": "WAKI00533", "name": "Wakiso - Link 187", "district": "Wakiso", "pavement": "Unpaved", "condition": "Poor", "length_km": 0.049}}, {"type": "Feature", "geometry": {"type": "LineString", "coordinates": [[32.63761, 0.36533], [32.63745, 0.37232]]}, "properties": {"link_id": "WAKI00534", "name": "Kira Lane", "district": "Wakiso", "pavement": "Unpaved", "condition": "Fair", "length_km": 0.799}}, {"type": "Feature", "geometry": {"type": "LineString", "coordinates": [[32.6369, 0.36917], [32.63784, 0.36928]]}, "properties": {"link_id": "WAKI00535", "name": "Wakiso - Link 188", "district": "Wakiso", "pavement": "Unpaved", "condition": "Fair", "length_km": 0.104}}, {"type": "Feature", "geometry": {"type": "LineString", "coordinates": [[32.63689, 0.36917], [32.6369, 0.36917]]}, "properties": {"link_id": "WAKI00536", "name": "Wakiso - Link 189", "district": "Wakiso", "pavement": "Unpaved", "condition": "Fair", "length_km": 0.01}}, {"type": "Feature", "geometry": {"type": "LineString", "coordinates": [[32.63686, 0.36916], [32.63689, 0.36917]]}, "properties": {"link_id": "WAKI00537", "name": "Wakiso - Link 190", "district": "Wakiso", "pavement": "Unpaved", "condition": "Fair", "length_km": 0.01}}, {"type": "Feature", "geometry": {"type": "LineString", "coordinates": [[32.63688, 0.36874], [32.63635, 0.36875]]}, "properties": {"link_id": "WAKI00538", "name": "2nd Link", "district": "Wakiso", "pavement": "Unpaved", "condition": "Fair", "length_km": 0.059}}, {"type": "Feature", "geometry": {"type": "LineString", "coordinates": [[32.63692, 0.3688], [32.63689, 0.36879]]}, "properties": {"link_id": "WAKI00539", "name": "Wakiso - Link 191", "district": "Wakiso", "pavement": "Unpaved", "condition": "Poor", "length_km": 0.01}}, {"type": "Feature", "geometry": {"type": "LineString", "coordinates": [[32.63695, 0.36882], [32.63692, 0.3688]]}, "properties": {"link_id": "WAKI00540", "name": "Wakiso - Link 192", "district": "Wakiso", "pavement": "Unpaved", "condition": "Poor", "length_km": 0.01}}, {"type": "Feature", "geometry": {"type": "LineString", "coordinates": [[32.63694, 0.36816], [32.63695, 0.36882]]}, "properties": {"link_id": "WAKI00541", "name": "Wakiso - Link 193", "district": "Wakiso", "pavement": "Unpaved", "condition": "Poor", "length_km": 0.087}}, {"type": "Feature", "geometry": {"type": "LineString", "coordinates": [[32.63694, 0.3681], [32.63617, 0.36796]]}, "properties": {"link_id": "WAKI00542", "name": "3rd Link", "district": "Wakiso", "pavement": "Unpaved", "condition": "Fair", "length_km": 0.087}}, {"type": "Feature", "geometry": {"type": "LineString", "coordinates": [[32.63705, 0.36764], [32.63707, 0.36765]]}, "properties": {"link_id": "WAKI00543", "name": "Wakiso - Link 194", "district": "Wakiso", "pavement": "Unpaved", "condition": "Poor", "length_km": 0.01}}, {"type": "Feature", "geometry": {"type": "LineString", "coordinates": [[32.637, 0.36763], [32.63705, 0.36764]]}, "properties": {"link_id": "WAKI00544", "name": "Wakiso - Link 195", "district": "Wakiso", "pavement": "Unpaved", "condition": "Poor", "length_km": 0.01}}, {"type": "Feature", "geometry": {"type": "LineString", "coordinates": [[32.63707, 0.36765], [32.63748, 0.36774]]}, "properties": {"link_id": "WAKI00545", "name": "Wakiso - Link 196", "district": "Wakiso", "pavement": "Unpaved", "condition": "Poor", "length_km": 0.046}}, {"type": "Feature", "geometry": {"type": "LineString", "coordinates": [[32.63715, 0.36671], [32.63752, 0.36678]]}, "properties": {"link_id": "WAKI00546", "name": "Wakiso - Link 197", "district": "Wakiso", "pavement": "Unpaved", "condition": "Poor", "length_km": 0.041}}, {"type": "Feature", "geometry": {"type": "LineString", "coordinates": [[32.63709, 0.36716], [32.6375, 0.36723]]}, "properties": {"link_id": "WAKI00547", "name": "Babari", "district": "Wakiso", "pavement": "Unpaved", "condition": "Fair", "length_km": 0.047}}, {"type": "Feature", "geometry": {"type": "LineString", "coordinates": [[32.63655, 0.36613], [32.63624, 0.366]]}, "properties": {"link_id": "WAKI00548", "name": "Access Road", "district": "Wakiso", "pavement": "Unpaved", "condition": "Fair", "length_km": 0.037}}, {"type": "Feature", "geometry": {"type": "LineString", "coordinates": [[32.63704, 0.36498], [32.63645, 0.36693]]}, "properties": {"link_id": "WAKI00549", "name": "Wakiso - Link 198", "district": "Wakiso", "pavement": "Unpaved", "condition": "Fair", "length_km": 0.229}}, {"type": "Feature", "geometry": {"type": "LineString", "coordinates": [[32.63805, 0.36708], [32.63843, 0.36601]]}, "properties": {"link_id": "WAKI00550", "name": "Wakiso - Link 199", "district": "Wakiso", "pavement": "Unpaved", "condition": "Fair", "length_km": 0.127}}, {"type": "Feature", "geometry": {"type": "LineString", "coordinates": [[32.63769, 0.36627], [32.63824, 0.36644]]}, "properties": {"link_id": "WAKI00551", "name": "Wakiso - Link 200", "district": "Wakiso", "pavement": "Unpaved", "condition": "Fair", "length_km": 0.063}}, {"type": "Feature", "geometry": {"type": "LineString", "coordinates": [[32.63935, 0.36688], [32.63902, 0.36725]]}, "properties": {"link_id": "WAKI00552", "name": "Wakiso - Link 201", "district": "Wakiso", "pavement": "Unpaved", "condition": "Poor", "length_km": 0.058}}, {"type": "Feature", "geometry": {"type": "LineString", "coordinates": [[32.63919, 0.36693], [32.63904, 0.36679]]}, "properties": {"link_id": "WAKI00553", "name": "Wakiso - Link 202", "district": "Wakiso", "pavement": "Unpaved", "condition": "Poor", "length_km": 0.07}}, {"type": "Feature", "geometry": {"type": "LineString", "coordinates": [[32.63933, 0.36685], [32.63912, 0.36664]]}, "properties": {"link_id": "WAKI00554", "name": "Wakiso - Link 203", "district": "Wakiso", "pavement": "Unpaved", "condition": "Poor", "length_km": 0.059}}, {"type": "Feature", "geometry": {"type": "LineString", "coordinates": [[32.64159, 0.36568], [32.63571, 0.36317]]}, "properties": {"link_id": "WAKI00555", "name": "Wakiso - Link 204", "district": "Wakiso", "pavement": "Unpaved", "condition": "Fair", "length_km": 0.712}}, {"type": "Feature", "geometry": {"type": "LineString", "coordinates": [[32.63806, 0.36414], [32.63819, 0.36438]]}, "properties": {"link_id": "WAKI00556", "name": "Wakiso - Link 205", "district": "Wakiso", "pavement": "Unpaved", "condition": "Poor", "length_km": 0.039}}, {"type": "Feature", "geometry": {"type": "LineString", "coordinates": [[32.63832, 0.36424], [32.63768, 0.36539]]}, "properties": {"link_id": "WAKI00557", "name": "Wakiso - Link 206", "district": "Wakiso", "pavement": "Unpaved", "condition": "Fair", "length_km": 0.146}}, {"type": "Feature", "geometry": {"type": "LineString", "coordinates": [[32.63866, 0.3648], [32.63798, 0.36486]]}, "properties": {"link_id": "WAKI00558", "name": "Wakiso - Link 207", "district": "Wakiso", "pavement": "Unpaved", "condition": "Fair", "length_km": 0.106}}, {"type": "Feature", "geometry": {"type": "LineString", "coordinates": [[32.63816, 0.36578], [32.63844, 0.36538]]}, "properties": {"link_id": "WAKI00559", "name": "Wakiso - Link 208", "district": "Wakiso", "pavement": "Unpaved", "condition": "Fair", "length_km": 0.055}}, {"type": "Feature", "geometry": {"type": "LineString", "coordinates": [[32.63748, 0.36562], [32.63724, 0.36544]]}, "properties": {"link_id": "WAKI00560", "name": "Wakiso - Link 209", "district": "Wakiso", "pavement": "Unpaved", "condition": "Poor", "length_km": 0.039}}, {"type": "Feature", "geometry": {"type": "LineString", "coordinates": [[32.63706, 0.36495], [32.63704, 0.36498]]}, "properties": {"link_id": "WAKI00561", "name": "Wakiso - Link 210", "district": "Wakiso", "pavement": "Unpaved", "condition": "Fair", "length_km": 0.01}}, {"type": "Feature", "geometry": {"type": "LineString", "coordinates": [[32.63707, 0.36492], [32.63706, 0.36495]]}, "properties": {"link_id": "WAKI00562", "name": "Wakiso - Link 211", "district": "Wakiso", "pavement": "Unpaved", "condition": "Fair", "length_km": 0.01}}, {"type": "Feature", "geometry": {"type": "LineString", "coordinates": [[32.63658, 0.36461], [32.63656, 0.36465]]}, "properties": {"link_id": "WAKI00563", "name": "Shelter Lane", "district": "Wakiso", "pavement": "Unpaved", "condition": "Fair", "length_km": 0.01}}, {"type": "Feature", "geometry": {"type": "LineString", "coordinates": [[32.63659, 0.36458], [32.63658, 0.36461]]}, "properties": {"link_id": "WAKI00564", "name": "Shelter Lane", "district": "Wakiso", "pavement": "Unpaved", "condition": "Fair", "length_km": 0.01}}, {"type": "Feature", "geometry": {"type": "LineString", "coordinates": [[32.63716, 0.3638], [32.63742, 0.36315]]}, "properties": {"link_id": "WAKI00565", "name": "Wakiso - Link 212", "district": "Wakiso", "pavement": "Unpaved", "condition": "Poor", "length_km": 0.078}}, {"type": "Feature", "geometry": {"type": "LineString", "coordinates": [[32.63735, 0.36336], [32.63685, 0.36298]]}, "properties": {"link_id": "WAKI00566", "name": "Wakiso - Link 213", "district": "Wakiso", "pavement": "Unpaved", "condition": "Poor", "length_km": 0.075}}, {"type": "Feature", "geometry": {"type": "LineString", "coordinates": [[32.63715, 0.364], [32.63712, 0.36379]]}, "properties": {"link_id": "WAKI00567", "name": "Wakiso - Link 214", "district": "Wakiso", "pavement": "Unpaved", "condition": "Poor", "length_km": 0.025}}, {"type": "Feature", "geometry": {"type": "LineString", "coordinates": [[32.63647, 0.36401], [32.63746, 0.36389]]}, "properties": {"link_id": "WAKI00568", "name": "Wakiso - Link 215", "district": "Wakiso", "pavement": "Unpaved", "condition": "Poor", "length_km": 0.122}}, {"type": "Feature", "geometry": {"type": "LineString", "coordinates": [[32.63668, 0.36361], [32.63625, 0.36437]]}, "properties": {"link_id": "WAKI00569", "name": "Wakiso - Link 216", "district": "Wakiso", "pavement": "Unpaved", "condition": "Fair", "length_km": 0.097}}, {"type": "Feature", "geometry": {"type": "LineString", "coordinates": [[32.6363, 0.36195], [32.6373, 0.3625]]}, "properties": {"link_id": "WAKI00570", "name": "Wakiso - Link 217", "district": "Wakiso", "pavement": "Unpaved", "condition": "Poor", "length_km": 0.127}}, {"type": "Feature", "geometry": {"type": "LineString", "coordinates": [[32.63719, 0.36376], [32.63806, 0.36297]]}, "properties": {"link_id": "WAKI00571", "name": "Wakiso - Link 218", "district": "Wakiso", "pavement": "Unpaved", "condition": "Poor", "length_km": 0.262}}, {"type": "Feature", "geometry": {"type": "LineString", "coordinates": [[32.63925, 0.36303], [32.63862, 0.36261]]}, "properties": {"link_id": "WAKI00572", "name": "Wakiso - Link 219", "district": "Wakiso", "pavement": "Unpaved", "condition": "Poor", "length_km": 0.084}}, {"type": "Feature", "geometry": {"type": "LineString", "coordinates": [[32.63947, 0.36262], [32.6398, 0.36212]]}, "properties": {"link_id": "WAKI00573", "name": "Wakiso - Link 220", "district": "Wakiso", "pavement": "Unpaved", "condition": "Fair", "length_km": 0.067}}, {"type": "Feature", "geometry": {"type": "LineString", "coordinates": [[32.6391, 0.36372], [32.63939, 0.36307]]}, "properties": {"link_id": "WAKI00574", "name": "Wakiso - Link 221", "district": "Wakiso", "pavement": "Unpaved", "condition": "Fair", "length_km": 0.099}}, {"type": "Feature", "geometry": {"type": "LineString", "coordinates": [[32.63908, 0.3646], [32.63986, 0.36376]]}, "properties": {"link_id": "WAKI00575", "name": "Wakiso - Link 222", "district": "Wakiso", "pavement": "Unpaved", "condition": "Fair", "length_km": 0.192}}, {"type": "Feature", "geometry": {"type": "LineString", "coordinates": [[32.63962, 0.36532], [32.63901, 0.36493]]}, "properties": {"link_id": "WAKI00576", "name": "Wakiso - Link 223", "district": "Wakiso", "pavement": "Unpaved", "condition": "Fair", "length_km": 0.08}}, {"type": "Feature", "geometry": {"type": "LineString", "coordinates": [[32.63934, 0.36562], [32.63963, 0.36582]]}, "properties": {"link_id": "WAKI00577", "name": "Wakiso - Link 224", "district": "Wakiso", "pavement": "Unpaved", "condition": "Fair", "length_km": 0.039}}, {"type": "Feature", "geometry": {"type": "LineString", "coordinates": [[32.64011, 0.36506], [32.63883, 0.36635]]}, "properties": {"link_id": "WAKI00578", "name": "Wakiso - Link 225", "district": "Wakiso", "pavement": "Unpaved", "condition": "Fair", "length_km": 0.209}}, {"type": "Feature", "geometry": {"type": "LineString", "coordinates": [[32.64027, 0.36513], [32.6398, 0.36471]]}, "properties": {"link_id": "WAKI00579", "name": "Wakiso - Link 226", "district": "Wakiso", "pavement": "Unpaved", "condition": "Fair", "length_km": 0.084}}, {"type": "Feature", "geometry": {"type": "LineString", "coordinates": [[32.64179, 0.36519], [32.6399, 0.36336]]}, "properties": {"link_id": "WAKI00580", "name": "Wakiso - Link 227", "district": "Wakiso", "pavement": "Unpaved", "condition": "Fair", "length_km": 0.296}}, {"type": "Feature", "geometry": {"type": "LineString", "coordinates": [[32.64081, 0.36532], [32.64072, 0.36473]]}, "properties": {"link_id": "WAKI00581", "name": "Wakiso - Link 228", "district": "Wakiso", "pavement": "Unpaved", "condition": "Poor", "length_km": 0.088}}, {"type": "Feature", "geometry": {"type": "LineString", "coordinates": [[32.6418, 0.36517], [32.64216, 0.36474]]}, "properties": {"link_id": "WAKI00582", "name": "Wakiso - Link 229", "district": "Wakiso", "pavement": "Unpaved", "condition": "Poor", "length_km": 0.062}}, {"type": "Feature", "geometry": {"type": "LineString", "coordinates": [[32.64233, 0.36393], [32.64161, 0.36403]]}, "properties": {"link_id": "WAKI00583", "name": "Wakiso - Link 230", "district": "Wakiso", "pavement": "Unpaved", "condition": "Fair", "length_km": 0.097}}, {"type": "Feature", "geometry": {"type": "LineString", "coordinates": [[32.64128, 0.36282], [32.64034, 0.36328]]}, "properties": {"link_id": "WAKI00584", "name": "Wakiso - Link 231", "district": "Wakiso", "pavement": "Unpaved", "condition": "Fair", "length_km": 0.121}}, {"type": "Feature", "geometry": {"type": "LineString", "coordinates": [[32.64143, 0.36288], [32.64307, 0.36222]]}, "properties": {"link_id": "WAKI00585", "name": "Wakiso - Link 232", "district": "Wakiso", "pavement": "Unpaved", "condition": "Fair", "length_km": 0.248}}, {"type": "Feature", "geometry": {"type": "LineString", "coordinates": [[32.63693, 0.36072], [32.64785, 0.36303]]}, "properties": {"link_id": "WAKI00586", "name": "Ndagire Road", "district": "Wakiso", "pavement": "Unpaved", "condition": "Fair", "length_km": 1.358}}, {"type": "Feature", "geometry": {"type": "LineString", "coordinates": [[32.64206, 0.36317], [32.64233, 0.36269]]}, "properties": {"link_id": "WAKI00587", "name": "Wakiso - Link 233", "district": "Wakiso", "pavement": "Unpaved", "condition": "Fair", "length_km": 0.063}}, {"type": "Feature", "geometry": {"type": "LineString", "coordinates": [[32.64315, 0.3617], [32.64427, 0.36374]]}, "properties": {"link_id": "WAKI00588", "name": "Wakiso - Link 234", "district": "Wakiso", "pavement": "Unpaved", "condition": "Fair", "length_km": 0.264}}, {"type": "Feature", "geometry": {"type": "LineString", "coordinates": [[32.64376, 0.36365], [32.64366, 0.36461]]}, "properties": {"link_id": "WAKI00589", "name": "Wakiso - Link 235", "district": "Wakiso", "pavement": "Unpaved", "condition": "Fair", "length_km": 0.121}}, {"type": "Feature", "geometry": {"type": "LineString", "coordinates": [[32.6447, 0.36414], [32.64489, 0.36411]]}, "properties": {"link_id": "WAKI00590", "name": "Wakiso - Link 236", "district": "Wakiso", "pavement": "Unpaved", "condition": "Poor", "length_km": 0.022}}, {"type": "Feature", "geometry": {"type": "LineString", "coordinates": [[32.64466, 0.3638], [32.64409, 0.36555]]}, "properties": {"link_id": "WAKI00591", "name": "Wakiso - Link 237", "district": "Wakiso", "pavement": "Unpaved", "condition": "Fair", "length_km": 0.248}}, {"type": "Feature", "geometry": {"type": "LineString", "coordinates": [[32.64458, 0.36526], [32.64429, 0.36504]]}, "properties": {"link_id": "WAKI00592", "name": "Wakiso - Link 238", "district": "Wakiso", "pavement": "Unpaved", "condition": "Poor", "length_km": 0.04}}, {"type": "Feature", "geometry": {"type": "LineString", "coordinates": [[32.64273, 0.36344], [32.64314, 0.36459]]}, "properties": {"link_id": "WAKI00593", "name": "Wakiso - Link 239", "district": "Wakiso", "pavement": "Unpaved", "condition": "Fair", "length_km": 0.151}}, {"type": "Feature", "geometry": {"type": "LineString", "coordinates": [[32.64255, 0.36338], [32.64304, 0.36525]]}, "properties": {"link_id": "WAKI00594", "name": "Kamuli Road", "district": "Wakiso", "pavement": "Unpaved", "condition": "Fair", "length_km": 0.274}}, {"type": "Feature", "geometry": {"type": "LineString", "coordinates": [[32.64216, 0.36474], [32.64211, 0.36458]]}, "properties": {"link_id": "WAKI00595", "name": "Wakiso - Link 240", "district": "Wakiso", "pavement": "Unpaved", "condition": "Poor", "length_km": 0.027}}, {"type": "Feature", "geometry": {"type": "LineString", "coordinates": [[32.64311, 0.36613], [32.64174, 0.36533]]}, "properties": {"link_id": "WAKI00596", "name": "Wakiso - Link 241", "district": "Wakiso", "pavement": "Unpaved", "condition": "Fair", "length_km": 0.196}}, {"type": "Feature", "geometry": {"type": "LineString", "coordinates": [[32.64145, 0.36605], [32.64362, 0.36722]]}, "properties": {"link_id": "WAKI00597", "name": "Wakiso - Link 242", "district": "Wakiso", "pavement": "Unpaved", "condition": "Fair", "length_km": 0.283}}, {"type": "Feature", "geometry": {"type": "LineString", "coordinates": [[32.64306, 0.36752], [32.6425, 0.36733]]}, "properties": {"link_id": "WAKI00598", "name": "Wakiso - Link 243", "district": "Wakiso", "pavement": "Unpaved", "condition": "Poor", "length_km": 0.071}}, {"type": "Feature", "geometry": {"type": "LineString", "coordinates": [[32.64279, 0.36806], [32.64246, 0.36791]]}, "properties": {"link_id": "WAKI00599", "name": "Wakiso - Link 244", "district": "Wakiso", "pavement": "Unpaved", "condition": "Fair", "length_km": 0.041}}, {"type": "Feature", "geometry": {"type": "LineString", "coordinates": [[32.64275, 0.3694], [32.64223, 0.3691]]}, "properties": {"link_id": "WAKI00600", "name": "Wakiso - Link 245", "district": "Wakiso", "pavement": "Unpaved", "condition": "Poor", "length_km": 0.067}}, {"type": "Feature", "geometry": {"type": "LineString", "coordinates": [[32.64446, 0.36759], [32.64146, 0.3705]]}, "properties": {"link_id": "WAKI00601", "name": "Wakiso - Link 246", "district": "Wakiso", "pavement": "Unpaved", "condition": "Fair", "length_km": 0.581}}, {"type": "Feature", "geometry": {"type": "LineString", "coordinates": [[32.64302, 0.36885], [32.64261, 0.36848]]}, "properties": {"link_id": "WAKI00602", "name": "Wakiso - Link 247", "district": "Wakiso", "pavement": "Unpaved", "condition": "Poor", "length_km": 0.068}}, {"type": "Feature", "geometry": {"type": "LineString", "coordinates": [[32.64329, 0.36855], [32.6434, 0.3683]]}, "properties": {"link_id": "WAKI00603", "name": "Wakiso - Link 248", "district": "Wakiso", "pavement": "Unpaved", "condition": "Poor", "length_km": 0.03}}, {"type": "Feature", "geometry": {"type": "LineString", "coordinates": [[32.64335, 0.36756], [32.64412, 0.36803]]}, "properties": {"link_id": "WAKI00604", "name": "Wakiso - Link 249", "district": "Wakiso", "pavement": "Unpaved", "condition": "Fair", "length_km": 0.1}}, {"type": "Feature", "geometry": {"type": "LineString", "coordinates": [[32.64447, 0.36873], [32.64284, 0.36794]]}, "properties": {"link_id": "WAKI00605", "name": "Wakiso - Link 250", "district": "Wakiso", "pavement": "Unpaved", "condition": "Fair", "length_km": 0.202}}, {"type": "Feature", "geometry": {"type": "LineString", "coordinates": [[32.6434, 0.36947], [32.64342, 0.3691]]}, "properties": {"link_id": "WAKI00606", "name": "Wakiso - Link 251", "district": "Wakiso", "pavement": "Unpaved", "condition": "Poor", "length_km": 0.049}}, {"type": "Feature", "geometry": {"type": "LineString", "coordinates": [[32.64348, 0.36952], [32.64367, 0.36908]]}, "properties": {"link_id": "WAKI00607", "name": "Wakiso - Link 252", "district": "Wakiso", "pavement": "Unpaved", "condition": "Poor", "length_km": 0.053}}, {"type": "Feature", "geometry": {"type": "LineString", "coordinates": [[32.64377, 0.36881], [32.64388, 0.3685]]}, "properties": {"link_id": "WAKI00608", "name": "Wakiso - Link 253", "district": "Wakiso", "pavement": "Unpaved", "condition": "Poor", "length_km": 0.036}}, {"type": "Feature", "geometry": {"type": "LineString", "coordinates": [[32.64286, 0.3666], [32.64467, 0.36705]]}, "properties": {"link_id": "WAKI00609", "name": "Wakiso - Link 254", "district": "Wakiso", "pavement": "Unpaved", "condition": "Fair", "length_km": 0.261}}, {"type": "Feature", "geometry": {"type": "LineString", "coordinates": [[32.64557, 0.36813], [32.64691, 0.36876]]}, "properties": {"link_id": "WAKI00610", "name": "Wakiso - Link 255", "district": "Wakiso", "pavement": "Unpaved", "condition": "Fair", "length_km": 0.183}}, {"type": "Feature", "geometry": {"type": "LineString", "coordinates": [[32.64795, 0.36883], [32.64607, 0.36867]]}, "properties": {"link_id": "WAKI00611", "name": "Wakiso - Link 256", "district": "Wakiso", "pavement": "Unpaved", "condition": "Fair", "length_km": 0.21}}, {"type": "Feature", "geometry": {"type": "LineString", "coordinates": [[32.64799, 0.36866], [32.64624, 0.36767]]}, "properties": {"link_id": "WAKI00612", "name": "Wakiso - Link 257", "district": "Wakiso", "pavement": "Unpaved", "condition": "Poor", "length_km": 0.239}}, {"type": "Feature", "geometry": {"type": "LineString", "coordinates": [[32.64849, 0.36702], [32.64661, 0.36675]]}, "properties": {"link_id": "WAKI00613", "name": "Wakiso - Link 258", "district": "Wakiso", "pavement": "Unpaved", "condition": "Fair", "length_km": 0.211}}, {"type": "Feature", "geometry": {"type": "LineString", "coordinates": [[32.64484, 0.36511], [32.64491, 0.36548]]}, "properties": {"link_id": "WAKI00614", "name": "Wakiso - Link 259", "district": "Wakiso", "pavement": "Unpaved", "condition": "Poor", "length_km": 0.042}}, {"type": "Feature", "geometry": {"type": "LineString", "coordinates": [[32.64561, 0.365], [32.64539, 0.36515]]}, "properties": {"link_id": "WAKI00615", "name": "Wakiso - Link 260", "district": "Wakiso", "pavement": "Unpaved", "condition": "Fair", "length_km": 0.03}}, {"type": "Feature", "geometry": {"type": "LineString", "coordinates": [[32.64535, 0.36391], [32.645, 0.36624]]}, "properties": {"link_id": "WAKI00616", "name": "Wakiso - Link 261", "district": "Wakiso", "pavement": "Unpaved", "condition": "Fair", "length_km": 0.332}}, {"type": "Feature", "geometry": {"type": "LineString", "coordinates": [[32.64575, 0.36397], [32.64605, 0.36518]]}, "properties": {"link_id": "WAKI00617", "name": "Wakiso - Link 262", "district": "Wakiso", "pavement": "Unpaved", "condition": "Fair", "length_km": 0.139}}, {"type": "Feature", "geometry": {"type": "LineString", "coordinates": [[32.64553, 0.36394], [32.64603, 0.36257]]}, "properties": {"link_id": "WAKI00618", "name": "Wakiso - Link 263", "district": "Wakiso", "pavement": "Unpaved", "condition": "Fair", "length_km": 0.168}}, {"type": "Feature", "geometry": {"type": "LineString", "coordinates": [[32.64585, 0.36323], [32.64548, 0.36307]]}, "properties": {"link_id": "WAKI00619", "name": "Wakiso - Link 264", "district": "Wakiso", "pavement": "Unpaved", "condition": "Fair", "length_km": 0.046}}, {"type": "Feature", "geometry": {"type": "LineString", "coordinates": [[32.64537, 0.36264], [32.6453, 0.36235]]}, "properties": {"link_id": "WAKI00620", "name": "Wakiso - Link 265", "district": "Wakiso", "pavement": "Unpaved", "condition": "Poor", "length_km": 0.033}}, {"type": "Feature", "geometry": {"type": "LineString", "coordinates": [[32.64448, 0.36263], [32.64772, 0.36254]]}, "properties": {"link_id": "WAKI00621", "name": "Mutebi II Road", "district": "Wakiso", "pavement": "Unpaved", "condition": "Fair", "length_km": 0.36}}, {"type": "Feature", "geometry": {"type": "LineString", "coordinates": [[32.64644, 0.36252], [32.64607, 0.36341]]}, "properties": {"link_id": "WAKI00622", "name": "Wakiso - Link 266", "district": "Wakiso", "pavement": "Unpaved", "condition": "Poor", "length_km": 0.127}}, {"type": "Feature", "geometry": {"type": "LineString", "coordinates": [[32.6465, 0.36379], [32.64778, 0.36279]]}, "properties": {"link_id": "WAKI00623", "name": "Wakiso - Link 267", "district": "Wakiso", "pavement": "Unpaved", "condition": "Fair", "length_km": 0.184}}, {"type": "Feature", "geometry": {"type": "LineString", "coordinates": [[32.64736, 0.36369], [32.64705, 0.36369]]}, "properties": {"link_id": "WAKI00624", "name": "Wakiso - Link 268", "district": "Wakiso", "pavement": "Unpaved", "condition": "Fair", "length_km": 0.035}}, {"type": "Feature", "geometry": {"type": "LineString", "coordinates": [[32.64777, 0.36273], [32.64773, 0.36258]]}, "properties": {"link_id": "WAKI00625", "name": "Wakiso - Link 269", "district": "Wakiso", "pavement": "Unpaved", "condition": "Poor", "length_km": 0.051}}, {"type": "Feature", "geometry": {"type": "LineString", "coordinates": [[32.64809, 0.36397], [32.64793, 0.36337]]}, "properties": {"link_id": "WAKI00626", "name": "Wakiso - Link 270", "district": "Wakiso", "pavement": "Unpaved", "condition": "Fair", "length_km": 0.069}}, {"type": "Feature", "geometry": {"type": "LineString", "coordinates": [[32.64717, 0.36571], [32.64827, 0.36465]]}, "properties": {"link_id": "WAKI00627", "name": "Wakiso - Link 271", "district": "Wakiso", "pavement": "Unpaved", "condition": "Fair", "length_km": 0.213}}, {"type": "Feature", "geometry": {"type": "LineString", "coordinates": [[32.6484, 0.36574], [32.64717, 0.36571]]}, "properties": {"link_id": "WAKI00628", "name": "Wakiso - Link 272", "district": "Wakiso", "pavement": "Unpaved", "condition": "Fair", "length_km": 0.147}}, {"type": "Feature", "geometry": {"type": "LineString", "coordinates": [[32.64914, 0.36414], [32.64953, 0.3642]]}, "properties": {"link_id": "WAKI00629", "name": "Wakiso - Link 273", "district": "Wakiso", "pavement": "Unpaved", "condition": "Poor", "length_km": 0.044}}, {"type": "Feature", "geometry": {"type": "LineString", "coordinates": [[32.64903, 0.36487], [32.64932, 0.3655]]}, "properties": {"link_id": "WAKI00630", "name": "Wakiso - Link 274", "district": "Wakiso", "pavement": "Unpaved", "condition": "Fair", "length_km": 0.094}}, {"type": "Feature", "geometry": {"type": "LineString", "coordinates": [[32.65031, 0.36603], [32.64914, 0.3642]]}, "properties": {"link_id": "WAKI00631", "name": "Wakiso - Link 275", "district": "Wakiso", "pavement": "Unpaved", "condition": "Fair", "length_km": 0.379}}, {"type": "Feature", "geometry": {"type": "LineString", "coordinates": [[32.64981, 0.36495], [32.65001, 0.36497]]}, "properties": {"link_id": "WAKI00632", "name": "Wakiso - Link 276", "district": "Wakiso", "pavement": "Unpaved", "condition": "Poor", "length_km": 0.039}}, {"type": "Feature", "geometry": {"type": "LineString", "coordinates": [[32.65021, 0.36561], [32.65056, 0.36555]]}, "properties": {"link_id": "WAKI00633", "name": "Wakiso - Link 277", "district": "Wakiso", "pavement": "Unpaved", "condition": "Poor", "length_km": 0.04}}, {"type": "Feature", "geometry": {"type": "LineString", "coordinates": [[32.64972, 0.36387], [32.64881, 0.36325]]}, "properties": {"link_id": "WAKI00634", "name": "Wakiso - Link 278", "district": "Wakiso", "pavement": "Unpaved", "condition": "Fair", "length_km": 0.234}}, {"type": "Feature", "geometry": {"type": "LineString", "coordinates": [[32.65005, 0.36391], [32.65125, 0.36321]]}, "properties": {"link_id": "WAKI00635", "name": "Wakiso - Link 279", "district": "Wakiso", "pavement": "Unpaved", "condition": "Fair", "length_km": 0.354}}, {"type": "Feature", "geometry": {"type": "LineString", "coordinates": [[32.6521, 0.36378], [32.65159, 0.36314]]}, "properties": {"link_id": "WAKI00636", "name": "Wakiso - Link 280", "district": "Wakiso", "pavement": "Unpaved", "condition": "Fair", "length_km": 0.092}}, {"type": "Feature", "geometry": {"type": "LineString", "coordinates": [[32.65251, 0.36368], [32.65108, 0.36219]]}, "properties": {"link_id": "WAKI00637", "name": "Wakiso - Link 281", "district": "Wakiso", "pavement": "Unpaved", "condition": "Fair", "length_km": 0.502}}, {"type": "Feature", "geometry": {"type": "LineString", "coordinates": [[32.65254, 0.36514], [32.65314, 0.36271]]}, "properties": {"link_id": "WAKI00638", "name": "Wakiso - Link 282", "district": "Wakiso", "pavement": "Unpaved", "condition": "Fair", "length_km": 0.349}}, {"type": "Feature", "geometry": {"type": "LineString", "coordinates": [[32.65191, 0.36383], [32.65199, 0.36412]]}, "properties": {"link_id": "WAKI00639", "name": "Wakiso - Link 283", "district": "Wakiso", "pavement": "Unpaved", "condition": "Poor", "length_km": 0.034}}, {"type": "Feature", "geometry": {"type": "LineString", "coordinates": [[32.65252, 0.36403], [32.65315, 0.36408]]}, "properties": {"link_id": "WAKI00640", "name": "Wakiso - Link 284", "district": "Wakiso", "pavement": "Unpaved", "condition": "Fair", "length_km": 0.071}}, {"type": "Feature", "geometry": {"type": "LineString", "coordinates": [[32.65238, 0.36564], [32.65254, 0.36514]]}, "properties": {"link_id": "WAKI00641", "name": "Wakiso - Link 285", "district": "Wakiso", "pavement": "Unpaved", "condition": "Fair", "length_km": 0.059}}, {"type": "Feature", "geometry": {"type": "LineString", "coordinates": [[32.652, 0.36511], [32.65213, 0.36566]]}, "properties": {"link_id": "WAKI00642", "name": "Wakiso - Link 286", "district": "Wakiso", "pavement": "Unpaved", "condition": "Fair", "length_km": 0.065}}, {"type": "Feature", "geometry": {"type": "LineString", "coordinates": [[32.65531, 0.3665], [32.6483, 0.36479]]}, "properties": {"link_id": "WAKI00643", "name": "Ndiwulira Petero Road", "district": "Wakiso", "pavement": "Unpaved", "condition": "Fair", "length_km": 0.876}}, {"type": "Feature", "geometry": {"type": "LineString", "coordinates": [[32.65135, 0.36508], [32.65136, 0.3658]]}, "properties": {"link_id": "WAKI00644", "name": "Wakiso - Link 287", "district": "Wakiso", "pavement": "Unpaved", "condition": "Fair", "length_km": 0.08}}, {"type": "Feature", "geometry": {"type": "LineString", "coordinates": [[32.65172, 0.3651], [32.65162, 0.36457]]}, "properties": {"link_id": "WAKI00645", "name": "Wakiso - Link 288", "district": "Wakiso", "pavement": "Unpaved", "condition": "Poor", "length_km": 0.06}}, {"type": "Feature", "geometry": {"type": "LineString", "coordinates": [[32.6507, 0.36503], [32.65071, 0.36452]]}, "properties": {"link_id": "WAKI00646", "name": "Wakiso - Link 289", "district": "Wakiso", "pavement": "Unpaved", "condition": "Fair", "length_km": 0.059}}, {"type": "Feature", "geometry": {"type": "LineString", "coordinates": [[32.65032, 0.36772], [32.65045, 0.36625]]}, "properties": {"link_id": "WAKI00647", "name": "Wakiso - Link 290", "district": "Wakiso", "pavement": "Unpaved", "condition": "Fair", "length_km": 0.188}}, {"type": "Feature", "geometry": {"type": "LineString", "coordinates": [[32.65121, 0.36656], [32.6519, 0.3662]]}, "properties": {"link_id": "WAKI00648", "name": "Wakiso - Link 291", "district": "Wakiso", "pavement": "Unpaved", "condition": "Fair", "length_km": 0.087}}, {"type": "Feature", "geometry": {"type": "LineString", "coordinates": [[32.65166, 0.36723], [32.65294, 0.36675]]}, "properties": {"link_id": "WAKI00649", "name": "Wakiso - Link 292", "district": "Wakiso", "pavement": "Unpaved", "condition": "Fair", "length_km": 0.152}}, {"type": "Feature", "geometry": {"type": "LineString", "coordinates": [[32.65178, 0.36837], [32.65225, 0.36802]]}, "properties": {"link_id": "WAKI00650", "name": "Wakiso - Link 293", "district": "Wakiso", "pavement": "Unpaved", "condition": "Fair", "length_km": 0.066}}, {"type": "Feature", "geometry": {"type": "LineString", "coordinates": [[32.65214, 0.36853], [32.65246, 0.36833]]}, "properties": {"link_id": "WAKI00651", "name": "Wakiso - Link 294", "district": "Wakiso", "pavement": "Unpaved", "condition": "Poor", "length_km": 0.042}}, {"type": "Feature", "geometry": {"type": "LineString", "coordinates": [[32.65258, 0.36746], [32.65348, 0.36793]]}, "properties": {"link_id": "WAKI00652", "name": "Wakiso - Link 295", "district": "Wakiso", "pavement": "Unpaved", "condition": "Fair", "length_km": 0.153}}, {"type": "Feature", "geometry": {"type": "LineString", "coordinates": [[32.65227, 0.36925], [32.65242, 0.36922]]}, "properties": {"link_id": "WAKI00653", "name": "Wakiso - Link 296", "district": "Wakiso", "pavement": "Unpaved", "condition": "Poor", "length_km": 0.017}}, {"type": "Feature", "geometry": {"type": "LineString", "coordinates": [[32.65017, 0.36914], [32.65122, 0.36875]]}, "properties": {"link_id": "WAKI00654", "name": "Wakiso - Link 297", "district": "Wakiso", "pavement": "Unpaved", "condition": "Fair", "length_km": 0.155}}, {"type": "Feature", "geometry": {"type": "LineString", "coordinates": [[32.65017, 0.36934], [32.64997, 0.36912]]}, "properties": {"link_id": "WAKI00655", "name": "Wakiso - Link 298", "district": "Wakiso", "pavement": "Unpaved", "condition": "Fair", "length_km": 0.041}}, {"type": "Feature", "geometry": {"type": "LineString", "coordinates": [[32.64902, 0.36911], [32.65049, 0.36917]]}, "properties": {"link_id": "WAKI00656", "name": "Wakiso - Link 299", "district": "Wakiso", "pavement": "Unpaved", "condition": "Fair", "length_km": 0.164}}, {"type": "Feature", "geometry": {"type": "LineString", "coordinates": [[32.64858, 0.36781], [32.64986, 0.36786]]}, "properties": {"link_id": "WAKI00657", "name": "Wakiso - Link 300", "district": "Wakiso", "pavement": "Unpaved", "condition": "Fair", "length_km": 0.143}}, {"type": "Feature", "geometry": {"type": "LineString", "coordinates": [[32.64957, 0.36611], [32.64971, 0.36583]]}, "properties": {"link_id": "WAKI00658", "name": "Wakiso - Link 301", "district": "Wakiso", "pavement": "Unpaved", "condition": "Poor", "length_km": 0.039}}, {"type": "Feature", "geometry": {"type": "LineString", "coordinates": [[32.64848, 0.36695], [32.64949, 0.3669]]}, "properties": {"link_id": "WAKI00659", "name": "Wakiso - Link 302", "district": "Wakiso", "pavement": "Unpaved", "condition": "Fair", "length_km": 0.112}}, {"type": "Feature", "geometry": {"type": "LineString", "coordinates": [[32.64843, 0.36618], [32.64725, 0.36618]]}, "properties": {"link_id": "WAKI00660", "name": "Wakiso - Link 303", "district": "Wakiso", "pavement": "Unpaved", "condition": "Fair", "length_km": 0.131}}, {"type": "Feature", "geometry": {"type": "LineString", "coordinates": [[32.64861, 0.36795], [32.64821, 0.368]]}, "properties": {"link_id": "WAKI00661", "name": "Wakiso - Link 304", "district": "Wakiso", "pavement": "Unpaved", "condition": "Poor", "length_km": 0.048}}, {"type": "Feature", "geometry": {"type": "LineString", "coordinates": [[32.64879, 0.36848], [32.6491, 0.36831]]}, "properties": {"link_id": "WAKI00662", "name": "Wakiso - Link 305", "district": "Wakiso", "pavement": "Unpaved", "condition": "Poor", "length_km": 0.048}}, {"type": "Feature", "geometry": {"type": "LineString", "coordinates": [[32.64789, 0.36931], [32.64841, 0.36934]]}, "properties": {"link_id": "WAKI00663", "name": "Wakiso - Link 306", "district": "Wakiso", "pavement": "Unpaved", "condition": "Poor", "length_km": 0.058}}, {"type": "Feature", "geometry": {"type": "LineString", "coordinates": [[32.64783, 0.36982], [32.64862, 0.37007]]}, "properties": {"link_id": "WAKI00664", "name": "Wakiso - Link 307", "district": "Wakiso", "pavement": "Unpaved", "condition": "Fair", "length_km": 0.092}}, {"type": "Feature", "geometry": {"type": "LineString", "coordinates": [[32.64759, 0.37076], [32.64817, 0.37099]]}, "properties": {"link_id": "WAKI00665", "name": "Wakiso - Link 308", "district": "Wakiso", "pavement": "Unpaved", "condition": "Poor", "length_km": 0.069}}, {"type": "Feature", "geometry": {"type": "LineString", "coordinates": [[32.64929, 0.37072], [32.64833, 0.37065]]}, "properties": {"link_id": "WAKI00666", "name": "Wakiso - Link 309", "district": "Wakiso", "pavement": "Unpaved", "condition": "Fair", "length_km": 0.11}}, {"type": "Feature", "geometry": {"type": "LineString", "coordinates": [[32.64889, 0.37076], [32.64878, 0.37126]]}, "properties": {"link_id": "WAKI00667", "name": "Wakiso - Link 310", "district": "Wakiso", "pavement": "Unpaved", "condition": "Poor", "length_km": 0.057}}, {"type": "Feature", "geometry": {"type": "LineString", "coordinates": [[32.64924, 0.37017], [32.64862, 0.37007]]}, "properties": {"link_id": "WAKI00668", "name": "Wakiso - Link 311", "district": "Wakiso", "pavement": "Unpaved", "condition": "Fair", "length_km": 0.071}}, {"type": "Feature", "geometry": {"type": "LineString", "coordinates": [[32.64919, 0.36967], [32.65155, 0.36987]]}, "properties": {"link_id": "WAKI00669", "name": "Wakiso - Link 312", "district": "Wakiso", "pavement": "Unpaved", "condition": "Fair", "length_km": 0.298}}, {"type": "Feature", "geometry": {"type": "LineString", "coordinates": [[32.6504, 0.36995], [32.65039, 0.3697]]}, "properties": {"link_id": "WAKI00670", "name": "Wakiso - Link 313", "district": "Wakiso", "pavement": "Unpaved", "condition": "Poor", "length_km": 0.029}}, {"type": "Feature", "geometry": {"type": "LineString", "coordinates": [[32.64933, 0.37192], [32.65147, 0.37172]]}, "properties": {"link_id": "WAKI00671", "name": "Wakiso - Link 314", "district": "Wakiso", "pavement": "Unpaved", "condition": "Fair", "length_km": 0.24}}, {"type": "Feature", "geometry": {"type": "LineString", "coordinates": [[32.65002, 0.3719], [32.65001, 0.37152]]}, "properties": {"link_id": "WAKI00672", "name": "Wakiso - Link 315", "district": "Wakiso", "pavement": "Unpaved", "condition": "Poor", "length_km": 0.042}}, {"type": "Feature", "geometry": {"type": "LineString", "coordinates": [[32.64933, 0.37278], [32.65062, 0.37274]]}, "properties": {"link_id": "WAKI00673", "name": "Wakiso - Link 316", "district": "Wakiso", "pavement": "Unpaved", "condition": "Fair", "length_km": 0.144}}, {"type": "Feature", "geometry": {"type": "LineString", "coordinates": [[32.65002, 0.37226], [32.65003, 0.37276]]}, "properties": {"link_id": "WAKI00674", "name": "Wakiso - Link 317", "district": "Wakiso", "pavement": "Unpaved", "condition": "Fair", "length_km": 0.056}}, {"type": "Feature", "geometry": {"type": "LineString", "coordinates": [[32.64933, 0.37269], [32.64821, 0.37274]]}, "properties": {"link_id": "WAKI00675", "name": "Wakiso - Link 318", "district": "Wakiso", "pavement": "Unpaved", "condition": "Fair", "length_km": 0.125}}, {"type": "Feature", "geometry": {"type": "LineString", "coordinates": [[32.64842, 0.3714], [32.64847, 0.37184]]}, "properties": {"link_id": "WAKI00676", "name": "Wakiso - Link 319", "district": "Wakiso", "pavement": "Unpaved", "condition": "Fair", "length_km": 0.049}}, {"type": "Feature", "geometry": {"type": "LineString", "coordinates": [[32.64716, 0.37189], [32.64933, 0.37183]]}, "properties": {"link_id": "WAKI00677", "name": "Wakiso - Link 320", "district": "Wakiso", "pavement": "Unpaved", "condition": "Fair", "length_km": 0.241}}, {"type": "Feature", "geometry": {"type": "LineString", "coordinates": [[32.64669, 0.3802], [32.64809, 0.36397]]}, "properties": {"link_id": "WAKI00678", "name": "Namugongo Road", "district": "Wakiso", "pavement": "Unpaved", "condition": "Fair", "length_km": 1.889}}, {"type": "Feature", "geometry": {"type": "LineString", "coordinates": [[32.64821, 0.37274], [32.6482, 0.37184]]}, "properties": {"link_id": "WAKI00679", "name": "Wakiso - Link 321", "district": "Wakiso", "pavement": "Unpaved", "condition": "Fair", "length_km": 0.1}}, {"type": "Feature", "geometry": {"type": "LineString", "coordinates": [[32.64821, 0.37245], [32.64772, 0.37247]]}, "properties": {"link_id": "WAKI00680", "name": "Wakiso - Link 322", "district": "Wakiso", "pavement": "Unpaved", "condition": "Poor", "length_km": 0.054}}, {"type": "Feature", "geometry": {"type": "LineString", "coordinates": [[32.64835, 0.37361], [32.64934, 0.3736]]}, "properties": {"link_id": "WAKI00681", "name": "Wakiso - Link 323", "district": "Wakiso", "pavement": "Unpaved", "condition": "Fair", "length_km": 0.111}}, {"type": "Feature", "geometry": {"type": "LineString", "coordinates": [[32.64835, 0.37433], [32.64834, 0.3732]]}, "properties": {"link_id": "WAKI00682", "name": "Wakiso - Link 324", "district": "Wakiso", "pavement": "Unpaved", "condition": "Fair", "length_km": 0.126}}, {"type": "Feature", "geometry": {"type": "LineString", "coordinates": [[32.64852, 0.37428], [32.64851, 0.37373]]}, "properties": {"link_id": "WAKI00683", "name": "Wakiso - Link 325", "district": "Wakiso", "pavement": "Unpaved", "condition": "Poor", "length_km": 0.062}}, {"type": "Feature", "geometry": {"type": "LineString", "coordinates": [[32.64932, 0.3743], [32.64744, 0.37436]]}, "properties": {"link_id": "WAKI00684", "name": "Wakiso - Link 326", "district": "Wakiso", "pavement": "Unpaved", "condition": "Fair", "length_km": 0.21}}, {"type": "Feature", "geometry": {"type": "LineString", "coordinates": [[32.64761, 0.37456], [32.64862, 0.37486]]}, "properties": {"link_id": "WAKI00685", "name": "Wakiso - Link 327", "district": "Wakiso", "pavement": "Unpaved", "condition": "Fair", "length_km": 0.134}}, {"type": "Feature", "geometry": {"type": "LineString", "coordinates": [[32.64895, 0.37587], [32.64746, 0.37516]]}, "properties": {"link_id": "WAKI00686", "name": "Wakiso - Link 328", "district": "Wakiso", "pavement": "Unpaved", "condition": "Fair", "length_km": 0.186}}, {"type": "Feature", "geometry": {"type": "LineString", "coordinates": [[32.6483, 0.3753], [32.64847, 0.37571]]}, "properties": {"link_id": "WAKI00687", "name": "Wakiso - Link 329", "district": "Wakiso", "pavement": "Unpaved", "condition": "Fair", "length_km": 0.067}}, {"type": "Feature", "geometry": {"type": "LineString", "coordinates": [[32.64988, 0.37581], [32.64984, 0.37527]]}, "properties": {"link_id": "WAKI00688", "name": "Wakiso - Link 330", "district": "Wakiso", "pavement": "Unpaved", "condition": "Poor", "length_km": 0.06}}, {"type": "Feature", "geometry": {"type": "LineString", "coordinates": [[32.64987, 0.37526], [32.64979, 0.37496]]}, "properties": {"link_id": "WAKI00689", "name": "Wakiso - Link 331", "district": "Wakiso", "pavement": "Unpaved", "condition": "Fair", "length_km": 0.036}}, {"type": "Feature", "geometry": {"type": "LineString", "coordinates": [[32.64912, 0.37523], [32.65101, 0.37526]]}, "properties": {"link_id": "WAKI00690", "name": "Wakiso - Link 332", "district": "Wakiso", "pavement": "Unpaved", "condition": "Fair", "length_km": 0.211}}, {"type": "Feature", "geometry": {"type": "LineString", "coordinates": [[32.64933, 0.37413], [32.65099, 0.37549]]}, "properties": {"link_id": "WAKI00691", "name": "Wakiso - Link 333", "district": "Wakiso", "pavement": "Unpaved", "condition": "Fair", "length_km": 0.352}}, {"type": "Feature", "geometry": {"type": "LineString", "coordinates": [[32.64982, 0.37406], [32.64985, 0.37455]]}, "properties": {"link_id": "WAKI00692", "name": "Wakiso - Link 334", "district": "Wakiso", "pavement": "Unpaved", "condition": "Fair", "length_km": 0.054}}, {"type": "Feature", "geometry": {"type": "LineString", "coordinates": [[32.64927, 0.37459], [32.64929, 0.37447]]}, "properties": {"link_id": "WAKI00693", "name": "Wakiso - Link 335", "district": "Wakiso", "pavement": "Unpaved", "condition": "Poor", "length_km": 0.115}}, {"type": "Feature", "geometry": {"type": "LineString", "coordinates": [[32.64934, 0.37391], [32.64934, 0.37374]]}, "properties": {"link_id": "WAKI00694", "name": "Wakiso - Link 336", "district": "Wakiso", "pavement": "Unpaved", "condition": "Poor", "length_km": 0.087}}, {"type": "Feature", "geometry": {"type": "LineString", "coordinates": [[32.65003, 0.37276], [32.65004, 0.37341]]}, "properties": {"link_id": "WAKI00695", "name": "Wakiso - Link 337", "district": "Wakiso", "pavement": "Unpaved", "condition": "Fair", "length_km": 0.073}}, {"type": "Feature", "geometry": {"type": "LineString", "coordinates": [[32.65047, 0.3739], [32.65054, 0.37476]]}, "properties": {"link_id": "WAKI00696", "name": "Wakiso - Link 338", "district": "Wakiso", "pavement": "Unpaved", "condition": "Poor", "length_km": 0.096}}, {"type": "Feature", "geometry": {"type": "LineString", "coordinates": [[32.65099, 0.37549], [32.65132, 0.37555]]}, "properties": {"link_id": "WAKI00697", "name": "Wakiso - Link 339", "district": "Wakiso", "pavement": "Unpaved", "condition": "Poor", "length_km": 0.044}}, {"type": "Feature", "geometry": {"type": "LineString", "coordinates": [[32.65116, 0.37671], [32.65095, 0.3757]]}, "properties": {"link_id": "WAKI00698", "name": "Wakiso - Link 340", "district": "Wakiso", "pavement": "Unpaved", "condition": "Fair", "length_km": 0.115}}, {"type": "Feature", "geometry": {"type": "LineString", "coordinates": [[32.65174, 0.37656], [32.65155, 0.37613]]}, "properties": {"link_id": "WAKI00699", "name": "Wakiso - Link 341", "district": "Wakiso", "pavement": "Unpaved", "condition": "Poor", "length_km": 0.056}}, {"type": "Feature", "geometry": {"type": "LineString", "coordinates": [[32.65232, 0.37644], [32.65097, 0.37492]]}, "properties": {"link_id": "WAKI00700", "name": "Wakiso - Link 342", "district": "Wakiso", "pavement": "Unpaved", "condition": "Fair", "length_km": 0.288}}, {"type": "Feature", "geometry": {"type": "LineString", "coordinates": [[32.65125, 0.37555], [32.65157, 0.37543]]}, "properties": {"link_id": "WAKI00701", "name": "Wakiso - Link 343", "district": "Wakiso", "pavement": "Unpaved", "condition": "Poor", "length_km": 0.042}}, {"type": "Feature", "geometry": {"type": "LineString", "coordinates": [[32.65318, 0.37656], [32.65307, 0.37573]]}, "properties": {"link_id": "WAKI00702", "name": "Lynn Close", "district": "Wakiso", "pavement": "Unpaved", "condition": "Fair", "length_km": 0.097}}, {"type": "Feature", "geometry": {"type": "LineString", "coordinates": [[32.65295, 0.3752], [32.65302, 0.37569]]}, "properties": {"link_id": "WAKI00703", "name": "Wakiso - Link 344", "district": "Wakiso", "pavement": "Unpaved", "condition": "Fair", "length_km": 0.056}}, {"type": "Feature", "geometry": {"type": "LineString", "coordinates": [[32.65181, 0.37479], [32.65355, 0.37497]]}, "properties": {"link_id": "WAKI00704", "name": "Wakiso - Link 345", "district": "Wakiso", "pavement": "Unpaved", "condition": "Fair", "length_km": 0.247}}, {"type": "Feature", "geometry": {"type": "LineString", "coordinates": [[32.65234, 0.37492], [32.65287, 0.37488]]}, "properties": {"link_id": "WAKI00705", "name": "Wakiso - Link 346", "district": "Wakiso", "pavement": "Unpaved", "condition": "Fair", "length_km": 0.06}}, {"type": "Feature", "geometry": {"type": "LineString", "coordinates": [[32.65279, 0.37326], [32.65199, 0.37274]]}, "properties": {"link_id": "WAKI00706", "name": "Wakiso - Link 347", "district": "Wakiso", "pavement": "Unpaved", "condition": "Fair", "length_km": 0.135}}, {"type": "Feature", "geometry": {"type": "LineString", "coordinates": [[32.65078, 0.37387], [32.65469, 0.37226]]}, "properties": {"link_id": "WAKI00707", "name": "Wakiso - Link 348", "district": "Wakiso", "pavement": "Unpaved", "condition": "Fair", "length_km": 0.491}}, {"type": "Feature", "geometry": {"type": "LineString", "coordinates": [[32.65285, 0.37137], [32.65327, 0.3717]]}, "properties": {"link_id": "WAKI00708", "name": "Wakiso - Link 349", "district": "Wakiso", "pavement": "Unpaved", "condition": "Poor", "length_km": 0.081}}, {"type": "Feature", "geometry": {"type": "LineString", "coordinates": [[32.65061, 0.37186], [32.65082, 0.3738]]}, "properties": {"link_id": "WAKI00709", "name": "Wakiso - Link 350", "district": "Wakiso", "pavement": "Unpaved", "condition": "Fair", "length_km": 0.22}}, {"type": "Feature", "geometry": {"type": "LineString", "coordinates": [[32.6506, 0.37138], [32.65061, 0.37186]]}, "properties": {"link_id": "WAKI00710", "name": "Wakiso - Link 351", "district": "Wakiso", "pavement": "Unpaved", "condition": "Fair", "length_km": 0.053}}, {"type": "Feature", "geometry": {"type": "LineString", "coordinates": [[32.65123, 0.37098], [32.65164, 0.3722]]}, "properties": {"link_id": "WAKI00711", "name": "Wakiso - Link 352", "district": "Wakiso", "pavement": "Unpaved", "condition": "Fair", "length_km": 0.143}}, {"type": "Feature", "geometry": {"type": "LineString", "coordinates": [[32.65193, 0.37095], [32.65171, 0.36993]]}, "properties": {"link_id": "WAKI00712", "name": "Wakiso - Link 353", "district": "Wakiso", "pavement": "Unpaved", "condition": "Fair", "length_km": 0.12}}, {"type": "Feature", "geometry": {"type": "LineString", "coordinates": [[32.65155, 0.36987], [32.65142, 0.36932]]}, "properties": {"link_id": "WAKI00713", "name": "Wakiso - Link 354", "district": "Wakiso", "pavement": "Unpaved", "condition": "Fair", "length_km": 0.063}}, {"type": "Feature", "geometry": {"type": "LineString", "coordinates": [[32.64932, 0.37113], [32.65291, 0.36895]]}, "properties": {"link_id": "WAKI00714", "name": "Wakiso - Link 355", "district": "Wakiso", "pavement": "Unpaved", "condition": "Fair", "length_km": 0.679}}, {"type": "Feature", "geometry": {"type": "LineString", "coordinates": [[32.65276, 0.36991], [32.65155, 0.36987]]}, "properties": {"link_id": "WAKI00715", "name": "Wakiso - Link 356", "district": "Wakiso", "pavement": "Unpaved", "condition": "Fair", "length_km": 0.142}}, {"type": "Feature", "geometry": {"type": "LineString", "coordinates": [[32.65443, 0.3702], [32.65407, 0.37041]]}, "properties": {"link_id": "WAKI00716", "name": "Wakiso - Link 357", "district": "Wakiso", "pavement": "Unpaved", "condition": "Fair", "length_km": 0.046}}, {"type": "Feature", "geometry": {"type": "LineString", "coordinates": [[32.65429, 0.36994], [32.65435, 0.36883]]}, "properties": {"link_id": "WAKI00717", "name": "Wakiso - Link 358", "district": "Wakiso", "pavement": "Unpaved", "condition": "Fair", "length_km": 0.175}}, {"type": "Feature", "geometry": {"type": "LineString", "coordinates": [[32.65549, 0.3702], [32.65555, 0.36967]]}, "properties": {"link_id": "WAKI00718", "name": "Wakiso - Link 359", "district": "Wakiso", "pavement": "Unpaved", "condition": "Fair", "length_km": 0.059}}, {"type": "Feature", "geometry": {"type": "LineString", "coordinates": [[32.65498, 0.37165], [32.65599, 0.37112]]}, "properties": {"link_id": "WAKI00719", "name": "Wakiso - Link 360", "district": "Wakiso", "pavement": "Unpaved", "condition": "Fair", "length_km": 0.13}}, {"type": "Feature", "geometry": {"type": "LineString", "coordinates": [[32.65534, 0.3715], [32.65647, 0.37192]]}, "properties": {"link_id": "WAKI00720", "name": "Bantubalamu Road", "district": "Wakiso", "pavement": "Unpaved", "condition": "Fair", "length_km": 0.135}}, {"type": "Feature", "geometry": {"type": "LineString", "coordinates": [[32.65565, 0.37257], [32.65592, 0.3724]]}, "properties": {"link_id": "WAKI00721", "name": "Wakiso - Link 361", "district": "Wakiso", "pavement": "Unpaved", "condition": "Fair", "length_km": 0.035}}, {"type": "Feature", "geometry": {"type": "LineString", "coordinates": [[32.6542, 0.37244], [32.65519, 0.37195]]}, "properties": {"link_id": "WAKI00722", "name": "Wakiso - Link 362", "district": "Wakiso", "pavement": "Unpaved", "condition": "Poor", "length_km": 0.123}}, {"type": "Feature", "geometry": {"type": "LineString", "coordinates": [[32.65427, 0.37205], [32.65436, 0.37236]]}, "properties": {"link_id": "WAKI00723", "name": "Wakiso - Link 363", "district": "Wakiso", "pavement": "Unpaved", "condition": "Poor", "length_km": 0.036}}, {"type": "Feature", "geometry": {"type": "LineString", "coordinates": [[32.65388, 0.37151], [32.65463, 0.37119]]}, "properties": {"link_id": "WAKI00724", "name": "Wakiso - Link 364", "district": "Wakiso", "pavement": "Unpaved", "condition": "Fair", "length_km": 0.091}}, {"type": "Feature", "geometry": {"type": "LineString", "coordinates": [[32.64844, 0.36631], [32.6591, 0.37675]]}, "properties": {"link_id": "WAKI00725", "name": "Wakiso - Link 365", "district": "Wakiso", "pavement": "Unpaved", "condition": "Fair", "length_km": 1.775}}, {"type": "Feature", "geometry": {"type": "LineString", "coordinates": [[32.65447, 0.37097], [32.65266, 0.37193]]}, "properties": {"link_id": "WAKI00726", "name": "Wakiso - Link 366", "district": "Wakiso", "pavement": "Unpaved", "condition": "Fair", "length_km": 0.241}}, {"type": "Feature", "geometry": {"type": "LineString", "coordinates": [[32.65301, 0.37348], [32.65428, 0.37413]]}, "properties": {"link_id": "WAKI00727", "name": "Wakiso - Link 367", "district": "Wakiso", "pavement": "Unpaved", "condition": "Fair", "length_km": 0.224}}, {"type": "Feature", "geometry": {"type": "LineString", "coordinates": [[32.65336, 0.37339], [32.65367, 0.37423]]}, "properties": {"link_id": "WAKI00728", "name": "Wakiso - Link 368", "district": "Wakiso", "pavement": "Unpaved", "condition": "Fair", "length_km": 0.099}}, {"type": "Feature", "geometry": {"type": "LineString", "coordinates": [[32.65293, 0.37323], [32.65376, 0.37533]]}, "properties": {"link_id": "WAKI00729", "name": "Wakiso - Link 369", "district": "Wakiso", "pavement": "Unpaved", "condition": "Fair", "length_km": 0.256}}, {"type": "Feature", "geometry": {"type": "LineString", "coordinates": [[32.65314, 0.37607], [32.65387, 0.376]]}, "properties": {"link_id": "WAKI00730", "name": "Wakiso - Link 370", "district": "Wakiso", "pavement": "Unpaved", "condition": "Fair", "length_km": 0.083}}, {"type": "Feature", "geometry": {"type": "LineString", "coordinates": [[32.65387, 0.376], [32.65391, 0.37596]]}, "properties": {"link_id": "WAKI00731", "name": "Wakiso - Link 371", "district": "Wakiso", "pavement": "Unpaved", "condition": "Fair", "length_km": 0.01}}, {"type": "Feature", "geometry": {"type": "LineString", "coordinates": [[32.65391, 0.37596], [32.65376, 0.37533]]}, "properties": {"link_id": "WAKI00732", "name": "Wakiso - Link 372", "district": "Wakiso", "pavement": "Unpaved", "condition": "Fair", "length_km": 0.074}}, {"type": "Feature", "geometry": {"type": "LineString", "coordinates": [[32.65482, 0.37442], [32.65541, 0.37504]]}, "properties": {"link_id": "WAKI00733", "name": "Wakiso - Link 373", "district": "Wakiso", "pavement": "Unpaved", "condition": "Fair", "length_km": 0.095}}, {"type": "Feature", "geometry": {"type": "LineString", "coordinates": [[32.65432, 0.37492], [32.65534, 0.37578]]}, "properties": {"link_id": "WAKI00734", "name": "Wakiso - Link 374", "district": "Wakiso", "pavement": "Unpaved", "condition": "Fair", "length_km": 0.149}}, {"type": "Feature", "geometry": {"type": "LineString", "coordinates": [[32.65584, 0.37541], [32.65622, 0.37503]]}, "properties": {"link_id": "WAKI00735", "name": "Wakiso - Link 375", "district": "Wakiso", "pavement": "Unpaved", "condition": "Fair", "length_km": 0.06}}, {"type": "Feature", "geometry": {"type": "LineString", "coordinates": [[32.65584, 0.37541], [32.65589, 0.37545]]}, "properties": {"link_id": "WAKI00736", "name": "Wakiso - Link 376", "district": "Wakiso", "pavement": "Unpaved", "condition": "Fair", "length_km": 0.01}}, {"type": "Feature", "geometry": {"type": "LineString", "coordinates": [[32.65541, 0.37504], [32.65584, 0.37541]]}, "properties": {"link_id": "WAKI00737", "name": "Wakiso - Link 377", "district": "Wakiso", "pavement": "Unpaved", "condition": "Fair", "length_km": 0.063}}, {"type": "Feature", "geometry": {"type": "LineString", "coordinates": [[32.6553, 0.37455], [32.65589, 0.3749]]}, "properties": {"link_id": "WAKI00738", "name": "Wakiso - Link 378", "district": "Wakiso", "pavement": "Unpaved", "condition": "Poor", "length_km": 0.079}}, {"type": "Feature", "geometry": {"type": "LineString", "coordinates": [[32.65512, 0.37474], [32.65567, 0.37417]]}, "properties": {"link_id": "WAKI00739", "name": "Wakiso - Link 379", "district": "Wakiso", "pavement": "Unpaved", "condition": "Fair", "length_km": 0.088}}, {"type": "Feature", "geometry": {"type": "LineString", "coordinates": [[32.65611, 0.37324], [32.65376, 0.37533]]}, "properties": {"link_id": "WAKI00740", "name": "Wakiso - Link 380", "district": "Wakiso", "pavement": "Unpaved", "condition": "Fair", "length_km": 0.35}}, {"type": "Feature", "geometry": {"type": "LineString", "coordinates": [[32.65507, 0.37416], [32.6549, 0.37352]]}, "properties": {"link_id": "WAKI00741", "name": "Wakiso - Link 381", "district": "Wakiso", "pavement": "Unpaved", "condition": "Fair", "length_km": 0.095}}, {"type": "Feature", "geometry": {"type": "LineString", "coordinates": [[32.65695, 0.37286], [32.65646, 0.37372]]}, "properties": {"link_id": "WAKI00742", "name": "Wakiso - Link 382", "district": "Wakiso", "pavement": "Unpaved", "condition": "Fair", "length_km": 0.11}}, {"type": "Feature", "geometry": {"type": "LineString", "coordinates": [[32.65694, 0.37413], [32.65748, 0.37311]]}, "properties": {"link_id": "WAKI00743", "name": "Wakiso - Link 383", "district": "Wakiso", "pavement": "Unpaved", "condition": "Fair", "length_km": 0.128}}, {"type": "Feature", "geometry": {"type": "LineString", "coordinates": [[32.65652, 0.37457], [32.65567, 0.37417]]}, "properties": {"link_id": "WAKI00744", "name": "Wakiso - Link 384", "district": "Wakiso", "pavement": "Unpaved", "condition": "Poor", "length_km": 0.108}}, {"type": "Feature", "geometry": {"type": "LineString", "coordinates": [[32.65778, 0.37644], [32.65741, 0.37596]]}, "properties": {"link_id": "WAKI00745", "name": "Wakiso - Link 385", "district": "Wakiso", "pavement": "Unpaved", "condition": "Fair", "length_km": 0.068}}, {"type": "Feature", "geometry": {"type": "LineString", "coordinates": [[32.65848, 0.37601], [32.65773, 0.37639]]}, "properties": {"link_id": "WAKI00746", "name": "Wakiso - Link 386", "district": "Wakiso", "pavement": "Unpaved", "condition": "Fair", "length_km": 0.094}}, {"type": "Feature", "geometry": {"type": "LineString", "coordinates": [[32.65813, 0.37557], [32.6578, 0.37578]]}, "properties": {"link_id": "WAKI00747", "name": "Wakiso - Link 387", "district": "Wakiso", "pavement": "Unpaved", "condition": "Fair", "length_km": 0.044}}, {"type": "Feature", "geometry": {"type": "LineString", "coordinates": [[32.65854, 0.37359], [32.6583, 0.37407]]}, "properties": {"link_id": "WAKI00748", "name": "Wakiso - Link 388", "district": "Wakiso", "pavement": "Unpaved", "condition": "Fair", "length_km": 0.06}}, {"type": "Feature", "geometry": {"type": "LineString", "coordinates": [[32.65803, 0.37335], [32.65749, 0.37466]]}, "properties": {"link_id": "WAKI00749", "name": "Wakiso - Link 389", "district": "Wakiso", "pavement": "Unpaved", "condition": "Fair", "length_km": 0.188}}, {"type": "Feature", "geometry": {"type": "LineString", "coordinates": [[32.65592, 0.3724], [32.65955, 0.37405]]}, "properties": {"link_id": "WAKI00750", "name": "Wakiso - Link 390", "district": "Wakiso", "pavement": "Unpaved", "condition": "Fair", "length_km": 0.444}}, {"type": "Feature", "geometry": {"type": "LineString", "coordinates": [[32.65802, 0.37137], [32.65857, 0.3714]]}, "properties": {"link_id": "WAKI00751", "name": "Wakiso - Link 391", "district": "Wakiso", "pavement": "Unpaved", "condition": "Poor", "length_km": 0.062}}, {"type": "Feature", "geometry": {"type": "LineString", "coordinates": [[32.6582, 0.37161], [32.65806, 0.37201]]}, "properties": {"link_id": "WAKI00752", "name": "Wakiso - Link 392", "district": "Wakiso", "pavement": "Unpaved", "condition": "Fair", "length_km": 0.047}}, {"type": "Feature", "geometry": {"type": "LineString", "coordinates": [[32.65721, 0.37157], [32.65895, 0.37238]]}, "properties": {"link_id": "WAKI00753", "name": "Wakiso - Link 393", "district": "Wakiso", "pavement": "Unpaved", "condition": "Fair", "length_km": 0.213}}, {"type": "Feature", "geometry": {"type": "LineString", "coordinates": [[32.6576, 0.37126], [32.65776, 0.37129]]}, "properties": {"link_id": "WAKI00754", "name": "Wakiso - Link 394", "district": "Wakiso", "pavement": "Unpaved", "condition": "Fair", "length_km": 0.019}}, {"type": "Feature", "geometry": {"type": "LineString", "coordinates": [[32.6576, 0.37126], [32.65754, 0.37104]]}, "properties": {"link_id": "WAKI00755", "name": "Wakiso - Link 395", "district": "Wakiso", "pavement": "Unpaved", "condition": "Fair", "length_km": 0.026}}, {"type": "Feature", "geometry": {"type": "LineString", "coordinates": [[32.65647, 0.37192], [32.65923, 0.37321]]}, "properties": {"link_id": "WAKI00756", "name": "Bantubalamu Road", "district": "Wakiso", "pavement": "Unpaved", "condition": "Fair", "length_km": 0.339}}, {"type": "Feature", "geometry": {"type": "LineString", "coordinates": [[32.65745, 0.37309], [32.65774, 0.37252]]}, "properties": {"link_id": "WAKI00757", "name": "Wakiso - Link 396", "district": "Wakiso", "pavement": "Unpaved", "condition": "Fair", "length_km": 0.072}}, {"type": "Feature", "geometry": {"type": "LineString", "coordinates": [[32.6572, 0.37262], [32.65734, 0.37232]]}, "properties": {"link_id": "WAKI00758", "name": "Wakiso - Link 397", "district": "Wakiso", "pavement": "Unpaved", "condition": "Poor", "length_km": 0.037}}, {"type": "Feature", "geometry": {"type": "LineString", "coordinates": [[32.65629, 0.37257], [32.65657, 0.37197]]}, "properties": {"link_id": "WAKI00759", "name": "Wakiso - Link 398", "district": "Wakiso", "pavement": "Unpaved", "condition": "Fair", "length_km": 0.073}}, {"type": "Feature", "geometry": {"type": "LineString", "coordinates": [[32.65647, 0.37192], [32.65721, 0.37157]]}, "properties": {"link_id": "WAKI00760", "name": "Wakiso - Link 399", "district": "Wakiso", "pavement": "Unpaved", "condition": "Fair", "length_km": 0.093}}, {"type": "Feature", "geometry": {"type": "LineString", "coordinates": [[32.65721, 0.37157], [32.65722, 0.37138]]}, "properties": {"link_id": "WAKI00761", "name": "Wakiso - Link 400", "district": "Wakiso", "pavement": "Unpaved", "condition": "Fair", "length_km": 0.021}}, {"type": "Feature", "geometry": {"type": "LineString", "coordinates": [[32.65706, 0.37109], [32.65722, 0.37138]]}, "properties": {"link_id": "WAKI00762", "name": "Wakiso - Link 401", "district": "Wakiso", "pavement": "Unpaved", "condition": "Poor", "length_km": 0.037}}, {"type": "Feature", "geometry": {"type": "LineString", "coordinates": [[32.65722, 0.37138], [32.6576, 0.37126]]}, "properties": {"link_id": "WAKI00763", "name": "Wakiso - Link 402", "district": "Wakiso", "pavement": "Unpaved", "condition": "Fair", "length_km": 0.044}}, {"type": "Feature", "geometry": {"type": "LineString", "coordinates": [[32.65715, 0.37003], [32.65737, 0.3705]]}, "properties": {"link_id": "WAKI00764", "name": "Wakiso - Link 403", "district": "Wakiso", "pavement": "Unpaved", "condition": "Poor", "length_km": 0.058}}, {"type": "Feature", "geometry": {"type": "LineString", "coordinates": [[32.65686, 0.37008], [32.65719, 0.37083]]}, "properties": {"link_id": "WAKI00765", "name": "Wakiso - Link 404", "district": "Wakiso", "pavement": "Unpaved", "condition": "Fair", "length_km": 0.091}}, {"type": "Feature", "geometry": {"type": "LineString", "coordinates": [[32.65637, 0.37017], [32.65637, 0.37068]]}, "properties": {"link_id": "WAKI00766", "name": "Wakiso - Link 405", "district": "Wakiso", "pavement": "Unpaved", "condition": "Fair", "length_km": 0.071}}, {"type": "Feature", "geometry": {"type": "LineString", "coordinates": [[32.65642, 0.37016], [32.65665, 0.36966]]}, "properties": {"link_id": "WAKI00767", "name": "Wakiso - Link 406", "district": "Wakiso", "pavement": "Unpaved", "condition": "Fair", "length_km": 0.061}}, {"type": "Feature", "geometry": {"type": "LineString", "coordinates": [[32.65784, 0.37101], [32.6584, 0.37085]]}, "properties": {"link_id": "WAKI00768", "name": "Wakiso - Link 407", "district": "Wakiso", "pavement": "Unpaved", "condition": "Fair", "length_km": 0.065}}, {"type": "Feature", "geometry": {"type": "LineString", "coordinates": [[32.65768, 0.3705], [32.65825, 0.37033]]}, "properties": {"link_id": "WAKI00769", "name": "Wakiso - Link 408", "district": "Wakiso", "pavement": "Unpaved", "condition": "Poor", "length_km": 0.066}}, {"type": "Feature", "geometry": {"type": "LineString", "coordinates": [[32.65857, 0.3714], [32.65809, 0.3698]]}, "properties": {"link_id": "WAKI00770", "name": "Wakiso - Link 409", "district": "Wakiso", "pavement": "Unpaved", "condition": "Fair", "length_km": 0.185}}, {"type": "Feature", "geometry": {"type": "LineString", "coordinates": [[32.65922, 0.37075], [32.65852, 0.37122]]}, "properties": {"link_id": "WAKI00771", "name": "Wakiso - Link 410", "district": "Wakiso", "pavement": "Unpaved", "condition": "Fair", "length_km": 0.095}}, {"type": "Feature", "geometry": {"type": "LineString", "coordinates": [[32.65818, 0.37011], [32.65922, 0.36983]]}, "properties": {"link_id": "WAKI00772", "name": "Wakiso - Link 411", "district": "Wakiso", "pavement": "Unpaved", "condition": "Fair", "length_km": 0.12}}, {"type": "Feature", "geometry": {"type": "LineString", "coordinates": [[32.65866, 0.36998], [32.65872, 0.3704]]}, "properties": {"link_id": "WAKI00773", "name": "Wakiso - Link 412", "district": "Wakiso", "pavement": "Unpaved", "condition": "Fair", "length_km": 0.047}}, {"type": "Feature", "geometry": {"type": "LineString", "coordinates": [[32.658, 0.36961], [32.65879, 0.36946]]}, "properties": {"link_id": "WAKI00774", "name": "Wakiso - Link 413", "district": "Wakiso", "pavement": "Unpaved", "condition": "Fair", "length_km": 0.09}}, {"type": "Feature", "geometry": {"type": "LineString", "coordinates": [[32.65772, 0.36888], [32.65922, 0.36923]]}, "properties": {"link_id": "WAKI00775", "name": "Wakiso - Link 414", "district": "Wakiso", "pavement": "Unpaved", "condition": "Fair", "length_km": 0.211}}, {"type": "Feature", "geometry": {"type": "LineString", "coordinates": [[32.65809, 0.3698], [32.65701, 0.3668]]}, "properties": {"link_id": "WAKI00776", "name": "Wakiso - Link 415", "district": "Wakiso", "pavement": "Unpaved", "condition": "Fair", "length_km": 0.355}}, {"type": "Feature", "geometry": {"type": "LineString", "coordinates": [[32.65737, 0.36788], [32.65848, 0.36777]]}, "properties": {"link_id": "WAKI00777", "name": "Wakiso - Link 416", "district": "Wakiso", "pavement": "Unpaved", "condition": "Fair", "length_km": 0.124}}, {"type": "Feature", "geometry": {"type": "LineString", "coordinates": [[32.65804, 0.36675], [32.65817, 0.36603]]}, "properties": {"link_id": "WAKI00778", "name": "Wakiso - Link 417", "district": "Wakiso", "pavement": "Unpaved", "condition": "Fair", "length_km": 0.132}}, {"type": "Feature", "geometry": {"type": "LineString", "coordinates": [[32.65727, 0.36756], [32.65795, 0.36747]]}, "properties": {"link_id": "WAKI00779", "name": "Wakiso - Link 418", "district": "Wakiso", "pavement": "Unpaved", "condition": "Fair", "length_km": 0.076}}, {"type": "Feature", "geometry": {"type": "LineString", "coordinates": [[32.65618, 0.3666], [32.65628, 0.3675]]}, "properties": {"link_id": "WAKI00780", "name": "Wakiso - Link 419", "district": "Wakiso", "pavement": "Unpaved", "condition": "Fair", "length_km": 0.1}}, {"type": "Feature", "geometry": {"type": "LineString", "coordinates": [[32.65669, 0.36671], [32.65684, 0.36721]]}, "properties": {"link_id": "WAKI00781", "name": "Wakiso - Link 420", "district": "Wakiso", "pavement": "Unpaved", "condition": "Fair", "length_km": 0.058}}, {"type": "Feature", "geometry": {"type": "LineString", "coordinates": [[32.65733, 0.36777], [32.65535, 0.3681]]}, "properties": {"link_id": "WAKI00782", "name": "Wakiso - Link 421", "district": "Wakiso", "pavement": "Unpaved", "condition": "Fair", "length_km": 0.224}}, {"type": "Feature", "geometry": {"type": "LineString", "coordinates": [[32.65647, 0.36838], [32.65643, 0.36798]]}, "properties": {"link_id": "WAKI00783", "name": "Wakiso - Link 422", "district": "Wakiso", "pavement": "Unpaved", "condition": "Fair", "length_km": 0.044}}, {"type": "Feature", "geometry": {"type": "LineString", "coordinates": [[32.65693, 0.36815], [32.65743, 0.36803]]}, "properties": {"link_id": "WAKI00784", "name": "Wakiso - Link 423", "district": "Wakiso", "pavement": "Unpaved", "condition": "Fair", "length_km": 0.057}}, {"type": "Feature", "geometry": {"type": "LineString", "coordinates": [[32.65695, 0.36861], [32.65758, 0.36844]]}, "properties": {"link_id": "WAKI00785", "name": "Wakiso - Link 424", "district": "Wakiso", "pavement": "Unpaved", "condition": "Fair", "length_km": 0.073}}, {"type": "Feature", "geometry": {"type": "LineString", "coordinates": [[32.65707, 0.36921], [32.65776, 0.36901]]}, "properties": {"link_id": "WAKI00786", "name": "Wakiso - Link 425", "district": "Wakiso", "pavement": "Unpaved", "condition": "Fair", "length_km": 0.08}}, {"type": "Feature", "geometry": {"type": "LineString", "coordinates": [[32.65531, 0.3665], [32.65809, 0.3698]]}, "properties": {"link_id": "WAKI00787", "name": "Wakiso - Link 426", "district": "Wakiso", "pavement": "Unpaved", "condition": "Fair", "length_km": 0.886}}, {"type": "Feature", "geometry": {"type": "LineString", "coordinates": [[32.65598, 0.36889], [32.65601, 0.36945]]}, "properties": {"link_id": "WAKI00788", "name": "Wakiso - Link 427", "district": "Wakiso", "pavement": "Unpaved", "condition": "Fair", "length_km": 0.062}}, {"type": "Feature", "geometry": {"type": "LineString", "coordinates": [[32.65402, 0.36784], [32.65538, 0.36759]]}, "properties": {"link_id": "WAKI00789", "name": "Wakiso - Link 428", "district": "Wakiso", "pavement": "Unpaved", "condition": "Fair", "length_km": 0.165}}, {"type": "Feature", "geometry": {"type": "LineString", "coordinates": [[32.65517, 0.369], [32.65546, 0.36933]]}, "properties": {"link_id": "WAKI00790", "name": "Wakiso - Link 429", "district": "Wakiso", "pavement": "Unpaved", "condition": "Fair", "length_km": 0.053}}, {"type": "Feature", "geometry": {"type": "LineString", "coordinates": [[32.65265, 0.3686], [32.65652, 0.36922]]}, "properties": {"link_id": "WAKI00791", "name": "Wakiso - Link 430", "district": "Wakiso", "pavement": "Unpaved", "condition": "Fair", "length_km": 0.587}}, {"type": "Feature", "geometry": {"type": "LineString", "coordinates": [[32.65413, 0.36674], [32.65432, 0.36757]]}, "properties": {"link_id": "WAKI00792", "name": "Wakiso - Link 431", "district": "Wakiso", "pavement": "Unpaved", "condition": "Fair", "length_km": 0.094}}, {"type": "Feature", "geometry": {"type": "LineString", "coordinates": [[32.65531, 0.36678], [32.65529, 0.36592]]}, "properties": {"link_id": "WAKI00793", "name": "Wakiso - Link 432", "district": "Wakiso", "pavement": "Unpaved", "condition": "Fair", "length_km": 0.123}}, {"type": "Feature", "geometry": {"type": "LineString", "coordinates": [[32.65533, 0.36712], [32.65564, 0.36708]]}, "properties": {"link_id": "WAKI00794", "name": "Wakiso - Link 433", "district": "Wakiso", "pavement": "Unpaved", "condition": "Fair", "length_km": 0.039}}, {"type": "Feature", "geometry": {"type": "LineString", "coordinates": [[32.6566, 0.36605], [32.65528, 0.36587]]}, "properties": {"link_id": "WAKI00795", "name": "Wakiso - Link 434", "district": "Wakiso", "pavement": "Unpaved", "condition": "Fair", "length_km": 0.148}}, {"type": "Feature", "geometry": {"type": "LineString", "coordinates": [[32.6553, 0.36524], [32.65626, 0.36533]]}, "properties": {"link_id": "WAKI00796", "name": "Wakiso - Link 435", "district": "Wakiso", "pavement": "Unpaved", "condition": "Fair", "length_km": 0.107}}, {"type": "Feature", "geometry": {"type": "LineString", "coordinates": [[32.65527, 0.36496], [32.65591, 0.36477]]}, "properties": {"link_id": "WAKI00797", "name": "Wakiso - Link 436", "district": "Wakiso", "pavement": "Unpaved", "condition": "Fair", "length_km": 0.074}}, {"type": "Feature", "geometry": {"type": "LineString", "coordinates": [[32.65519, 0.36433], [32.65531, 0.36587]]}, "properties": {"link_id": "WAKI00798", "name": "Wakiso - Link 437", "district": "Wakiso", "pavement": "Unpaved", "condition": "Fair", "length_km": 0.217}}, {"type": "Feature", "geometry": {"type": "LineString", "coordinates": [[32.65413, 0.36525], [32.65436, 0.36576]]}, "properties": {"link_id": "WAKI00799", "name": "Wakiso - Link 438", "district": "Wakiso", "pavement": "Unpaved", "condition": "Poor", "length_km": 0.063}}, {"type": "Feature", "geometry": {"type": "LineString", "coordinates": [[32.65389, 0.36376], [32.65474, 0.36396]]}, "properties": {"link_id": "WAKI00800", "name": "Wakiso - Link 439", "district": "Wakiso", "pavement": "Unpaved", "condition": "Fair", "length_km": 0.117}}, {"type": "Feature", "geometry": {"type": "LineString", "coordinates": [[32.65386, 0.36297], [32.65384, 0.36153]]}, "properties": {"link_id": "WAKI00801", "name": "Wakiso - Link 440", "district": "Wakiso", "pavement": "Unpaved", "condition": "Fair", "length_km": 0.198}}, {"type": "Feature", "geometry": {"type": "LineString", "coordinates": [[32.65445, 0.36217], [32.6549, 0.36253]]}, "properties": {"link_id": "WAKI00802", "name": "Wakiso - Link 441", "district": "Wakiso", "pavement": "Unpaved", "condition": "Fair", "length_km": 0.064}}, {"type": "Feature", "geometry": {"type": "LineString", "coordinates": [[32.6548, 0.36312], [32.65512, 0.36351]]}, "properties": {"link_id": "WAKI00803", "name": "Wakiso - Link 442", "district": "Wakiso", "pavement": "Unpaved", "condition": "Fair", "length_km": 0.056}}, {"type": "Feature", "geometry": {"type": "LineString", "coordinates": [[32.65669, 0.36511], [32.65535, 0.3628]]}, "properties": {"link_id": "WAKI00804", "name": "Wakiso - Link 443", "district": "Wakiso", "pavement": "Unpaved", "condition": "Fair", "length_km": 0.3}}, {"type": "Feature", "geometry": {"type": "LineString", "coordinates": [[32.65422, 0.36525], [32.65821, 0.36213]]}, "properties": {"link_id": "WAKI00805", "name": "Wakiso - Link 444", "district": "Wakiso", "pavement": "Unpaved", "condition": "Fair", "length_km": 0.728}}, {"type": "Feature", "geometry": {"type": "LineString", "coordinates": [[32.65591, 0.36255], [32.65664, 0.36347]]}, "properties": {"link_id": "WAKI00806", "name": "Wakiso - Link 445", "district": "Wakiso", "pavement": "Unpaved", "condition": "Fair", "length_km": 0.131}}, {"type": "Feature", "geometry": {"type": "LineString", "coordinates": [[32.65644, 0.36225], [32.65695, 0.3629]]}, "properties": {"link_id": "WAKI00807", "name": "Wakiso - Link 446", "district": "Wakiso", "pavement": "Unpaved", "condition": "Fair", "length_km": 0.091}}, {"type": "Feature", "geometry": {"type": "LineString", "coordinates": [[32.65611, 0.36373], [32.65769, 0.363]]}, "properties": {"link_id": "WAKI00808", "name": "Wakiso - Link 447", "district": "Wakiso", "pavement": "Unpaved", "condition": "Fair", "length_km": 0.195}}, {"type": "Feature", "geometry": {"type": "LineString", "coordinates": [[32.65682, 0.36342], [32.65799, 0.36683]]}, "properties": {"link_id": "WAKI00809", "name": "Wakiso - Link 448", "district": "Wakiso", "pavement": "Unpaved", "condition": "Fair", "length_km": 0.41}}, {"type": "Feature", "geometry": {"type": "LineString", "coordinates": [[32.65744, 0.36312], [32.65817, 0.36603]]}, "properties": {"link_id": "WAKI00810", "name": "Wakiso - Link 449", "district": "Wakiso", "pavement": "Unpaved", "condition": "Fair", "length_km": 0.341}}, {"type": "Feature", "geometry": {"type": "LineString", "coordinates": [[32.65747, 0.36178], [32.65769, 0.363]]}, "properties": {"link_id": "WAKI00811", "name": "Wakiso - Link 450", "district": "Wakiso", "pavement": "Unpaved", "condition": "Fair", "length_km": 0.168}}, {"type": "Feature", "geometry": {"type": "LineString", "coordinates": [[32.6595, 0.36166], [32.65821, 0.36213]]}, "properties": {"link_id": "WAKI00812", "name": "Wakiso - Link 451", "district": "Wakiso", "pavement": "Unpaved", "condition": "Fair", "length_km": 0.201}}, {"type": "Feature", "geometry": {"type": "LineString", "coordinates": [[32.65938, 0.3616], [32.65824, 0.3614]]}, "properties": {"link_id": "WAKI00813", "name": "Wakiso - Link 452", "district": "Wakiso", "pavement": "Unpaved", "condition": "Fair", "length_km": 0.133}}, {"type": "Feature", "geometry": {"type": "LineString", "coordinates": [[32.65829, 0.36032], [32.65865, 0.36066]]}, "properties": {"link_id": "WAKI00814", "name": "Wakiso - Link 453", "district": "Wakiso", "pavement": "Unpaved", "condition": "Fair", "length_km": 0.055}}, {"type": "Feature", "geometry": {"type": "LineString", "coordinates": [[32.6584, 0.36147], [32.65882, 0.3611]]}, "properties": {"link_id": "WAKI00815", "name": "Wakiso - Link 454", "district": "Wakiso", "pavement": "Unpaved", "condition": "Poor", "length_km": 0.063}}, {"type": "Feature", "geometry": {"type": "LineString", "coordinates": [[32.65817, 0.36079], [32.65943, 0.3604]]}, "properties": {"link_id": "WAKI00816", "name": "Wakiso - Link 455", "district": "Wakiso", "pavement": "Unpaved", "condition": "Fair", "length_km": 0.15}}, {"type": "Feature", "geometry": {"type": "LineString", "coordinates": [[32.65831, 0.35939], [32.65847, 0.35915]]}, "properties": {"link_id": "WAKI00817", "name": "Wakiso - Link 456", "district": "Wakiso", "pavement": "Unpaved", "condition": "Fair", "length_km": 0.032}}, {"type": "Feature", "geometry": {"type": "LineString", "coordinates": [[32.65756, 0.35959], [32.65809, 0.35917]]}, "properties": {"link_id": "WAKI00818", "name": "Wakiso - Link 457", "district": "Wakiso", "pavement": "Unpaved", "condition": "Fair", "length_km": 0.075}}, {"type": "Feature", "geometry": {"type": "LineString", "coordinates": [[32.65772, 0.36082], [32.65853, 0.35958]]}, "properties": {"link_id": "WAKI00819", "name": "Wakiso - Link 458", "district": "Wakiso", "pavement": "Unpaved", "condition": "Fair", "length_km": 0.21}}, {"type": "Feature", "geometry": {"type": "LineString", "coordinates": [[32.65672, 0.359], [32.65739, 0.35855]]}, "properties": {"link_id": "WAKI00820", "name": "Wakiso - Link 459", "district": "Wakiso", "pavement": "Unpaved", "condition": "Fair", "length_km": 0.098}}, {"type": "Feature", "geometry": {"type": "LineString", "coordinates": [[32.65672, 0.35917], [32.65626, 0.35936]]}, "properties": {"link_id": "WAKI00821", "name": "Wakiso - Link 460", "district": "Wakiso", "pavement": "Unpaved", "condition": "Fair", "length_km": 0.06}}, {"type": "Feature", "geometry": {"type": "LineString", "coordinates": [[32.65671, 0.35975], [32.65603, 0.35974]]}, "properties": {"link_id": "WAKI00822", "name": "Wakiso - Link 461", "district": "Wakiso", "pavement": "Unpaved", "condition": "Fair", "length_km": 0.076}}, {"type": "Feature", "geometry": {"type": "LineString", "coordinates": [[32.65559, 0.36117], [32.65673, 0.35908]]}, "properties": {"link_id": "WAKI00823", "name": "Wakiso - Link 462", "district": "Wakiso", "pavement": "Unpaved", "condition": "Fair", "length_km": 0.3}}, {"type": "Feature", "geometry": {"type": "LineString", "coordinates": [[32.6565, 0.36222], [32.65638, 0.36203]]}, "properties": {"link_id": "WAKI00824", "name": "Wakiso - Link 463", "district": "Wakiso", "pavement": "Unpaved", "condition": "Fair", "length_km": 0.025}}, {"type": "Feature", "geometry": {"type": "LineString", "coordinates": [[32.65595, 0.36119], [32.65706, 0.36196]]}, "properties": {"link_id": "WAKI00825", "name": "Wakiso - Link 464", "district": "Wakiso", "pavement": "Unpaved", "condition": "Fair", "length_km": 0.158}}, {"type": "Feature", "geometry": {"type": "LineString", "coordinates": [[32.65559, 0.36117], [32.65591, 0.36255]]}, "properties": {"link_id": "WAKI00826", "name": "Wakiso - Link 465", "district": "Wakiso", "pavement": "Unpaved", "condition": "Fair", "length_km": 0.178}}, {"type": "Feature", "geometry": {"type": "LineString", "coordinates": [[32.65551, 0.36199], [32.65591, 0.36174]]}, "properties": {"link_id": "WAKI00827", "name": "Wakiso - Link 466", "district": "Wakiso", "pavement": "Unpaved", "condition": "Fair", "length_km": 0.051}}, {"type": "Feature", "geometry": {"type": "LineString", "coordinates": [[32.65585, 0.3604], [32.65631, 0.36065]]}, "properties": {"link_id": "WAKI00828", "name": "Wakiso - Link 467", "district": "Wakiso", "pavement": "Unpaved", "condition": "Fair", "length_km": 0.057}}, {"type": "Feature", "geometry": {"type": "LineString", "coordinates": [[32.65489, 0.36109], [32.65559, 0.36117]]}, "properties": {"link_id": "WAKI00829", "name": "Wakiso - Link 468", "district": "Wakiso", "pavement": "Unpaved", "condition": "Fair", "length_km": 0.078}}, {"type": "Feature", "geometry": {"type": "LineString", "coordinates": [[32.65463, 0.36157], [32.65505, 0.3619]]}, "properties": {"link_id": "WAKI00830", "name": "Wakiso - Link 469", "district": "Wakiso", "pavement": "Unpaved", "condition": "Fair", "length_km": 0.06}}, {"type": "Feature", "geometry": {"type": "LineString", "coordinates": [[32.6542, 0.3619], [32.65448, 0.36205]]}, "properties": {"link_id": "WAKI00831", "name": "Wakiso - Link 470", "district": "Wakiso", "pavement": "Unpaved", "condition": "Fair", "length_km": 0.035}}, {"type": "Feature", "geometry": {"type": "LineString", "coordinates": [[32.65429, 0.36346], [32.6535, 0.36209]]}, "properties": {"link_id": "WAKI00832", "name": "Wakiso - Link 471", "district": "Wakiso", "pavement": "Unpaved", "condition": "Fair", "length_km": 0.607}}, {"type": "Feature", "geometry": {"type": "LineString", "coordinates": [[32.65437, 0.36093], [32.65433, 0.36141]]}, "properties": {"link_id": "WAKI00833", "name": "Wakiso - Link 472", "district": "Wakiso", "pavement": "Unpaved", "condition": "Fair", "length_km": 0.055}}, {"type": "Feature", "geometry": {"type": "LineString", "coordinates": [[32.65431, 0.36024], [32.655, 0.36028]]}, "properties": {"link_id": "WAKI00834", "name": "Wakiso - Link 473", "district": "Wakiso", "pavement": "Unpaved", "condition": "Fair", "length_km": 0.076}}, {"type": "Feature", "geometry": {"type": "LineString", "coordinates": [[32.65497, 0.35955], [32.65455, 0.35942]]}, "properties": {"link_id": "WAKI00835", "name": "Wakiso - Link 474", "district": "Wakiso", "pavement": "Unpaved", "condition": "Fair", "length_km": 0.049}}, {"type": "Feature", "geometry": {"type": "LineString", "coordinates": [[32.65499, 0.3611], [32.65497, 0.35955]]}, "properties": {"link_id": "WAKI00836", "name": "Wakiso - Link 475", "district": "Wakiso", "pavement": "Unpaved", "condition": "Fair", "length_km": 0.187}}, {"type": "Feature", "geometry": {"type": "LineString", "coordinates": [[32.65609, 0.35836], [32.65497, 0.35955]]}, "properties": {"link_id": "WAKI00837", "name": "Wakiso - Link 476", "district": "Wakiso", "pavement": "Unpaved", "condition": "Fair", "length_km": 0.212}}, {"type": "Feature", "geometry": {"type": "LineString", "coordinates": [[32.65461, 0.35641], [32.65589, 0.35754]]}, "properties": {"link_id": "WAKI00838", "name": "Wakiso - Link 477", "district": "Wakiso", "pavement": "Unpaved", "condition": "Fair", "length_km": 0.261}}, {"type": "Feature", "geometry": {"type": "LineString", "coordinates": [[32.65364, 0.35811], [32.65483, 0.35591]]}, "properties": {"link_id": "WAKI00839", "name": "Nyondo Road", "district": "Wakiso", "pavement": "Unpaved", "condition": "Fair", "length_km": 0.334}}, {"type": "Feature", "geometry": {"type": "LineString", "coordinates": [[32.6572, 0.3561], [32.65686, 0.3555]]}, "properties": {"link_id": "WAKI00840", "name": "Wakiso - Link 478", "district": "Wakiso", "pavement": "Unpaved", "condition": "Fair", "length_km": 0.078}}, {"type": "Feature", "geometry": {"type": "LineString", "coordinates": [[32.65629, 0.35716], [32.65658, 0.35753]]}, "properties": {"link_id": "WAKI00841", "name": "Wakiso - Link 479", "district": "Wakiso", "pavement": "Unpaved", "condition": "Fair", "length_km": 0.052}}, {"type": "Feature", "geometry": {"type": "LineString", "coordinates": [[32.65597, 0.35776], [32.65673, 0.35908]]}, "properties": {"link_id": "WAKI00842", "name": "Wakiso - Link 480", "district": "Wakiso", "pavement": "Unpaved", "condition": "Fair", "length_km": 0.187}}, {"type": "Feature", "geometry": {"type": "LineString", "coordinates": [[32.65754, 0.35673], [32.65651, 0.35744]]}, "properties": {"link_id": "WAKI00843", "name": "Wakiso - Link 481", "district": "Wakiso", "pavement": "Unpaved", "condition": "Fair", "length_km": 0.14}}, {"type": "Feature", "geometry": {"type": "LineString", "coordinates": [[32.65715, 0.35614], [32.65784, 0.35692]]}, "properties": {"link_id": "WAKI00844", "name": "Wakiso - Link 482", "district": "Wakiso", "pavement": "Unpaved", "condition": "Fair", "length_km": 0.12}}, {"type": "Feature", "geometry": {"type": "LineString", "coordinates": [[32.65792, 0.35528], [32.65794, 0.35653]]}, "properties": {"link_id": "WAKI00845", "name": "Wakiso - Link 483", "district": "Wakiso", "pavement": "Unpaved", "condition": "Fair", "length_km": 0.162}}, {"type": "Feature", "geometry": {"type": "LineString", "coordinates": [[32.65822, 0.35492], [32.65876, 0.35494]]}, "properties": {"link_id": "WAKI00846", "name": "Wakiso - Link 484", "district": "Wakiso", "pavement": "Unpaved", "condition": "Poor", "length_km": 0.079}}, {"type": "Feature", "geometry": {"type": "LineString", "coordinates": [[32.65795, 0.35317], [32.6585, 0.35361]]}, "properties": {"link_id": "WAKI00847", "name": "Wakiso - Link 485", "district": "Wakiso", "pavement": "Unpaved", "condition": "Poor", "length_km": 0.091}}, {"type": "Feature", "geometry": {"type": "LineString", "coordinates": [[32.6579, 0.35278], [32.65744, 0.35405]]}, "properties": {"link_id": "WAKI00848", "name": "Wakiso - Link 486", "district": "Wakiso", "pavement": "Unpaved", "condition": "Fair", "length_km": 0.173}}, {"type": "Feature", "geometry": {"type": "LineString", "coordinates": [[32.6557, 0.35365], [32.65661, 0.3553]]}, "properties": {"link_id": "WAKI00849", "name": "Wakiso - Link 487", "district": "Wakiso", "pavement": "Unpaved", "condition": "Fair", "length_km": 0.263}}, {"type": "Feature", "geometry": {"type": "LineString", "coordinates": [[32.65744, 0.35477], [32.65581, 0.35336]]}, "properties": {"link_id": "WAKI00850", "name": "Wakiso - Link 488", "district": "Wakiso", "pavement": "Unpaved", "condition": "Fair", "length_km": 0.252}}, {"type": "Feature", "geometry": {"type": "LineString", "coordinates": [[32.65718, 0.3519], [32.65683, 0.35288]]}, "properties": {"link_id": "WAKI00851", "name": "Wakiso - Link 489", "district": "Wakiso", "pavement": "Unpaved", "condition": "Poor", "length_km": 0.117}}, {"type": "Feature", "geometry": {"type": "LineString", "coordinates": [[32.65827, 0.35184], [32.65753, 0.35195]]}, "properties": {"link_id": "WAKI00852", "name": "Wakiso - Link 490", "district": "Wakiso", "pavement": "Unpaved", "condition": "Poor", "length_km": 0.087}}, {"type": "Feature", "geometry": {"type": "LineString", "coordinates": [[32.66188, 0.3494], [32.6549, 0.34851]]}, "properties": {"link_id": "WAKI00853", "name": "Wakiso - Link 491", "district": "Wakiso", "pavement": "Unpaved", "condition": "Poor", "length_km": 0.808}}, {"type": "Feature", "geometry": {"type": "LineString", "coordinates": [[32.65679, 0.34773], [32.65709, 0.34937]]}, "properties": {"link_id": "WAKI00854", "name": "Wakiso - Link 492", "district": "Wakiso", "pavement": "Unpaved", "condition": "Poor", "length_km": 0.186}}, {"type": "Feature", "geometry": {"type": "LineString", "coordinates": [[32.66294, 0.35222], [32.65033, 0.34649]]}, "properties": {"link_id": "WAKI00855", "name": "Namboole Road", "district": "Wakiso", "pavement": "Unpaved", "condition": "Fair", "length_km": 1.941}}, {"type": "Feature", "geometry": {"type": "LineString", "coordinates": [[32.65697, 0.35155], [32.65739, 0.35082]]}, "properties": {"link_id": "WAKI00856", "name": "Wakiso - Link 493", "district": "Wakiso", "pavement": "Unpaved", "condition": "Poor", "length_km": 0.095}}, {"type": "Feature", "geometry": {"type": "LineString", "coordinates": [[32.65623, 0.35096], [32.65634, 0.35104]]}, "properties": {"link_id": "WAKI00857", "name": "Jinja Road", "district": "Wakiso", "pavement": "Unpaved", "condition": "Poor", "length_km": 0.014}}, {"type": "Feature", "geometry": {"type": "LineString", "coordinates": [[32.65643, 0.35111], [32.6566, 0.35127]]}, "properties": {"link_id": "WAKI00858", "name": "Wakiso - Link 494", "district": "Wakiso", "pavement": "Unpaved", "condition": "Poor", "length_km": 0.097}}, {"type": "Feature", "geometry": {"type": "LineString", "coordinates": [[32.65632, 0.35125], [32.6565, 0.35139]]}, "properties": {"link_id": "WAKI00859", "name": "Wakiso - Link 495", "district": "Wakiso", "pavement": "Unpaved", "condition": "Poor", "length_km": 0.025}}, {"type": "Feature", "geometry": {"type": "LineString", "coordinates": [[32.65586, 0.35059], [32.65623, 0.35096]]}, "properties": {"link_id": "WAKI00860", "name": "Wakiso - Link 496", "district": "Wakiso", "pavement": "Unpaved", "condition": "Poor", "length_km": 0.058}}, {"type": "Feature", "geometry": {"type": "LineString", "coordinates": [[32.65609, 0.35257], [32.65563, 0.35034]]}, "properties": {"link_id": "WAKI00861", "name": "Wakiso - Link 497", "district": "Wakiso", "pavement": "Unpaved", "condition": "Fair", "length_km": 0.339}}, {"type": "Feature", "geometry": {"type": "LineString", "coordinates": [[32.65478, 0.35159], [32.65508, 0.35049]]}, "properties": {"link_id": "WAKI00862", "name": "Wakiso - Link 498", "district": "Wakiso", "pavement": "Unpaved", "condition": "Fair", "length_km": 0.127}}, {"type": "Feature", "geometry": {"type": "LineString", "coordinates": [[32.65397, 0.34993], [32.65552, 0.35024]]}, "properties": {"link_id": "WAKI00863", "name": "Wakiso - Link 499", "district": "Wakiso", "pavement": "Unpaved", "condition": "Fair", "length_km": 0.202}}, {"type": "Feature", "geometry": {"type": "LineString", "coordinates": [[32.65436, 0.34923], [32.65586, 0.35059]]}, "properties": {"link_id": "WAKI00864", "name": "Wakiso - Link 500", "district": "Wakiso", "pavement": "Unpaved", "condition": "Poor", "length_km": 0.226}}, {"type": "Feature", "geometry": {"type": "LineString", "coordinates": [[32.65634, 0.35104], [32.65453, 0.34852]]}, "properties": {"link_id": "WAKI00865", "name": "Wakiso - Link 501", "district": "Wakiso", "pavement": "Unpaved", "condition": "Poor", "length_km": 0.345}}, {"type": "Feature", "geometry": {"type": "LineString", "coordinates": [[32.65634, 0.35104], [32.65445, 0.34887]]}, "properties": {"link_id": "WAKI00866", "name": "Jinja - Kampala Road", "district": "Wakiso", "pavement": "Paved", "condition": "Good", "length_km": 0.32}}, {"type": "Feature", "geometry": {"type": "LineString", "coordinates": [[32.65564, 0.34885], [32.6549, 0.34851]]}, "properties": {"link_id": "WAKI00867", "name": "Wakiso - Link 502", "district": "Wakiso", "pavement": "Unpaved", "condition": "Poor", "length_km": 0.341}}, {"type": "Feature", "geometry": {"type": "LineString", "coordinates": [[32.65572, 0.34872], [32.65473, 0.34828]]}, "properties": {"link_id": "WAKI00868", "name": "Wakiso - Link 503", "district": "Wakiso", "pavement": "Unpaved", "condition": "Poor", "length_km": 0.12}}, {"type": "Feature", "geometry": {"type": "LineString", "coordinates": [[32.65402, 0.34915], [32.65436, 0.34923]]}, "properties": {"link_id": "WAKI00869", "name": "Wakiso - Link 504", "district": "Wakiso", "pavement": "Unpaved", "condition": "Poor", "length_km": 0.04}}, {"type": "Feature", "geometry": {"type": "LineString", "coordinates": [[32.65427, 0.34874], [32.65445, 0.34887]]}, "properties": {"link_id": "WAKI00870", "name": "Wakiso - Link 505", "district": "Wakiso", "pavement": "Paved", "condition": "Good", "length_km": 0.025}}, {"type": "Feature", "geometry": {"type": "LineString", "coordinates": [[32.65471, 0.34831], [32.65457, 0.3482]]}, "properties": {"link_id": "WAKI00871", "name": "Wakiso - Link 506", "district": "Wakiso", "pavement": "Unpaved", "condition": "Poor", "length_km": 0.019}}, {"type": "Feature", "geometry": {"type": "LineString", "coordinates": [[32.65402, 0.34915], [32.65355, 0.34884]]}, "properties": {"link_id": "WAKI00872", "name": "Wakiso - Link 507", "district": "Wakiso", "pavement": "Paved", "condition": "Good", "length_km": 0.283}}, {"type": "Feature", "geometry": {"type": "LineString", "coordinates": [[32.65388, 0.34844], [32.65427, 0.34874]]}, "properties": {"link_id": "WAKI00873", "name": "Wakiso - Link 508", "district": "Wakiso", "pavement": "Paved", "condition": "Good", "length_km": 0.054}}, {"type": "Feature", "geometry": {"type": "LineString", "coordinates": [[32.6537, 0.34833], [32.65388, 0.34844]]}, "properties": {"link_id": "WAKI00874", "name": "Wakiso - Link 509", "district": "Wakiso", "pavement": "Paved", "condition": "Good", "length_km": 0.024}}, {"type": "Feature", "geometry": {"type": "LineString", "coordinates": [[32.65361, 0.34905], [32.65356, 0.34957]]}, "properties": {"link_id": "WAKI00875", "name": "Northern Bypass", "district": "Wakiso", "pavement": "Paved", "condition": "Good", "length_km": 0.061}}, {"type": "Feature", "geometry": {"type": "LineString", "coordinates": [[32.65355, 0.34884], [32.65361, 0.34905]]}, "properties": {"link_id": "WAKI00876", "name": "Wakiso - Link 510", "district": "Wakiso", "pavement": "Paved", "condition": "Good", "length_km": 0.024}}, {"type": "Feature", "geometry": {"type": "LineString", "coordinates": [[32.65361, 0.34905], [32.65402, 0.34915]]}, "properties": {"link_id": "WAKI00877", "name": "Wakiso - Link 511", "district": "Wakiso", "pavement": "Paved", "condition": "Good", "length_km": 0.051}}, {"type": "Feature", "geometry": {"type": "LineString", "coordinates": [[32.65361, 0.34973], [32.65395, 0.34918]]}, "properties": {"link_id": "WAKI00878", "name": "Northern Bypass", "district": "Wakiso", "pavement": "Paved", "condition": "Good", "length_km": 0.071}}, {"type": "Feature", "geometry": {"type": "LineString", "coordinates": [[32.65419, 0.35073], [32.6544, 0.35013]]}, "properties": {"link_id": "WAKI00879", "name": "Wakiso - Link 512", "district": "Wakiso", "pavement": "Unpaved", "condition": "Fair", "length_km": 0.072}}, {"type": "Feature", "geometry": {"type": "LineString", "coordinates": [[32.65405, 0.35106], [32.65488, 0.35133]]}, "properties": {"link_id": "WAKI00880", "name": "Wakiso - Link 513", "district": "Wakiso", "pavement": "Unpaved", "condition": "Fair", "length_km": 0.098}}, {"type": "Feature", "geometry": {"type": "LineString", "coordinates": [[32.65386, 0.35257], [32.65396, 0.35213]]}, "properties": {"link_id": "WAKI00881", "name": "Wakiso - Link 514", "district": "Wakiso", "pavement": "Unpaved", "condition": "Fair", "length_km": 0.05}}, {"type": "Feature", "geometry": {"type": "LineString", "coordinates": [[32.65384, 0.35267], [32.65371, 0.35336]]}, "properties": {"link_id": "WAKI00882", "name": "Wakiso - Link 515", "district": "Wakiso", "pavement": "Unpaved", "condition": "Fair", "length_km": 0.078}}, {"type": "Feature", "geometry": {"type": "LineString", "coordinates": [[32.65386, 0.35257], [32.65384, 0.35267]]}, "properties": {"link_id": "WAKI00883", "name": "Kasiita Road", "district": "Wakiso", "pavement": "Unpaved", "condition": "Fair", "length_km": 0.012}}, {"type": "Feature", "geometry": {"type": "LineString", "coordinates": [[32.65376, 0.3531], [32.65425, 0.35325]]}, "properties": {"link_id": "WAKI00884", "name": "Nakasi cCose", "district": "Wakiso", "pavement": "Unpaved", "condition": "Poor", "length_km": 0.056}}, {"type": "Feature", "geometry": {"type": "LineString", "coordinates": [[32.65505, 0.35208], [32.6544, 0.35214]]}, "properties": {"link_id": "WAKI00885", "name": "Wakiso - Link 516", "district": "Wakiso", "pavement": "Unpaved", "condition": "Fair", "length_km": 0.077}}, {"type": "Feature", "geometry": {"type": "LineString", "coordinates": [[32.65591, 0.35305], [32.65386, 0.35257]]}, "properties": {"link_id": "WAKI00886", "name": "Kasiita Road", "district": "Wakiso", "pavement": "Unpaved", "condition": "Fair", "length_km": 0.234}}, {"type": "Feature", "geometry": {"type": "LineString", "coordinates": [[32.65485, 0.35283], [32.65467, 0.35339]]}, "properties": {"link_id": "WAKI00887", "name": "Wakiso - Link 517", "district": "Wakiso", "pavement": "Unpaved", "condition": "Poor", "length_km": 0.065}}, {"type": "Feature", "geometry": {"type": "LineString", "coordinates": [[32.65552, 0.35407], [32.65426, 0.35373]]}, "properties": {"link_id": "WAKI00888", "name": "Wakiso - Link 518", "district": "Wakiso", "pavement": "Unpaved", "condition": "Fair", "length_km": 0.146}}, {"type": "Feature", "geometry": {"type": "LineString", "coordinates": [[32.65732, 0.35183], [32.65601, 0.35651]]}, "properties": {"link_id": "WAKI00889", "name": "Wakiso - Link 519", "district": "Wakiso", "pavement": "Unpaved", "condition": "Fair", "length_km": 0.78}}, {"type": "Feature", "geometry": {"type": "LineString", "coordinates": [[32.65519, 0.35502], [32.65555, 0.35513]]}, "properties": {"link_id": "WAKI00890", "name": "Labi Mulondo Close", "district": "Wakiso", "pavement": "Unpaved", "condition": "Fair", "length_km": 0.041}}, {"type": "Feature", "geometry": {"type": "LineString", "coordinates": [[32.65532, 0.35471], [32.65389, 0.35475]]}, "properties": {"link_id": "WAKI00891", "name": "Nebakka Close", "district": "Wakiso", "pavement": "Unpaved", "condition": "Fair", "length_km": 0.158}}, {"type": "Feature", "geometry": {"type": "LineString", "coordinates": [[32.65312, 0.35459], [32.6522, 0.35466]]}, "properties": {"link_id": "WAKI00892", "name": "Wakiso - Link 520", "district": "Wakiso", "pavement": "Unpaved", "condition": "Fair", "length_km": 0.102}}, {"type": "Feature", "geometry": {"type": "LineString", "coordinates": [[32.65361, 0.35387], [32.65226, 0.35373]]}, "properties": {"link_id": "WAKI00893", "name": "Wakiso - Link 521", "district": "Wakiso", "pavement": "Unpaved", "condition": "Fair", "length_km": 0.151}}, {"type": "Feature", "geometry": {"type": "LineString", "coordinates": [[32.65048, 0.35228], [32.65048, 0.35169]]}, "properties": {"link_id": "WAKI00894", "name": "Wakiso - Link 522", "district": "Wakiso", "pavement": "Unpaved", "condition": "Fair", "length_km": 0.079}}, {"type": "Feature", "geometry": {"type": "LineString", "coordinates": [[32.65108, 0.35178], [32.6519, 0.352]]}, "properties": {"link_id": "WAKI00895", "name": "Mulindwa Apuuli Close", "district": "Wakiso", "pavement": "Unpaved", "condition": "Fair", "length_km": 0.116}}, {"type": "Feature", "geometry": {"type": "LineString", "coordinates": [[32.65184, 0.35208], [32.65202, 0.35219]]}, "properties": {"link_id": "WAKI00896", "name": "Wakiso - Link 523", "district": "Wakiso", "pavement": "Unpaved", "condition": "Poor", "length_km": 0.023}}, {"type": "Feature", "geometry": {"type": "LineString", "coordinates": [[32.65215, 0.35059], [32.65256, 0.35084]]}, "properties": {"link_id": "WAKI00897", "name": "Wakiso - Link 524", "district": "Wakiso", "pavement": "Unpaved", "condition": "Fair", "length_km": 0.054}}, {"type": "Feature", "geometry": {"type": "LineString", "coordinates": [[32.65158, 0.35034], [32.6526, 0.34989]]}, "properties": {"link_id": "WAKI00898", "name": "Wakiso - Link 525", "district": "Wakiso", "pavement": "Unpaved", "condition": "Fair", "length_km": 0.168}}, {"type": "Feature", "geometry": {"type": "LineString", "coordinates": [[32.65251, 0.35019], [32.65302, 0.35044]]}, "properties": {"link_id": "WAKI00899", "name": "Wakiso - Link 526", "district": "Wakiso", "pavement": "Unpaved", "condition": "Fair", "length_km": 0.063}}, {"type": "Feature", "geometry": {"type": "LineString", "coordinates": [[32.65297, 0.349], [32.65299, 0.34974]]}, "properties": {"link_id": "WAKI00900", "name": "Wakiso - Link 527", "district": "Wakiso", "pavement": "Unpaved", "condition": "Fair", "length_km": 0.083}}, {"type": "Feature", "geometry": {"type": "LineString", "coordinates": [[32.65263, 0.34972], [32.65337, 0.34978]]}, "properties": {"link_id": "WAKI00901", "name": "Wakiso - Link 528", "district": "Wakiso", "pavement": "Unpaved", "condition": "Fair", "length_km": 0.083}}, {"type": "Feature", "geometry": {"type": "LineString", "coordinates": [[32.65257, 0.34923], [32.6526, 0.34989]]}, "properties": {"link_id": "WAKI00902", "name": "Wakiso - Link 529", "district": "Wakiso", "pavement": "Unpaved", "condition": "Fair", "length_km": 0.074}}, {"type": "Feature", "geometry": {"type": "LineString", "coordinates": [[32.65121, 0.34727], [32.65355, 0.34884]]}, "properties": {"link_id": "WAKI00903", "name": "Wakiso - Link 530", "district": "Wakiso", "pavement": "Unpaved", "condition": "Poor", "length_km": 0.315}}, {"type": "Feature", "geometry": {"type": "LineString", "coordinates": [[32.65211, 0.34949], [32.65259, 0.34943]]}, "properties": {"link_id": "WAKI00904", "name": "Wakiso - Link 531", "district": "Wakiso", "pavement": "Unpaved", "condition": "Fair", "length_km": 0.054}}, {"type": "Feature", "geometry": {"type": "LineString", "coordinates": [[32.65147, 0.34952], [32.65209, 0.34937]]}, "properties": {"link_id": "WAKI00905", "name": "Wakiso - Link 532", "district": "Wakiso", "pavement": "Unpaved", "condition": "Fair", "length_km": 0.071}}, {"type": "Feature", "geometry": {"type": "LineString", "coordinates": [[32.65094, 0.34989], [32.65149, 0.34956]]}, "properties": {"link_id": "WAKI00906", "name": "Wakiso - Link 533", "district": "Wakiso", "pavement": "Unpaved", "condition": "Fair", "length_km": 0.084}}, {"type": "Feature", "geometry": {"type": "LineString", "coordinates": [[32.65046, 0.34995], [32.65158, 0.35014]]}, "properties": {"link_id": "WAKI00907", "name": "Wakiso - Link 534", "district": "Wakiso", "pavement": "Unpaved", "condition": "Fair", "length_km": 0.146}}, {"type": "Feature", "geometry": {"type": "LineString", "coordinates": [[32.65154, 0.3498], [32.65124, 0.34986]]}, "properties": {"link_id": "WAKI00908", "name": "Wakiso - Link 535", "district": "Wakiso", "pavement": "Unpaved", "condition": "Fair", "length_km": 0.034}}, {"type": "Feature", "geometry": {"type": "LineString", "coordinates": [[32.65157, 0.35002], [32.65207, 0.34996]]}, "properties": {"link_id": "WAKI00909", "name": "Wakiso - Link 536", "district": "Wakiso", "pavement": "Unpaved", "condition": "Fair", "length_km": 0.055}}, {"type": "Feature", "geometry": {"type": "LineString", "coordinates": [[32.65122, 0.35144], [32.65072, 0.35102]]}, "properties": {"link_id": "WAKI00910", "name": "Wakiso - Link 537", "district": "Wakiso", "pavement": "Unpaved", "condition": "Fair", "length_km": 0.073}}, {"type": "Feature", "geometry": {"type": "LineString", "coordinates": [[32.64847, 0.35079], [32.65006, 0.35227]]}, "properties": {"link_id": "WAKI00911", "name": "Wakiso - Link 538", "district": "Wakiso", "pavement": "Unpaved", "condition": "Fair", "length_km": 0.281}}, {"type": "Feature", "geometry": {"type": "LineString", "coordinates": [[32.64966, 0.34977], [32.64955, 0.35072]]}, "properties": {"link_id": "WAKI00912", "name": "Wakiso - Link 539", "district": "Wakiso", "pavement": "Unpaved", "condition": "Fair", "length_km": 0.117}}, {"type": "Feature", "geometry": {"type": "LineString", "coordinates": [[32.64894, 0.34983], [32.64966, 0.34977]]}, "properties": {"link_id": "WAKI00913", "name": "Wakiso - Link 540", "district": "Wakiso", "pavement": "Unpaved", "condition": "Fair", "length_km": 0.083}}, {"type": "Feature", "geometry": {"type": "LineString", "coordinates": [[32.64983, 0.35017], [32.65041, 0.35065]]}, "properties": {"link_id": "WAKI00914", "name": "Wakiso - Link 541", "district": "Wakiso", "pavement": "Unpaved", "condition": "Fair", "length_km": 0.084}}, {"type": "Feature", "geometry": {"type": "LineString", "coordinates": [[32.65012, 0.34952], [32.6503, 0.34927]]}, "properties": {"link_id": "WAKI00915", "name": "Wakiso - Link 542", "district": "Wakiso", "pavement": "Unpaved", "condition": "Fair", "length_km": 0.034}}, {"type": "Feature", "geometry": {"type": "LineString", "coordinates": [[32.64979, 0.34936], [32.65031, 0.34961]]}, "properties": {"link_id": "WAKI00916", "name": "Wakiso - Link 543", "district": "Wakiso", "pavement": "Unpaved", "condition": "Fair", "length_km": 0.064}}, {"type": "Feature", "geometry": {"type": "LineString", "coordinates": [[32.64966, 0.34977], [32.65049, 0.34816]]}, "properties": {"link_id": "WAKI00917", "name": "Wakiso - Link 544", "district": "Wakiso", "pavement": "Unpaved", "condition": "Fair", "length_km": 0.203}}, {"type": "Feature", "geometry": {"type": "LineString", "coordinates": [[32.64878, 0.34815], [32.64709, 0.34788]]}, "properties": {"link_id": "WAKI00918", "name": "Wakiso - Link 545", "district": "Wakiso", "pavement": "Unpaved", "condition": "Fair", "length_km": 0.236}}, {"type": "Feature", "geometry": {"type": "LineString", "coordinates": [[32.64777, 0.34828], [32.64761, 0.34891]]}, "properties": {"link_id": "WAKI00919", "name": "Wakiso - Link 546", "district": "Wakiso", "pavement": "Unpaved", "condition": "Fair", "length_km": 0.073}}, {"type": "Feature", "geometry": {"type": "LineString", "coordinates": [[32.64799, 0.34965], [32.6478, 0.34937]]}, "properties": {"link_id": "WAKI00920", "name": "Wakiso - Link 547", "district": "Wakiso", "pavement": "Unpaved", "condition": "Fair", "length_km": 0.046}}, {"type": "Feature", "geometry": {"type": "LineString", "coordinates": [[32.64782, 0.3502], [32.64824, 0.35035]]}, "properties": {"link_id": "WAKI00921", "name": "Wakiso - Link 548", "district": "Wakiso", "pavement": "Unpaved", "condition": "Fair", "length_km": 0.05}}, {"type": "Feature", "geometry": {"type": "LineString", "coordinates": [[32.64894, 0.34983], [32.64773, 0.35078]]}, "properties": {"link_id": "WAKI00922", "name": "Wakiso - Link 549", "district": "Wakiso", "pavement": "Unpaved", "condition": "Fair", "length_km": 0.241}}, {"type": "Feature", "geometry": {"type": "LineString", "coordinates": [[32.64854, 0.35046], [32.64894, 0.34983]]}, "properties": {"link_id": "WAKI00923", "name": "Wakiso - Link 550", "district": "Wakiso", "pavement": "Unpaved", "condition": "Fair", "length_km": 0.083}}, {"type": "Feature", "geometry": {"type": "LineString", "coordinates": [[32.64823, 0.35152], [32.64847, 0.35079]]}, "properties": {"link_id": "WAKI00924", "name": "Wakiso - Link 551", "district": "Wakiso", "pavement": "Unpaved", "condition": "Fair", "length_km": 0.086}}, {"type": "Feature", "geometry": {"type": "LineString", "coordinates": [[32.64759, 0.3514], [32.64773, 0.35078]]}, "properties": {"link_id": "WAKI00925", "name": "Wakiso - Link 552", "district": "Wakiso", "pavement": "Unpaved", "condition": "Fair", "length_km": 0.07}}, {"type": "Feature", "geometry": {"type": "LineString", "coordinates": [[32.64841, 0.3525], [32.64827, 0.35296]]}, "properties": {"link_id": "WAKI00926", "name": "Wakiso - Link 553", "district": "Wakiso", "pavement": "Unpaved", "condition": "Fair", "length_km": 0.054}}, {"type": "Feature", "geometry": {"type": "LineString", "coordinates": [[32.64863, 0.35257], [32.64884, 0.35364]]}, "properties": {"link_id": "WAKI00927", "name": "Wakiso - Link 554", "district": "Wakiso", "pavement": "Unpaved", "condition": "Fair", "length_km": 0.121}}, {"type": "Feature", "geometry": {"type": "LineString", "coordinates": [[32.64903, 0.35263], [32.64906, 0.35217]]}, "properties": {"link_id": "WAKI00928", "name": "Wakiso - Link 555", "district": "Wakiso", "pavement": "Unpaved", "condition": "Fair", "length_km": 0.052}}, {"type": "Feature", "geometry": {"type": "LineString", "coordinates": [[32.64943, 0.3527], [32.64951, 0.35212]]}, "properties": {"link_id": "WAKI00929", "name": "Wakiso - Link 556", "district": "Wakiso", "pavement": "Unpaved", "condition": "Fair", "length_km": 0.064}}, {"type": "Feature", "geometry": {"type": "LineString", "coordinates": [[32.65074, 0.35264], [32.65006, 0.35227]]}, "properties": {"link_id": "WAKI00930", "name": "Wakiso - Link 557", "district": "Wakiso", "pavement": "Unpaved", "condition": "Fair", "length_km": 0.113}}, {"type": "Feature", "geometry": {"type": "LineString", "coordinates": [[32.6495, 0.35272], [32.64946, 0.35379]]}, "properties": {"link_id": "WAKI00931", "name": "Wakiso - Link 558", "district": "Wakiso", "pavement": "Unpaved", "condition": "Fair", "length_km": 0.129}}, {"type": "Feature", "geometry": {"type": "LineString", "coordinates": [[32.64796, 0.35274], [32.65145, 0.35325]]}, "properties": {"link_id": "WAKI00932", "name": "Wakiso - Link 559", "district": "Wakiso", "pavement": "Unpaved", "condition": "Fair", "length_km": 0.478}}, {"type": "Feature", "geometry": {"type": "LineString", "coordinates": [[32.65066, 0.35391], [32.64985, 0.35391]]}, "properties": {"link_id": "WAKI00933", "name": "Wakiso - Link 560", "district": "Wakiso", "pavement": "Unpaved", "condition": "Poor", "length_km": 0.09}}, {"type": "Feature", "geometry": {"type": "LineString", "coordinates": [[32.6497, 0.35518], [32.64985, 0.35486]]}, "properties": {"link_id": "WAKI00934", "name": "Wakiso - Link 561", "district": "Wakiso", "pavement": "Unpaved", "condition": "Poor", "length_km": 0.04}}, {"type": "Feature", "geometry": {"type": "LineString", "coordinates": [[32.64887, 0.35527], [32.65049, 0.35501]]}, "properties": {"link_id": "WAKI00935", "name": "Wakiso - Link 562", "district": "Wakiso", "pavement": "Unpaved", "condition": "Fair", "length_km": 0.219}}, {"type": "Feature", "geometry": {"type": "LineString", "coordinates": [[32.64963, 0.35432], [32.6493, 0.35517]]}, "properties": {"link_id": "WAKI00936", "name": "Wakiso - Link 563", "district": "Wakiso", "pavement": "Unpaved", "condition": "Fair", "length_km": 0.11}}, {"type": "Feature", "geometry": {"type": "LineString", "coordinates": [[32.64835, 0.35548], [32.6491, 0.35423]]}, "properties": {"link_id": "WAKI00937", "name": "Wakiso - Link 564", "district": "Wakiso", "pavement": "Unpaved", "condition": "Fair", "length_km": 0.166}}, {"type": "Feature", "geometry": {"type": "LineString", "coordinates": [[32.64818, 0.35386], [32.64855, 0.354]]}, "properties": {"link_id": "WAKI00938", "name": "Wakiso - Link 565", "district": "Wakiso", "pavement": "Unpaved", "condition": "Fair", "length_km": 0.045}}, {"type": "Feature", "geometry": {"type": "LineString", "coordinates": [[32.64808, 0.35412], [32.64818, 0.35354]]}, "properties": {"link_id": "WAKI00939", "name": "Wakiso - Link 566", "district": "Wakiso", "pavement": "Unpaved", "condition": "Fair", "length_km": 0.066}}, {"type": "Feature", "geometry": {"type": "LineString", "coordinates": [[32.64739, 0.35395], [32.64744, 0.35512]]}, "properties": {"link_id": "WAKI00940", "name": "Wakiso - Link 567", "district": "Wakiso", "pavement": "Unpaved", "condition": "Fair", "length_km": 0.224}}, {"type": "Feature", "geometry": {"type": "LineString", "coordinates": [[32.64789, 0.35529], [32.64818, 0.35472]]}, "properties": {"link_id": "WAKI00941", "name": "Wakiso - Link 568", "district": "Wakiso", "pavement": "Unpaved", "condition": "Fair", "length_km": 0.071}}, {"type": "Feature", "geometry": {"type": "LineString", "coordinates": [[32.64889, 0.35571], [32.64902, 0.35538]]}, "properties": {"link_id": "WAKI00942", "name": "Wakiso - Link 569", "district": "Wakiso", "pavement": "Unpaved", "condition": "Fair", "length_km": 0.039}}, {"type": "Feature", "geometry": {"type": "LineString", "coordinates": [[32.64801, 0.35612], [32.64839, 0.35635]]}, "properties": {"link_id": "WAKI00943", "name": "Wakiso - Link 570", "district": "Wakiso", "pavement": "Unpaved", "condition": "Poor", "length_km": 0.051}}, {"type": "Feature", "geometry": {"type": "LineString", "coordinates": [[32.64829, 0.35628], [32.64833, 0.35614]]}, "properties": {"link_id": "WAKI00944", "name": "Wakiso - Link 571", "district": "Wakiso", "pavement": "Unpaved", "condition": "Poor", "length_km": 0.017}}, {"type": "Feature", "geometry": {"type": "LineString", "coordinates": [[32.64786, 0.35666], [32.64818, 0.35541]]}, "properties": {"link_id": "WAKI00945", "name": "Wakiso - Link 572", "district": "Wakiso", "pavement": "Unpaved", "condition": "Fair", "length_km": 0.143}}, {"type": "Feature", "geometry": {"type": "LineString", "coordinates": [[32.64828, 0.35817], [32.64801, 0.35856]]}, "properties": {"link_id": "WAKI00946", "name": "Wakiso - Link 573", "district": "Wakiso", "pavement": "Unpaved", "condition": "Poor", "length_km": 0.056}}, {"type": "Feature", "geometry": {"type": "LineString", "coordinates": [[32.64741, 0.35811], [32.64876, 0.35826]]}, "properties": {"link_id": "WAKI00947", "name": "Wakiso - Link 574", "district": "Wakiso", "pavement": "Unpaved", "condition": "Fair", "length_km": 0.152}}, {"type": "Feature", "geometry": {"type": "LineString", "coordinates": [[32.64925, 0.35754], [32.64858, 0.35676]]}, "properties": {"link_id": "WAKI00948", "name": "Wakiso - Link 575", "district": "Wakiso", "pavement": "Unpaved", "condition": "Fair", "length_km": 0.142}}, {"type": "Feature", "geometry": {"type": "LineString", "coordinates": [[32.64908, 0.35778], [32.64996, 0.35805]]}, "properties": {"link_id": "WAKI00949", "name": "Ntulume Close", "district": "Wakiso", "pavement": "Unpaved", "condition": "Fair", "length_km": 0.102}}, {"type": "Feature", "geometry": {"type": "LineString", "coordinates": [[32.65071, 0.35727], [32.64975, 0.35676]]}, "properties": {"link_id": "WAKI00950", "name": "Wakiso - Link 576", "district": "Wakiso", "pavement": "Unpaved", "condition": "Fair", "length_km": 0.124}}, {"type": "Feature", "geometry": {"type": "LineString", "coordinates": [[32.64954, 0.35709], [32.65068, 0.35753]]}, "properties": {"link_id": "WAKI00951", "name": "Mukasa Close", "district": "Wakiso", "pavement": "Unpaved", "condition": "Fair", "length_km": 0.136}}, {"type": "Feature", "geometry": {"type": "LineString", "coordinates": [[32.64995, 0.35637], [32.65063, 0.35671]]}, "properties": {"link_id": "WAKI00952", "name": "Wakiso - Link 577", "district": "Wakiso", "pavement": "Unpaved", "condition": "Fair", "length_km": 0.085}}, {"type": "Feature", "geometry": {"type": "LineString", "coordinates": [[32.65009, 0.3561], [32.65015, 0.35596]]}, "properties": {"link_id": "WAKI00953", "name": "Wakiso - Link 578", "district": "Wakiso", "pavement": "Unpaved", "condition": "Poor", "length_km": 0.07}}, {"type": "Feature", "geometry": {"type": "LineString", "coordinates": [[32.64893, 0.35647], [32.64971, 0.35683]]}, "properties": {"link_id": "WAKI00954", "name": "Wakiso - Link 579", "district": "Wakiso", "pavement": "Unpaved", "condition": "Fair", "length_km": 0.095}}, {"type": "Feature", "geometry": {"type": "LineString", "coordinates": [[32.64793, 0.36337], [32.64927, 0.34711]]}, "properties": {"link_id": "WAKI00955", "name": "Namugongo Road", "district": "Wakiso", "pavement": "Paved", "condition": "Good", "length_km": 2.03}}, {"type": "Feature", "geometry": {"type": "LineString", "coordinates": [[32.65044, 0.35517], [32.65095, 0.35534]]}, "properties": {"link_id": "WAKI00956", "name": "Wakiso - Link 580", "district": "Wakiso", "pavement": "Unpaved", "condition": "Fair", "length_km": 0.06}}, {"type": "Feature", "geometry": {"type": "LineString", "coordinates": [[32.65248, 0.35306], [32.65455, 0.35816]]}, "properties": {"link_id": "WAKI00957", "name": "Wakiso - Link 581", "district": "Wakiso", "pavement": "Unpaved", "condition": "Fair", "length_km": 1.099}}, {"type": "Feature", "geometry": {"type": "LineString", "coordinates": [[32.65304, 0.35685], [32.65339, 0.35582]]}, "properties": {"link_id": "WAKI00958", "name": "Wakiso - Link 582", "district": "Wakiso", "pavement": "Unpaved", "condition": "Fair", "length_km": 0.121}}, {"type": "Feature", "geometry": {"type": "LineString", "coordinates": [[32.65196, 0.35678], [32.65391, 0.35699]]}, "properties": {"link_id": "WAKI00959", "name": "Wakiso - Link 583", "district": "Wakiso", "pavement": "Unpaved", "condition": "Fair", "length_km": 0.219}}, {"type": "Feature", "geometry": {"type": "LineString", "coordinates": [[32.6524, 0.35803], [32.65167, 0.35913]]}, "properties": {"link_id": "WAKI00960", "name": "Wakiso - Link 584", "district": "Wakiso", "pavement": "Unpaved", "condition": "Fair", "length_km": 0.162}}, {"type": "Feature", "geometry": {"type": "LineString", "coordinates": [[32.6503, 0.3574], [32.65069, 0.35799]]}, "properties": {"link_id": "WAKI00961", "name": "Wakiso - Link 585", "district": "Wakiso", "pavement": "Unpaved", "condition": "Fair", "length_km": 0.102}}, {"type": "Feature", "geometry": {"type": "LineString", "coordinates": [[32.65324, 0.36086], [32.65258, 0.36075]]}, "properties": {"link_id": "WAKI00962", "name": "Wakiso - Link 586", "district": "Wakiso", "pavement": "Unpaved", "condition": "Fair", "length_km": 0.074}}, {"type": "Feature", "geometry": {"type": "LineString", "coordinates": [[32.64943, 0.3602], [32.64898, 0.3606]]}, "properties": {"link_id": "WAKI00963", "name": "Wakiso - Link 587", "district": "Wakiso", "pavement": "Unpaved", "condition": "Poor", "length_km": 0.102}}, {"type": "Feature", "geometry": {"type": "LineString", "coordinates": [[32.65016, 0.35969], [32.6503, 0.3593]]}, "properties": {"link_id": "WAKI00964", "name": "Wakiso - Link 588", "district": "Wakiso", "pavement": "Unpaved", "condition": "Fair", "length_km": 0.046}}, {"type": "Feature", "geometry": {"type": "LineString", "coordinates": [[32.65005, 0.35921], [32.65033, 0.35847]]}, "properties": {"link_id": "WAKI00965", "name": "Wakiso - Link 589", "district": "Wakiso", "pavement": "Unpaved", "condition": "Fair", "length_km": 0.087}}, {"type": "Feature", "geometry": {"type": "LineString", "coordinates": [[32.64923, 0.35931], [32.65016, 0.35969]]}, "properties": {"link_id": "WAKI00966", "name": "Wakiso - Link 590", "district": "Wakiso", "pavement": "Unpaved", "condition": "Fair", "length_km": 0.117}}, {"type": "Feature", "geometry": {"type": "LineString", "coordinates": [[32.64853, 0.35858], [32.65092, 0.35917]]}, "properties": {"link_id": "WAKI00967", "name": "Kosea.S.Kalebu Road", "district": "Wakiso", "pavement": "Unpaved", "condition": "Poor", "length_km": 0.323}}, {"type": "Feature", "geometry": {"type": "LineString", "coordinates": [[32.64936, 0.35892], [32.64923, 0.35931]]}, "properties": {"link_id": "WAKI00968", "name": "Wakiso - Link 591", "district": "Wakiso", "pavement": "Unpaved", "condition": "Fair", "length_km": 0.046}}, {"type": "Feature", "geometry": {"type": "LineString", "coordinates": [[32.64769, 0.35988], [32.65007, 0.36047]]}, "properties": {"link_id": "WAKI00969", "name": "Wakiso - Link 592", "district": "Wakiso", "pavement": "Unpaved", "condition": "Fair", "length_km": 0.276}}, {"type": "Feature", "geometry": {"type": "LineString", "coordinates": [[32.64784, 0.35962], [32.64776, 0.3593]]}, "properties": {"link_id": "WAKI00970", "name": "Wakiso - Link 593", "district": "Wakiso", "pavement": "Unpaved", "condition": "Fair", "length_km": 0.037}}, {"type": "Feature", "geometry": {"type": "LineString", "coordinates": [[32.64745, 0.36048], [32.6483, 0.36101]]}, "properties": {"link_id": "WAKI00971", "name": "Wakiso - Link 594", "district": "Wakiso", "pavement": "Unpaved", "condition": "Poor", "length_km": 0.142}}, {"type": "Feature", "geometry": {"type": "LineString", "coordinates": [[32.64868, 0.36134], [32.64756, 0.36195]]}, "properties": {"link_id": "WAKI00972", "name": "Doctor's Lane", "district": "Wakiso", "pavement": "Unpaved", "condition": "Fair", "length_km": 0.197}}, {"type": "Feature", "geometry": {"type": "LineString", "coordinates": [[32.64738, 0.36121], [32.64703, 0.36122]]}, "properties": {"link_id": "WAKI00973", "name": "Wakiso - Link 595", "district": "Wakiso", "pavement": "Unpaved", "condition": "Poor", "length_km": 0.038}}, {"type": "Feature", "geometry": {"type": "LineString", "coordinates": [[32.64638, 0.36067], [32.64737, 0.361]]}, "properties": {"link_id": "WAKI00974", "name": "Wakiso - Link 596", "district": "Wakiso", "pavement": "Unpaved", "condition": "Fair", "length_km": 0.116}}, {"type": "Feature", "geometry": {"type": "LineString", "coordinates": [[32.64638, 0.36067], [32.6461, 0.36043]]}, "properties": {"link_id": "WAKI00975", "name": "Wakiso - Link 597", "district": "Wakiso", "pavement": "Unpaved", "condition": "Poor", "length_km": 0.042}}, {"type": "Feature", "geometry": {"type": "LineString", "coordinates": [[32.64614, 0.36109], [32.64668, 0.36074]]}, "properties": {"link_id": "WAKI00976", "name": "Wakiso - Link 598", "district": "Wakiso", "pavement": "Unpaved", "condition": "Fair", "length_km": 0.079}}, {"type": "Feature", "geometry": {"type": "LineString", "coordinates": [[32.64474, 0.36194], [32.64746, 0.36156]]}, "properties": {"link_id": "WAKI00977", "name": "Mulindwa Road", "district": "Wakiso", "pavement": "Unpaved", "condition": "Fair", "length_km": 0.306}}, {"type": "Feature", "geometry": {"type": "LineString", "coordinates": [[32.6452, 0.3619], [32.64542, 0.36053]]}, "properties": {"link_id": "WAKI00978", "name": "Wakiso - Link 599", "district": "Wakiso", "pavement": "Unpaved", "condition": "Fair", "length_km": 0.157}}, {"type": "Feature", "geometry": {"type": "LineString", "coordinates": [[32.64542, 0.36053], [32.64584, 0.35963]]}, "properties": {"link_id": "WAKI00979", "name": "Wakiso - Link 600", "district": "Wakiso", "pavement": "Unpaved", "condition": "Fair", "length_km": 0.111}}, {"type": "Feature", "geometry": {"type": "LineString", "coordinates": [[32.64487, 0.35948], [32.64638, 0.36067]]}, "properties": {"link_id": "WAKI00980", "name": "Wakiso - Link 601", "district": "Wakiso", "pavement": "Unpaved", "condition": "Fair", "length_km": 0.277}}, {"type": "Feature", "geometry": {"type": "LineString", "coordinates": [[32.64524, 0.35954], [32.64501, 0.36005]]}, "properties": {"link_id": "WAKI00981", "name": "Wakiso - Link 602", "district": "Wakiso", "pavement": "Unpaved", "condition": "Fair", "length_km": 0.062}}, {"type": "Feature", "geometry": {"type": "LineString", "coordinates": [[32.64761, 0.36008], [32.64715, 0.35981]]}, "properties": {"link_id": "WAKI00982", "name": "Wakiso - Link 603", "district": "Wakiso", "pavement": "Unpaved", "condition": "Fair", "length_km": 0.064}}, {"type": "Feature", "geometry": {"type": "LineString", "coordinates": [[32.64706, 0.3585], [32.64753, 0.35869]]}, "properties": {"link_id": "WAKI00983", "name": "Wakiso - Link 604", "district": "Wakiso", "pavement": "Unpaved", "condition": "Fair", "length_km": 0.057}}, {"type": "Feature", "geometry": {"type": "LineString", "coordinates": [[32.64741, 0.35811], [32.64705, 0.359]]}, "properties": {"link_id": "WAKI00984", "name": "Wakiso - Link 605", "district": "Wakiso", "pavement": "Unpaved", "condition": "Fair", "length_km": 0.135}}, {"type": "Feature", "geometry": {"type": "LineString", "coordinates": [[32.64572, 0.35901], [32.64707, 0.35849]]}, "properties": {"link_id": "WAKI00985", "name": "Wakiso - Link 606", "district": "Wakiso", "pavement": "Unpaved", "condition": "Fair", "length_km": 0.194}}, {"type": "Feature", "geometry": {"type": "LineString", "coordinates": [[32.64656, 0.35786], [32.64724, 0.35765]]}, "properties": {"link_id": "WAKI00986", "name": "Wakiso - Link 607", "district": "Wakiso", "pavement": "Unpaved", "condition": "Fair", "length_km": 0.079}}, {"type": "Feature", "geometry": {"type": "LineString", "coordinates": [[32.64672, 0.3574], [32.64708, 0.35734]]}, "properties": {"link_id": "WAKI00987", "name": "Wakiso - Link 608", "district": "Wakiso", "pavement": "Unpaved", "condition": "Fair", "length_km": 0.042}}, {"type": "Feature", "geometry": {"type": "LineString", "coordinates": [[32.648, 0.35722], [32.64693, 0.35702]]}, "properties": {"link_id": "WAKI00988", "name": "Wakiso - Link 609", "district": "Wakiso", "pavement": "Unpaved", "condition": "Fair", "length_km": 0.12}}, {"type": "Feature", "geometry": {"type": "LineString", "coordinates": [[32.64735, 0.35508], [32.64741, 0.35811]]}, "properties": {"link_id": "WAKI00989", "name": "Wakiso - Link 610", "district": "Wakiso", "pavement": "Unpaved", "condition": "Fair", "length_km": 0.354}}, {"type": "Feature", "geometry": {"type": "LineString", "coordinates": [[32.64709, 0.35625], [32.64746, 0.35639]]}, "properties": {"link_id": "WAKI00990", "name": "Wakiso - Link 611", "district": "Wakiso", "pavement": "Unpaved", "condition": "Fair", "length_km": 0.043}}, {"type": "Feature", "geometry": {"type": "LineString", "coordinates": [[32.6467, 0.35568], [32.6472, 0.35575]]}, "properties": {"link_id": "WAKI00991", "name": "Wakiso - Link 612", "district": "Wakiso", "pavement": "Unpaved", "condition": "Fair", "length_km": 0.056}}, {"type": "Feature", "geometry": {"type": "LineString", "coordinates": [[32.64509, 0.35651], [32.64693, 0.35702]]}, "properties": {"link_id": "WAKI00992", "name": "Wakiso - Link 613", "district": "Wakiso", "pavement": "Unpaved", "condition": "Fair", "length_km": 0.214}}, {"type": "Feature", "geometry": {"type": "LineString", "coordinates": [[32.64419, 0.35558], [32.64713, 0.35609]]}, "properties": {"link_id": "WAKI00993", "name": "Wakiso - Link 614", "district": "Wakiso", "pavement": "Unpaved", "condition": "Fair", "length_km": 0.343}}, {"type": "Feature", "geometry": {"type": "LineString", "coordinates": [[32.64527, 0.35714], [32.64536, 0.35661]]}, "properties": {"link_id": "WAKI00994", "name": "Wakiso - Link 615", "district": "Wakiso", "pavement": "Unpaved", "condition": "Fair", "length_km": 0.06}}, {"type": "Feature", "geometry": {"type": "LineString", "coordinates": [[32.64593, 0.35683], [32.64578, 0.3579]]}, "properties": {"link_id": "WAKI00995", "name": "Wakiso - Link 616", "district": "Wakiso", "pavement": "Unpaved", "condition": "Fair", "length_km": 0.12}}, {"type": "Feature", "geometry": {"type": "LineString", "coordinates": [[32.64594, 0.35869], [32.64538, 0.35804]]}, "properties": {"link_id": "WAKI00996", "name": "Wakiso - Link 617", "district": "Wakiso", "pavement": "Unpaved", "condition": "Fair", "length_km": 0.109}}, {"type": "Feature", "geometry": {"type": "LineString", "coordinates": [[32.65356, 0.34957], [32.63693, 0.36131]]}, "properties": {"link_id": "WAKI00997", "name": "Northern Bypass", "district": "Wakiso", "pavement": "Paved", "condition": "Good", "length_km": 3.325}}, {"type": "Feature", "geometry": {"type": "LineString", "coordinates": [[32.64381, 0.35709], [32.64498, 0.35886]]}, "properties": {"link_id": "WAKI00998", "name": "Wakiso - Link 618", "district": "Wakiso", "pavement": "Unpaved", "condition": "Fair", "length_km": 0.286}}, {"type": "Feature", "geometry": {"type": "LineString", "coordinates": [[32.63384, 0.36277], [32.65361, 0.34973]]}, "properties": {"link_id": "WAKI00999", "name": "Northern Bypass", "district": "Wakiso", "pavement": "Paved", "condition": "Good", "length_km": 3.73}}, {"type": "Feature", "geometry": {"type": "LineString", "coordinates": [[32.64365, 0.35788], [32.64415, 0.35799]]}, "properties": {"link_id": "WAKI01000", "name": "Wakiso - Link 619", "district": "Wakiso", "pavement": "Unpaved", "condition": "Fair", "length_km": 0.058}}, {"type": "Feature", "geometry": {"type": "LineString", "coordinates": [[32.64371, 0.35753], [32.64408, 0.35763]]}, "properties": {"link_id": "WAKI01001", "name": "Wakiso - Link 620", "district": "Wakiso", "pavement": "Unpaved", "condition": "Fair", "length_km": 0.042}}, {"type": "Feature", "geometry": {"type": "LineString", "coordinates": [[32.64466, 0.35574], [32.64457, 0.35609]]}, "properties": {"link_id": "WAKI01002", "name": "Wakiso - Link 621", "district": "Wakiso", "pavement": "Unpaved", "condition": "Fair", "length_km": 0.04}}, {"type": "Feature", "geometry": {"type": "LineString", "coordinates": [[32.64463, 0.35573], [32.64483, 0.35539]]}, "properties": {"link_id": "WAKI01003", "name": "Wakiso - Link 622", "district": "Wakiso", "pavement": "Unpaved", "condition": "Poor", "length_km": 0.051}}, {"type": "Feature", "geometry": {"type": "LineString", "coordinates": [[32.64435, 0.35505], [32.64474, 0.35518]]}, "properties": {"link_id": "WAKI01004", "name": "Wakiso - Link 623", "district": "Wakiso", "pavement": "Unpaved", "condition": "Poor", "length_km": 0.045}}, {"type": "Feature", "geometry": {"type": "LineString", "coordinates": [[32.6439, 0.35508], [32.64428, 0.35529]]}, "properties": {"link_id": "WAKI01005", "name": "Wakiso - Link 624", "district": "Wakiso", "pavement": "Unpaved", "condition": "Fair", "length_km": 0.049}}, {"type": "Feature", "geometry": {"type": "LineString", "coordinates": [[32.64345, 0.35526], [32.6439, 0.35508]]}, "properties": {"link_id": "WAKI01006", "name": "Wakiso - Link 625", "district": "Wakiso", "pavement": "Unpaved", "condition": "Fair", "length_km": 0.073}}, {"type": "Feature", "geometry": {"type": "LineString", "coordinates": [[32.6427, 0.35692], [32.6429, 0.35653]]}, "properties": {"link_id": "WAKI01007", "name": "Wakiso - Link 626", "district": "Wakiso", "pavement": "Unpaved", "condition": "Fair", "length_km": 0.049}}, {"type": "Feature", "geometry": {"type": "LineString", "coordinates": [[32.64196, 0.35542], [32.64397, 0.35637]]}, "properties": {"link_id": "WAKI01008", "name": "Wakiso - Link 627", "district": "Wakiso", "pavement": "Unpaved", "condition": "Fair", "length_km": 0.248}}, {"type": "Feature", "geometry": {"type": "LineString", "coordinates": [[32.64225, 0.35668], [32.64245, 0.35622]]}, "properties": {"link_id": "WAKI01009", "name": "Wakiso - Link 628", "district": "Wakiso", "pavement": "Unpaved", "condition": "Fair", "length_km": 0.056}}, {"type": "Feature", "geometry": {"type": "LineString", "coordinates": [[32.64226, 0.35724], [32.64246, 0.3568]]}, "properties": {"link_id": "WAKI01010", "name": "Wakiso - Link 629", "district": "Wakiso", "pavement": "Unpaved", "condition": "Fair", "length_km": 0.054}}, {"type": "Feature", "geometry": {"type": "LineString", "coordinates": [[32.64315, 0.35852], [32.64352, 0.35866]]}, "properties": {"link_id": "WAKI01011", "name": "Wakiso - Link 630", "district": "Wakiso", "pavement": "Unpaved", "condition": "Fair", "length_km": 0.044}}, {"type": "Feature", "geometry": {"type": "LineString", "coordinates": [[32.64194, 0.35865], [32.64221, 0.35824]]}, "properties": {"link_id": "WAKI01012", "name": "Wakiso - Link 631", "district": "Wakiso", "pavement": "Unpaved", "condition": "Poor", "length_km": 0.059}}, {"type": "Feature", "geometry": {"type": "LineString", "coordinates": [[32.64315, 0.35933], [32.64306, 0.35896]]}, "properties": {"link_id": "WAKI01013", "name": "Wakiso - Link 632", "district": "Wakiso", "pavement": "Unpaved", "condition": "Fair", "length_km": 0.043}}, {"type": "Feature", "geometry": {"type": "LineString", "coordinates": [[32.64584, 0.35963], [32.64354, 0.35855]]}, "properties": {"link_id": "WAKI01014", "name": "Mugula Close", "district": "Wakiso", "pavement": "Unpaved", "condition": "Fair", "length_km": 0.344}}, {"type": "Feature", "geometry": {"type": "LineString", "coordinates": [[32.6433, 0.36015], [32.64465, 0.36009]]}, "properties": {"link_id": "WAKI01015", "name": "Wakiso - Link 633", "district": "Wakiso", "pavement": "Unpaved", "condition": "Fair", "length_km": 0.165}}, {"type": "Feature", "geometry": {"type": "LineString", "coordinates": [[32.64311, 0.36148], [32.64397, 0.36145]]}, "properties": {"link_id": "WAKI01016", "name": "Wakiso - Link 634", "district": "Wakiso", "pavement": "Unpaved", "condition": "Fair", "length_km": 0.114}}, {"type": "Feature", "geometry": {"type": "LineString", "coordinates": [[32.64328, 0.36182], [32.64415, 0.36204]]}, "properties": {"link_id": "WAKI01017", "name": "Wakiso - Link 635", "district": "Wakiso", "pavement": "Unpaved", "condition": "Fair", "length_km": 0.115}}, {"type": "Feature", "geometry": {"type": "LineString", "coordinates": [[32.64281, 0.36095], [32.64233, 0.35999]]}, "properties": {"link_id": "WAKI01018", "name": "Wakiso - Link 636", "district": "Wakiso", "pavement": "Unpaved", "condition": "Poor", "length_km": 0.16}}, {"type": "Feature", "geometry": {"type": "LineString", "coordinates": [[32.64173, 0.36029], [32.64297, 0.36103]]}, "properties": {"link_id": "WAKI01019", "name": "Wakiso - Link 637", "district": "Wakiso", "pavement": "Unpaved", "condition": "Fair", "length_km": 0.161}}, {"type": "Feature", "geometry": {"type": "LineString", "coordinates": [[32.64313, 0.36197], [32.64221, 0.36173]]}, "properties": {"link_id": "WAKI01020", "name": "Wakiso - Link 638", "district": "Wakiso", "pavement": "Unpaved", "condition": "Fair", "length_km": 0.107}}, {"type": "Feature", "geometry": {"type": "LineString", "coordinates": [[32.64199, 0.36193], [32.64153, 0.36162]]}, "properties": {"link_id": "WAKI01021", "name": "Wakiso - Link 639", "district": "Wakiso", "pavement": "Unpaved", "condition": "Fair", "length_km": 0.062}}, {"type": "Feature", "geometry": {"type": "LineString", "coordinates": [[32.64297, 0.36113], [32.64053, 0.36247]]}, "properties": {"link_id": "WAKI01022", "name": "Wakiso - Link 640", "district": "Wakiso", "pavement": "Unpaved", "condition": "Fair", "length_km": 0.327}}, {"type": "Feature", "geometry": {"type": "LineString", "coordinates": [[32.6412, 0.36174], [32.64136, 0.36195]]}, "properties": {"link_id": "WAKI01023", "name": "Wakiso - Link 641", "district": "Wakiso", "pavement": "Unpaved", "condition": "Poor", "length_km": 0.029}}, {"type": "Feature", "geometry": {"type": "LineString", "coordinates": [[32.64078, 0.36143], [32.64054, 0.36167]]}, "properties": {"link_id": "WAKI01024", "name": "Wakiso - Link 642", "district": "Wakiso", "pavement": "Unpaved", "condition": "Poor", "length_km": 0.037}}, {"type": "Feature", "geometry": {"type": "LineString", "coordinates": [[32.641, 0.36182], [32.64061, 0.36115]]}, "properties": {"link_id": "WAKI01025", "name": "Wakiso - Link 643", "district": "Wakiso", "pavement": "Unpaved", "condition": "Fair", "length_km": 0.087}}, {"type": "Feature", "geometry": {"type": "LineString", "coordinates": [[32.64141, 0.36166], [32.64088, 0.36114]]}, "properties": {"link_id": "WAKI01026", "name": "Wakiso - Link 644", "district": "Wakiso", "pavement": "Unpaved", "condition": "Fair", "length_km": 0.083}}, {"type": "Feature", "geometry": {"type": "LineString", "coordinates": [[32.64102, 0.36133], [32.64119, 0.36114]]}, "properties": {"link_id": "WAKI01027", "name": "Wakiso - Link 645", "district": "Wakiso", "pavement": "Unpaved", "condition": "Poor", "length_km": 0.029}}, {"type": "Feature", "geometry": {"type": "LineString", "coordinates": [[32.64135, 0.35967], [32.64155, 0.35979]]}, "properties": {"link_id": "WAKI01028", "name": "Wakiso - Link 646", "district": "Wakiso", "pavement": "Unpaved", "condition": "Poor", "length_km": 0.026}}, {"type": "Feature", "geometry": {"type": "LineString", "coordinates": [[32.64121, 0.35826], [32.64341, 0.35937]]}, "properties": {"link_id": "WAKI01029", "name": "Wakiso - Link 647", "district": "Wakiso", "pavement": "Unpaved", "condition": "Fair", "length_km": 0.47}}, {"type": "Feature", "geometry": {"type": "LineString", "coordinates": [[32.64133, 0.35972], [32.64161, 0.35899]]}, "properties": {"link_id": "WAKI01030", "name": "Wakiso - Link 648", "district": "Wakiso", "pavement": "Unpaved", "condition": "Fair", "length_km": 0.087}}, {"type": "Feature", "geometry": {"type": "LineString", "coordinates": [[32.64076, 0.35949], [32.64045, 0.35944]]}, "properties": {"link_id": "WAKI01031", "name": "Wakiso - Link 649", "district": "Wakiso", "pavement": "Unpaved", "condition": "Fair", "length_km": 0.036}}, {"type": "Feature", "geometry": {"type": "LineString", "coordinates": [[32.64087, 0.35894], [32.63995, 0.35902]]}, "properties": {"link_id": "WAKI01032", "name": "Wakiso - Link 650", "district": "Wakiso", "pavement": "Unpaved", "condition": "Poor", "length_km": 0.102}}, {"type": "Feature", "geometry": {"type": "LineString", "coordinates": [[32.63983, 0.36214], [32.64088, 0.35888]]}, "properties": {"link_id": "WAKI01033", "name": "Wakiso - Link 651", "district": "Wakiso", "pavement": "Paved", "condition": "Good", "length_km": 0.459}}, {"type": "Feature", "geometry": {"type": "LineString", "coordinates": [[32.63996, 0.36151], [32.64034, 0.36138]]}, "properties": {"link_id": "WAKI01034", "name": "Wakiso - Link 652", "district": "Wakiso", "pavement": "Unpaved", "condition": "Poor", "length_km": 0.045}}, {"type": "Feature", "geometry": {"type": "LineString", "coordinates": [[32.64069, 0.36212], [32.6404, 0.36185]]}, "properties": {"link_id": "WAKI01035", "name": "Wakiso - Link 653", "district": "Wakiso", "pavement": "Unpaved", "condition": "Poor", "length_km": 0.044}}, {"type": "Feature", "geometry": {"type": "LineString", "coordinates": [[32.63901, 0.36075], [32.63881, 0.36165]]}, "properties": {"link_id": "WAKI01036", "name": "Wakiso - Link 654", "district": "Wakiso", "pavement": "Unpaved", "condition": "Fair", "length_km": 0.103}}, {"type": "Feature", "geometry": {"type": "LineString", "coordinates": [[32.64014, 0.36071], [32.6382, 0.36073]]}, "properties": {"link_id": "WAKI01037", "name": "Wakiso - Link 655", "district": "Wakiso", "pavement": "Unpaved", "condition": "Fair", "length_km": 0.216}}, {"type": "Feature", "geometry": {"type": "LineString", "coordinates": [[32.63779, 0.36025], [32.63812, 0.36067]]}, "properties": {"link_id": "WAKI01038", "name": "Wakiso - Link 656", "district": "Wakiso", "pavement": "Unpaved", "condition": "Poor", "length_km": 0.079}}, {"type": "Feature", "geometry": {"type": "LineString", "coordinates": [[32.63655, 0.36063], [32.63644, 0.36026]]}, "properties": {"link_id": "WAKI01039", "name": "Wakiso - Link 657", "district": "Wakiso", "pavement": "Unpaved", "condition": "Fair", "length_km": 0.056}}, {"type": "Feature", "geometry": {"type": "LineString", "coordinates": [[32.63702, 0.3603], [32.63785, 0.35989]]}, "properties": {"link_id": "WAKI01040", "name": "Wakiso - Link 658", "district": "Wakiso", "pavement": "Unpaved", "condition": "Poor", "length_km": 0.128}}, {"type": "Feature", "geometry": {"type": "LineString", "coordinates": [[32.636, 0.3592], [32.63693, 0.36072]]}, "properties": {"link_id": "WAKI01041", "name": "Wakiso - Link 659", "district": "Wakiso", "pavement": "Unpaved", "condition": "Fair", "length_km": 0.264}}, {"type": "Feature", "geometry": {"type": "LineString", "coordinates": [[32.63597, 0.35858], [32.63734, 0.35877]]}, "properties": {"link_id": "WAKI01042", "name": "Wakiso - Link 660", "district": "Wakiso", "pavement": "Unpaved", "condition": "Fair", "length_km": 0.16}}, {"type": "Feature", "geometry": {"type": "LineString", "coordinates": [[32.63734, 0.35877], [32.63716, 0.35959]]}, "properties": {"link_id": "WAKI01043", "name": "Wakiso - Link 661", "district": "Wakiso", "pavement": "Unpaved", "condition": "Fair", "length_km": 0.093}}, {"type": "Feature", "geometry": {"type": "LineString", "coordinates": [[32.63734, 0.3588], [32.63793, 0.35899]]}, "properties": {"link_id": "WAKI01044", "name": "Wakiso - Link 662", "district": "Wakiso", "pavement": "Unpaved", "condition": "Fair", "length_km": 0.086}}, {"type": "Feature", "geometry": {"type": "LineString", "coordinates": [[32.63785, 0.35989], [32.63783, 0.35912]]}, "properties": {"link_id": "WAKI01045", "name": "Wakiso - Link 663", "district": "Wakiso", "pavement": "Unpaved", "condition": "Poor", "length_km": 0.086}}, {"type": "Feature", "geometry": {"type": "LineString", "coordinates": [[32.63785, 0.35989], [32.63842, 0.35941]]}, "properties": {"link_id": "WAKI01046", "name": "Wakiso - Link 664", "district": "Wakiso", "pavement": "Unpaved", "condition": "Poor", "length_km": 0.114}}, {"type": "Feature", "geometry": {"type": "LineString", "coordinates": [[32.63844, 0.35984], [32.63894, 0.35927]]}, "properties": {"link_id": "WAKI01047", "name": "Wakiso - Link 665", "district": "Wakiso", "pavement": "Unpaved", "condition": "Poor", "length_km": 0.111}}, {"type": "Feature", "geometry": {"type": "LineString", "coordinates": [[32.63906, 0.36001], [32.63904, 0.36075]]}, "properties": {"link_id": "WAKI01048", "name": "Wakiso - Link 666", "district": "Wakiso", "pavement": "Unpaved", "condition": "Poor", "length_km": 0.082}}, {"type": "Feature", "geometry": {"type": "LineString", "coordinates": [[32.63735, 0.35874], [32.63851, 0.35839]]}, "properties": {"link_id": "WAKI01049", "name": "Wakiso - Link 667", "district": "Wakiso", "pavement": "Unpaved", "condition": "Fair", "length_km": 0.153}}, {"type": "Feature", "geometry": {"type": "LineString", "coordinates": [[32.63702, 0.35743], [32.63702, 0.35793]]}, "properties": {"link_id": "WAKI01050", "name": "Wakiso - Link 668", "district": "Wakiso", "pavement": "Unpaved", "condition": "Fair", "length_km": 0.058}}, {"type": "Feature", "geometry": {"type": "LineString", "coordinates": [[32.6366, 0.35678], [32.63702, 0.35743]]}, "properties": {"link_id": "WAKI01051", "name": "Wakiso - Link 669", "district": "Wakiso", "pavement": "Unpaved", "condition": "Fair", "length_km": 0.093}}, {"type": "Feature", "geometry": {"type": "LineString", "coordinates": [[32.63675, 0.35514], [32.63627, 0.35509]]}, "properties": {"link_id": "WAKI01052", "name": "Wakiso - Link 670", "district": "Wakiso", "pavement": "Unpaved", "condition": "Poor", "length_km": 0.054}}, {"type": "Feature", "geometry": {"type": "LineString", "coordinates": [[32.63998, 0.35501], [32.64049, 0.35527]]}, "properties": {"link_id": "WAKI01053", "name": "Wakiso - Link 671", "district": "Wakiso", "pavement": "Unpaved", "condition": "Fair", "length_km": 0.063}}, {"type": "Feature", "geometry": {"type": "LineString", "coordinates": [[32.64033, 0.35556], [32.64086, 0.35517]]}, "properties": {"link_id": "WAKI01054", "name": "Wakiso - Link 672", "district": "Wakiso", "pavement": "Unpaved", "condition": "Fair", "length_km": 0.096}}, {"type": "Feature", "geometry": {"type": "LineString", "coordinates": [[32.64053, 0.35881], [32.63918, 0.35779]]}, "properties": {"link_id": "WAKI01055", "name": "Wakiso - Link 673", "district": "Wakiso", "pavement": "Unpaved", "condition": "Fair", "length_km": 0.194}}, {"type": "Feature", "geometry": {"type": "LineString", "coordinates": [[32.64178, 0.3586], [32.64175, 0.35808]]}, "properties": {"link_id": "WAKI01056", "name": "Wakiso - Link 674", "district": "Wakiso", "pavement": "Unpaved", "condition": "Poor", "length_km": 0.071}}, {"type": "Feature", "geometry": {"type": "LineString", "coordinates": [[32.64201, 0.35906], [32.64188, 0.35812]]}, "properties": {"link_id": "WAKI01057", "name": "Wakiso - Link 675", "district": "Wakiso", "pavement": "Unpaved", "condition": "Fair", "length_km": 0.121}}, {"type": "Feature", "geometry": {"type": "LineString", "coordinates": [[32.64124, 0.35758], [32.64163, 0.35764]]}, "properties": {"link_id": "WAKI01058", "name": "Wakiso - Link 676", "district": "Wakiso", "pavement": "Unpaved", "condition": "Fair", "length_km": 0.043}}, {"type": "Feature", "geometry": {"type": "LineString", "coordinates": [[32.64269, 0.35776], [32.64012, 0.35684]]}, "properties": {"link_id": "WAKI01059", "name": "Wakiso - Link 677", "district": "Wakiso", "pavement": "Unpaved", "condition": "Fair", "length_km": 0.304}}, {"type": "Feature", "geometry": {"type": "LineString", "coordinates": [[32.64121, 0.35826], [32.64174, 0.35639]]}, "properties": {"link_id": "WAKI01060", "name": "Kiwumulo Road", "district": "Wakiso", "pavement": "Unpaved", "condition": "Fair", "length_km": 0.223}}, {"type": "Feature", "geometry": {"type": "LineString", "coordinates": [[32.64372, 0.35749], [32.63931, 0.35499]]}, "properties": {"link_id": "WAKI01061", "name": "Wakiso - Link 678", "district": "Wakiso", "pavement": "Unpaved", "condition": "Fair", "length_km": 0.564}}, {"type": "Feature", "geometry": {"type": "LineString", "coordinates": [[32.64179, 0.35642], [32.64196, 0.35542]]}, "properties": {"link_id": "WAKI01062", "name": "Wakiso - Link 679", "district": "Wakiso", "pavement": "Unpaved", "condition": "Fair", "length_km": 0.143}}, {"type": "Feature", "geometry": {"type": "LineString", "coordinates": [[32.64155, 0.35511], [32.64215, 0.3548]]}, "properties": {"link_id": "WAKI01063", "name": "Wakiso - Link 680", "district": "Wakiso", "pavement": "Unpaved", "condition": "Fair", "length_km": 0.092}}, {"type": "Feature", "geometry": {"type": "LineString", "coordinates": [[32.64074, 0.35408], [32.6405, 0.35449]]}, "properties": {"link_id": "WAKI01064", "name": "Wakiso - Link 681", "district": "Wakiso", "pavement": "Unpaved", "condition": "Fair", "length_km": 0.053}}, {"type": "Feature", "geometry": {"type": "LineString", "coordinates": [[32.641, 0.35489], [32.64141, 0.35423]]}, "properties": {"link_id": "WAKI01065", "name": "Wakiso - Link 682", "district": "Wakiso", "pavement": "Unpaved", "condition": "Fair", "length_km": 0.086}}, {"type": "Feature", "geometry": {"type": "LineString", "coordinates": [[32.64177, 0.35435], [32.64179, 0.35374]]}, "properties": {"link_id": "WAKI01066", "name": "Wakiso - Link 683", "district": "Wakiso", "pavement": "Unpaved", "condition": "Fair", "length_km": 0.081}}, {"type": "Feature", "geometry": {"type": "LineString", "coordinates": [[32.64058, 0.35403], [32.64341, 0.35355]]}, "properties": {"link_id": "WAKI01067", "name": "Wakiso - Link 684", "district": "Wakiso", "pavement": "Unpaved", "condition": "Fair", "length_km": 0.357}}, {"type": "Feature", "geometry": {"type": "LineString", "coordinates": [[32.64091, 0.35358], [32.64156, 0.35288]]}, "properties": {"link_id": "WAKI01068", "name": "Wakiso - Link 685", "district": "Wakiso", "pavement": "Unpaved", "condition": "Fair", "length_km": 0.106}}, {"type": "Feature", "geometry": {"type": "LineString", "coordinates": [[32.64058, 0.35403], [32.64037, 0.35437]]}, "properties": {"link_id": "WAKI01069", "name": "Wakiso - Link 686", "district": "Wakiso", "pavement": "Unpaved", "condition": "Fair", "length_km": 0.044}}, {"type": "Feature", "geometry": {"type": "LineString", "coordinates": [[32.64, 0.35444], [32.64058, 0.35403]]}, "properties": {"link_id": "WAKI01070", "name": "Wakiso - Link 687", "district": "Wakiso", "pavement": "Unpaved", "condition": "Fair", "length_km": 0.105}}, {"type": "Feature", "geometry": {"type": "LineString", "coordinates": [[32.63931, 0.35499], [32.63961, 0.35439]]}, "properties": {"link_id": "WAKI01071", "name": "Wakiso - Link 688", "district": "Wakiso", "pavement": "Unpaved", "condition": "Fair", "length_km": 0.075}}, {"type": "Feature", "geometry": {"type": "LineString", "coordinates": [[32.63841, 0.35435], [32.63931, 0.35499]]}, "properties": {"link_id": "WAKI01072", "name": "Wakiso - Link 689", "district": "Wakiso", "pavement": "Unpaved", "condition": "Fair", "length_km": 0.125}}, {"type": "Feature", "geometry": {"type": "LineString", "coordinates": [[32.63806, 0.35401], [32.63841, 0.35435]]}, "properties": {"link_id": "WAKI01073", "name": "Wakiso - Link 690", "district": "Wakiso", "pavement": "Unpaved", "condition": "Fair", "length_km": 0.065}}, {"type": "Feature", "geometry": {"type": "LineString", "coordinates": [[32.63812, 0.35331], [32.63806, 0.35401]]}, "properties": {"link_id": "WAKI01074", "name": "Wakiso - Link 691", "district": "Wakiso", "pavement": "Unpaved", "condition": "Fair", "length_km": 0.079}}, {"type": "Feature", "geometry": {"type": "LineString", "coordinates": [[32.63757, 0.35394], [32.63742, 0.3562]]}, "properties": {"link_id": "WAKI01075", "name": "Wakiso - Link 692", "district": "Wakiso", "pavement": "Unpaved", "condition": "Fair", "length_km": 0.252}}, {"type": "Feature", "geometry": {"type": "LineString", "coordinates": [[32.63684, 0.35431], [32.63625, 0.35426]]}, "properties": {"link_id": "WAKI01076", "name": "Wakiso - Link 693", "district": "Wakiso", "pavement": "Unpaved", "condition": "Poor", "length_km": 0.065}}, {"type": "Feature", "geometry": {"type": "LineString", "coordinates": [[32.63684, 0.35121], [32.6366, 0.35678]]}, "properties": {"link_id": "WAKI01077", "name": "Wakiso - Link 694", "district": "Wakiso", "pavement": "Unpaved", "condition": "Fair", "length_km": 0.646}}, {"type": "Feature", "geometry": {"type": "LineString", "coordinates": [[32.63687, 0.35347], [32.63639, 0.35348]]}, "properties": {"link_id": "WAKI01078", "name": "Wakiso - Link 695", "district": "Wakiso", "pavement": "Unpaved", "condition": "Fair", "length_km": 0.054}}, {"type": "Feature", "geometry": {"type": "LineString", "coordinates": [[32.63687, 0.3539], [32.63806, 0.35401]]}, "properties": {"link_id": "WAKI01079", "name": "Wakiso - Link 696", "district": "Wakiso", "pavement": "Unpaved", "condition": "Fair", "length_km": 0.133}}, {"type": "Feature", "geometry": {"type": "LineString", "coordinates": [[32.63689, 0.3524], [32.63619, 0.35267]]}, "properties": {"link_id": "WAKI01080", "name": "Wakiso - Link 697", "district": "Wakiso", "pavement": "Unpaved", "condition": "Poor", "length_km": 0.084}}, {"type": "Feature", "geometry": {"type": "LineString", "coordinates": [[32.63803, 0.3506], [32.63812, 0.35331]]}, "properties": {"link_id": "WAKI01081", "name": "Wakiso - Link 698", "district": "Wakiso", "pavement": "Unpaved", "condition": "Fair", "length_km": 0.304}}, {"type": "Feature", "geometry": {"type": "LineString", "coordinates": [[32.63813, 0.35242], [32.63795, 0.35241]]}, "properties": {"link_id": "WAKI01082", "name": "Steven and Rita Driveway", "district": "Wakiso", "pavement": "Unpaved", "condition": "Fair", "length_km": 0.02}}, {"type": "Feature", "geometry": {"type": "LineString", "coordinates": [[32.6381, 0.35298], [32.63987, 0.35298]]}, "properties": {"link_id": "WAKI01083", "name": "Wakiso - Link 699", "district": "Wakiso", "pavement": "Unpaved", "condition": "Poor", "length_km": 0.206}}, {"type": "Feature", "geometry": {"type": "LineString", "coordinates": [[32.63854, 0.35051], [32.6385, 0.35201]]}, "properties": {"link_id": "WAKI01084", "name": "Wakiso - Link 700", "district": "Wakiso", "pavement": "Unpaved", "condition": "Fair", "length_km": 0.167}}, {"type": "Feature", "geometry": {"type": "LineString", "coordinates": [[32.63748, 0.34964], [32.63886, 0.35007]]}, "properties": {"link_id": "WAKI01085", "name": "Wakiso - Link 701", "district": "Wakiso", "pavement": "Unpaved", "condition": "Fair", "length_km": 0.217}}, {"type": "Feature", "geometry": {"type": "LineString", "coordinates": [[32.63908, 0.35068], [32.63684, 0.35121]]}, "properties": {"link_id": "WAKI01086", "name": "Wakiso - Link 702", "district": "Wakiso", "pavement": "Unpaved", "condition": "Fair", "length_km": 0.28}}, {"type": "Feature", "geometry": {"type": "LineString", "coordinates": [[32.63659, 0.35044], [32.63765, 0.34981]]}, "properties": {"link_id": "WAKI01087", "name": "Wakiso - Link 703", "district": "Wakiso", "pavement": "Unpaved", "condition": "Fair", "length_km": 0.183}}, {"type": "Feature", "geometry": {"type": "LineString", "coordinates": [[32.63744, 0.34947], [32.63748, 0.34964]]}, "properties": {"link_id": "WAKI01088", "name": "Wakiso - Link 704", "district": "Wakiso", "pavement": "Unpaved", "condition": "Fair", "length_km": 0.02}}, {"type": "Feature", "geometry": {"type": "LineString", "coordinates": [[32.63744, 0.34947], [32.63803, 0.3493]]}, "properties": {"link_id": "WAKI01089", "name": "Wakiso - Link 705", "district": "Wakiso", "pavement": "Unpaved", "condition": "Fair", "length_km": 0.07}}, {"type": "Feature", "geometry": {"type": "LineString", "coordinates": [[32.63619, 0.34945], [32.63936, 0.34868]]}, "properties": {"link_id": "WAKI01090", "name": "Wakiso - Link 706", "district": "Wakiso", "pavement": "Unpaved", "condition": "Fair", "length_km": 0.367}}, {"type": "Feature", "geometry": {"type": "LineString", "coordinates": [[32.63748, 0.34964], [32.63631, 0.34988]]}, "properties": {"link_id": "WAKI01091", "name": "Wakiso - Link 707", "district": "Wakiso", "pavement": "Unpaved", "condition": "Fair", "length_km": 0.133}}, {"type": "Feature", "geometry": {"type": "LineString", "coordinates": [[32.63761, 0.34892], [32.63752, 0.34855]]}, "properties": {"link_id": "WAKI01092", "name": "Wakiso - Link 708", "district": "Wakiso", "pavement": "Unpaved", "condition": "Poor", "length_km": 0.042}}, {"type": "Feature", "geometry": {"type": "LineString", "coordinates": [[32.63823, 0.34884], [32.63755, 0.34769]]}, "properties": {"link_id": "WAKI01093", "name": "Wakiso - Link 709", "district": "Wakiso", "pavement": "Unpaved", "condition": "Fair", "length_km": 0.196}}, {"type": "Feature", "geometry": {"type": "LineString", "coordinates": [[32.63773, 0.3489], [32.63803, 0.3493]]}, "properties": {"link_id": "WAKI01094", "name": "Wakiso - Link 710", "district": "Wakiso", "pavement": "Unpaved", "condition": "Fair", "length_km": 0.057}}, {"type": "Feature", "geometry": {"type": "LineString", "coordinates": [[32.64002, 0.34832], [32.64015, 0.3478]]}, "properties": {"link_id": "WAKI01095", "name": "Wakiso - Link 711", "district": "Wakiso", "pavement": "Unpaved", "condition": "Fair", "length_km": 0.059}}, {"type": "Feature", "geometry": {"type": "LineString", "coordinates": [[32.64076, 0.34701], [32.64043, 0.34956]]}, "properties": {"link_id": "WAKI01096", "name": "Wakiso - Link 712", "district": "Wakiso", "pavement": "Unpaved", "condition": "Fair", "length_km": 0.306}}, {"type": "Feature", "geometry": {"type": "LineString", "coordinates": [[32.64038, 0.34936], [32.63987, 0.34886]]}, "properties": {"link_id": "WAKI01097", "name": "Wakiso - Link 713", "district": "Wakiso", "pavement": "Unpaved", "condition": "Fair", "length_km": 0.104}}, {"type": "Feature", "geometry": {"type": "LineString", "coordinates": [[32.63962, 0.35026], [32.64043, 0.34956]]}, "properties": {"link_id": "WAKI01098", "name": "Wakiso - Link 714", "district": "Wakiso", "pavement": "Unpaved", "condition": "Fair", "length_km": 0.157}}, {"type": "Feature", "geometry": {"type": "LineString", "coordinates": [[32.64012, 0.34963], [32.64028, 0.35051]]}, "properties": {"link_id": "WAKI01099", "name": "Wakiso - Link 715", "district": "Wakiso", "pavement": "Unpaved", "condition": "Fair", "length_km": 0.117}}, {"type": "Feature", "geometry": {"type": "LineString", "coordinates": [[32.64043, 0.34956], [32.6421, 0.3501]]}, "properties": {"link_id": "WAKI01100", "name": "Wakiso - Link 716", "district": "Wakiso", "pavement": "Unpaved", "condition": "Fair", "length_km": 0.259}}, {"type": "Feature", "geometry": {"type": "LineString", "coordinates": [[32.64084, 0.35048], [32.64095, 0.35136]]}, "properties": {"link_id": "WAKI01101", "name": "Wakiso - Link 717", "district": "Wakiso", "pavement": "Unpaved", "condition": "Fair", "length_km": 0.11}}, {"type": "Feature", "geometry": {"type": "LineString", "coordinates": [[32.64205, 0.3512], [32.64141, 0.35027]]}, "properties": {"link_id": "WAKI01102", "name": "Wakiso - Link 718", "district": "Wakiso", "pavement": "Unpaved", "condition": "Fair", "length_km": 0.181}}, {"type": "Feature", "geometry": {"type": "LineString", "coordinates": [[32.64105, 0.34981], [32.64131, 0.34939]]}, "properties": {"link_id": "WAKI01103", "name": "Wakiso - Link 719", "district": "Wakiso", "pavement": "Unpaved", "condition": "Fair", "length_km": 0.066}}, {"type": "Feature", "geometry": {"type": "LineString", "coordinates": [[32.64214, 0.34918], [32.64043, 0.34956]]}, "properties": {"link_id": "WAKI01104", "name": "Wakiso - Link 720", "district": "Wakiso", "pavement": "Unpaved", "condition": "Fair", "length_km": 0.195}}, {"type": "Feature", "geometry": {"type": "LineString", "coordinates": [[32.64081, 0.34695], [32.64085, 0.34947]]}, "properties": {"link_id": "WAKI01105", "name": "Wakiso - Link 721", "district": "Wakiso", "pavement": "Unpaved", "condition": "Fair", "length_km": 0.283}}, {"type": "Feature", "geometry": {"type": "LineString", "coordinates": [[32.64297, 0.34952], [32.64343, 0.34799]]}, "properties": {"link_id": "WAKI01106", "name": "Wakiso - Link 722", "district": "Wakiso", "pavement": "Unpaved", "condition": "Fair", "length_km": 0.178}}, {"type": "Feature", "geometry": {"type": "LineString", "coordinates": [[32.64434, 0.35016], [32.64442, 0.34928]]}, "properties": {"link_id": "WAKI01107", "name": "Wakiso - Link 723", "district": "Wakiso", "pavement": "Unpaved", "condition": "Fair", "length_km": 0.098}}, {"type": "Feature", "geometry": {"type": "LineString", "coordinates": [[32.64367, 0.34986], [32.64363, 0.34909]]}, "properties": {"link_id": "WAKI01108", "name": "Wakiso - Link 724", "district": "Wakiso", "pavement": "Unpaved", "condition": "Fair", "length_km": 0.114}}, {"type": "Feature", "geometry": {"type": "LineString", "coordinates": [[32.64343, 0.35026], [32.64364, 0.34984]]}, "properties": {"link_id": "WAKI01109", "name": "Wakiso - Link 725", "district": "Wakiso", "pavement": "Unpaved", "condition": "Fair", "length_km": 0.052}}, {"type": "Feature", "geometry": {"type": "LineString", "coordinates": [[32.64522, 0.35163], [32.64214, 0.34918]]}, "properties": {"link_id": "WAKI01110", "name": "Wakiso - Link 726", "district": "Wakiso", "pavement": "Unpaved", "condition": "Fair", "length_km": 0.584}}, {"type": "Feature", "geometry": {"type": "LineString", "coordinates": [[32.64394, 0.34998], [32.64373, 0.35061]]}, "properties": {"link_id": "WAKI01111", "name": "Wakiso - Link 727", "district": "Wakiso", "pavement": "Unpaved", "condition": "Fair", "length_km": 0.074}}, {"type": "Feature", "geometry": {"type": "LineString", "coordinates": [[32.64214, 0.34918], [32.64554, 0.35071]]}, "properties": {"link_id": "WAKI01112", "name": "Wakiso - Link 728", "district": "Wakiso", "pavement": "Unpaved", "condition": "Fair", "length_km": 0.415}}, {"type": "Feature", "geometry": {"type": "LineString", "coordinates": [[32.64469, 0.34978], [32.64454, 0.35024]]}, "properties": {"link_id": "WAKI01113", "name": "Wakiso - Link 729", "district": "Wakiso", "pavement": "Unpaved", "condition": "Fair", "length_km": 0.054}}, {"type": "Feature", "geometry": {"type": "LineString", "coordinates": [[32.64454, 0.35024], [32.64431, 0.35085]]}, "properties": {"link_id": "WAKI01114", "name": "Wakiso - Link 730", "district": "Wakiso", "pavement": "Unpaved", "condition": "Poor", "length_km": 0.072}}, {"type": "Feature", "geometry": {"type": "LineString", "coordinates": [[32.64303, 0.34954], [32.64295, 0.3504]]}, "properties": {"link_id": "WAKI01115", "name": "Wakiso - Link 731", "district": "Wakiso", "pavement": "Unpaved", "condition": "Fair", "length_km": 0.096}}, {"type": "Feature", "geometry": {"type": "LineString", "coordinates": [[32.64183, 0.35173], [32.64489, 0.35302]]}, "properties": {"link_id": "WAKI01116", "name": "Wakiso - Link 732", "district": "Wakiso", "pavement": "Unpaved", "condition": "Fair", "length_km": 0.371}}, {"type": "Feature", "geometry": {"type": "LineString", "coordinates": [[32.64326, 0.3535], [32.64354, 0.35135]]}, "properties": {"link_id": "WAKI01117", "name": "Wakiso - Link 733", "district": "Wakiso", "pavement": "Unpaved", "condition": "Fair", "length_km": 0.241}}, {"type": "Feature", "geometry": {"type": "LineString", "coordinates": [[32.64136, 0.35222], [32.6433, 0.35296]]}, "properties": {"link_id": "WAKI01118", "name": "Wakiso - Link 734", "district": "Wakiso", "pavement": "Unpaved", "condition": "Fair", "length_km": 0.231}}, {"type": "Feature", "geometry": {"type": "LineString", "coordinates": [[32.6424, 0.35326], [32.64227, 0.35358]]}, "properties": {"link_id": "WAKI01119", "name": "Wakiso - Link 735", "district": "Wakiso", "pavement": "Unpaved", "condition": "Fair", "length_km": 0.038}}, {"type": "Feature", "geometry": {"type": "LineString", "coordinates": [[32.64215, 0.3548], [32.64211, 0.35441]]}, "properties": {"link_id": "WAKI01120", "name": "Wakiso - Link 736", "district": "Wakiso", "pavement": "Unpaved", "condition": "Fair", "length_km": 0.044}}, {"type": "Feature", "geometry": {"type": "LineString", "coordinates": [[32.64215, 0.3548], [32.64219, 0.35512]]}, "properties": {"link_id": "WAKI01121", "name": "Wakiso - Link 737", "district": "Wakiso", "pavement": "Unpaved", "condition": "Fair", "length_km": 0.036}}, {"type": "Feature", "geometry": {"type": "LineString", "coordinates": [[32.64091, 0.3527], [32.64463, 0.35398]]}, "properties": {"link_id": "WAKI01122", "name": "Wakiso - Link 738", "district": "Wakiso", "pavement": "Unpaved", "condition": "Fair", "length_km": 0.439}}, {"type": "Feature", "geometry": {"type": "LineString", "coordinates": [[32.6439, 0.35508], [32.64354, 0.35489]]}, "properties": {"link_id": "WAKI01123", "name": "Wakiso - Link 739", "district": "Wakiso", "pavement": "Unpaved", "condition": "Fair", "length_km": 0.045}}, {"type": "Feature", "geometry": {"type": "LineString", "coordinates": [[32.64358, 0.35465], [32.64439, 0.35491]]}, "properties": {"link_id": "WAKI01124", "name": "Wakiso - Link 740", "district": "Wakiso", "pavement": "Unpaved", "condition": "Fair", "length_km": 0.094}}, {"type": "Feature", "geometry": {"type": "LineString", "coordinates": [[32.64379, 0.35425], [32.64451, 0.35444]]}, "properties": {"link_id": "WAKI01125", "name": "Wakiso - Link 741", "district": "Wakiso", "pavement": "Unpaved", "condition": "Fair", "length_km": 0.083}}, {"type": "Feature", "geometry": {"type": "LineString", "coordinates": [[32.64442, 0.35479], [32.64506, 0.35508]]}, "properties": {"link_id": "WAKI01126", "name": "Wakiso - Link 742", "district": "Wakiso", "pavement": "Unpaved", "condition": "Fair", "length_km": 0.093}}, {"type": "Feature", "geometry": {"type": "LineString", "coordinates": [[32.64481, 0.35333], [32.64433, 0.35345]]}, "properties": {"link_id": "WAKI01127", "name": "Wakiso - Link 743", "district": "Wakiso", "pavement": "Unpaved", "condition": "Poor", "length_km": 0.056}}, {"type": "Feature", "geometry": {"type": "LineString", "coordinates": [[32.64414, 0.35257], [32.64425, 0.35227]]}, "properties": {"link_id": "WAKI01128", "name": "Wakiso - Link 744", "district": "Wakiso", "pavement": "Unpaved", "condition": "Fair", "length_km": 0.036}}, {"type": "Feature", "geometry": {"type": "LineString", "coordinates": [[32.64508, 0.3522], [32.64561, 0.35245]]}, "properties": {"link_id": "WAKI01129", "name": "Wakiso - Link 745", "district": "Wakiso", "pavement": "Unpaved", "condition": "Fair", "length_km": 0.066}}, {"type": "Feature", "geometry": {"type": "LineString", "coordinates": [[32.64589, 0.35232], [32.64559, 0.35345]]}, "properties": {"link_id": "WAKI01130", "name": "Wakiso - Link 746", "district": "Wakiso", "pavement": "Unpaved", "condition": "Fair", "length_km": 0.337}}, {"type": "Feature", "geometry": {"type": "LineString", "coordinates": [[32.6454, 0.35426], [32.64522, 0.35163]]}, "properties": {"link_id": "WAKI01131", "name": "Wakiso - Link 747", "district": "Wakiso", "pavement": "Unpaved", "condition": "Fair", "length_km": 0.354}}, {"type": "Feature", "geometry": {"type": "LineString", "coordinates": [[32.64524, 0.3542], [32.64495, 0.35427]]}, "properties": {"link_id": "WAKI01132", "name": "Wakiso - Link 748", "district": "Wakiso", "pavement": "Unpaved", "condition": "Fair", "length_km": 0.044}}, {"type": "Feature", "geometry": {"type": "LineString", "coordinates": [[32.64513, 0.35434], [32.64505, 0.35453]]}, "properties": {"link_id": "WAKI01133", "name": "Wakiso - Link 749", "district": "Wakiso", "pavement": "Unpaved", "condition": "Fair", "length_km": 0.023}}, {"type": "Feature", "geometry": {"type": "LineString", "coordinates": [[32.64846, 0.34641], [32.64255, 0.36338]]}, "properties": {"link_id": "WAKI01134", "name": "Kamuli Road", "district": "Wakiso", "pavement": "Unpaved", "condition": "Fair", "length_km": 2.053}}, {"type": "Feature", "geometry": {"type": "LineString", "coordinates": [[32.64517, 0.35435], [32.64522, 0.35455]]}, "properties": {"link_id": "WAKI01135", "name": "Wakiso - Link 750", "district": "Wakiso", "pavement": "Unpaved", "condition": "Fair", "length_km": 0.022}}, {"type": "Feature", "geometry": {"type": "LineString", "coordinates": [[32.64588, 0.35445], [32.64574, 0.35556]]}, "properties": {"link_id": "WAKI01136", "name": "Wakiso - Link 751", "district": "Wakiso", "pavement": "Unpaved", "condition": "Fair", "length_km": 0.126}}, {"type": "Feature", "geometry": {"type": "LineString", "coordinates": [[32.64552, 0.35376], [32.64629, 0.35371]]}, "properties": {"link_id": "WAKI01137", "name": "Wakiso - Link 752", "district": "Wakiso", "pavement": "Unpaved", "condition": "Fair", "length_km": 0.087}}, {"type": "Feature", "geometry": {"type": "LineString", "coordinates": [[32.64649, 0.35469], [32.64672, 0.3532]]}, "properties": {"link_id": "WAKI01138", "name": "Wakiso - Link 753", "district": "Wakiso", "pavement": "Unpaved", "condition": "Fair", "length_km": 0.222}}, {"type": "Feature", "geometry": {"type": "LineString", "coordinates": [[32.65005, 0.35618], [32.64463, 0.35398]]}, "properties": {"link_id": "WAKI01139", "name": "Wakiso - Link 754", "district": "Wakiso", "pavement": "Unpaved", "condition": "Fair", "length_km": 0.65}}, {"type": "Feature", "geometry": {"type": "LineString", "coordinates": [[32.64725, 0.35448], [32.64762, 0.35476]]}, "properties": {"link_id": "WAKI01140", "name": "Wakiso - Link 755", "district": "Wakiso", "pavement": "Unpaved", "condition": "Fair", "length_km": 0.051}}, {"type": "Feature", "geometry": {"type": "LineString", "coordinates": [[32.6471, 0.35373], [32.64797, 0.35327]]}, "properties": {"link_id": "WAKI01141", "name": "Wakiso - Link 756", "district": "Wakiso", "pavement": "Unpaved", "condition": "Fair", "length_km": 0.116}}, {"type": "Feature", "geometry": {"type": "LineString", "coordinates": [[32.6462, 0.35288], [32.64627, 0.35235]]}, "properties": {"link_id": "WAKI01142", "name": "Wakiso - Link 757", "district": "Wakiso", "pavement": "Unpaved", "condition": "Fair", "length_km": 0.06}}, {"type": "Feature", "geometry": {"type": "LineString", "coordinates": [[32.64699, 0.35132], [32.64691, 0.35191]]}, "properties": {"link_id": "WAKI01143", "name": "Wakiso - Link 758", "district": "Wakiso", "pavement": "Unpaved", "condition": "Fair", "length_km": 0.066}}, {"type": "Feature", "geometry": {"type": "LineString", "coordinates": [[32.64856, 0.35255], [32.64554, 0.35071]]}, "properties": {"link_id": "WAKI01144", "name": "Wakiso - Link 759", "district": "Wakiso", "pavement": "Unpaved", "condition": "Fair", "length_km": 0.504}}, {"type": "Feature", "geometry": {"type": "LineString", "coordinates": [[32.64751, 0.35139], [32.64736, 0.35212]]}, "properties": {"link_id": "WAKI01145", "name": "Wakiso - Link 760", "district": "Wakiso", "pavement": "Unpaved", "condition": "Fair", "length_km": 0.083}}, {"type": "Feature", "geometry": {"type": "LineString", "coordinates": [[32.64625, 0.35069], [32.64774, 0.3507]]}, "properties": {"link_id": "WAKI01146", "name": "Wakiso - Link 761", "district": "Wakiso", "pavement": "Unpaved", "condition": "Fair", "length_km": 0.166}}, {"type": "Feature", "geometry": {"type": "LineString", "coordinates": [[32.64734, 0.35038], [32.64779, 0.35041]]}, "properties": {"link_id": "WAKI01147", "name": "Wakiso - Link 762", "district": "Wakiso", "pavement": "Unpaved", "condition": "Fair", "length_km": 0.05}}, {"type": "Feature", "geometry": {"type": "LineString", "coordinates": [[32.64619, 0.35076], [32.64684, 0.35005]]}, "properties": {"link_id": "WAKI01148", "name": "Wakiso - Link 763", "district": "Wakiso", "pavement": "Unpaved", "condition": "Fair", "length_km": 0.122}}, {"type": "Feature", "geometry": {"type": "LineString", "coordinates": [[32.64622, 0.35091], [32.64685, 0.35096]]}, "properties": {"link_id": "WAKI01149", "name": "Wakiso - Link 764", "district": "Wakiso", "pavement": "Unpaved", "condition": "Fair", "length_km": 0.071}}, {"type": "Feature", "geometry": {"type": "LineString", "coordinates": [[32.64467, 0.3503], [32.64505, 0.34937]]}, "properties": {"link_id": "WAKI01150", "name": "Wakiso - Link 765", "district": "Wakiso", "pavement": "Unpaved", "condition": "Fair", "length_km": 0.116}}, {"type": "Feature", "geometry": {"type": "LineString", "coordinates": [[32.64495, 0.34981], [32.64474, 0.34965]]}, "properties": {"link_id": "WAKI01151", "name": "Wakiso - Link 766", "district": "Wakiso", "pavement": "Unpaved", "condition": "Fair", "length_km": 0.029}}, {"type": "Feature", "geometry": {"type": "LineString", "coordinates": [[32.64544, 0.34882], [32.64664, 0.34859]]}, "properties": {"link_id": "WAKI01152", "name": "Wakiso - Link 767", "district": "Wakiso", "pavement": "Unpaved", "condition": "Fair", "length_km": 0.236}}, {"type": "Feature", "geometry": {"type": "LineString", "coordinates": [[32.64613, 0.34955], [32.6468, 0.34985]]}, "properties": {"link_id": "WAKI01153", "name": "Wakiso - Link 768", "district": "Wakiso", "pavement": "Unpaved", "condition": "Fair", "length_km": 0.082}}, {"type": "Feature", "geometry": {"type": "LineString", "coordinates": [[32.6465, 0.34885], [32.64691, 0.34897]]}, "properties": {"link_id": "WAKI01154", "name": "Wakiso - Link 769", "district": "Wakiso", "pavement": "Unpaved", "condition": "Poor", "length_km": 0.048}}, {"type": "Feature", "geometry": {"type": "LineString", "coordinates": [[32.64751, 0.34961], [32.64638, 0.34909]]}, "properties": {"link_id": "WAKI01155", "name": "Wakiso - Link 770", "district": "Wakiso", "pavement": "Unpaved", "condition": "Fair", "length_km": 0.139}}, {"type": "Feature", "geometry": {"type": "LineString", "coordinates": [[32.64761, 0.34891], [32.64664, 0.34859]]}, "properties": {"link_id": "WAKI01156", "name": "Wakiso - Link 771", "district": "Wakiso", "pavement": "Unpaved", "condition": "Fair", "length_km": 0.114}}, {"type": "Feature", "geometry": {"type": "LineString", "coordinates": [[32.64706, 0.34791], [32.64696, 0.34673]]}, "properties": {"link_id": "WAKI01157", "name": "Wakiso - Link 772", "district": "Wakiso", "pavement": "Unpaved", "condition": "Fair", "length_km": 0.14}}, {"type": "Feature", "geometry": {"type": "LineString", "coordinates": [[32.64634, 0.34726], [32.64694, 0.3473]]}, "properties": {"link_id": "WAKI01158", "name": "Wakiso - Link 773", "district": "Wakiso", "pavement": "Unpaved", "condition": "Fair", "length_km": 0.067}}, {"type": "Feature", "geometry": {"type": "LineString", "coordinates": [[32.64573, 0.34775], [32.64576, 0.34716]]}, "properties": {"link_id": "WAKI01159", "name": "Wakiso - Link 774", "district": "Wakiso", "pavement": "Unpaved", "condition": "Fair", "length_km": 0.065}}, {"type": "Feature", "geometry": {"type": "LineString", "coordinates": [[32.6433, 0.34689], [32.64691, 0.34811]]}, "properties": {"link_id": "WAKI01160", "name": "Wakiso - Link 775", "district": "Wakiso", "pavement": "Unpaved", "condition": "Fair", "length_km": 0.424}}, {"type": "Feature", "geometry": {"type": "LineString", "coordinates": [[32.6452, 0.34757], [32.64567, 0.34658]]}, "properties": {"link_id": "WAKI01161", "name": "Wakiso - Link 776", "district": "Wakiso", "pavement": "Unpaved", "condition": "Fair", "length_km": 0.134}}, {"type": "Feature", "geometry": {"type": "LineString", "coordinates": [[32.64461, 0.34734], [32.64538, 0.34553]]}, "properties": {"link_id": "WAKI01162", "name": "Wakiso - Link 777", "district": "Wakiso", "pavement": "Unpaved", "condition": "Fair", "length_km": 0.24}}, {"type": "Feature", "geometry": {"type": "LineString", "coordinates": [[32.64567, 0.34658], [32.6461, 0.34572]]}, "properties": {"link_id": "WAKI01163", "name": "Wakiso - Link 778", "district": "Wakiso", "pavement": "Unpaved", "condition": "Fair", "length_km": 0.116}}, {"type": "Feature", "geometry": {"type": "LineString", "coordinates": [[32.64606, 0.34526], [32.6462, 0.34366]]}, "properties": {"link_id": "WAKI01164", "name": "Wakiso - Link 779", "district": "Wakiso", "pavement": "Unpaved", "condition": "Fair", "length_km": 0.243}}, {"type": "Feature", "geometry": {"type": "LineString", "coordinates": [[32.64615, 0.34349], [32.64796, 0.34627]]}, "properties": {"link_id": "WAKI01165", "name": "Kinawataka Road", "district": "Wakiso", "pavement": "Unpaved", "condition": "Fair", "length_km": 0.382}}, {"type": "Feature", "geometry": {"type": "LineString", "coordinates": [[32.64711, 0.3448], [32.64717, 0.34396]]}, "properties": {"link_id": "WAKI01166", "name": "Wakiso - Link 780", "district": "Wakiso", "pavement": "Unpaved", "condition": "Fair", "length_km": 0.095}}, {"type": "Feature", "geometry": {"type": "LineString", "coordinates": [[32.64638, 0.34359], [32.64731, 0.34277]]}, "properties": {"link_id": "WAKI01167", "name": "Wakiso - Link 781", "district": "Wakiso", "pavement": "Unpaved", "condition": "Fair", "length_km": 0.17}}, {"type": "Feature", "geometry": {"type": "LineString", "coordinates": [[32.64759, 0.34232], [32.64787, 0.34177]]}, "properties": {"link_id": "WAKI01168", "name": "Wakiso - Link 782", "district": "Wakiso", "pavement": "Unpaved", "condition": "Fair", "length_km": 0.124}}, {"type": "Feature", "geometry": {"type": "LineString", "coordinates": [[32.64735, 0.34079], [32.64742, 0.34178]]}, "properties": {"link_id": "WAKI01169", "name": "Wakiso - Link 783", "district": "Wakiso", "pavement": "Unpaved", "condition": "Fair", "length_km": 0.13}}, {"type": "Feature", "geometry": {"type": "LineString", "coordinates": [[32.64591, 0.34415], [32.64548, 0.34396]]}, "properties": {"link_id": "WAKI01170", "name": "Wakiso - Link 784", "district": "Wakiso", "pavement": "Unpaved", "condition": "Fair", "length_km": 0.053}}, {"type": "Feature", "geometry": {"type": "LineString", "coordinates": [[32.64503, 0.34399], [32.64582, 0.34432]]}, "properties": {"link_id": "WAKI01171", "name": "Wakiso - Link 785", "district": "Wakiso", "pavement": "Unpaved", "condition": "Fair", "length_km": 0.096}}, {"type": "Feature", "geometry": {"type": "LineString", "coordinates": [[32.64421, 0.34256], [32.64356, 0.3444]]}, "properties": {"link_id": "WAKI01172", "name": "Wakiso - Link 786", "district": "Wakiso", "pavement": "Unpaved", "condition": "Fair", "length_km": 0.221}}, {"type": "Feature", "geometry": {"type": "LineString", "coordinates": [[32.64363, 0.34232], [32.64334, 0.34337]]}, "properties": {"link_id": "WAKI01173", "name": "Wakiso - Link 787", "district": "Wakiso", "pavement": "Unpaved", "condition": "Fair", "length_km": 0.123}}, {"type": "Feature", "geometry": {"type": "LineString", "coordinates": [[32.64442, 0.34403], [32.64511, 0.34298]]}, "properties": {"link_id": "WAKI01174", "name": "Wakiso - Link 788", "district": "Wakiso", "pavement": "Unpaved", "condition": "Fair", "length_km": 0.153}}, {"type": "Feature", "geometry": {"type": "LineString", "coordinates": [[32.64453, 0.3427], [32.64463, 0.34157]]}, "properties": {"link_id": "WAKI01175", "name": "Wakiso - Link 789", "district": "Wakiso", "pavement": "Unpaved", "condition": "Fair", "length_km": 0.146}}, {"type": "Feature", "geometry": {"type": "LineString", "coordinates": [[32.64244, 0.34176], [32.64373, 0.34237]]}, "properties": {"link_id": "WAKI01176", "name": "Wakiso - Link 790", "district": "Wakiso", "pavement": "Unpaved", "condition": "Fair", "length_km": 0.555}}, {"type": "Feature", "geometry": {"type": "LineString", "coordinates": [[32.64252, 0.3418], [32.64233, 0.34172]]}, "properties": {"link_id": "WAKI01177", "name": "Wakiso - Link 791", "district": "Wakiso", "pavement": "Unpaved", "condition": "Poor", "length_km": 0.062}}, {"type": "Feature", "geometry": {"type": "LineString", "coordinates": [[32.64321, 0.34211], [32.64356, 0.3444]]}, "properties": {"link_id": "WAKI01178", "name": "Wakiso - Link 792", "district": "Wakiso", "pavement": "Unpaved", "condition": "Fair", "length_km": 0.415}}, {"type": "Feature", "geometry": {"type": "LineString", "coordinates": [[32.64274, 0.34423], [32.64283, 0.34397]]}, "properties": {"link_id": "WAKI01179", "name": "Wakiso - Link 793", "district": "Wakiso", "pavement": "Unpaved", "condition": "Fair", "length_km": 0.031}}, {"type": "Feature", "geometry": {"type": "LineString", "coordinates": [[32.64258, 0.34491], [32.64243, 0.34486]]}, "properties": {"link_id": "WAKI01180", "name": "Wakiso - Link 794", "district": "Wakiso", "pavement": "Unpaved", "condition": "Poor", "length_km": 0.017}}, {"type": "Feature", "geometry": {"type": "LineString", "coordinates": [[32.64247, 0.3447], [32.64274, 0.34478]]}, "properties": {"link_id": "WAKI01181", "name": "Wakiso - Link 795", "district": "Wakiso", "pavement": "Unpaved", "condition": "Poor", "length_km": 0.105}}, {"type": "Feature", "geometry": {"type": "LineString", "coordinates": [[32.64245, 0.34566], [32.64268, 0.3457]]}, "properties": {"link_id": "WAKI01182", "name": "Wakiso - Link 796", "district": "Wakiso", "pavement": "Unpaved", "condition": "Fair", "length_km": 0.027}}, {"type": "Feature", "geometry": {"type": "LineString", "coordinates": [[32.64289, 0.34547], [32.64287, 0.34579]]}, "properties": {"link_id": "WAKI01183", "name": "Wakiso - Link 797", "district": "Wakiso", "pavement": "Unpaved", "condition": "Fair", "length_km": 0.036}}, {"type": "Feature", "geometry": {"type": "LineString", "coordinates": [[32.64347, 0.34555], [32.6433, 0.34689]]}, "properties": {"link_id": "WAKI01184", "name": "Wakiso - Link 798", "district": "Wakiso", "pavement": "Unpaved", "condition": "Fair", "length_km": 0.342}}, {"type": "Feature", "geometry": {"type": "LineString", "coordinates": [[32.64301, 0.34485], [32.64294, 0.34509]]}, "properties": {"link_id": "WAKI01185", "name": "Wakiso - Link 799", "district": "Wakiso", "pavement": "Unpaved", "condition": "Poor", "length_km": 0.027}}, {"type": "Feature", "geometry": {"type": "LineString", "coordinates": [[32.64356, 0.3444], [32.64548, 0.34503]]}, "properties": {"link_id": "WAKI01186", "name": "Wakiso - Link 800", "district": "Wakiso", "pavement": "Unpaved", "condition": "Fair", "length_km": 0.227}}, {"type": "Feature", "geometry": {"type": "LineString", "coordinates": [[32.64451, 0.34528], [32.64435, 0.34586]]}, "properties": {"link_id": "WAKI01187", "name": "Wakiso - Link 801", "district": "Wakiso", "pavement": "Unpaved", "condition": "Poor", "length_km": 0.066}}, {"type": "Feature", "geometry": {"type": "LineString", "coordinates": [[32.64356, 0.34501], [32.6433, 0.34689]]}, "properties": {"link_id": "WAKI01188", "name": "Wakiso - Link 802", "district": "Wakiso", "pavement": "Unpaved", "condition": "Fair", "length_km": 0.211}}, {"type": "Feature", "geometry": {"type": "LineString", "coordinates": [[32.64363, 0.34701], [32.64371, 0.34635]]}, "properties": {"link_id": "WAKI01189", "name": "Wakiso - Link 803", "district": "Wakiso", "pavement": "Unpaved", "condition": "Fair", "length_km": 0.075}}, {"type": "Feature", "geometry": {"type": "LineString", "coordinates": [[32.64455, 0.34805], [32.64487, 0.34746]]}, "properties": {"link_id": "WAKI01190", "name": "Wakiso - Link 804", "district": "Wakiso", "pavement": "Unpaved", "condition": "Fair", "length_km": 0.089}}, {"type": "Feature", "geometry": {"type": "LineString", "coordinates": [[32.64234, 0.34853], [32.64409, 0.34719]]}, "properties": {"link_id": "WAKI01191", "name": "Wakiso - Link 805", "district": "Wakiso", "pavement": "Unpaved", "condition": "Fair", "length_km": 0.263}}, {"type": "Feature", "geometry": {"type": "LineString", "coordinates": [[32.64197, 0.3473], [32.64177, 0.34796]]}, "properties": {"link_id": "WAKI01192", "name": "Wakiso - Link 806", "district": "Wakiso", "pavement": "Unpaved", "condition": "Fair", "length_km": 0.077}}, {"type": "Feature", "geometry": {"type": "LineString", "coordinates": [[32.64083, 0.34774], [32.6411, 0.34774]]}, "properties": {"link_id": "WAKI01193", "name": "Wakiso - Link 807", "district": "Wakiso", "pavement": "Unpaved", "condition": "Fair", "length_km": 0.03}}, {"type": "Feature", "geometry": {"type": "LineString", "coordinates": [[32.64214, 0.34918], [32.64102, 0.34427]]}, "properties": {"link_id": "WAKI01194", "name": "Wakiso - Link 808", "district": "Wakiso", "pavement": "Unpaved", "condition": "Fair", "length_km": 0.701}}, {"type": "Feature", "geometry": {"type": "LineString", "coordinates": [[32.64174, 0.3445], [32.64126, 0.34695]]}, "properties": {"link_id": "WAKI01195", "name": "Wakiso - Link 809", "district": "Wakiso", "pavement": "Unpaved", "condition": "Fair", "length_km": 0.279}}, {"type": "Feature", "geometry": {"type": "LineString", "coordinates": [[32.64064, 0.34567], [32.64124, 0.34614]]}, "properties": {"link_id": "WAKI01196", "name": "Wakiso - Link 810", "district": "Wakiso", "pavement": "Unpaved", "condition": "Poor", "length_km": 0.088}}, {"type": "Feature", "geometry": {"type": "LineString", "coordinates": [[32.64031, 0.34784], [32.63888, 0.34827]]}, "properties": {"link_id": "WAKI01197", "name": "Wakiso - Link 811", "district": "Wakiso", "pavement": "Unpaved", "condition": "Fair", "length_km": 0.19}}, {"type": "Feature", "geometry": {"type": "LineString", "coordinates": [[32.63789, 0.34698], [32.63896, 0.34684]]}, "properties": {"link_id": "WAKI01198", "name": "Wakiso - Link 812", "district": "Wakiso", "pavement": "Unpaved", "condition": "Fair", "length_km": 0.122}}, {"type": "Feature", "geometry": {"type": "LineString", "coordinates": [[32.6377, 0.34647], [32.63789, 0.34698]]}, "properties": {"link_id": "WAKI01199", "name": "Wakiso - Link 813", "district": "Wakiso", "pavement": "Unpaved", "condition": "Fair", "length_km": 0.061}}, {"type": "Feature", "geometry": {"type": "LineString", "coordinates": [[32.63755, 0.34769], [32.63742, 0.34657]]}, "properties": {"link_id": "WAKI01200", "name": "Wakiso - Link 814", "district": "Wakiso", "pavement": "Unpaved", "condition": "Fair", "length_km": 0.126}}, {"type": "Feature", "geometry": {"type": "LineString", "coordinates": [[32.63685, 0.34796], [32.63755, 0.34769]]}, "properties": {"link_id": "WAKI01201", "name": "Wakiso - Link 815", "district": "Wakiso", "pavement": "Unpaved", "condition": "Fair", "length_km": 0.101}}, {"type": "Feature", "geometry": {"type": "LineString", "coordinates": [[32.63675, 0.34659], [32.63658, 0.3492]]}, "properties": {"link_id": "WAKI01202", "name": "Wakiso - Link 816", "district": "Wakiso", "pavement": "Unpaved", "condition": "Fair", "length_km": 0.295}}, {"type": "Feature", "geometry": {"type": "LineString", "coordinates": [[32.63675, 0.34659], [32.6377, 0.34647]]}, "properties": {"link_id": "WAKI01203", "name": "Wakiso - Link 817", "district": "Wakiso", "pavement": "Unpaved", "condition": "Fair", "length_km": 0.107}}, {"type": "Feature", "geometry": {"type": "LineString", "coordinates": [[32.63737, 0.34551], [32.63774, 0.34549]]}, "properties": {"link_id": "WAKI01204", "name": "Wakiso - Link 818", "district": "Wakiso", "pavement": "Unpaved", "condition": "Poor", "length_km": 0.045}}, {"type": "Feature", "geometry": {"type": "LineString", "coordinates": [[32.63623, 0.34561], [32.63665, 0.34425]]}, "properties": {"link_id": "WAKI01205", "name": "Wakiso - Link 819", "district": "Wakiso", "pavement": "Unpaved", "condition": "Fair", "length_km": 0.167}}, {"type": "Feature", "geometry": {"type": "LineString", "coordinates": [[32.63602, 0.34298], [32.6377, 0.34647]]}, "properties": {"link_id": "WAKI01206", "name": "Wakiso - Link 820", "district": "Wakiso", "pavement": "Unpaved", "condition": "Fair", "length_km": 0.433}}, {"type": "Feature", "geometry": {"type": "LineString", "coordinates": [[32.63705, 0.34482], [32.63732, 0.34486]]}, "properties": {"link_id": "WAKI01207", "name": "Wakiso - Link 821", "district": "Wakiso", "pavement": "Unpaved", "condition": "Poor", "length_km": 0.041}}, {"type": "Feature", "geometry": {"type": "LineString", "coordinates": [[32.63725, 0.34521], [32.63764, 0.34493]]}, "properties": {"link_id": "WAKI01208", "name": "Wakiso - Link 822", "district": "Wakiso", "pavement": "Unpaved", "condition": "Poor", "length_km": 0.054}}, {"type": "Feature", "geometry": {"type": "LineString", "coordinates": [[32.63729, 0.34531], [32.63935, 0.34366]]}, "properties": {"link_id": "WAKI01209", "name": "Wakiso - Link 823", "district": "Wakiso", "pavement": "Unpaved", "condition": "Poor", "length_km": 0.295}}, {"type": "Feature", "geometry": {"type": "LineString", "coordinates": [[32.63883, 0.34345], [32.63938, 0.34367]]}, "properties": {"link_id": "WAKI01210", "name": "Wakiso - Link 824", "district": "Wakiso", "pavement": "Unpaved", "condition": "Poor", "length_km": 0.112}}, {"type": "Feature", "geometry": {"type": "LineString", "coordinates": [[32.62582, 0.33847], [32.65121, 0.34727]]}, "properties": {"link_id": "WAKI01211", "name": "Jinja Road", "district": "Wakiso", "pavement": "Paved", "condition": "Good", "length_km": 2.991}}, {"type": "Feature", "geometry": {"type": "LineString", "coordinates": [[32.63833, 0.34326], [32.63844, 0.34295]]}, "properties": {"link_id": "WAKI01212", "name": "Wakiso - Link 825", "district": "Wakiso", "pavement": "Unpaved", "condition": "Poor", "length_km": 0.04}}, {"type": "Feature", "geometry": {"type": "LineString", "coordinates": [[32.63795, 0.34312], [32.63842, 0.3424]]}, "properties": {"link_id": "WAKI01213", "name": "Wakiso - Link 826", "district": "Wakiso", "pavement": "Unpaved", "condition": "Fair", "length_km": 0.098}}, {"type": "Feature", "geometry": {"type": "LineString", "coordinates": [[32.63808, 0.34317], [32.63687, 0.34455]]}, "properties": {"link_id": "WAKI01214", "name": "Wakiso - Link 827", "district": "Wakiso", "pavement": "Unpaved", "condition": "Fair", "length_km": 0.208}}, {"type": "Feature", "geometry": {"type": "LineString", "coordinates": [[32.63748, 0.34408], [32.63736, 0.3439]]}, "properties": {"link_id": "WAKI01215", "name": "Wakiso - Link 828", "district": "Wakiso", "pavement": "Unpaved", "condition": "Poor", "length_km": 0.023}}, {"type": "Feature", "geometry": {"type": "LineString", "coordinates": [[32.63742, 0.344], [32.63718, 0.34396]]}, "properties": {"link_id": "WAKI01216", "name": "Wakiso - Link 829", "district": "Wakiso", "pavement": "Unpaved", "condition": "Poor", "length_km": 0.031}}, {"type": "Feature", "geometry": {"type": "LineString", "coordinates": [[32.63659, 0.34259], [32.63633, 0.34248]]}, "properties": {"link_id": "WAKI01217", "name": "Wakiso - Link 830", "district": "Wakiso", "pavement": "Unpaved", "condition": "Poor", "length_km": 0.092}}, {"type": "Feature", "geometry": {"type": "LineString", "coordinates": [[32.63733, 0.34288], [32.63776, 0.34304]]}, "properties": {"link_id": "WAKI01218", "name": "Wakiso - Link 831", "district": "Wakiso", "pavement": "Unpaved", "condition": "Poor", "length_km": 0.1}}, {"type": "Feature", "geometry": {"type": "LineString", "coordinates": [[32.6378, 0.34306], [32.63677, 0.34162]]}, "properties": {"link_id": "WAKI01219", "name": "Wakiso - Link 832", "district": "Wakiso", "pavement": "Unpaved", "condition": "Fair", "length_km": 0.205}}, {"type": "Feature", "geometry": {"type": "LineString", "coordinates": [[32.63626, 0.34245], [32.63677, 0.34162]]}, "properties": {"link_id": "WAKI01220", "name": "Wakiso - Link 833", "district": "Wakiso", "pavement": "Unpaved", "condition": "Fair", "length_km": 0.109}}, {"type": "Feature", "geometry": {"type": "LineString", "coordinates": [[32.63658, 0.3414], [32.63669, 0.34174]]}, "properties": {"link_id": "WAKI01221", "name": "Wakiso - Link 834", "district": "Wakiso", "pavement": "Unpaved", "condition": "Fair", "length_km": 0.046}}, {"type": "Feature", "geometry": {"type": "LineString", "coordinates": [[32.63735, 0.34061], [32.63677, 0.34162]]}, "properties": {"link_id": "WAKI01222", "name": "Wakiso - Link 835", "district": "Wakiso", "pavement": "Unpaved", "condition": "Fair", "length_km": 0.129}}, {"type": "Feature", "geometry": {"type": "LineString", "coordinates": [[32.63743, 0.34054], [32.6384, 0.34162]]}, "properties": {"link_id": "WAKI01223", "name": "Wakiso - Link 836", "district": "Wakiso", "pavement": "Unpaved", "condition": "Fair", "length_km": 0.161}}, {"type": "Feature", "geometry": {"type": "LineString", "coordinates": [[32.63907, 0.34243], [32.63767, 0.34104]]}, "properties": {"link_id": "WAKI01224", "name": "Wakiso - Link 837", "district": "Wakiso", "pavement": "Unpaved", "condition": "Fair", "length_km": 0.219}}, {"type": "Feature", "geometry": {"type": "LineString", "coordinates": [[32.63959, 0.34048], [32.63832, 0.3417]]}, "properties": {"link_id": "WAKI01225", "name": "Wakiso - Link 838", "district": "Wakiso", "pavement": "Unpaved", "condition": "Fair", "length_km": 0.197}}, {"type": "Feature", "geometry": {"type": "LineString", "coordinates": [[32.63995, 0.34182], [32.63974, 0.34168]]}, "properties": {"link_id": "WAKI01226", "name": "Wakiso - Link 839", "district": "Wakiso", "pavement": "Unpaved", "condition": "Fair", "length_km": 0.028}}, {"type": "Feature", "geometry": {"type": "LineString", "coordinates": [[32.63995, 0.3407], [32.63966, 0.34139]]}, "properties": {"link_id": "WAKI01227", "name": "Wakiso - Link 840", "district": "Wakiso", "pavement": "Unpaved", "condition": "Fair", "length_km": 0.101}}, {"type": "Feature", "geometry": {"type": "LineString", "coordinates": [[32.64075, 0.34112], [32.63928, 0.34259]]}, "properties": {"link_id": "WAKI01228", "name": "Wakiso - Link 841", "district": "Wakiso", "pavement": "Unpaved", "condition": "Fair", "length_km": 0.234}}, {"type": "Feature", "geometry": {"type": "LineString", "coordinates": [[32.64143, 0.3414], [32.63964, 0.34288]]}, "properties": {"link_id": "WAKI01229", "name": "Kagube Drive", "district": "Wakiso", "pavement": "Unpaved", "condition": "Fair", "length_km": 0.299}}, {"type": "Feature", "geometry": {"type": "LineString", "coordinates": [[32.63842, 0.3424], [32.64104, 0.3437]]}, "properties": {"link_id": "WAKI01230", "name": "Wakiso - Link 842", "district": "Wakiso", "pavement": "Unpaved", "condition": "Fair", "length_km": 0.343}}, {"type": "Feature", "geometry": {"type": "LineString", "coordinates": [[32.63909, 0.34476], [32.6396, 0.34376]]}, "properties": {"link_id": "WAKI01231", "name": "Wakiso - Link 843", "district": "Wakiso", "pavement": "Unpaved", "condition": "Poor", "length_km": 0.125}}, {"type": "Feature", "geometry": {"type": "LineString", "coordinates": [[32.64013, 0.34396], [32.64027, 0.34401]]}, "properties": {"link_id": "WAKI01232", "name": "Wakiso - Link 844", "district": "Wakiso", "pavement": "Unpaved", "condition": "Poor", "length_km": 0.083}}, {"type": "Feature", "geometry": {"type": "LineString", "coordinates": [[32.64053, 0.34266], [32.6409, 0.34297]]}, "properties": {"link_id": "WAKI01233", "name": "Wakiso - Link 845", "district": "Wakiso", "pavement": "Unpaved", "condition": "Poor", "length_km": 0.055}}, {"type": "Feature", "geometry": {"type": "LineString", "coordinates": [[32.64212, 0.34405], [32.64104, 0.3437]]}, "properties": {"link_id": "WAKI01234", "name": "Wakiso - Link 846", "district": "Wakiso", "pavement": "Unpaved", "condition": "Fair", "length_km": 0.127}}, {"type": "Feature", "geometry": {"type": "LineString", "coordinates": [[32.64265, 0.34289], [32.6409, 0.34297]]}, "properties": {"link_id": "WAKI01235", "name": "Wakiso - Link 847", "district": "Wakiso", "pavement": "Unpaved", "condition": "Fair", "length_km": 0.26}}, {"type": "Feature", "geometry": {"type": "LineString", "coordinates": [[32.64074, 0.34147], [32.64091, 0.34119]]}, "properties": {"link_id": "WAKI01236", "name": "Wakiso - Link 848", "district": "Wakiso", "pavement": "Unpaved", "condition": "Fair", "length_km": 0.036}}, {"type": "Feature", "geometry": {"type": "LineString", "coordinates": [[32.64133, 0.34018], [32.64158, 0.34092]]}, "properties": {"link_id": "WAKI01237", "name": "Wakiso - Link 849", "district": "Wakiso", "pavement": "Unpaved", "condition": "Fair", "length_km": 0.102}}, {"type": "Feature", "geometry": {"type": "LineString", "coordinates": [[32.63984, 0.34063], [32.64107, 0.33845]]}, "properties": {"link_id": "WAKI01238", "name": "Klezia Road", "district": "Wakiso", "pavement": "Paved", "condition": "Good", "length_km": 0.342}}, {"type": "Feature", "geometry": {"type": "LineString", "coordinates": [[32.64165, 0.33706], [32.64222, 0.3377]]}, "properties": {"link_id": "WAKI01239", "name": "Wakiso - Link 850", "district": "Wakiso", "pavement": "Unpaved", "condition": "Fair", "length_km": 0.103}}, {"type": "Feature", "geometry": {"type": "LineString", "coordinates": [[32.64079, 0.33745], [32.64213, 0.33811]]}, "properties": {"link_id": "WAKI01240", "name": "Wakiso - Link 851", "district": "Wakiso", "pavement": "Unpaved", "condition": "Fair", "length_km": 0.17}}, {"type": "Feature", "geometry": {"type": "LineString", "coordinates": [[32.6414, 0.33907], [32.63973, 0.33843]]}, "properties": {"link_id": "WAKI01241", "name": "Wakiso - Link 852", "district": "Wakiso", "pavement": "Unpaved", "condition": "Fair", "length_km": 0.215}}, {"type": "Feature", "geometry": {"type": "LineString", "coordinates": [[32.64046, 0.33761], [32.64026, 0.33806]]}, "properties": {"link_id": "WAKI01242", "name": "Wakiso - Link 853", "district": "Wakiso", "pavement": "Unpaved", "condition": "Fair", "length_km": 0.055}}, {"type": "Feature", "geometry": {"type": "LineString", "coordinates": [[32.63793, 0.33943], [32.64249, 0.33669]]}, "properties": {"link_id": "WAKI01243", "name": "Wakiso - Link 854", "district": "Wakiso", "pavement": "Unpaved", "condition": "Fair", "length_km": 0.608}}, {"type": "Feature", "geometry": {"type": "LineString", "coordinates": [[32.63932, 0.34033], [32.64034, 0.33937]]}, "properties": {"link_id": "WAKI01244", "name": "Wakiso - Link 855", "district": "Wakiso", "pavement": "Unpaved", "condition": "Poor", "length_km": 0.155}}, {"type": "Feature", "geometry": {"type": "LineString", "coordinates": [[32.63903, 0.34098], [32.63882, 0.3407]]}, "properties": {"link_id": "WAKI01245", "name": "Wakiso - Link 856", "district": "Wakiso", "pavement": "Unpaved", "condition": "Fair", "length_km": 0.038}}, {"type": "Feature", "geometry": {"type": "LineString", "coordinates": [[32.63898, 0.3389], [32.63888, 0.34006]]}, "properties": {"link_id": "WAKI01246", "name": "Wakiso - Link 857", "district": "Wakiso", "pavement": "Unpaved", "condition": "Fair", "length_km": 0.168}}, {"type": "Feature", "geometry": {"type": "LineString", "coordinates": [[32.63746, 0.34052], [32.63789, 0.34038]]}, "properties": {"link_id": "WAKI01247", "name": "Wakiso - Link 858", "district": "Wakiso", "pavement": "Unpaved", "condition": "Fair", "length_km": 0.062}}, {"type": "Feature", "geometry": {"type": "LineString", "coordinates": [[32.63746, 0.34052], [32.63797, 0.33947]]}, "properties": {"link_id": "WAKI01248", "name": "Wakiso - Link 859", "district": "Wakiso", "pavement": "Unpaved", "condition": "Fair", "length_km": 0.132}}, {"type": "Feature", "geometry": {"type": "LineString", "coordinates": [[32.63748, 0.34032], [32.63759, 0.34042]]}, "properties": {"link_id": "WAKI01249", "name": "Wakiso - Link 860", "district": "Wakiso", "pavement": "Unpaved", "condition": "Fair", "length_km": 0.016}}, {"type": "Feature", "geometry": {"type": "LineString", "coordinates": [[32.63735, 0.34061], [32.63746, 0.34052]]}, "properties": {"link_id": "WAKI01250", "name": "Wakiso - Link 861", "district": "Wakiso", "pavement": "Unpaved", "condition": "Fair", "length_km": 0.017}}, {"type": "Feature", "geometry": {"type": "LineString", "coordinates": [[32.63717, 0.33642], [32.63862, 0.33575]]}, "properties": {"link_id": "WAKI01251", "name": "Wakiso - Link 862", "district": "Wakiso", "pavement": "Paved", "condition": "Good", "length_km": 0.18}}, {"type": "Feature", "geometry": {"type": "LineString", "coordinates": [[32.63717, 0.33642], [32.63899, 0.33681]]}, "properties": {"link_id": "WAKI01252", "name": "Wakiso - Link 863", "district": "Wakiso", "pavement": "Paved", "condition": "Good", "length_km": 0.215}}, {"type": "Feature", "geometry": {"type": "LineString", "coordinates": [[32.63574, 0.33731], [32.6371, 0.33639]]}, "properties": {"link_id": "WAKI01253", "name": "Wakiso - Link 864", "district": "Wakiso", "pavement": "Paved", "condition": "Good", "length_km": 0.184}}, {"type": "Feature", "geometry": {"type": "LineString", "coordinates": [[32.6371, 0.33639], [32.63739, 0.33487]]}, "properties": {"link_id": "WAKI01254", "name": "Wakiso - Link 865", "district": "Wakiso", "pavement": "Unpaved", "condition": "Fair", "length_km": 0.205}}, {"type": "Feature", "geometry": {"type": "LineString", "coordinates": [[32.6371, 0.33639], [32.63717, 0.33642]]}, "properties": {"link_id": "WAKI01255", "name": "Wakiso - Link 866", "district": "Wakiso", "pavement": "Paved", "condition": "Good", "length_km": 0.01}}, {"type": "Feature", "geometry": {"type": "LineString", "coordinates": [[32.63618, 0.33445], [32.63759, 0.33342]]}, "properties": {"link_id": "WAKI01256", "name": "Wakiso - Link 867", "district": "Wakiso", "pavement": "Unpaved", "condition": "Fair", "length_km": 0.194}}, {"type": "Feature", "geometry": {"type": "LineString", "coordinates": [[32.63837, 0.33403], [32.63904, 0.33448]]}, "properties": {"link_id": "WAKI01257", "name": "Wakiso - Link 868", "district": "Wakiso", "pavement": "Unpaved", "condition": "Fair", "length_km": 0.091}}, {"type": "Feature", "geometry": {"type": "LineString", "coordinates": [[32.63535, 0.3369], [32.64198, 0.33176]]}, "properties": {"link_id": "WAKI01258", "name": "Wakiso - Link 869", "district": "Wakiso", "pavement": "Unpaved", "condition": "Fair", "length_km": 0.955}}, {"type": "Feature", "geometry": {"type": "LineString", "coordinates": [[32.64075, 0.33441], [32.64275, 0.33428]]}, "properties": {"link_id": "WAKI01259", "name": "Wakiso - Link 870", "district": "Wakiso", "pavement": "Unpaved", "condition": "Fair", "length_km": 0.227}}, {"type": "Feature", "geometry": {"type": "LineString", "coordinates": [[32.64203, 0.33358], [32.64475, 0.33479]]}, "properties": {"link_id": "WAKI01260", "name": "Wakiso - Link 871", "district": "Wakiso", "pavement": "Unpaved", "condition": "Fair", "length_km": 0.355}}, {"type": "Feature", "geometry": {"type": "LineString", "coordinates": [[32.64319, 0.33626], [32.64475, 0.33479]]}, "properties": {"link_id": "WAKI01261", "name": "Wakiso - Link 872", "district": "Wakiso", "pavement": "Unpaved", "condition": "Fair", "length_km": 0.318}}, {"type": "Feature", "geometry": {"type": "LineString", "coordinates": [[32.64685, 0.33765], [32.64249, 0.33669]]}, "properties": {"link_id": "WAKI01262", "name": "Wakiso - Link 873", "district": "Wakiso", "pavement": "Unpaved", "condition": "Fair", "length_km": 0.561}}, {"type": "Feature", "geometry": {"type": "LineString", "coordinates": [[32.64336, 0.33633], [32.64157, 0.33594]]}, "properties": {"link_id": "WAKI01263", "name": "Wakiso - Link 874", "district": "Wakiso", "pavement": "Unpaved", "condition": "Fair", "length_km": 0.204}}, {"type": "Feature", "geometry": {"type": "LineString", "coordinates": [[32.64287, 0.33579], [32.64253, 0.33574]]}, "properties": {"link_id": "WAKI01264", "name": "Wakiso - Link 875", "district": "Wakiso", "pavement": "Unpaved", "condition": "Fair", "length_km": 0.079}}, {"type": "Feature", "geometry": {"type": "LineString", "coordinates": [[32.64234, 0.33961], [32.64196, 0.3394]]}, "properties": {"link_id": "WAKI01265", "name": "Wakiso - Link 876", "district": "Wakiso", "pavement": "Unpaved", "condition": "Fair", "length_km": 0.048}}, {"type": "Feature", "geometry": {"type": "LineString", "coordinates": [[32.64184, 0.34154], [32.6421, 0.33852]]}, "properties": {"link_id": "WAKI01266", "name": "Wakiso - Link 877", "district": "Wakiso", "pavement": "Unpaved", "condition": "Fair", "length_km": 0.412}}, {"type": "Feature", "geometry": {"type": "LineString", "coordinates": [[32.64254, 0.34044], [32.64275, 0.34091]]}, "properties": {"link_id": "WAKI01267", "name": "Wakiso - Link 878", "district": "Wakiso", "pavement": "Unpaved", "condition": "Fair", "length_km": 0.063}}, {"type": "Feature", "geometry": {"type": "LineString", "coordinates": [[32.64368, 0.33979], [32.64295, 0.33944]]}, "properties": {"link_id": "WAKI01268", "name": "Wakiso - Link 879", "district": "Wakiso", "pavement": "Unpaved", "condition": "Fair", "length_km": 0.101}}, {"type": "Feature", "geometry": {"type": "LineString", "coordinates": [[32.64409, 0.33921], [32.64368, 0.33991]]}, "properties": {"link_id": "WAKI01269", "name": "Wakiso - Link 880", "district": "Wakiso", "pavement": "Unpaved", "condition": "Fair", "length_km": 0.099}}, {"type": "Feature", "geometry": {"type": "LineString", "coordinates": [[32.64477, 0.34028], [32.6447, 0.34089]]}, "properties": {"link_id": "WAKI01270", "name": "Wakiso - Link 881", "district": "Wakiso", "pavement": "Unpaved", "condition": "Fair", "length_km": 0.07}}, {"type": "Feature", "geometry": {"type": "LineString", "coordinates": [[32.64454, 0.34023], [32.64457, 0.33865]]}, "properties": {"link_id": "WAKI01271", "name": "Wakiso - Link 882", "district": "Wakiso", "pavement": "Unpaved", "condition": "Fair", "length_km": 0.179}}, {"type": "Feature", "geometry": {"type": "LineString", "coordinates": [[32.64569, 0.33585], [32.6437, 0.34021]]}, "properties": {"link_id": "WAKI01272", "name": "Wakiso - Link 883", "district": "Wakiso", "pavement": "Unpaved", "condition": "Fair", "length_km": 0.635}}, {"type": "Feature", "geometry": {"type": "LineString", "coordinates": [[32.64531, 0.33729], [32.6443, 0.33754]]}, "properties": {"link_id": "WAKI01273", "name": "Wakiso - Link 884", "district": "Wakiso", "pavement": "Unpaved", "condition": "Fair", "length_km": 0.122}}, {"type": "Feature", "geometry": {"type": "LineString", "coordinates": [[32.64517, 0.33743], [32.64524, 0.33783]]}, "properties": {"link_id": "WAKI01274", "name": "Wakiso - Link 885", "district": "Wakiso", "pavement": "Unpaved", "condition": "Fair", "length_km": 0.046}}, {"type": "Feature", "geometry": {"type": "LineString", "coordinates": [[32.64596, 0.3391], [32.64507, 0.3388]]}, "properties": {"link_id": "WAKI01275", "name": "Wakiso - Link 886", "district": "Wakiso", "pavement": "Unpaved", "condition": "Fair", "length_km": 0.105}}, {"type": "Feature", "geometry": {"type": "LineString", "coordinates": [[32.64504, 0.33964], [32.64477, 0.34028]]}, "properties": {"link_id": "WAKI01276", "name": "Wakiso - Link 887", "district": "Wakiso", "pavement": "Unpaved", "condition": "Fair", "length_km": 0.077}}, {"type": "Feature", "geometry": {"type": "LineString", "coordinates": [[32.64433, 0.34043], [32.64568, 0.34049]]}, "properties": {"link_id": "WAKI01277", "name": "Wakiso - Link 888", "district": "Wakiso", "pavement": "Unpaved", "condition": "Fair", "length_km": 0.162}}, {"type": "Feature", "geometry": {"type": "LineString", "coordinates": [[32.64617, 0.34035], [32.64596, 0.34103]]}, "properties": {"link_id": "WAKI01278", "name": "Wakiso - Link 889", "district": "Wakiso", "pavement": "Unpaved", "condition": "Fair", "length_km": 0.079}}, {"type": "Feature", "geometry": {"type": "LineString", "coordinates": [[32.64513, 0.34299], [32.64685, 0.33765]]}, "properties": {"link_id": "WAKI01279", "name": "Wakiso - Link 890", "district": "Wakiso", "pavement": "Unpaved", "condition": "Fair", "length_km": 0.643}}, {"type": "Feature", "geometry": {"type": "LineString", "coordinates": [[32.64569, 0.34041], [32.64768, 0.33926]]}, "properties": {"link_id": "WAKI01280", "name": "Wakiso - Link 891", "district": "Wakiso", "pavement": "Unpaved", "condition": "Fair", "length_km": 0.309}}, {"type": "Feature", "geometry": {"type": "LineString", "coordinates": [[32.64702, 0.34051], [32.64726, 0.34021]]}, "properties": {"link_id": "WAKI01281", "name": "Wakiso - Link 892", "district": "Wakiso", "pavement": "Unpaved", "condition": "Fair", "length_km": 0.043}}, {"type": "Feature", "geometry": {"type": "LineString", "coordinates": [[32.64721, 0.33952], [32.64735, 0.33968]]}, "properties": {"link_id": "WAKI01282", "name": "Wakiso - Link 893", "district": "Wakiso", "pavement": "Unpaved", "condition": "Fair", "length_km": 0.024}}, {"type": "Feature", "geometry": {"type": "LineString", "coordinates": [[32.64754, 0.33833], [32.64741, 0.33854]]}, "properties": {"link_id": "WAKI01283", "name": "Wakiso - Link 894", "district": "Wakiso", "pavement": "Unpaved", "condition": "Poor", "length_km": 0.027}}, {"type": "Feature", "geometry": {"type": "LineString", "coordinates": [[32.64751, 0.33828], [32.64721, 0.33824]]}, "properties": {"link_id": "WAKI01284", "name": "Wakiso - Link 895", "district": "Wakiso", "pavement": "Unpaved", "condition": "Poor", "length_km": 0.034}}, {"type": "Feature", "geometry": {"type": "LineString", "coordinates": [[32.64747, 0.33779], [32.64754, 0.33833]]}, "properties": {"link_id": "WAKI01285", "name": "Wakiso - Link 896", "district": "Wakiso", "pavement": "Unpaved", "condition": "Fair", "length_km": 0.063}}, {"type": "Feature", "geometry": {"type": "LineString", "coordinates": [[32.64688, 0.33722], [32.64708, 0.3368]]}, "properties": {"link_id": "WAKI01286", "name": "Wakiso - Link 897", "district": "Wakiso", "pavement": "Unpaved", "condition": "Fair", "length_km": 0.053}}, {"type": "Feature", "geometry": {"type": "LineString", "coordinates": [[32.64853, 0.33659], [32.64637, 0.33516]]}, "properties": {"link_id": "WAKI01287", "name": "Wakiso - Link 898", "district": "Wakiso", "pavement": "Unpaved", "condition": "Fair", "length_km": 0.293}}, {"type": "Feature", "geometry": {"type": "LineString", "coordinates": [[32.64623, 0.33404], [32.64699, 0.33389]]}, "properties": {"link_id": "WAKI01288", "name": "Wakiso - Link 899", "district": "Wakiso", "pavement": "Unpaved", "condition": "Fair", "length_km": 0.087}}, {"type": "Feature", "geometry": {"type": "LineString", "coordinates": [[32.6469, 0.33372], [32.64811, 0.33471]]}, "properties": {"link_id": "WAKI01289", "name": "Wakiso - Link 900", "district": "Wakiso", "pavement": "Unpaved", "condition": "Fair", "length_km": 0.177}}, {"type": "Feature", "geometry": {"type": "LineString", "coordinates": [[32.64593, 0.33203], [32.64852, 0.33682]]}, "properties": {"link_id": "WAKI01290", "name": "Wakiso - Link 901", "district": "Wakiso", "pavement": "Unpaved", "condition": "Fair", "length_km": 0.728}}, {"type": "Feature", "geometry": {"type": "LineString", "coordinates": [[32.64798, 0.33361], [32.64867, 0.33441]]}, "properties": {"link_id": "WAKI01291", "name": "Wakiso - Link 902", "district": "Wakiso", "pavement": "Unpaved", "condition": "Fair", "length_km": 0.167}}, {"type": "Feature", "geometry": {"type": "LineString", "coordinates": [[32.64811, 0.33471], [32.64865, 0.33502]]}, "properties": {"link_id": "WAKI01292", "name": "Wakiso - Link 903", "district": "Wakiso", "pavement": "Unpaved", "condition": "Fair", "length_km": 0.069}}, {"type": "Feature", "geometry": {"type": "LineString", "coordinates": [[32.64867, 0.33441], [32.64934, 0.3353]]}, "properties": {"link_id": "WAKI01293", "name": "Wakiso - Link 904", "district": "Wakiso", "pavement": "Unpaved", "condition": "Fair", "length_km": 0.131}}, {"type": "Feature", "geometry": {"type": "LineString", "coordinates": [[32.64684, 0.33458], [32.6487, 0.33557]]}, "properties": {"link_id": "WAKI01294", "name": "Wakiso - Link 905", "district": "Wakiso", "pavement": "Unpaved", "condition": "Fair", "length_km": 0.242}}, {"type": "Feature", "geometry": {"type": "LineString", "coordinates": [[32.64811, 0.33663], [32.64791, 0.33712]]}, "properties": {"link_id": "WAKI01295", "name": "Wakiso - Link 906", "district": "Wakiso", "pavement": "Unpaved", "condition": "Fair", "length_km": 0.061}}, {"type": "Feature", "geometry": {"type": "LineString", "coordinates": [[32.64914, 0.33716], [32.64865, 0.33502]]}, "properties": {"link_id": "WAKI01296", "name": "Wakiso - Link 907", "district": "Wakiso", "pavement": "Unpaved", "condition": "Fair", "length_km": 0.287}}, {"type": "Feature", "geometry": {"type": "LineString", "coordinates": [[32.64924, 0.33602], [32.64841, 0.33677]]}, "properties": {"link_id": "WAKI01297", "name": "Wakiso - Link 908", "district": "Wakiso", "pavement": "Unpaved", "condition": "Fair", "length_km": 0.131}}, {"type": "Feature", "geometry": {"type": "LineString", "coordinates": [[32.64888, 0.33617], [32.64881, 0.33509]]}, "properties": {"link_id": "WAKI01298", "name": "Wakiso - Link 909", "district": "Wakiso", "pavement": "Unpaved", "condition": "Fair", "length_km": 0.13}}, {"type": "Feature", "geometry": {"type": "LineString", "coordinates": [[32.64897, 0.33734], [32.64978, 0.33684]]}, "properties": {"link_id": "WAKI01299", "name": "Wakiso - Link 910", "district": "Wakiso", "pavement": "Unpaved", "condition": "Fair", "length_km": 0.107}}, {"type": "Feature", "geometry": {"type": "LineString", "coordinates": [[32.64925, 0.33527], [32.65042, 0.33642]]}, "properties": {"link_id": "WAKI01300", "name": "Wakiso - Link 911", "district": "Wakiso", "pavement": "Unpaved", "condition": "Fair", "length_km": 0.186}}, {"type": "Feature", "geometry": {"type": "LineString", "coordinates": [[32.64797, 0.33373], [32.65094, 0.33526]]}, "properties": {"link_id": "WAKI01301", "name": "Wakiso - Link 912", "district": "Wakiso", "pavement": "Unpaved", "condition": "Fair", "length_km": 0.376}}, {"type": "Feature", "geometry": {"type": "LineString", "coordinates": [[32.64751, 0.33304], [32.65198, 0.33525]]}, "properties": {"link_id": "WAKI01302", "name": "Wakiso - Link 913", "district": "Wakiso", "pavement": "Unpaved", "condition": "Fair", "length_km": 0.594}}, {"type": "Feature", "geometry": {"type": "LineString", "coordinates": [[32.65094, 0.33526], [32.65104, 0.33524]]}, "properties": {"link_id": "WAKI01303", "name": "Wakiso - Link 914", "district": "Wakiso", "pavement": "Unpaved", "condition": "Fair", "length_km": 0.01}}, {"type": "Feature", "geometry": {"type": "LineString", "coordinates": [[32.65126, 0.33475], [32.65104, 0.33524]]}, "properties": {"link_id": "WAKI01304", "name": "Wakiso - Link 915", "district": "Wakiso", "pavement": "Unpaved", "condition": "Fair", "length_km": 0.06}}, {"type": "Feature", "geometry": {"type": "LineString", "coordinates": [[32.65104, 0.33524], [32.65176, 0.33577]]}, "properties": {"link_id": "WAKI01305", "name": "Wakiso - Link 916", "district": "Wakiso", "pavement": "Unpaved", "condition": "Fair", "length_km": 0.1}}, {"type": "Feature", "geometry": {"type": "LineString", "coordinates": [[32.65126, 0.33475], [32.65151, 0.33441]]}, "properties": {"link_id": "WAKI01306", "name": "Wakiso - Link 917", "district": "Wakiso", "pavement": "Unpaved", "condition": "Fair", "length_km": 0.049}}, {"type": "Feature", "geometry": {"type": "LineString", "coordinates": [[32.65319, 0.33494], [32.65295, 0.33609]]}, "properties": {"link_id": "WAKI01307", "name": "Wakiso - Link 918", "district": "Wakiso", "pavement": "Unpaved", "condition": "Fair", "length_km": 0.151}}, {"type": "Feature", "geometry": {"type": "LineString", "coordinates": [[32.64978, 0.33684], [32.65094, 0.33526]]}, "properties": {"link_id": "WAKI01308", "name": "Wakiso - Link 919", "district": "Wakiso", "pavement": "Unpaved", "condition": "Fair", "length_km": 0.297}}, {"type": "Feature", "geometry": {"type": "LineString", "coordinates": [[32.65187, 0.34078], [32.65241, 0.33408]]}, "properties": {"link_id": "WAKI01309", "name": "Wakiso - Link 920", "district": "Wakiso", "pavement": "Unpaved", "condition": "Fair", "length_km": 0.833}}, {"type": "Feature", "geometry": {"type": "LineString", "coordinates": [[32.65229, 0.34418], [32.65276, 0.33202]]}, "properties": {"link_id": "WAKI01310", "name": "Kasokoso Road", "district": "Wakiso", "pavement": "Unpaved", "condition": "Fair", "length_km": 1.489}}, {"type": "Feature", "geometry": {"type": "LineString", "coordinates": [[32.65324, 0.33975], [32.65308, 0.33888]]}, "properties": {"link_id": "WAKI01311", "name": "Wakiso - Link 921", "district": "Wakiso", "pavement": "Unpaved", "condition": "Fair", "length_km": 0.1}}, {"type": "Feature", "geometry": {"type": "LineString", "coordinates": [[32.65247, 0.34028], [32.65279, 0.34066]]}, "properties": {"link_id": "WAKI01312", "name": "Wakiso - Link 922", "district": "Wakiso", "pavement": "Unpaved", "condition": "Poor", "length_km": 0.132}}, {"type": "Feature", "geometry": {"type": "LineString", "coordinates": [[32.653, 0.34029], [32.65324, 0.33975]]}, "properties": {"link_id": "WAKI01313", "name": "Wakiso - Link 923", "district": "Wakiso", "pavement": "Unpaved", "condition": "Poor", "length_km": 0.065}}, {"type": "Feature", "geometry": {"type": "LineString", "coordinates": [[32.6528, 0.34156], [32.65324, 0.33975]]}, "properties": {"link_id": "WAKI01314", "name": "Wakiso - Link 924", "district": "Wakiso", "pavement": "Unpaved", "condition": "Poor", "length_km": 0.214}}, {"type": "Feature", "geometry": {"type": "LineString", "coordinates": [[32.65126, 0.34012], [32.65191, 0.34074]]}, "properties": {"link_id": "WAKI01315", "name": "Wakiso - Link 925", "district": "Wakiso", "pavement": "Unpaved", "condition": "Fair", "length_km": 0.1}}, {"type": "Feature", "geometry": {"type": "LineString", "coordinates": [[32.65095, 0.33984], [32.65037, 0.34113]]}, "properties": {"link_id": "WAKI01316", "name": "Wakiso - Link 926", "district": "Wakiso", "pavement": "Unpaved", "condition": "Fair", "length_km": 0.163}}, {"type": "Feature", "geometry": {"type": "LineString", "coordinates": [[32.64908, 0.3406], [32.64924, 0.33954]]}, "properties": {"link_id": "WAKI01317", "name": "Wakiso - Link 927", "district": "Wakiso", "pavement": "Unpaved", "condition": "Fair", "length_km": 0.122}}, {"type": "Feature", "geometry": {"type": "LineString", "coordinates": [[32.64957, 0.33964], [32.64963, 0.33991]]}, "properties": {"link_id": "WAKI01318", "name": "Wakiso - Link 928", "district": "Wakiso", "pavement": "Unpaved", "condition": "Fair", "length_km": 0.031}}, {"type": "Feature", "geometry": {"type": "LineString", "coordinates": [[32.64863, 0.33834], [32.65126, 0.34012]]}, "properties": {"link_id": "WAKI01319", "name": "Wakiso - Link 929", "district": "Wakiso", "pavement": "Unpaved", "condition": "Fair", "length_km": 0.411}}, {"type": "Feature", "geometry": {"type": "LineString", "coordinates": [[32.64909, 0.33793], [32.6491, 0.33921]]}, "properties": {"link_id": "WAKI01320", "name": "Wakiso - Link 930", "district": "Wakiso", "pavement": "Paved", "condition": "Good", "length_km": 0.174}}, {"type": "Feature", "geometry": {"type": "LineString", "coordinates": [[32.64909, 0.3386], [32.64934, 0.33855]]}, "properties": {"link_id": "WAKI01321", "name": "Wakiso - Link 931", "district": "Wakiso", "pavement": "Paved", "condition": "Good", "length_km": 0.029}}, {"type": "Feature", "geometry": {"type": "LineString", "coordinates": [[32.64863, 0.33834], [32.6491, 0.33921]]}, "properties": {"link_id": "WAKI01322", "name": "Nnabagereka's Close", "district": "Wakiso", "pavement": "Paved", "condition": "Good", "length_km": 0.134}}, {"type": "Feature", "geometry": {"type": "LineString", "coordinates": [[32.64828, 0.33808], [32.64852, 0.33682]]}, "properties": {"link_id": "WAKI01323", "name": "Wakiso - Link 932", "district": "Wakiso", "pavement": "Unpaved", "condition": "Fair", "length_km": 0.192}}, {"type": "Feature", "geometry": {"type": "LineString", "coordinates": [[32.64885, 0.33747], [32.64833, 0.33738]]}, "properties": {"link_id": "WAKI01324", "name": "Wakiso - Link 933", "district": "Wakiso", "pavement": "Unpaved", "condition": "Fair", "length_km": 0.06}}, {"type": "Feature", "geometry": {"type": "LineString", "coordinates": [[32.64854, 0.33776], [32.64813, 0.33756]]}, "properties": {"link_id": "WAKI01325", "name": "Wakiso - Link 934", "district": "Wakiso", "pavement": "Unpaved", "condition": "Fair", "length_km": 0.056}}, {"type": "Feature", "geometry": {"type": "LineString", "coordinates": [[32.64685, 0.33765], [32.64863, 0.33834]]}, "properties": {"link_id": "WAKI01326", "name": "Wakiso - Link 935", "district": "Wakiso", "pavement": "Unpaved", "condition": "Fair", "length_km": 0.216}}, {"type": "Feature", "geometry": {"type": "LineString", "coordinates": [[32.64828, 0.33808], [32.64798, 0.33869]]}, "properties": {"link_id": "WAKI01327", "name": "Wakiso - Link 936", "district": "Wakiso", "pavement": "Unpaved", "condition": "Fair", "length_km": 0.076}}, {"type": "Feature", "geometry": {"type": "LineString", "coordinates": [[32.64809, 0.34062], [32.64778, 0.33899]]}, "properties": {"link_id": "WAKI01328", "name": "Wakiso - Link 937", "district": "Wakiso", "pavement": "Unpaved", "condition": "Fair", "length_km": 0.189}}, {"type": "Feature", "geometry": {"type": "LineString", "coordinates": [[32.6488, 0.33976], [32.6492, 0.33972]]}, "properties": {"link_id": "WAKI01329", "name": "Wakiso - Link 938", "district": "Wakiso", "pavement": "Unpaved", "condition": "Fair", "length_km": 0.052}}, {"type": "Feature", "geometry": {"type": "LineString", "coordinates": [[32.64832, 0.34071], [32.64945, 0.34069]]}, "properties": {"link_id": "WAKI01330", "name": "Wakiso - Link 939", "district": "Wakiso", "pavement": "Unpaved", "condition": "Fair", "length_km": 0.146}}, {"type": "Feature", "geometry": {"type": "LineString", "coordinates": [[32.64897, 0.3415], [32.64685, 0.34043]]}, "properties": {"link_id": "WAKI01331", "name": "Wakiso - Link 940", "district": "Wakiso", "pavement": "Unpaved", "condition": "Fair", "length_km": 0.305}}, {"type": "Feature", "geometry": {"type": "LineString", "coordinates": [[32.64945, 0.34188], [32.64957, 0.34125]]}, "properties": {"link_id": "WAKI01332", "name": "Wakiso - Link 941", "district": "Wakiso", "pavement": "Unpaved", "condition": "Fair", "length_km": 0.076}}, {"type": "Feature", "geometry": {"type": "LineString", "coordinates": [[32.64895, 0.34341], [32.6496, 0.34316]]}, "properties": {"link_id": "WAKI01333", "name": "Wakiso - Link 942", "district": "Wakiso", "pavement": "Unpaved", "condition": "Fair", "length_km": 0.077}}, {"type": "Feature", "geometry": {"type": "LineString", "coordinates": [[32.65232, 0.34348], [32.64717, 0.34396]]}, "properties": {"link_id": "WAKI01334", "name": "Wakiso - Link 943", "district": "Wakiso", "pavement": "Unpaved", "condition": "Fair", "length_km": 0.791}}, {"type": "Feature", "geometry": {"type": "LineString", "coordinates": [[32.65077, 0.34267], [32.6496, 0.34316]]}, "properties": {"link_id": "WAKI01335", "name": "Wakiso - Link 944", "district": "Wakiso", "pavement": "Unpaved", "condition": "Fair", "length_km": 0.143}}, {"type": "Feature", "geometry": {"type": "LineString", "coordinates": [[32.64964, 0.3435], [32.65027, 0.34342]]}, "properties": {"link_id": "WAKI01336", "name": "Wakiso - Link 945", "district": "Wakiso", "pavement": "Unpaved", "condition": "Fair", "length_km": 0.07}}, {"type": "Feature", "geometry": {"type": "LineString", "coordinates": [[32.65048, 0.34459], [32.65038, 0.34405]]}, "properties": {"link_id": "WAKI01337", "name": "Wakiso - Link 946", "district": "Wakiso", "pavement": "Unpaved", "condition": "Fair", "length_km": 0.061}}, {"type": "Feature", "geometry": {"type": "LineString", "coordinates": [[32.64999, 0.34412], [32.65019, 0.34462]]}, "properties": {"link_id": "WAKI01338", "name": "Wakiso - Link 947", "district": "Wakiso", "pavement": "Unpaved", "condition": "Fair", "length_km": 0.06}}, {"type": "Feature", "geometry": {"type": "LineString", "coordinates": [[32.64968, 0.34462], [32.6496, 0.34254]]}, "properties": {"link_id": "WAKI01339", "name": "Wakiso - Link 948", "district": "Wakiso", "pavement": "Unpaved", "condition": "Fair", "length_km": 0.232}}, {"type": "Feature", "geometry": {"type": "LineString", "coordinates": [[32.64877, 0.34449], [32.649, 0.34292]]}, "properties": {"link_id": "WAKI01340", "name": "Wakiso - Link 949", "district": "Wakiso", "pavement": "Unpaved", "condition": "Fair", "length_km": 0.177}}, {"type": "Feature", "geometry": {"type": "LineString", "coordinates": [[32.64778, 0.34425], [32.64876, 0.34258]]}, "properties": {"link_id": "WAKI01341", "name": "Wakiso - Link 950", "district": "Wakiso", "pavement": "Unpaved", "condition": "Fair", "length_km": 0.24}}, {"type": "Feature", "geometry": {"type": "LineString", "coordinates": [[32.64795, 0.34575], [32.64938, 0.34546]]}, "properties": {"link_id": "WAKI01342", "name": "Wakiso - Link 951", "district": "Wakiso", "pavement": "Unpaved", "condition": "Fair", "length_km": 0.163}}, {"type": "Feature", "geometry": {"type": "LineString", "coordinates": [[32.6482, 0.34698], [32.6481, 0.34691]]}, "properties": {"link_id": "WAKI01343", "name": "corner road", "district": "Wakiso", "pavement": "Unpaved", "condition": "Poor", "length_km": 0.013}}, {"type": "Feature", "geometry": {"type": "LineString", "coordinates": [[32.64785, 0.34729], [32.64757, 0.34705]]}, "properties": {"link_id": "WAKI01344", "name": "Wakiso - Link 952", "district": "Wakiso", "pavement": "Unpaved", "condition": "Poor", "length_km": 0.041}}, {"type": "Feature", "geometry": {"type": "LineString", "coordinates": [[32.64927, 0.34711], [32.6476, 0.34749]]}, "properties": {"link_id": "WAKI01345", "name": "Wakiso - Link 953", "district": "Wakiso", "pavement": "Unpaved", "condition": "Fair", "length_km": 0.281}}, {"type": "Feature", "geometry": {"type": "LineString", "coordinates": [[32.64851, 0.34801], [32.6485, 0.34743]]}, "properties": {"link_id": "WAKI01346", "name": "Wakiso - Link 954", "district": "Wakiso", "pavement": "Unpaved", "condition": "Fair", "length_km": 0.071}}, {"type": "Feature", "geometry": {"type": "LineString", "coordinates": [[32.64934, 0.34716], [32.64948, 0.34671]]}, "properties": {"link_id": "WAKI01347", "name": "Wakiso - Link 955", "district": "Wakiso", "pavement": "Unpaved", "condition": "Poor", "length_km": 0.053}}, {"type": "Feature", "geometry": {"type": "LineString", "coordinates": [[32.64927, 0.34711], [32.64909, 0.34659]]}, "properties": {"link_id": "WAKI01348", "name": "Wakiso - Link 956", "district": "Wakiso", "pavement": "Unpaved", "condition": "Fair", "length_km": 0.064}}, {"type": "Feature", "geometry": {"type": "LineString", "coordinates": [[32.64979, 0.34753], [32.64946, 0.34805]]}, "properties": {"link_id": "WAKI01349", "name": "Wakiso - Link 957", "district": "Wakiso", "pavement": "Unpaved", "condition": "Poor", "length_km": 0.069}}, {"type": "Feature", "geometry": {"type": "LineString", "coordinates": [[32.65026, 0.34695], [32.65033, 0.34649]]}, "properties": {"link_id": "WAKI01350", "name": "Namboole Road", "district": "Wakiso", "pavement": "Unpaved", "condition": "Fair", "length_km": 0.052}}, {"type": "Feature", "geometry": {"type": "LineString", "coordinates": [[32.65033, 0.34649], [32.65007, 0.34689]]}, "properties": {"link_id": "WAKI01351", "name": "Wakiso - Link 958", "district": "Wakiso", "pavement": "Unpaved", "condition": "Fair", "length_km": 0.054}}, {"type": "Feature", "geometry": {"type": "LineString", "coordinates": [[32.64993, 0.34586], [32.65054, 0.34602]]}, "properties": {"link_id": "WAKI01352", "name": "Wakiso - Link 959", "district": "Wakiso", "pavement": "Unpaved", "condition": "Fair", "length_km": 0.071}}, {"type": "Feature", "geometry": {"type": "LineString", "coordinates": [[32.64959, 0.34541], [32.64975, 0.34462]]}, "properties": {"link_id": "WAKI01353", "name": "Wakiso - Link 960", "district": "Wakiso", "pavement": "Unpaved", "condition": "Fair", "length_km": 0.103}}, {"type": "Feature", "geometry": {"type": "LineString", "coordinates": [[32.65203, 0.3458], [32.65151, 0.34544]]}, "properties": {"link_id": "WAKI01354", "name": "Wakiso - Link 961", "district": "Wakiso", "pavement": "Unpaved", "condition": "Poor", "length_km": 0.091}}, {"type": "Feature", "geometry": {"type": "LineString", "coordinates": [[32.65168, 0.34578], [32.6519, 0.34599]]}, "properties": {"link_id": "WAKI01355", "name": "Wakiso - Link 962", "district": "Wakiso", "pavement": "Unpaved", "condition": "Poor", "length_km": 0.043}}, {"type": "Feature", "geometry": {"type": "LineString", "coordinates": [[32.65121, 0.34727], [32.6537, 0.34833]]}, "properties": {"link_id": "WAKI01356", "name": "Jinja Road", "district": "Wakiso", "pavement": "Paved", "condition": "Good", "length_km": 0.3}}, {"type": "Feature", "geometry": {"type": "LineString", "coordinates": [[32.65395, 0.34817], [32.65121, 0.34727]]}, "properties": {"link_id": "WAKI01357", "name": "Wakiso - Link 963", "district": "Wakiso", "pavement": "Unpaved", "condition": "Poor", "length_km": 0.321}}, {"type": "Feature", "geometry": {"type": "LineString", "coordinates": [[32.65209, 0.34459], [32.65229, 0.34418]]}, "properties": {"link_id": "WAKI01358", "name": "Wakiso - Link 964", "district": "Wakiso", "pavement": "Unpaved", "condition": "Fair", "length_km": 0.051}}, {"type": "Feature", "geometry": {"type": "LineString", "coordinates": [[32.65168, 0.34342], [32.65203, 0.34425]]}, "properties": {"link_id": "WAKI01359", "name": "Wakiso - Link 965", "district": "Wakiso", "pavement": "Unpaved", "condition": "Fair", "length_km": 0.101}}, {"type": "Feature", "geometry": {"type": "LineString", "coordinates": [[32.65073, 0.34247], [32.65146, 0.34442]]}, "properties": {"link_id": "WAKI01360", "name": "Wakiso - Link 966", "district": "Wakiso", "pavement": "Unpaved", "condition": "Fair", "length_km": 0.233}}, {"type": "Feature", "geometry": {"type": "LineString", "coordinates": [[32.65039, 0.34323], [32.65093, 0.34332]]}, "properties": {"link_id": "WAKI01361", "name": "Wakiso - Link 967", "district": "Wakiso", "pavement": "Unpaved", "condition": "Fair", "length_km": 0.078}}, {"type": "Feature", "geometry": {"type": "LineString", "coordinates": [[32.65084, 0.34294], [32.65123, 0.34272]]}, "properties": {"link_id": "WAKI01362", "name": "Wakiso - Link 968", "district": "Wakiso", "pavement": "Unpaved", "condition": "Fair", "length_km": 0.061}}, {"type": "Feature", "geometry": {"type": "LineString", "coordinates": [[32.651, 0.34349], [32.65144, 0.3434]]}, "properties": {"link_id": "WAKI01363", "name": "Wakiso - Link 969", "district": "Wakiso", "pavement": "Unpaved", "condition": "Fair", "length_km": 0.051}}, {"type": "Feature", "geometry": {"type": "LineString", "coordinates": [[32.65052, 0.34202], [32.65085, 0.34136]]}, "properties": {"link_id": "WAKI01364", "name": "Wakiso - Link 970", "district": "Wakiso", "pavement": "Unpaved", "condition": "Fair", "length_km": 0.083}}, {"type": "Feature", "geometry": {"type": "LineString", "coordinates": [[32.65187, 0.34078], [32.65068, 0.34212]]}, "properties": {"link_id": "WAKI01365", "name": "Wakiso - Link 971", "district": "Wakiso", "pavement": "Unpaved", "condition": "Fair", "length_km": 0.201}}, {"type": "Feature", "geometry": {"type": "LineString", "coordinates": [[32.6517, 0.34285], [32.65216, 0.34098]]}, "properties": {"link_id": "WAKI01366", "name": "Wakiso - Link 972", "district": "Wakiso", "pavement": "Unpaved", "condition": "Fair", "length_km": 0.289}}, {"type": "Feature", "geometry": {"type": "LineString", "coordinates": [[32.65284, 0.3416], [32.6533, 0.34206]]}, "properties": {"link_id": "WAKI01367", "name": "Wakiso - Link 973", "district": "Wakiso", "pavement": "Unpaved", "condition": "Fair", "length_km": 0.072}}, {"type": "Feature", "geometry": {"type": "LineString", "coordinates": [[32.65317, 0.34145], [32.65348, 0.34172]]}, "properties": {"link_id": "WAKI01368", "name": "Wakiso - Link 974", "district": "Wakiso", "pavement": "Unpaved", "condition": "Fair", "length_km": 0.045}}, {"type": "Feature", "geometry": {"type": "LineString", "coordinates": [[32.65558, 0.34386], [32.65618, 0.34247]]}, "properties": {"link_id": "WAKI01369", "name": "Wakiso - Link 975", "district": "Wakiso", "pavement": "Unpaved", "condition": "Poor", "length_km": 0.168}}, {"type": "Feature", "geometry": {"type": "LineString", "coordinates": [[32.65578, 0.34343], [32.65549, 0.34332]]}, "properties": {"link_id": "WAKI01370", "name": "Wakiso - Link 976", "district": "Wakiso", "pavement": "Unpaved", "condition": "Poor", "length_km": 0.034}}, {"type": "Feature", "geometry": {"type": "LineString", "coordinates": [[32.65307, 0.34234], [32.65385, 0.34374]]}, "properties": {"link_id": "WAKI01371", "name": "Wakiso - Link 977", "district": "Wakiso", "pavement": "Unpaved", "condition": "Fair", "length_km": 0.219}}, {"type": "Feature", "geometry": {"type": "LineString", "coordinates": [[32.64615, 0.34349], [32.66191, 0.34812]]}, "properties": {"link_id": "WAKI01372", "name": "Kirinya Road", "district": "Wakiso", "pavement": "Unpaved", "condition": "Fair", "length_km": 2.014}}, {"type": "Feature", "geometry": {"type": "LineString", "coordinates": [[32.65667, 0.34758], [32.65431, 0.34808]]}, "properties": {"link_id": "WAKI01373", "name": "Wakiso - Link 978", "district": "Wakiso", "pavement": "Unpaved", "condition": "Fair", "length_km": 0.27}}, {"type": "Feature", "geometry": {"type": "LineString", "coordinates": [[32.65451, 0.34828], [32.6567, 0.3477]]}, "properties": {"link_id": "WAKI01374", "name": "Wakiso - Link 979", "district": "Wakiso", "pavement": "Unpaved", "condition": "Fair", "length_km": 0.26}}, {"type": "Feature", "geometry": {"type": "LineString", "coordinates": [[32.656, 0.34772], [32.65572, 0.34588]]}, "properties": {"link_id": "WAKI01375", "name": "Wakiso - Link 980", "district": "Wakiso", "pavement": "Unpaved", "condition": "Poor", "length_km": 0.206}}, {"type": "Feature", "geometry": {"type": "LineString", "coordinates": [[32.65598, 0.34512], [32.65576, 0.34478]]}, "properties": {"link_id": "WAKI01376", "name": "Wakiso - Link 981", "district": "Wakiso", "pavement": "Paved", "condition": "Good", "length_km": 0.045}}, {"type": "Feature", "geometry": {"type": "LineString", "coordinates": [[32.65681, 0.34433], [32.65504, 0.34516]]}, "properties": {"link_id": "WAKI01377", "name": "Wakiso - Link 982", "district": "Wakiso", "pavement": "Paved", "condition": "Good", "length_km": 0.249}}, {"type": "Feature", "geometry": {"type": "LineString", "coordinates": [[32.6566, 0.34455], [32.65685, 0.34508]]}, "properties": {"link_id": "WAKI01378", "name": "Wakiso - Link 983", "district": "Wakiso", "pavement": "Unpaved", "condition": "Poor", "length_km": 0.079}}, {"type": "Feature", "geometry": {"type": "LineString", "coordinates": [[32.65646, 0.34572], [32.65676, 0.34749]]}, "properties": {"link_id": "WAKI01379", "name": "Wakiso - Link 984", "district": "Wakiso", "pavement": "Unpaved", "condition": "Poor", "length_km": 0.2}}, {"type": "Feature", "geometry": {"type": "LineString", "coordinates": [[32.65689, 0.34766], [32.65759, 0.34753]]}, "properties": {"link_id": "WAKI01380", "name": "Wakiso - Link 985", "district": "Wakiso", "pavement": "Unpaved", "condition": "Poor", "length_km": 0.079}}, {"type": "Feature", "geometry": {"type": "LineString", "coordinates": [[32.65757, 0.34738], [32.65688, 0.34754]]}, "properties": {"link_id": "WAKI01381", "name": "Wakiso - Link 986", "district": "Wakiso", "pavement": "Unpaved", "condition": "Poor", "length_km": 0.079}}, {"type": "Feature", "geometry": {"type": "LineString", "coordinates": [[32.65953, 0.34844], [32.65904, 0.34896]]}, "properties": {"link_id": "WAKI01382", "name": "Wakiso - Link 987", "district": "Wakiso", "pavement": "Unpaved", "condition": "Poor", "length_km": 0.878}}, {"type": "Feature", "geometry": {"type": "LineString", "coordinates": [[32.65863, 0.34593], [32.65855, 0.34535]]}, "properties": {"link_id": "WAKI01383", "name": "Wakiso - Link 988", "district": "Wakiso", "pavement": "Unpaved", "condition": "Poor", "length_km": 0.065}}, {"type": "Feature", "geometry": {"type": "LineString", "coordinates": [[32.65812, 0.34335], [32.65849, 0.34487]]}, "properties": {"link_id": "WAKI01384", "name": "Wakiso - Link 989", "district": "Wakiso", "pavement": "Unpaved", "condition": "Fair", "length_km": 0.185}}, {"type": "Feature", "geometry": {"type": "LineString", "coordinates": [[32.65819, 0.34387], [32.65902, 0.34354]]}, "properties": {"link_id": "WAKI01385", "name": "Wakiso - Link 990", "district": "Wakiso", "pavement": "Unpaved", "condition": "Fair", "length_km": 0.1}}, {"type": "Feature", "geometry": {"type": "LineString", "coordinates": [[32.65771, 0.34297], [32.6581, 0.34297]]}, "properties": {"link_id": "WAKI01386", "name": "Wakiso - Link 991", "district": "Wakiso", "pavement": "Unpaved", "condition": "Fair", "length_km": 0.043}}, {"type": "Feature", "geometry": {"type": "LineString", "coordinates": [[32.65743, 0.34359], [32.65778, 0.34476]]}, "properties": {"link_id": "WAKI01387", "name": "Wakiso - Link 992", "district": "Wakiso", "pavement": "Unpaved", "condition": "Fair", "length_km": 0.142}}, {"type": "Feature", "geometry": {"type": "LineString", "coordinates": [[32.65681, 0.34433], [32.65812, 0.34335]]}, "properties": {"link_id": "WAKI01388", "name": "Wakiso - Link 993", "district": "Wakiso", "pavement": "Unpaved", "condition": "Fair", "length_km": 0.191}}, {"type": "Feature", "geometry": {"type": "LineString", "coordinates": [[32.65642, 0.34416], [32.65662, 0.3426]]}, "properties": {"link_id": "WAKI01389", "name": "Wakiso - Link 994", "district": "Wakiso", "pavement": "Unpaved", "condition": "Fair", "length_km": 0.178}}, {"type": "Feature", "geometry": {"type": "LineString", "coordinates": [[32.65595, 0.34302], [32.65627, 0.34316]]}, "properties": {"link_id": "WAKI01390", "name": "Wakiso - Link 995", "district": "Wakiso", "pavement": "Unpaved", "condition": "Poor", "length_km": 0.039}}, {"type": "Feature", "geometry": {"type": "LineString", "coordinates": [[32.65756, 0.34349], [32.65738, 0.34323]]}, "properties": {"link_id": "WAKI01391", "name": "Wakiso - Link 996", "district": "Wakiso", "pavement": "Unpaved", "condition": "Fair", "length_km": 0.04}}, {"type": "Feature", "geometry": {"type": "LineString", "coordinates": [[32.65647, 0.34184], [32.65686, 0.34138]]}, "properties": {"link_id": "WAKI01392", "name": "Wakiso - Link 997", "district": "Wakiso", "pavement": "Unpaved", "condition": "Fair", "length_km": 0.087}}, {"type": "Feature", "geometry": {"type": "LineString", "coordinates": [[32.65681, 0.34203], [32.6569, 0.34107]]}, "properties": {"link_id": "WAKI01393", "name": "Wakiso - Link 998", "district": "Wakiso", "pavement": "Unpaved", "condition": "Fair", "length_km": 0.108}}, {"type": "Feature", "geometry": {"type": "LineString", "coordinates": [[32.65961, 0.34144], [32.65598, 0.34052]]}, "properties": {"link_id": "WAKI01394", "name": "Wakiso - Link 999", "district": "Wakiso", "pavement": "Unpaved", "condition": "Fair", "length_km": 0.471}}, {"type": "Feature", "geometry": {"type": "LineString", "coordinates": [[32.65767, 0.34226], [32.65765, 0.34264]]}, "properties": {"link_id": "WAKI01395", "name": "Wakiso - Link 1000", "district": "Wakiso", "pavement": "Unpaved", "condition": "Fair", "length_km": 0.043}}, {"type": "Feature", "geometry": {"type": "LineString", "coordinates": [[32.65737, 0.34223], [32.65822, 0.34225]]}, "properties": {"link_id": "WAKI01396", "name": "Wakiso - Link 1001", "district": "Wakiso", "pavement": "Unpaved", "condition": "Fair", "length_km": 0.095}}, {"type": "Feature", "geometry": {"type": "LineString", "coordinates": [[32.65832, 0.34124], [32.65812, 0.34335]]}, "properties": {"link_id": "WAKI01397", "name": "Wakiso - Link 1002", "district": "Wakiso", "pavement": "Unpaved", "condition": "Fair", "length_km": 0.237}}, {"type": "Feature", "geometry": {"type": "LineString", "coordinates": [[32.65928, 0.34046], [32.65847, 0.34011]]}, "properties": {"link_id": "WAKI01398", "name": "Wakiso - Link 1003", "district": "Wakiso", "pavement": "Unpaved", "condition": "Fair", "length_km": 0.098}}, {"type": "Feature", "geometry": {"type": "LineString", "coordinates": [[32.65775, 0.34007], [32.65732, 0.34111]]}, "properties": {"link_id": "WAKI01399", "name": "Wakiso - Link 1004", "district": "Wakiso", "pavement": "Unpaved", "condition": "Fair", "length_km": 0.125}}, {"type": "Feature", "geometry": {"type": "LineString", "coordinates": [[32.65961, 0.33986], [32.65758, 0.33947]]}, "properties": {"link_id": "WAKI01400", "name": "Wakiso - Link 1005", "district": "Wakiso", "pavement": "Unpaved", "condition": "Fair", "length_km": 0.276}}, {"type": "Feature", "geometry": {"type": "LineString", "coordinates": [[32.65585, 0.33711], [32.65672, 0.33753]]}, "properties": {"link_id": "WAKI01401", "name": "Wakiso - Link 1006", "district": "Wakiso", "pavement": "Unpaved", "condition": "Fair", "length_km": 0.131}}, {"type": "Feature", "geometry": {"type": "LineString", "coordinates": [[32.65714, 0.34001], [32.65674, 0.34106]]}, "properties": {"link_id": "WAKI01402", "name": "Wakiso - Link 1007", "district": "Wakiso", "pavement": "Unpaved", "condition": "Fair", "length_km": 0.125}}, {"type": "Feature", "geometry": {"type": "LineString", "coordinates": [[32.65641, 0.34104], [32.65675, 0.34012]]}, "properties": {"link_id": "WAKI01403", "name": "Wakiso - Link 1008", "district": "Wakiso", "pavement": "Unpaved", "condition": "Fair", "length_km": 0.109}}, {"type": "Feature", "geometry": {"type": "LineString", "coordinates": [[32.65416, 0.34806], [32.65552, 0.33064]]}, "properties": {"link_id": "WAKI01404", "name": "Wakiso - Link 1009", "district": "Wakiso", "pavement": "Unpaved", "condition": "Poor", "length_km": 2.077}}, {"type": "Feature", "geometry": {"type": "LineString", "coordinates": [[32.65384, 0.3386], [32.65308, 0.33888]]}, "properties": {"link_id": "WAKI01405", "name": "Wakiso - Link 1010", "district": "Wakiso", "pavement": "Unpaved", "condition": "Fair", "length_km": 0.091}}, {"type": "Feature", "geometry": {"type": "LineString", "coordinates": [[32.65382, 0.33835], [32.6528, 0.33855]]}, "properties": {"link_id": "WAKI01406", "name": "Wakiso - Link 1011", "district": "Wakiso", "pavement": "Unpaved", "condition": "Fair", "length_km": 0.115}}, {"type": "Feature", "geometry": {"type": "LineString", "coordinates": [[32.65345, 0.3371], [32.65382, 0.33766]]}, "properties": {"link_id": "WAKI01407", "name": "Wakiso - Link 1012", "district": "Wakiso", "pavement": "Unpaved", "condition": "Fair", "length_km": 0.074}}, {"type": "Feature", "geometry": {"type": "LineString", "coordinates": [[32.65381, 0.33825], [32.65609, 0.3381]]}, "properties": {"link_id": "WAKI01408", "name": "Wakiso - Link 1013", "district": "Wakiso", "pavement": "Unpaved", "condition": "Fair", "length_km": 0.253}}, {"type": "Feature", "geometry": {"type": "LineString", "coordinates": [[32.65539, 0.33913], [32.65533, 0.33815]]}, "properties": {"link_id": "WAKI01409", "name": "Wakiso - Link 1014", "district": "Wakiso", "pavement": "Unpaved", "condition": "Fair", "length_km": 0.109}}, {"type": "Feature", "geometry": {"type": "LineString", "coordinates": [[32.65585, 0.33711], [32.65613, 0.33703]]}, "properties": {"link_id": "WAKI01410", "name": "Wakiso - Link 1015", "district": "Wakiso", "pavement": "Unpaved", "condition": "Fair", "length_km": 0.032}}, {"type": "Feature", "geometry": {"type": "LineString", "coordinates": [[32.65511, 0.33623], [32.65625, 0.33659]]}, "properties": {"link_id": "WAKI01411", "name": "Wakiso - Link 1016", "district": "Wakiso", "pavement": "Unpaved", "condition": "Fair", "length_km": 0.181}}, {"type": "Feature", "geometry": {"type": "LineString", "coordinates": [[32.65505, 0.33591], [32.65511, 0.33623]]}, "properties": {"link_id": "WAKI01412", "name": "Wakiso - Link 1017", "district": "Wakiso", "pavement": "Unpaved", "condition": "Fair", "length_km": 0.037}}, {"type": "Feature", "geometry": {"type": "LineString", "coordinates": [[32.65415, 0.33737], [32.65585, 0.33711]]}, "properties": {"link_id": "WAKI01413", "name": "Wakiso - Link 1018", "district": "Wakiso", "pavement": "Unpaved", "condition": "Fair", "length_km": 0.191}}, {"type": "Feature", "geometry": {"type": "LineString", "coordinates": [[32.65394, 0.33648], [32.65363, 0.33654]]}, "properties": {"link_id": "WAKI01414", "name": "Wakiso - Link 1019", "district": "Wakiso", "pavement": "Unpaved", "condition": "Fair", "length_km": 0.036}}, {"type": "Feature", "geometry": {"type": "LineString", "coordinates": [[32.65395, 0.33651], [32.65511, 0.33623]]}, "properties": {"link_id": "WAKI01415", "name": "Wakiso - Link 1020", "district": "Wakiso", "pavement": "Unpaved", "condition": "Fair", "length_km": 0.133}}, {"type": "Feature", "geometry": {"type": "LineString", "coordinates": [[32.65376, 0.33563], [32.65531, 0.33532]]}, "properties": {"link_id": "WAKI01416", "name": "Wakiso - Link 1021", "district": "Wakiso", "pavement": "Unpaved", "condition": "Fair", "length_km": 0.186}}, {"type": "Feature", "geometry": {"type": "LineString", "coordinates": [[32.65279, 0.3345], [32.6546, 0.33545]]}, "properties": {"link_id": "WAKI01417", "name": "Wakiso - Link 1022", "district": "Wakiso", "pavement": "Unpaved", "condition": "Fair", "length_km": 0.379}}, {"type": "Feature", "geometry": {"type": "LineString", "coordinates": [[32.65321, 0.33407], [32.65351, 0.33446]]}, "properties": {"link_id": "WAKI01418", "name": "Wakiso - Link 1023", "district": "Wakiso", "pavement": "Unpaved", "condition": "Fair", "length_km": 0.055}}, {"type": "Feature", "geometry": {"type": "LineString", "coordinates": [[32.65439, 0.33454], [32.65404, 0.33467]]}, "properties": {"link_id": "WAKI01419", "name": "Wakiso - Link 1024", "district": "Wakiso", "pavement": "Unpaved", "condition": "Fair", "length_km": 0.042}}, {"type": "Feature", "geometry": {"type": "LineString", "coordinates": [[32.65726, 0.33335], [32.65691, 0.33438]]}, "properties": {"link_id": "WAKI01420", "name": "Wakiso - Link 1025", "district": "Wakiso", "pavement": "Unpaved", "condition": "Poor", "length_km": 0.128}}, {"type": "Feature", "geometry": {"type": "LineString", "coordinates": [[32.65815, 0.33598], [32.65916, 0.33562]]}, "properties": {"link_id": "WAKI01421", "name": "Wakiso - Link 1026", "district": "Wakiso", "pavement": "Unpaved", "condition": "Fair", "length_km": 0.119}}, {"type": "Feature", "geometry": {"type": "LineString", "coordinates": [[32.65724, 0.3349], [32.65903, 0.33497]]}, "properties": {"link_id": "WAKI01422", "name": "Wakiso - Link 1027", "district": "Wakiso", "pavement": "Unpaved", "condition": "Fair", "length_km": 0.224}}, {"type": "Feature", "geometry": {"type": "LineString", "coordinates": [[32.65902, 0.33477], [32.65691, 0.33438]]}, "properties": {"link_id": "WAKI01423", "name": "Wakiso - Link 1028", "district": "Wakiso", "pavement": "Unpaved", "condition": "Fair", "length_km": 0.24}}, {"type": "Feature", "geometry": {"type": "LineString", "coordinates": [[32.65818, 0.33466], [32.65745, 0.33399]]}, "properties": {"link_id": "WAKI01424", "name": "Wakiso - Link 1029", "district": "Wakiso", "pavement": "Unpaved", "condition": "Fair", "length_km": 0.139}}, {"type": "Feature", "geometry": {"type": "LineString", "coordinates": [[32.65905, 0.33395], [32.65842, 0.33365]]}, "properties": {"link_id": "WAKI01425", "name": "Wakiso - Link 1030", "district": "Wakiso", "pavement": "Unpaved", "condition": "Fair", "length_km": 0.078}}, {"type": "Feature", "geometry": {"type": "LineString", "coordinates": [[32.65987, 0.33483], [32.65981, 0.33431]]}, "properties": {"link_id": "WAKI01426", "name": "Wakiso - Link 1031", "district": "Wakiso", "pavement": "Unpaved", "condition": "Fair", "length_km": 0.058}}, {"type": "Feature", "geometry": {"type": "LineString", "coordinates": [[32.66062, 0.33823], [32.65988, 0.32989]]}, "properties": {"link_id": "WAKI01427", "name": "Wakiso - Link 1032", "district": "Wakiso", "pavement": "Unpaved", "condition": "Fair", "length_km": 1.007}}, {"type": "Feature", "geometry": {"type": "LineString", "coordinates": [[32.66011, 0.3349], [32.6617, 0.33483]]}, "properties": {"link_id": "WAKI01428", "name": "Wakiso - Link 1033", "district": "Wakiso", "pavement": "Unpaved", "condition": "Fair", "length_km": 0.178}}, {"type": "Feature", "geometry": {"type": "LineString", "coordinates": [[32.66014, 0.33506], [32.66058, 0.33549]]}, "properties": {"link_id": "WAKI01429", "name": "Wakiso - Link 1034", "district": "Wakiso", "pavement": "Unpaved", "condition": "Fair", "length_km": 0.07}}, {"type": "Feature", "geometry": {"type": "LineString", "coordinates": [[32.66098, 0.33537], [32.65989, 0.33605]]}, "properties": {"link_id": "WAKI01430", "name": "Wakiso - Link 1035", "district": "Wakiso", "pavement": "Unpaved", "condition": "Fair", "length_km": 0.15}}, {"type": "Feature", "geometry": {"type": "LineString", "coordinates": [[32.66041, 0.33634], [32.66171, 0.33562]]}, "properties": {"link_id": "WAKI01431", "name": "Wakiso - Link 1036", "district": "Wakiso", "pavement": "Unpaved", "condition": "Fair", "length_km": 0.165}}, {"type": "Feature", "geometry": {"type": "LineString", "coordinates": [[32.66075, 0.3371], [32.66045, 0.33645]]}, "properties": {"link_id": "WAKI01432", "name": "Wakiso - Link 1037", "district": "Wakiso", "pavement": "Unpaved", "condition": "Fair", "length_km": 0.079}}, {"type": "Feature", "geometry": {"type": "LineString", "coordinates": [[32.65904, 0.33505], [32.66045, 0.33645]]}, "properties": {"link_id": "WAKI01433", "name": "Wakiso - Link 1038", "district": "Wakiso", "pavement": "Unpaved", "condition": "Fair", "length_km": 0.305}}, {"type": "Feature", "geometry": {"type": "LineString", "coordinates": [[32.65848, 0.33643], [32.65933, 0.33607]]}, "properties": {"link_id": "WAKI01434", "name": "Wakiso - Link 1039", "district": "Wakiso", "pavement": "Unpaved", "condition": "Fair", "length_km": 0.103}}, {"type": "Feature", "geometry": {"type": "LineString", "coordinates": [[32.65955, 0.33648], [32.65827, 0.3372]]}, "properties": {"link_id": "WAKI01435", "name": "Wakiso - Link 1040", "district": "Wakiso", "pavement": "Unpaved", "condition": "Fair", "length_km": 0.173}}, {"type": "Feature", "geometry": {"type": "LineString", "coordinates": [[32.65837, 0.3378], [32.65982, 0.3371]]}, "properties": {"link_id": "WAKI01436", "name": "Wakiso - Link 1041", "district": "Wakiso", "pavement": "Unpaved", "condition": "Fair", "length_km": 0.18}}, {"type": "Feature", "geometry": {"type": "LineString", "coordinates": [[32.65961, 0.33847], [32.66078, 0.33925]]}, "properties": {"link_id": "WAKI01437", "name": "Wakiso - Link 1042", "district": "Wakiso", "pavement": "Unpaved", "condition": "Fair", "length_km": 0.174}}, {"type": "Feature", "geometry": {"type": "LineString", "coordinates": [[32.65961, 0.33847], [32.659, 0.33823]]}, "properties": {"link_id": "WAKI01438", "name": "Wakiso - Link 1043", "district": "Wakiso", "pavement": "Unpaved", "condition": "Fair", "length_km": 0.073}}, {"type": "Feature", "geometry": {"type": "LineString", "coordinates": [[32.65914, 0.34076], [32.65928, 0.34046]]}, "properties": {"link_id": "WAKI01439", "name": "Wakiso - Link 1044", "district": "Wakiso", "pavement": "Unpaved", "condition": "Fair", "length_km": 0.037}}, {"type": "Feature", "geometry": {"type": "LineString", "coordinates": [[32.65928, 0.34046], [32.66014, 0.34094]]}, "properties": {"link_id": "WAKI01440", "name": "Wakiso - Link 1045", "district": "Wakiso", "pavement": "Unpaved", "condition": "Fair", "length_km": 0.111}}, {"type": "Feature", "geometry": {"type": "LineString", "coordinates": [[32.65961, 0.33986], [32.6604, 0.3402]]}, "properties": {"link_id": "WAKI01441", "name": "Wakiso - Link 1046", "district": "Wakiso", "pavement": "Unpaved", "condition": "Fair", "length_km": 0.096}}, {"type": "Feature", "geometry": {"type": "LineString", "coordinates": [[32.66073, 0.34226], [32.66062, 0.33823]]}, "properties": {"link_id": "WAKI01442", "name": "Wakiso - Link 1047", "district": "Wakiso", "pavement": "Unpaved", "condition": "Fair", "length_km": 0.485}}, {"type": "Feature", "geometry": {"type": "LineString", "coordinates": [[32.6604, 0.3402], [32.66197, 0.34118]]}, "properties": {"link_id": "WAKI01443", "name": "Wakiso - Link 1048", "district": "Wakiso", "pavement": "Unpaved", "condition": "Fair", "length_km": 0.208}}, {"type": "Feature", "geometry": {"type": "LineString", "coordinates": [[32.66135, 0.33834], [32.66081, 0.33866]]}, "properties": {"link_id": "WAKI01444", "name": "Wakiso - Link 1049", "district": "Wakiso", "pavement": "Unpaved", "condition": "Fair", "length_km": 0.07}}, {"type": "Feature", "geometry": {"type": "LineString", "coordinates": [[32.66156, 0.33883], [32.6608, 0.33904]]}, "properties": {"link_id": "WAKI01445", "name": "Wakiso - Link 1050", "district": "Wakiso", "pavement": "Unpaved", "condition": "Fair", "length_km": 0.089}}, {"type": "Feature", "geometry": {"type": "LineString", "coordinates": [[32.66062, 0.33823], [32.66075, 0.3371]]}, "properties": {"link_id": "WAKI01446", "name": "Wakiso - Link 1051", "district": "Wakiso", "pavement": "Unpaved", "condition": "Fair", "length_km": 0.133}}, {"type": "Feature", "geometry": {"type": "LineString", "coordinates": [[32.66135, 0.33834], [32.66151, 0.33796]]}, "properties": {"link_id": "WAKI01447", "name": "Wakiso - Link 1052", "district": "Wakiso", "pavement": "Unpaved", "condition": "Poor", "length_km": 0.071}}, {"type": "Feature", "geometry": {"type": "LineString", "coordinates": [[32.66185, 0.33757], [32.66201, 0.33774]]}, "properties": {"link_id": "WAKI01448", "name": "Wakiso - Link 1053", "district": "Wakiso", "pavement": "Unpaved", "condition": "Poor", "length_km": 0.03}}, {"type": "Feature", "geometry": {"type": "LineString", "coordinates": [[32.66151, 0.33796], [32.6621, 0.33716]]}, "properties": {"link_id": "WAKI01449", "name": "Wakiso - Link 1054", "district": "Wakiso", "pavement": "Unpaved", "condition": "Fair", "length_km": 0.111}}, {"type": "Feature", "geometry": {"type": "LineString", "coordinates": [[32.66272, 0.33782], [32.66301, 0.33796]]}, "properties": {"link_id": "WAKI01450", "name": "Wakiso - Link 1055", "district": "Wakiso", "pavement": "Unpaved", "condition": "Poor", "length_km": 0.035}}, {"type": "Feature", "geometry": {"type": "LineString", "coordinates": [[32.66227, 0.34075], [32.66075, 0.3371]]}, "properties": {"link_id": "WAKI01451", "name": "Wakiso - Link 1056", "district": "Wakiso", "pavement": "Unpaved", "condition": "Fair", "length_km": 0.611}}, {"type": "Feature", "geometry": {"type": "LineString", "coordinates": [[32.66228, 0.33997], [32.66189, 0.33964]]}, "properties": {"link_id": "WAKI01452", "name": "Wakiso - Link 1057", "district": "Wakiso", "pavement": "Unpaved", "condition": "Fair", "length_km": 0.119}}, {"type": "Feature", "geometry": {"type": "LineString", "coordinates": [[32.66247, 0.33909], [32.6629, 0.33919]]}, "properties": {"link_id": "WAKI01453", "name": "Wakiso - Link 1058", "district": "Wakiso", "pavement": "Unpaved", "condition": "Fair", "length_km": 0.049}}, {"type": "Feature", "geometry": {"type": "LineString", "coordinates": [[32.66312, 0.34043], [32.6634, 0.33795]]}, "properties": {"link_id": "WAKI01454", "name": "Wakiso - Link 1059", "district": "Wakiso", "pavement": "Unpaved", "condition": "Fair", "length_km": 0.28}}, {"type": "Feature", "geometry": {"type": "LineString", "coordinates": [[32.66347, 0.33962], [32.6637, 0.34083]]}, "properties": {"link_id": "WAKI01455", "name": "Wakiso - Link 1060", "district": "Wakiso", "pavement": "Unpaved", "condition": "Fair", "length_km": 0.138}}, {"type": "Feature", "geometry": {"type": "LineString", "coordinates": [[32.66483, 0.33829], [32.66387, 0.33859]]}, "properties": {"link_id": "WAKI01456", "name": "Wakiso - Link 1061", "district": "Wakiso", "pavement": "Unpaved", "condition": "Fair", "length_km": 0.111}}, {"type": "Feature", "geometry": {"type": "LineString", "coordinates": [[32.66442, 0.33787], [32.66375, 0.3381]]}, "properties": {"link_id": "WAKI01457", "name": "Wakiso - Link 1062", "district": "Wakiso", "pavement": "Unpaved", "condition": "Fair", "length_km": 0.078}}, {"type": "Feature", "geometry": {"type": "LineString", "coordinates": [[32.66288, 0.33626], [32.6657, 0.33913]]}, "properties": {"link_id": "WAKI01458", "name": "Wakiso - Link 1063", "district": "Wakiso", "pavement": "Unpaved", "condition": "Fair", "length_km": 0.448}}, {"type": "Feature", "geometry": {"type": "LineString", "coordinates": [[32.66273, 0.33736], [32.66575, 0.33531]]}, "properties": {"link_id": "WAKI01459", "name": "Wakiso - Link 1064", "district": "Wakiso", "pavement": "Unpaved", "condition": "Fair", "length_km": 0.574}}, {"type": "Feature", "geometry": {"type": "LineString", "coordinates": [[32.66371, 0.33507], [32.66509, 0.33619]]}, "properties": {"link_id": "WAKI01460", "name": "Wakiso - Link 1065", "district": "Wakiso", "pavement": "Unpaved", "condition": "Fair", "length_km": 0.202}}, {"type": "Feature", "geometry": {"type": "LineString", "coordinates": [[32.66309, 0.33538], [32.66269, 0.33539]]}, "properties": {"link_id": "WAKI01461", "name": "Wakiso - Link 1066", "district": "Wakiso", "pavement": "Unpaved", "condition": "Fair", "length_km": 0.045}}, {"type": "Feature", "geometry": {"type": "LineString", "coordinates": [[32.66171, 0.33478], [32.66243, 0.33503]]}, "properties": {"link_id": "WAKI01462", "name": "Wakiso - Link 1067", "district": "Wakiso", "pavement": "Unpaved", "condition": "Fair", "length_km": 0.085}}, {"type": "Feature", "geometry": {"type": "LineString", "coordinates": [[32.66164, 0.33394], [32.66286, 0.33478]]}, "properties": {"link_id": "WAKI01463", "name": "Wakiso - Link 1068", "district": "Wakiso", "pavement": "Unpaved", "condition": "Fair", "length_km": 0.165}}, {"type": "Feature", "geometry": {"type": "LineString", "coordinates": [[32.66194, 0.3319], [32.66212, 0.33625]]}, "properties": {"link_id": "WAKI01464", "name": "Wakiso - Link 1069", "district": "Wakiso", "pavement": "Unpaved", "condition": "Fair", "length_km": 0.508}}, {"type": "Feature", "geometry": {"type": "LineString", "coordinates": [[32.66424, 0.33486], [32.66469, 0.33533]]}, "properties": {"link_id": "WAKI01465", "name": "Wakiso - Link 1070", "district": "Wakiso", "pavement": "Unpaved", "condition": "Fair", "length_km": 0.073}}, {"type": "Feature", "geometry": {"type": "LineString", "coordinates": [[32.66362, 0.33393], [32.66438, 0.33373]]}, "properties": {"link_id": "WAKI01466", "name": "Wakiso - Link 1071", "district": "Wakiso", "pavement": "Unpaved", "condition": "Fair", "length_km": 0.09}}, {"type": "Feature", "geometry": {"type": "LineString", "coordinates": [[32.66452, 0.33462], [32.66438, 0.33373]]}, "properties": {"link_id": "WAKI01467", "name": "Wakiso - Link 1072", "district": "Wakiso", "pavement": "Unpaved", "condition": "Fair", "length_km": 0.11}}, {"type": "Feature", "geometry": {"type": "LineString", "coordinates": [[32.66554, 0.33562], [32.66489, 0.33523]]}, "properties": {"link_id": "WAKI01468", "name": "Wakiso - Link 1073", "district": "Wakiso", "pavement": "Unpaved", "condition": "Fair", "length_km": 0.084}}, {"type": "Feature", "geometry": {"type": "LineString", "coordinates": [[32.6636, 0.33608], [32.66622, 0.33816]]}, "properties": {"link_id": "WAKI01469", "name": "Wakiso - Link 1074", "district": "Wakiso", "pavement": "Unpaved", "condition": "Fair", "length_km": 0.372}}, {"type": "Feature", "geometry": {"type": "LineString", "coordinates": [[32.66397, 0.33638], [32.66583, 0.33673]]}, "properties": {"link_id": "WAKI01470", "name": "Wakiso - Link 1075", "district": "Wakiso", "pavement": "Unpaved", "condition": "Fair", "length_km": 0.22}}, {"type": "Feature", "geometry": {"type": "LineString", "coordinates": [[32.66695, 0.33676], [32.66551, 0.33566]]}, "properties": {"link_id": "WAKI01471", "name": "Wakiso - Link 1076", "district": "Wakiso", "pavement": "Unpaved", "condition": "Fair", "length_km": 0.202}}, {"type": "Feature", "geometry": {"type": "LineString", "coordinates": [[32.66663, 0.33732], [32.66594, 0.33698]]}, "properties": {"link_id": "WAKI01472", "name": "Wakiso - Link 1077", "district": "Wakiso", "pavement": "Unpaved", "condition": "Fair", "length_km": 0.086}}, {"type": "Feature", "geometry": {"type": "LineString", "coordinates": [[32.66652, 0.3346], [32.66694, 0.33501]]}, "properties": {"link_id": "WAKI01473", "name": "Wakiso - Link 1078", "district": "Wakiso", "pavement": "Unpaved", "condition": "Fair", "length_km": 0.068}}, {"type": "Feature", "geometry": {"type": "LineString", "coordinates": [[32.6649, 0.33654], [32.66688, 0.33379]]}, "properties": {"link_id": "WAKI01474", "name": "Wakiso - Link 1079", "district": "Wakiso", "pavement": "Unpaved", "condition": "Fair", "length_km": 0.412}}, {"type": "Feature", "geometry": {"type": "LineString", "coordinates": [[32.66627, 0.3348], [32.66672, 0.33536]]}, "properties": {"link_id": "WAKI01475", "name": "Wakiso - Link 1080", "district": "Wakiso", "pavement": "Unpaved", "condition": "Fair", "length_km": 0.08}}, {"type": "Feature", "geometry": {"type": "LineString", "coordinates": [[32.66564, 0.33311], [32.66627, 0.3348]]}, "properties": {"link_id": "WAKI01476", "name": "Wakiso - Link 1081", "district": "Wakiso", "pavement": "Unpaved", "condition": "Fair", "length_km": 0.217}}, {"type": "Feature", "geometry": {"type": "LineString", "coordinates": [[32.6668, 0.33445], [32.66709, 0.3348]]}, "properties": {"link_id": "WAKI01477", "name": "Wakiso - Link 1082", "district": "Wakiso", "pavement": "Unpaved", "condition": "Fair", "length_km": 0.05}}, {"type": "Feature", "geometry": {"type": "LineString", "coordinates": [[32.66704, 0.33433], [32.66738, 0.33458]]}, "properties": {"link_id": "WAKI01478", "name": "Wakiso - Link 1083", "district": "Wakiso", "pavement": "Unpaved", "condition": "Fair", "length_km": 0.067}}, {"type": "Feature", "geometry": {"type": "LineString", "coordinates": [[32.66822, 0.3342], [32.66758, 0.33418]]}, "properties": {"link_id": "WAKI01479", "name": "Wakiso - Link 1084", "district": "Wakiso", "pavement": "Unpaved", "condition": "Fair", "length_km": 0.072}}, {"type": "Feature", "geometry": {"type": "LineString", "coordinates": [[32.66729, 0.33425], [32.66749, 0.33422]]}, "properties": {"link_id": "WAKI01480", "name": "Wakiso - Link 1085", "district": "Wakiso", "pavement": "Unpaved", "condition": "Fair", "length_km": 0.023}}, {"type": "Feature", "geometry": {"type": "LineString", "coordinates": [[32.66822, 0.33508], [32.66777, 0.33511]]}, "properties": {"link_id": "WAKI01481", "name": "Wakiso - Link 1086", "district": "Wakiso", "pavement": "Unpaved", "condition": "Fair", "length_km": 0.05}}, {"type": "Feature", "geometry": {"type": "LineString", "coordinates": [[32.66823, 0.33515], [32.6683, 0.33588]]}, "properties": {"link_id": "WAKI01482", "name": "Wakiso - Link 1087", "district": "Wakiso", "pavement": "Unpaved", "condition": "Fair", "length_km": 0.081}}, {"type": "Feature", "geometry": {"type": "LineString", "coordinates": [[32.66823, 0.33515], [32.66856, 0.3328]]}, "properties": {"link_id": "WAKI01483", "name": "Wakiso - Link 1088", "district": "Wakiso", "pavement": "Unpaved", "condition": "Fair", "length_km": 0.268}}, {"type": "Feature", "geometry": {"type": "LineString", "coordinates": [[32.66873, 0.33459], [32.66948, 0.33437]]}, "properties": {"link_id": "WAKI01484", "name": "Wakiso - Link 1089", "district": "Wakiso", "pavement": "Unpaved", "condition": "Fair", "length_km": 0.101}}, {"type": "Feature", "geometry": {"type": "LineString", "coordinates": [[32.66873, 0.33566], [32.66914, 0.33398]]}, "properties": {"link_id": "WAKI01485", "name": "Wakiso - Link 1090", "district": "Wakiso", "pavement": "Unpaved", "condition": "Fair", "length_km": 0.205}}, {"type": "Feature", "geometry": {"type": "LineString", "coordinates": [[32.67023, 0.33659], [32.66982, 0.33614]]}, "properties": {"link_id": "WAKI01486", "name": "Wakiso - Link 1091", "district": "Wakiso", "pavement": "Unpaved", "condition": "Fair", "length_km": 0.068}}, {"type": "Feature", "geometry": {"type": "LineString", "coordinates": [[32.66889, 0.33709], [32.66989, 0.33732]]}, "properties": {"link_id": "WAKI01487", "name": "Wakiso - Link 1092", "district": "Wakiso", "pavement": "Unpaved", "condition": "Fair", "length_km": 0.137}}, {"type": "Feature", "geometry": {"type": "LineString", "coordinates": [[32.6683, 0.33588], [32.66903, 0.33653]]}, "properties": {"link_id": "WAKI01488", "name": "Wakiso - Link 1093", "district": "Wakiso", "pavement": "Unpaved", "condition": "Fair", "length_km": 0.11}}, {"type": "Feature", "geometry": {"type": "LineString", "coordinates": [[32.66818, 0.33594], [32.66813, 0.3355]]}, "properties": {"link_id": "WAKI01489", "name": "Wakiso - Link 1094", "district": "Wakiso", "pavement": "Unpaved", "condition": "Poor", "length_km": 0.05}}, {"type": "Feature", "geometry": {"type": "LineString", "coordinates": [[32.66778, 0.33615], [32.668, 0.33661]]}, "properties": {"link_id": "WAKI01490", "name": "Wakiso - Link 1095", "district": "Wakiso", "pavement": "Unpaved", "condition": "Fair", "length_km": 0.058}}, {"type": "Feature", "geometry": {"type": "LineString", "coordinates": [[32.66799, 0.33604], [32.66786, 0.33571]]}, "properties": {"link_id": "WAKI01491", "name": "Wakiso - Link 1096", "district": "Wakiso", "pavement": "Unpaved", "condition": "Poor", "length_km": 0.039}}, {"type": "Feature", "geometry": {"type": "LineString", "coordinates": [[32.66773, 0.33618], [32.66756, 0.33627]]}, "properties": {"link_id": "WAKI01492", "name": "Wakiso - Link 1097", "district": "Wakiso", "pavement": "Unpaved", "condition": "Poor", "length_km": 0.055}}, {"type": "Feature", "geometry": {"type": "LineString", "coordinates": [[32.66724, 0.33649], [32.668, 0.33739]]}, "properties": {"link_id": "WAKI01493", "name": "Wakiso - Link 1098", "district": "Wakiso", "pavement": "Unpaved", "condition": "Fair", "length_km": 0.161}}, {"type": "Feature", "geometry": {"type": "LineString", "coordinates": [[32.66654, 0.33751], [32.6682, 0.33889]]}, "properties": {"link_id": "WAKI01494", "name": "Wakiso - Link 1099", "district": "Wakiso", "pavement": "Unpaved", "condition": "Fair", "length_km": 0.241}}, {"type": "Feature", "geometry": {"type": "LineString", "coordinates": [[32.66884, 0.33731], [32.67013, 0.33763]]}, "properties": {"link_id": "WAKI01495", "name": "Wakiso - Link 1100", "district": "Wakiso", "pavement": "Unpaved", "condition": "Fair", "length_km": 0.171}}, {"type": "Feature", "geometry": {"type": "LineString", "coordinates": [[32.67255, 0.33558], [32.66675, 0.34059]]}, "properties": {"link_id": "WAKI01496", "name": "Wakiso - Link 1101", "district": "Wakiso", "pavement": "Unpaved", "condition": "Fair", "length_km": 0.94}}, {"type": "Feature", "geometry": {"type": "LineString", "coordinates": [[32.66878, 0.33759], [32.6704, 0.33817]]}, "properties": {"link_id": "WAKI01497", "name": "Wakiso - Link 1102", "district": "Wakiso", "pavement": "Unpaved", "condition": "Fair", "length_km": 0.239}}, {"type": "Feature", "geometry": {"type": "LineString", "coordinates": [[32.66857, 0.33816], [32.67138, 0.33996]]}, "properties": {"link_id": "WAKI01498", "name": "Wakiso - Link 1103", "district": "Wakiso", "pavement": "Unpaved", "condition": "Fair", "length_km": 0.42}}, {"type": "Feature", "geometry": {"type": "LineString", "coordinates": [[32.66967, 0.33875], [32.66935, 0.33911]]}, "properties": {"link_id": "WAKI01499", "name": "Wakiso - Link 1104", "district": "Wakiso", "pavement": "Unpaved", "condition": "Fair", "length_km": 0.054}}, {"type": "Feature", "geometry": {"type": "LineString", "coordinates": [[32.66963, 0.34015], [32.67002, 0.3397]]}, "properties": {"link_id": "WAKI01500", "name": "Wakiso - Link 1105", "district": "Wakiso", "pavement": "Unpaved", "condition": "Fair", "length_km": 0.067}}, {"type": "Feature", "geometry": {"type": "LineString", "coordinates": [[32.66816, 0.33894], [32.6713, 0.33993]]}, "properties": {"link_id": "WAKI01501", "name": "Wakiso - Link 1106", "district": "Wakiso", "pavement": "Unpaved", "condition": "Fair", "length_km": 0.535}}, {"type": "Feature", "geometry": {"type": "LineString", "coordinates": [[32.66825, 0.34106], [32.66853, 0.34061]]}, "properties": {"link_id": "WAKI01502", "name": "Wakiso - Link 1107", "district": "Wakiso", "pavement": "Unpaved", "condition": "Poor", "length_km": 0.059}}, {"type": "Feature", "geometry": {"type": "LineString", "coordinates": [[32.66755, 0.33966], [32.66858, 0.34065]]}, "properties": {"link_id": "WAKI01503", "name": "Wakiso - Link 1108", "district": "Wakiso", "pavement": "Unpaved", "condition": "Fair", "length_km": 0.159}}, {"type": "Feature", "geometry": {"type": "LineString", "coordinates": [[32.66774, 0.33946], [32.66952, 0.34064]]}, "properties": {"link_id": "WAKI01504", "name": "Wakiso - Link 1109", "district": "Wakiso", "pavement": "Unpaved", "condition": "Fair", "length_km": 0.238}}, {"type": "Feature", "geometry": {"type": "LineString", "coordinates": [[32.66717, 0.33856], [32.66715, 0.33901]]}, "properties": {"link_id": "WAKI01505", "name": "Wakiso - Link 1110", "district": "Wakiso", "pavement": "Unpaved", "condition": "Fair", "length_km": 0.055}}, {"type": "Feature", "geometry": {"type": "LineString", "coordinates": [[32.66707, 0.33797], [32.6676, 0.33913]]}, "properties": {"link_id": "WAKI01506", "name": "Wakiso - Link 1111", "district": "Wakiso", "pavement": "Unpaved", "condition": "Fair", "length_km": 0.171}}, {"type": "Feature", "geometry": {"type": "LineString", "coordinates": [[32.66709, 0.33798], [32.66729, 0.33788]]}, "properties": {"link_id": "WAKI01507", "name": "Wakiso - Link 1112", "district": "Wakiso", "pavement": "Unpaved", "condition": "Fair", "length_km": 0.031}}, {"type": "Feature", "geometry": {"type": "LineString", "coordinates": [[32.66687, 0.33778], [32.66705, 0.33768]]}, "properties": {"link_id": "WAKI01508", "name": "Wakiso - Link 1113", "district": "Wakiso", "pavement": "Unpaved", "condition": "Poor", "length_km": 0.024}}, {"type": "Feature", "geometry": {"type": "LineString", "coordinates": [[32.66579, 0.33726], [32.66648, 0.33761]]}, "properties": {"link_id": "WAKI01509", "name": "Wakiso - Link 1114", "district": "Wakiso", "pavement": "Unpaved", "condition": "Fair", "length_km": 0.086}}, {"type": "Feature", "geometry": {"type": "LineString", "coordinates": [[32.66477, 0.33989], [32.66437, 0.33899]]}, "properties": {"link_id": "WAKI01510", "name": "Wakiso - Link 1115", "district": "Wakiso", "pavement": "Unpaved", "condition": "Fair", "length_km": 0.11}}, {"type": "Feature", "geometry": {"type": "LineString", "coordinates": [[32.66522, 0.33956], [32.66503, 0.34008]]}, "properties": {"link_id": "WAKI01511", "name": "Wakiso - Link 1116", "district": "Wakiso", "pavement": "Unpaved", "condition": "Poor", "length_km": 0.069}}, {"type": "Feature", "geometry": {"type": "LineString", "coordinates": [[32.66523, 0.33977], [32.66562, 0.34012]]}, "properties": {"link_id": "WAKI01512", "name": "Wakiso - Link 1117", "district": "Wakiso", "pavement": "Unpaved", "condition": "Poor", "length_km": 0.058}}, {"type": "Feature", "geometry": {"type": "LineString", "coordinates": [[32.66467, 0.34122], [32.66531, 0.3418]]}, "properties": {"link_id": "WAKI01513", "name": "Wakiso - Link 1118", "district": "Wakiso", "pavement": "Unpaved", "condition": "Fair", "length_km": 0.121}}, {"type": "Feature", "geometry": {"type": "LineString", "coordinates": [[32.66603, 0.34152], [32.66512, 0.34258]]}, "properties": {"link_id": "WAKI01514", "name": "Wakiso - Link 1119", "district": "Wakiso", "pavement": "Unpaved", "condition": "Fair", "length_km": 0.162}}, {"type": "Feature", "geometry": {"type": "LineString", "coordinates": [[32.6657, 0.34218], [32.66579, 0.3429]]}, "properties": {"link_id": "WAKI01515", "name": "Wakiso - Link 1120", "district": "Wakiso", "pavement": "Unpaved", "condition": "Fair", "length_km": 0.11}}, {"type": "Feature", "geometry": {"type": "LineString", "coordinates": [[32.6645, 0.34169], [32.6649, 0.34202]]}, "properties": {"link_id": "WAKI01516", "name": "Wakiso - Link 1121", "district": "Wakiso", "pavement": "Unpaved", "condition": "Fair", "length_km": 0.058}}, {"type": "Feature", "geometry": {"type": "LineString", "coordinates": [[32.66437, 0.34189], [32.66497, 0.34379]]}, "properties": {"link_id": "WAKI01517", "name": "Wakiso - Link 1122", "district": "Wakiso", "pavement": "Unpaved", "condition": "Fair", "length_km": 0.271}}, {"type": "Feature", "geometry": {"type": "LineString", "coordinates": [[32.66589, 0.3444], [32.66455, 0.34273]]}, "properties": {"link_id": "WAKI01518", "name": "Wakiso - Link 1123", "district": "Wakiso", "pavement": "Unpaved", "condition": "Fair", "length_km": 0.357}}, {"type": "Feature", "geometry": {"type": "LineString", "coordinates": [[32.6664, 0.3442], [32.66665, 0.34447]]}, "properties": {"link_id": "WAKI01519", "name": "Wakiso - Link 1124", "district": "Wakiso", "pavement": "Unpaved", "condition": "Fair", "length_km": 0.042}}, {"type": "Feature", "geometry": {"type": "LineString", "coordinates": [[32.66581, 0.3412], [32.66765, 0.34369]]}, "properties": {"link_id": "WAKI01520", "name": "Wakiso - Link 1125", "district": "Wakiso", "pavement": "Unpaved", "condition": "Fair", "length_km": 0.344}}, {"type": "Feature", "geometry": {"type": "LineString", "coordinates": [[32.66733, 0.34138], [32.66649, 0.34213]]}, "properties": {"link_id": "WAKI01521", "name": "Wakiso - Link 1126", "district": "Wakiso", "pavement": "Unpaved", "condition": "Fair", "length_km": 0.125}}, {"type": "Feature", "geometry": {"type": "LineString", "coordinates": [[32.66695, 0.34174], [32.66785, 0.34264]]}, "properties": {"link_id": "WAKI01522", "name": "Wakiso - Link 1127", "district": "Wakiso", "pavement": "Unpaved", "condition": "Fair", "length_km": 0.141}}, {"type": "Feature", "geometry": {"type": "LineString", "coordinates": [[32.66566, 0.33918], [32.67056, 0.34473]]}, "properties": {"link_id": "WAKI01523", "name": "Wakiso - Link 1128", "district": "Wakiso", "pavement": "Unpaved", "condition": "Fair", "length_km": 0.841}}, {"type": "Feature", "geometry": {"type": "LineString", "coordinates": [[32.66956, 0.34407], [32.66944, 0.34454]]}, "properties": {"link_id": "WAKI01524", "name": "Wakiso - Link 1129", "district": "Wakiso", "pavement": "Unpaved", "condition": "Fair", "length_km": 0.055}}, {"type": "Feature", "geometry": {"type": "LineString", "coordinates": [[32.66988, 0.34334], [32.66884, 0.34519]]}, "properties": {"link_id": "WAKI01525", "name": "Wakiso - Link 1130", "district": "Wakiso", "pavement": "Unpaved", "condition": "Fair", "length_km": 0.288}}, {"type": "Feature", "geometry": {"type": "LineString", "coordinates": [[32.66912, 0.34345], [32.66951, 0.3441]]}, "properties": {"link_id": "WAKI01526", "name": "Wakiso - Link 1131", "district": "Wakiso", "pavement": "Unpaved", "condition": "Fair", "length_km": 0.085}}, {"type": "Feature", "geometry": {"type": "LineString", "coordinates": [[32.66926, 0.34371], [32.66898, 0.34442]]}, "properties": {"link_id": "WAKI01527", "name": "Wakiso - Link 1132", "district": "Wakiso", "pavement": "Unpaved", "condition": "Fair", "length_km": 0.116}}, {"type": "Feature", "geometry": {"type": "LineString", "coordinates": [[32.66769, 0.34473], [32.66968, 0.34305]]}, "properties": {"link_id": "WAKI01528", "name": "Wakiso - Link 1133", "district": "Wakiso", "pavement": "Unpaved", "condition": "Fair", "length_km": 0.296}}, {"type": "Feature", "geometry": {"type": "LineString", "coordinates": [[32.66895, 0.34249], [32.66831, 0.34305]]}, "properties": {"link_id": "WAKI01529", "name": "Wakiso - Link 1134", "district": "Wakiso", "pavement": "Unpaved", "condition": "Fair", "length_km": 0.095}}, {"type": "Feature", "geometry": {"type": "LineString", "coordinates": [[32.66765, 0.34369], [32.66725, 0.34413]]}, "properties": {"link_id": "WAKI01530", "name": "Wakiso - Link 1135", "district": "Wakiso", "pavement": "Unpaved", "condition": "Fair", "length_km": 0.067}}, {"type": "Feature", "geometry": {"type": "LineString", "coordinates": [[32.66769, 0.34473], [32.66765, 0.34369]]}, "properties": {"link_id": "WAKI01531", "name": "Wakiso - Link 1136", "district": "Wakiso", "pavement": "Unpaved", "condition": "Fair", "length_km": 0.154}}, {"type": "Feature", "geometry": {"type": "LineString", "coordinates": [[32.66716, 0.34583], [32.66746, 0.34536]]}, "properties": {"link_id": "WAKI01532", "name": "Wakiso - Link 1137", "district": "Wakiso", "pavement": "Unpaved", "condition": "Fair", "length_km": 0.081}}, {"type": "Feature", "geometry": {"type": "LineString", "coordinates": [[32.66884, 0.34519], [32.66819, 0.3454]]}, "properties": {"link_id": "WAKI01533", "name": "Wakiso - Link 1138", "district": "Wakiso", "pavement": "Unpaved", "condition": "Fair", "length_km": 0.095}}, {"type": "Feature", "geometry": {"type": "LineString", "coordinates": [[32.6704, 0.34551], [32.6695, 0.34545]]}, "properties": {"link_id": "WAKI01534", "name": "Wakiso - Link 1139", "district": "Wakiso", "pavement": "Unpaved", "condition": "Fair", "length_km": 0.151}}, {"type": "Feature", "geometry": {"type": "LineString", "coordinates": [[32.66949, 0.34621], [32.66985, 0.346]]}, "properties": {"link_id": "WAKI01535", "name": "Wakiso - Link 1140", "district": "Wakiso", "pavement": "Unpaved", "condition": "Fair", "length_km": 0.046}}, {"type": "Feature", "geometry": {"type": "LineString", "coordinates": [[32.66884, 0.34519], [32.66941, 0.34599]]}, "properties": {"link_id": "WAKI01536", "name": "Wakiso - Link 1141", "district": "Wakiso", "pavement": "Unpaved", "condition": "Fair", "length_km": 0.112}}, {"type": "Feature", "geometry": {"type": "LineString", "coordinates": [[32.66941, 0.34599], [32.66977, 0.34757]]}, "properties": {"link_id": "WAKI01537", "name": "Wakiso - Link 1142", "district": "Wakiso", "pavement": "Unpaved", "condition": "Fair", "length_km": 0.181}}, {"type": "Feature", "geometry": {"type": "LineString", "coordinates": [[32.66979, 0.34755], [32.66985, 0.34773]]}, "properties": {"link_id": "WAKI01538", "name": "Wakiso - Link 1143", "district": "Wakiso", "pavement": "Unpaved", "condition": "Poor", "length_km": 0.025}}, {"type": "Feature", "geometry": {"type": "LineString", "coordinates": [[32.67056, 0.34473], [32.66634, 0.3507]]}, "properties": {"link_id": "WAKI01539", "name": "Wakiso - Link 1144", "district": "Wakiso", "pavement": "Unpaved", "condition": "Fair", "length_km": 1.098}}, {"type": "Feature", "geometry": {"type": "LineString", "coordinates": [[32.66941, 0.34599], [32.66775, 0.34673]]}, "properties": {"link_id": "WAKI01540", "name": "Wakiso - Link 1145", "district": "Wakiso", "pavement": "Unpaved", "condition": "Fair", "length_km": 0.212}}, {"type": "Feature", "geometry": {"type": "LineString", "coordinates": [[32.66748, 0.34897], [32.66775, 0.34673]]}, "properties": {"link_id": "WAKI01541", "name": "Wakiso - Link 1146", "district": "Wakiso", "pavement": "Unpaved", "condition": "Fair", "length_km": 0.323}}, {"type": "Feature", "geometry": {"type": "LineString", "coordinates": [[32.6671, 0.34738], [32.66676, 0.34691]]}, "properties": {"link_id": "WAKI01542", "name": "Wakiso - Link 1147", "district": "Wakiso", "pavement": "Unpaved", "condition": "Fair", "length_km": 0.065}}, {"type": "Feature", "geometry": {"type": "LineString", "coordinates": [[32.66719, 0.34611], [32.66677, 0.34653]]}, "properties": {"link_id": "WAKI01543", "name": "Wakiso - Link 1148", "district": "Wakiso", "pavement": "Unpaved", "condition": "Fair", "length_km": 0.067}}, {"type": "Feature", "geometry": {"type": "LineString", "coordinates": [[32.66707, 0.34486], [32.6666, 0.34619]]}, "properties": {"link_id": "WAKI01544", "name": "Wakiso - Link 1149", "district": "Wakiso", "pavement": "Unpaved", "condition": "Fair", "length_km": 0.193}}, {"type": "Feature", "geometry": {"type": "LineString", "coordinates": [[32.66698, 0.34566], [32.66728, 0.34523]]}, "properties": {"link_id": "WAKI01545", "name": "Wakiso - Link 1150", "district": "Wakiso", "pavement": "Unpaved", "condition": "Fair", "length_km": 0.059}}, {"type": "Feature", "geometry": {"type": "LineString", "coordinates": [[32.66698, 0.34494], [32.66724, 0.34512]]}, "properties": {"link_id": "WAKI01546", "name": "Wakiso - Link 1151", "district": "Wakiso", "pavement": "Unpaved", "condition": "Fair", "length_km": 0.035}}, {"type": "Feature", "geometry": {"type": "LineString", "coordinates": [[32.66508, 0.34511], [32.6656, 0.34561]]}, "properties": {"link_id": "WAKI01547", "name": "Wakiso - Link 1152", "district": "Wakiso", "pavement": "Unpaved", "condition": "Fair", "length_km": 0.08}}, {"type": "Feature", "geometry": {"type": "LineString", "coordinates": [[32.66418, 0.34415], [32.66572, 0.34462]]}, "properties": {"link_id": "WAKI01548", "name": "Wakiso - Link 1153", "district": "Wakiso", "pavement": "Unpaved", "condition": "Fair", "length_km": 0.246}}, {"type": "Feature", "geometry": {"type": "LineString", "coordinates": [[32.66129, 0.3453], [32.66884, 0.34803]]}, "properties": {"link_id": "WAKI01549", "name": "Wakiso - Link 1154", "district": "Wakiso", "pavement": "Unpaved", "condition": "Fair", "length_km": 1.2}}, {"type": "Feature", "geometry": {"type": "LineString", "coordinates": [[32.66473, 0.34695], [32.66635, 0.3464]]}, "properties": {"link_id": "WAKI01550", "name": "Wakiso - Link 1155", "district": "Wakiso", "pavement": "Unpaved", "condition": "Fair", "length_km": 0.315}}, {"type": "Feature", "geometry": {"type": "LineString", "coordinates": [[32.66599, 0.34815], [32.66572, 0.34712]]}, "properties": {"link_id": "WAKI01551", "name": "Wakiso - Link 1156", "district": "Wakiso", "pavement": "Unpaved", "condition": "Fair", "length_km": 0.129}}, {"type": "Feature", "geometry": {"type": "LineString", "coordinates": [[32.66307, 0.34591], [32.66459, 0.34741]]}, "properties": {"link_id": "WAKI01552", "name": "Wakiso - Link 1157", "district": "Wakiso", "pavement": "Unpaved", "condition": "Fair", "length_km": 0.273}}, {"type": "Feature", "geometry": {"type": "LineString", "coordinates": [[32.66247, 0.34708], [32.6649, 0.34796]]}, "properties": {"link_id": "WAKI01553", "name": "Wakiso - Link 1158", "district": "Wakiso", "pavement": "Unpaved", "condition": "Fair", "length_km": 0.299}}, {"type": "Feature", "geometry": {"type": "LineString", "coordinates": [[32.66448, 0.3483], [32.66247, 0.34708]]}, "properties": {"link_id": "WAKI01554", "name": "Wakiso - Link 1159", "district": "Wakiso", "pavement": "Unpaved", "condition": "Fair", "length_km": 0.301}}, {"type": "Feature", "geometry": {"type": "LineString", "coordinates": [[32.66171, 0.34736], [32.66213, 0.34725]]}, "properties": {"link_id": "WAKI01555", "name": "Wakiso - Link 1160", "district": "Wakiso", "pavement": "Unpaved", "condition": "Poor", "length_km": 0.049}}, {"type": "Feature", "geometry": {"type": "LineString", "coordinates": [[32.66295, 0.34606], [32.66256, 0.3456]]}, "properties": {"link_id": "WAKI01556", "name": "Wakiso - Link 1161", "district": "Wakiso", "pavement": "Unpaved", "condition": "Fair", "length_km": 0.068}}, {"type": "Feature", "geometry": {"type": "LineString", "coordinates": [[32.66161, 0.34711], [32.66365, 0.34484]]}, "properties": {"link_id": "WAKI01557", "name": "Wakiso - Link 1162", "district": "Wakiso", "pavement": "Unpaved", "condition": "Fair", "length_km": 0.38}}, {"type": "Feature", "geometry": {"type": "LineString", "coordinates": [[32.66235, 0.34506], [32.66217, 0.34482]]}, "properties": {"link_id": "WAKI01558", "name": "Wakiso - Link 1163", "district": "Wakiso", "pavement": "Unpaved", "condition": "Fair", "length_km": 0.033}}, {"type": "Feature", "geometry": {"type": "LineString", "coordinates": [[32.66325, 0.34561], [32.66462, 0.34605]]}, "properties": {"link_id": "WAKI01559", "name": "Wakiso - Link 1164", "district": "Wakiso", "pavement": "Unpaved", "condition": "Fair", "length_km": 0.172}}, {"type": "Feature", "geometry": {"type": "LineString", "coordinates": [[32.66345, 0.34467], [32.66556, 0.34635]]}, "properties": {"link_id": "WAKI01560", "name": "Wakiso - Link 1165", "district": "Wakiso", "pavement": "Unpaved", "condition": "Fair", "length_km": 0.308}}, {"type": "Feature", "geometry": {"type": "LineString", "coordinates": [[32.66344, 0.34319], [32.66389, 0.34355]]}, "properties": {"link_id": "WAKI01561", "name": "Wakiso - Link 1166", "district": "Wakiso", "pavement": "Unpaved", "condition": "Fair", "length_km": 0.064}}, {"type": "Feature", "geometry": {"type": "LineString", "coordinates": [[32.66434, 0.34196], [32.66252, 0.34148]]}, "properties": {"link_id": "WAKI01562", "name": "Wakiso - Link 1167", "district": "Wakiso", "pavement": "Unpaved", "condition": "Fair", "length_km": 0.268}}, {"type": "Feature", "geometry": {"type": "LineString", "coordinates": [[32.66197, 0.34118], [32.66314, 0.3421]]}, "properties": {"link_id": "WAKI01563", "name": "Wakiso - Link 1168", "district": "Wakiso", "pavement": "Unpaved", "condition": "Fair", "length_km": 0.188}}, {"type": "Feature", "geometry": {"type": "LineString", "coordinates": [[32.66179, 0.34143], [32.66196, 0.34163]]}, "properties": {"link_id": "WAKI01564", "name": "Wakiso - Link 1169", "district": "Wakiso", "pavement": "Unpaved", "condition": "Poor", "length_km": 0.029}}, {"type": "Feature", "geometry": {"type": "LineString", "coordinates": [[32.66177, 0.34178], [32.66189, 0.342]]}, "properties": {"link_id": "WAKI01565", "name": "Wakiso - Link 1170", "district": "Wakiso", "pavement": "Unpaved", "condition": "Poor", "length_km": 0.027}}, {"type": "Feature", "geometry": {"type": "LineString", "coordinates": [[32.66189, 0.342], [32.66173, 0.34212]]}, "properties": {"link_id": "WAKI01566", "name": "Wakiso - Link 1171", "district": "Wakiso", "pavement": "Unpaved", "condition": "Poor", "length_km": 0.024}}, {"type": "Feature", "geometry": {"type": "LineString", "coordinates": [[32.66293, 0.34168], [32.66074, 0.34351]]}, "properties": {"link_id": "WAKI01567", "name": "Wakiso - Link 1172", "district": "Wakiso", "pavement": "Unpaved", "condition": "Fair", "length_km": 0.355}}, {"type": "Feature", "geometry": {"type": "LineString", "coordinates": [[32.66203, 0.34249], [32.66233, 0.34292]]}, "properties": {"link_id": "WAKI01568", "name": "Wakiso - Link 1173", "district": "Wakiso", "pavement": "Unpaved", "condition": "Fair", "length_km": 0.058}}, {"type": "Feature", "geometry": {"type": "LineString", "coordinates": [[32.66108, 0.3454], [32.66399, 0.34021]]}, "properties": {"link_id": "WAKI01569", "name": "Wakiso - Link 1174", "district": "Wakiso", "pavement": "Unpaved", "condition": "Fair", "length_km": 0.772}}, {"type": "Feature", "geometry": {"type": "LineString", "coordinates": [[32.66338, 0.34325], [32.66241, 0.34284]]}, "properties": {"link_id": "WAKI01570", "name": "Wakiso - Link 1175", "district": "Wakiso", "pavement": "Unpaved", "condition": "Fair", "length_km": 0.147}}, {"type": "Feature", "geometry": {"type": "LineString", "coordinates": [[32.66226, 0.34299], [32.66362, 0.34448]]}, "properties": {"link_id": "WAKI01571", "name": "Wakiso - Link 1176", "district": "Wakiso", "pavement": "Unpaved", "condition": "Fair", "length_km": 0.227}}, {"type": "Feature", "geometry": {"type": "LineString", "coordinates": [[32.66276, 0.3438], [32.66282, 0.34429]]}, "properties": {"link_id": "WAKI01572", "name": "Wakiso - Link 1177", "district": "Wakiso", "pavement": "Unpaved", "condition": "Fair", "length_km": 0.072}}, {"type": "Feature", "geometry": {"type": "LineString", "coordinates": [[32.66218, 0.34423], [32.66245, 0.34451]]}, "properties": {"link_id": "WAKI01573", "name": "Wakiso - Link 1178", "district": "Wakiso", "pavement": "Unpaved", "condition": "Fair", "length_km": 0.043}}, {"type": "Feature", "geometry": {"type": "LineString", "coordinates": [[32.66176, 0.34439], [32.66155, 0.34398]]}, "properties": {"link_id": "WAKI01574", "name": "Wakiso - Link 1179", "district": "Wakiso", "pavement": "Unpaved", "condition": "Fair", "length_km": 0.053}}, {"type": "Feature", "geometry": {"type": "LineString", "coordinates": [[32.6609, 0.34434], [32.65977, 0.34395]]}, "properties": {"link_id": "WAKI01575", "name": "Wakiso - Link 1180", "district": "Wakiso", "pavement": "Unpaved", "condition": "Fair", "length_km": 0.136}}, {"type": "Feature", "geometry": {"type": "LineString", "coordinates": [[32.66082, 0.3438], [32.66113, 0.34348]]}, "properties": {"link_id": "WAKI01576", "name": "Wakiso - Link 1181", "district": "Wakiso", "pavement": "Unpaved", "condition": "Poor", "length_km": 0.064}}, {"type": "Feature", "geometry": {"type": "LineString", "coordinates": [[32.66072, 0.34319], [32.66113, 0.3431]]}, "properties": {"link_id": "WAKI01577", "name": "Wakiso - Link 1182", "district": "Wakiso", "pavement": "Unpaved", "condition": "Poor", "length_km": 0.048}}, {"type": "Feature", "geometry": {"type": "LineString", "coordinates": [[32.66158, 0.34191], [32.66144, 0.34168]]}, "properties": {"link_id": "WAKI01578", "name": "Wakiso - Link 1183", "district": "Wakiso", "pavement": "Unpaved", "condition": "Poor", "length_km": 0.03}}, {"type": "Feature", "geometry": {"type": "LineString", "coordinates": [[32.66173, 0.34212], [32.66158, 0.34191]]}, "properties": {"link_id": "WAKI01579", "name": "Wakiso - Link 1184", "district": "Wakiso", "pavement": "Unpaved", "condition": "Poor", "length_km": 0.03}}, {"type": "Feature", "geometry": {"type": "LineString", "coordinates": [[32.66158, 0.34191], [32.66177, 0.34178]]}, "properties": {"link_id": "WAKI01580", "name": "Wakiso - Link 1185", "district": "Wakiso", "pavement": "Unpaved", "condition": "Poor", "length_km": 0.026}}, {"type": "Feature", "geometry": {"type": "LineString", "coordinates": [[32.66162, 0.34156], [32.66177, 0.34178]]}, "properties": {"link_id": "WAKI01581", "name": "Wakiso - Link 1186", "district": "Wakiso", "pavement": "Unpaved", "condition": "Poor", "length_km": 0.03}}, {"type": "Feature", "geometry": {"type": "LineString", "coordinates": [[32.66115, 0.34186], [32.66094, 0.34145]]}, "properties": {"link_id": "WAKI01582", "name": "Wakiso - Link 1187", "district": "Wakiso", "pavement": "Unpaved", "condition": "Poor", "length_km": 0.052}}, {"type": "Feature", "geometry": {"type": "LineString", "coordinates": [[32.66061, 0.34209], [32.66026, 0.34221]]}, "properties": {"link_id": "WAKI01583", "name": "Wakiso - Link 1188", "district": "Wakiso", "pavement": "Unpaved", "condition": "Fair", "length_km": 0.041}}, {"type": "Feature", "geometry": {"type": "LineString", "coordinates": [[32.66067, 0.34263], [32.66096, 0.3427]]}, "properties": {"link_id": "WAKI01584", "name": "Wakiso - Link 1189", "district": "Wakiso", "pavement": "Unpaved", "condition": "Fair", "length_km": 0.043}}, {"type": "Feature", "geometry": {"type": "LineString", "coordinates": [[32.65961, 0.34144], [32.66016, 0.34139]]}, "properties": {"link_id": "WAKI01585", "name": "Wakiso - Link 1190", "district": "Wakiso", "pavement": "Unpaved", "condition": "Fair", "length_km": 0.061}}, {"type": "Feature", "geometry": {"type": "LineString", "coordinates": [[32.65937, 0.34205], [32.659, 0.3414]]}, "properties": {"link_id": "WAKI01586", "name": "Wakiso - Link 1191", "district": "Wakiso", "pavement": "Unpaved", "condition": "Fair", "length_km": 0.104}}, {"type": "Feature", "geometry": {"type": "LineString", "coordinates": [[32.65916, 0.34309], [32.6595, 0.34329]]}, "properties": {"link_id": "WAKI01587", "name": "Wakiso - Link 1192", "district": "Wakiso", "pavement": "Unpaved", "condition": "Fair", "length_km": 0.045}}, {"type": "Feature", "geometry": {"type": "LineString", "coordinates": [[32.66066, 0.34269], [32.65811, 0.34318]]}, "properties": {"link_id": "WAKI01588", "name": "Wakiso - Link 1193", "district": "Wakiso", "pavement": "Unpaved", "condition": "Fair", "length_km": 0.323}}, {"type": "Feature", "geometry": {"type": "LineString", "coordinates": [[32.6595, 0.34329], [32.66074, 0.34351]]}, "properties": {"link_id": "WAKI01589", "name": "Wakiso - Link 1194", "district": "Wakiso", "pavement": "Unpaved", "condition": "Fair", "length_km": 0.142}}, {"type": "Feature", "geometry": {"type": "LineString", "coordinates": [[32.65993, 0.34403], [32.66024, 0.34363]]}, "properties": {"link_id": "WAKI01590", "name": "Wakiso - Link 1195", "district": "Wakiso", "pavement": "Unpaved", "condition": "Fair", "length_km": 0.057}}, {"type": "Feature", "geometry": {"type": "LineString", "coordinates": [[32.65843, 0.34417], [32.65977, 0.34395]]}, "properties": {"link_id": "WAKI01591", "name": "Wakiso - Link 1196", "district": "Wakiso", "pavement": "Unpaved", "condition": "Fair", "length_km": 0.152}}, {"type": "Feature", "geometry": {"type": "LineString", "coordinates": [[32.65856, 0.34447], [32.65949, 0.34434]]}, "properties": {"link_id": "WAKI01592", "name": "Wakiso - Link 1197", "district": "Wakiso", "pavement": "Unpaved", "condition": "Fair", "length_km": 0.106}}, {"type": "Feature", "geometry": {"type": "LineString", "coordinates": [[32.66112, 0.34588], [32.66146, 0.346]]}, "properties": {"link_id": "WAKI01593", "name": "Wakiso - Link 1198", "district": "Wakiso", "pavement": "Unpaved", "condition": "Poor", "length_km": 0.043}}, {"type": "Feature", "geometry": {"type": "LineString", "coordinates": [[32.65999, 0.34704], [32.66106, 0.34693]]}, "properties": {"link_id": "WAKI01594", "name": "Wakiso - Link 1199", "district": "Wakiso", "pavement": "Unpaved", "condition": "Poor", "length_km": 0.119}}, {"type": "Feature", "geometry": {"type": "LineString", "coordinates": [[32.6614, 0.34659], [32.66186, 0.34643]]}, "properties": {"link_id": "WAKI01595", "name": "Wakiso - Link 1200", "district": "Wakiso", "pavement": "Unpaved", "condition": "Fair", "length_km": 0.054}}, {"type": "Feature", "geometry": {"type": "LineString", "coordinates": [[32.65925, 0.34854], [32.65898, 0.34859]]}, "properties": {"link_id": "WAKI01596", "name": "Wakiso - Link 1201", "district": "Wakiso", "pavement": "Unpaved", "condition": "Poor", "length_km": 0.03}}, {"type": "Feature", "geometry": {"type": "LineString", "coordinates": [[32.65931, 0.34895], [32.65953, 0.34844]]}, "properties": {"link_id": "WAKI01597", "name": "Wakiso - Link 1202", "district": "Wakiso", "pavement": "Unpaved", "condition": "Poor", "length_km": 0.078}}, {"type": "Feature", "geometry": {"type": "LineString", "coordinates": [[32.65904, 0.34896], [32.65904, 0.34898]]}, "properties": {"link_id": "WAKI01598", "name": "Wakiso - Link 1203", "district": "Wakiso", "pavement": "Unpaved", "condition": "Poor", "length_km": 0.01}}, {"type": "Feature", "geometry": {"type": "LineString", "coordinates": [[32.65987, 0.35131], [32.65946, 0.35125]]}, "properties": {"link_id": "WAKI01599", "name": "Wakiso - Link 1204", "district": "Wakiso", "pavement": "Unpaved", "condition": "Fair", "length_km": 0.048}}, {"type": "Feature", "geometry": {"type": "LineString", "coordinates": [[32.66037, 0.35127], [32.66046, 0.35057]]}, "properties": {"link_id": "WAKI01600", "name": "Wakiso - Link 1205", "district": "Wakiso", "pavement": "Unpaved", "condition": "Fair", "length_km": 0.079}}, {"type": "Feature", "geometry": {"type": "LineString", "coordinates": [[32.66037, 0.35127], [32.66057, 0.35174]]}, "properties": {"link_id": "WAKI01601", "name": "Wakiso - Link 1206", "district": "Wakiso", "pavement": "Unpaved", "condition": "Fair", "length_km": 0.057}}, {"type": "Feature", "geometry": {"type": "LineString", "coordinates": [[32.661, 0.35081], [32.66105, 0.35167]]}, "properties": {"link_id": "WAKI01602", "name": "Wakiso - Link 1207", "district": "Wakiso", "pavement": "Unpaved", "condition": "Fair", "length_km": 0.096}}, {"type": "Feature", "geometry": {"type": "LineString", "coordinates": [[32.66057, 0.35174], [32.6626, 0.35129]]}, "properties": {"link_id": "WAKI01603", "name": "Wakiso - Link 1208", "district": "Wakiso", "pavement": "Unpaved", "condition": "Fair", "length_km": 0.231}}, {"type": "Feature", "geometry": {"type": "LineString", "coordinates": [[32.66142, 0.34937], [32.66197, 0.34965]]}, "properties": {"link_id": "WAKI01604", "name": "Wakiso - Link 1209", "district": "Wakiso", "pavement": "Unpaved", "condition": "Poor", "length_km": 0.069}}, {"type": "Feature", "geometry": {"type": "LineString", "coordinates": [[32.66191, 0.34812], [32.66149, 0.34826]]}, "properties": {"link_id": "WAKI01605", "name": "Wakiso - Link 1210", "district": "Wakiso", "pavement": "Unpaved", "condition": "Fair", "length_km": 0.05}}, {"type": "Feature", "geometry": {"type": "LineString", "coordinates": [[32.66269, 0.34989], [32.66296, 0.34942]]}, "properties": {"link_id": "WAKI01606", "name": "Wakiso - Link 1211", "district": "Wakiso", "pavement": "Unpaved", "condition": "Poor", "length_km": 0.068}}, {"type": "Feature", "geometry": {"type": "LineString", "coordinates": [[32.66219, 0.34888], [32.66372, 0.34857]]}, "properties": {"link_id": "WAKI01607", "name": "Wakiso - Link 1212", "district": "Wakiso", "pavement": "Unpaved", "condition": "Fair", "length_km": 0.21}}, {"type": "Feature", "geometry": {"type": "LineString", "coordinates": [[32.66253, 0.34873], [32.663, 0.3488]]}, "properties": {"link_id": "WAKI01608", "name": "Wakiso - Link 1213", "district": "Wakiso", "pavement": "Unpaved", "condition": "Fair", "length_km": 0.053}}, {"type": "Feature", "geometry": {"type": "LineString", "coordinates": [[32.66407, 0.3502], [32.66395, 0.34927]]}, "properties": {"link_id": "WAKI01609", "name": "Wakiso - Link 1214", "district": "Wakiso", "pavement": "Unpaved", "condition": "Poor", "length_km": 0.111}}, {"type": "Feature", "geometry": {"type": "LineString", "coordinates": [[32.66406, 0.35034], [32.66409, 0.34968]]}, "properties": {"link_id": "WAKI01610", "name": "Wakiso - Link 1215", "district": "Wakiso", "pavement": "Unpaved", "condition": "Poor", "length_km": 0.076}}, {"type": "Feature", "geometry": {"type": "LineString", "coordinates": [[32.66262, 0.35136], [32.66569, 0.3508]]}, "properties": {"link_id": "WAKI01611", "name": "Wakiso - Link 1216", "district": "Wakiso", "pavement": "Unpaved", "condition": "Fair", "length_km": 0.349}}, {"type": "Feature", "geometry": {"type": "LineString", "coordinates": [[32.66484, 0.35084], [32.66345, 0.35113]]}, "properties": {"link_id": "WAKI01612", "name": "Wakiso - Link 1217", "district": "Wakiso", "pavement": "Unpaved", "condition": "Fair", "length_km": 0.278}}, {"type": "Feature", "geometry": {"type": "LineString", "coordinates": [[32.66215, 0.35013], [32.6618, 0.35043]]}, "properties": {"link_id": "WAKI01613", "name": "Wakiso - Link 1218", "district": "Wakiso", "pavement": "Unpaved", "condition": "Poor", "length_km": 0.059}}, {"type": "Feature", "geometry": {"type": "LineString", "coordinates": [[32.6615, 0.35087], [32.66241, 0.3508]]}, "properties": {"link_id": "WAKI01614", "name": "Wakiso - Link 1219", "district": "Wakiso", "pavement": "Unpaved", "condition": "Poor", "length_km": 0.104}}, {"type": "Feature", "geometry": {"type": "LineString", "coordinates": [[32.66187, 0.3515], [32.66202, 0.35196]]}, "properties": {"link_id": "WAKI01615", "name": "Wakiso - Link 1220", "district": "Wakiso", "pavement": "Unpaved", "condition": "Poor", "length_km": 0.053}}, {"type": "Feature", "geometry": {"type": "LineString", "coordinates": [[32.66276, 0.35269], [32.663, 0.35312]]}, "properties": {"link_id": "WAKI01616", "name": "Wakiso - Link 1221", "district": "Wakiso", "pavement": "Unpaved", "condition": "Poor", "length_km": 0.091}}, {"type": "Feature", "geometry": {"type": "LineString", "coordinates": [[32.66294, 0.35222], [32.66295, 0.3527]]}, "properties": {"link_id": "WAKI01617", "name": "Namboole Road", "district": "Wakiso", "pavement": "Unpaved", "condition": "Fair", "length_km": 0.054}}, {"type": "Feature", "geometry": {"type": "LineString", "coordinates": [[32.66326, 0.35271], [32.66294, 0.35222]]}, "properties": {"link_id": "WAKI01618", "name": "Wakiso - Link 1222", "district": "Wakiso", "pavement": "Unpaved", "condition": "Fair", "length_km": 0.066}}, {"type": "Feature", "geometry": {"type": "LineString", "coordinates": [[32.66288, 0.35206], [32.66345, 0.35189]]}, "properties": {"link_id": "WAKI01619", "name": "Wakiso - Link 1223", "district": "Wakiso", "pavement": "Unpaved", "condition": "Poor", "length_km": 0.066}}, {"type": "Feature", "geometry": {"type": "LineString", "coordinates": [[32.6726, 0.35387], [32.65634, 0.35104]]}, "properties": {"link_id": "WAKI01620", "name": "Jinja - Kampala Road", "district": "Wakiso", "pavement": "Paved", "condition": "Good", "length_km": 1.865}}, {"type": "Feature", "geometry": {"type": "LineString", "coordinates": [[32.66374, 0.35343], [32.66295, 0.35471]]}, "properties": {"link_id": "WAKI01621", "name": "Wakiso - Link 1224", "district": "Wakiso", "pavement": "Paved", "condition": "Good", "length_km": 0.173}}, {"type": "Feature", "geometry": {"type": "LineString", "coordinates": [[32.6637, 0.35412], [32.66472, 0.35369]]}, "properties": {"link_id": "WAKI01622", "name": "Wakiso - Link 1225", "district": "Wakiso", "pavement": "Unpaved", "condition": "Fair", "length_km": 0.147}}, {"type": "Feature", "geometry": {"type": "LineString", "coordinates": [[32.66284, 0.35475], [32.66218, 0.35518]]}, "properties": {"link_id": "WAKI01623", "name": "Wakiso - Link 1226", "district": "Wakiso", "pavement": "Unpaved", "condition": "Fair", "length_km": 0.09}}, {"type": "Feature", "geometry": {"type": "LineString", "coordinates": [[32.66331, 0.35416], [32.66311, 0.35368]]}, "properties": {"link_id": "WAKI01624", "name": "Wakiso - Link 1227", "district": "Wakiso", "pavement": "Paved", "condition": "Good", "length_km": 0.151}}, {"type": "Feature", "geometry": {"type": "LineString", "coordinates": [[32.66279, 0.35365], [32.66273, 0.3534]]}, "properties": {"link_id": "WAKI01625", "name": "Wakiso - Link 1228", "district": "Wakiso", "pavement": "Unpaved", "condition": "Fair", "length_km": 0.028}}, {"type": "Feature", "geometry": {"type": "LineString", "coordinates": [[32.66146, 0.35265], [32.66284, 0.35475]]}, "properties": {"link_id": "WAKI01626", "name": "Wakiso - Link 1229", "district": "Wakiso", "pavement": "Unpaved", "condition": "Fair", "length_km": 0.291}}, {"type": "Feature", "geometry": {"type": "LineString", "coordinates": [[32.66124, 0.3551], [32.66235, 0.3543]]}, "properties": {"link_id": "WAKI01627", "name": "Wakiso - Link 1230", "district": "Wakiso", "pavement": "Unpaved", "condition": "Fair", "length_km": 0.152}}, {"type": "Feature", "geometry": {"type": "LineString", "coordinates": [[32.66058, 0.35261], [32.661, 0.35594]]}, "properties": {"link_id": "WAKI01628", "name": "Wakiso - Link 1231", "district": "Wakiso", "pavement": "Paved", "condition": "Good", "length_km": 0.411}}, {"type": "Feature", "geometry": {"type": "LineString", "coordinates": [[32.66055, 0.35407], [32.66028, 0.35408]]}, "properties": {"link_id": "WAKI01629", "name": "Wakiso - Link 1232", "district": "Wakiso", "pavement": "Unpaved", "condition": "Fair", "length_km": 0.029}}, {"type": "Feature", "geometry": {"type": "LineString", "coordinates": [[32.66112, 0.35165], [32.6612, 0.35265]]}, "properties": {"link_id": "WAKI01630", "name": "Wakiso - Link 1233", "district": "Wakiso", "pavement": "Unpaved", "condition": "Fair", "length_km": 0.112}}, {"type": "Feature", "geometry": {"type": "LineString", "coordinates": [[32.66091, 0.35263], [32.66071, 0.35262]]}, "properties": {"link_id": "WAKI01631", "name": "Wakiso - Link 1234", "district": "Wakiso", "pavement": "Unpaved", "condition": "Fair", "length_km": 0.091}}, {"type": "Feature", "geometry": {"type": "LineString", "coordinates": [[32.65953, 0.35328], [32.65997, 0.35327]]}, "properties": {"link_id": "WAKI01632", "name": "Wakiso - Link 1235", "district": "Wakiso", "pavement": "Unpaved", "condition": "Poor", "length_km": 0.049}}, {"type": "Feature", "geometry": {"type": "LineString", "coordinates": [[32.66057, 0.35174], [32.65993, 0.3526]]}, "properties": {"link_id": "WAKI01633", "name": "Wakiso - Link 1236", "district": "Wakiso", "pavement": "Unpaved", "condition": "Fair", "length_km": 0.152}}, {"type": "Feature", "geometry": {"type": "LineString", "coordinates": [[32.65997, 0.35186], [32.66037, 0.35127]]}, "properties": {"link_id": "WAKI01634", "name": "Wakiso - Link 1237", "district": "Wakiso", "pavement": "Unpaved", "condition": "Fair", "length_km": 0.121}}, {"type": "Feature", "geometry": {"type": "LineString", "coordinates": [[32.65886, 0.35245], [32.659, 0.35313]]}, "properties": {"link_id": "WAKI01635", "name": "Wakiso - Link 1238", "district": "Wakiso", "pavement": "Unpaved", "condition": "Fair", "length_km": 0.077}}, {"type": "Feature", "geometry": {"type": "LineString", "coordinates": [[32.65955, 0.35257], [32.6589, 0.35601]]}, "properties": {"link_id": "WAKI01636", "name": "Wakiso - Link 1239", "district": "Wakiso", "pavement": "Paved", "condition": "Good", "length_km": 0.392}}, {"type": "Feature", "geometry": {"type": "LineString", "coordinates": [[32.65785, 0.3521], [32.66408, 0.35596]]}, "properties": {"link_id": "WAKI01637", "name": "Wakiso - Link 1240", "district": "Wakiso", "pavement": "Unpaved", "condition": "Fair", "length_km": 2.047}}, {"type": "Feature", "geometry": {"type": "LineString", "coordinates": [[32.66054, 0.35525], [32.66082, 0.35525]]}, "properties": {"link_id": "WAKI01638", "name": "Wakiso - Link 1241", "district": "Wakiso", "pavement": "Unpaved", "condition": "Poor", "length_km": 0.031}}, {"type": "Feature", "geometry": {"type": "LineString", "coordinates": [[32.66134, 0.35755], [32.66185, 0.35903]]}, "properties": {"link_id": "WAKI01639", "name": "Wakiso - Link 1242", "district": "Wakiso", "pavement": "Unpaved", "condition": "Fair", "length_km": 0.178}}, {"type": "Feature", "geometry": {"type": "LineString", "coordinates": [[32.66039, 0.35904], [32.65924, 0.35806]]}, "properties": {"link_id": "WAKI01640", "name": "Wakiso - Link 1243", "district": "Wakiso", "pavement": "Unpaved", "condition": "Fair", "length_km": 0.168}}, {"type": "Feature", "geometry": {"type": "LineString", "coordinates": [[32.66003, 0.35957], [32.65892, 0.35898]]}, "properties": {"link_id": "WAKI01641", "name": "Wakiso - Link 1244", "district": "Wakiso", "pavement": "Unpaved", "condition": "Fair", "length_km": 0.147}}, {"type": "Feature", "geometry": {"type": "LineString", "coordinates": [[32.65975, 0.35999], [32.65995, 0.36035]]}, "properties": {"link_id": "WAKI01642", "name": "Wakiso - Link 1245", "district": "Wakiso", "pavement": "Unpaved", "condition": "Poor", "length_km": 0.056}}, {"type": "Feature", "geometry": {"type": "LineString", "coordinates": [[32.65957, 0.3605], [32.66057, 0.36133]]}, "properties": {"link_id": "WAKI01643", "name": "Wakiso - Link 1246", "district": "Wakiso", "pavement": "Unpaved", "condition": "Fair", "length_km": 0.151}}, {"type": "Feature", "geometry": {"type": "LineString", "coordinates": [[32.65943, 0.3604], [32.66036, 0.36216]]}, "properties": {"link_id": "WAKI01644", "name": "Wakiso - Link 1247", "district": "Wakiso", "pavement": "Unpaved", "condition": "Fair", "length_km": 0.303}}, {"type": "Feature", "geometry": {"type": "LineString", "coordinates": [[32.66029, 0.36179], [32.66057, 0.36133]]}, "properties": {"link_id": "WAKI01645", "name": "Wakiso - Link 1248", "district": "Wakiso", "pavement": "Unpaved", "condition": "Fair", "length_km": 0.06}}, {"type": "Feature", "geometry": {"type": "LineString", "coordinates": [[32.66054, 0.35883], [32.66283, 0.36114]]}, "properties": {"link_id": "WAKI01646", "name": "Wakiso - Link 1249", "district": "Wakiso", "pavement": "Unpaved", "condition": "Fair", "length_km": 0.48}}, {"type": "Feature", "geometry": {"type": "LineString", "coordinates": [[32.66065, 0.35897], [32.66129, 0.35853]]}, "properties": {"link_id": "WAKI01647", "name": "Wakiso - Link 1250", "district": "Wakiso", "pavement": "Unpaved", "condition": "Fair", "length_km": 0.086}}, {"type": "Feature", "geometry": {"type": "LineString", "coordinates": [[32.66239, 0.35906], [32.66309, 0.35886]]}, "properties": {"link_id": "WAKI01648", "name": "Wakiso - Link 1251", "district": "Wakiso", "pavement": "Unpaved", "condition": "Fair", "length_km": 0.083}}, {"type": "Feature", "geometry": {"type": "LineString", "coordinates": [[32.66268, 0.36167], [32.66321, 0.36115]]}, "properties": {"link_id": "WAKI01649", "name": "Wakiso - Link 1252", "district": "Wakiso", "pavement": "Unpaved", "condition": "Fair", "length_km": 0.107}}, {"type": "Feature", "geometry": {"type": "LineString", "coordinates": [[32.66311, 0.35752], [32.66324, 0.36172]]}, "properties": {"link_id": "WAKI01650", "name": "Wakiso - Link 1253", "district": "Wakiso", "pavement": "Paved", "condition": "Good", "length_km": 0.468}}, {"type": "Feature", "geometry": {"type": "LineString", "coordinates": [[32.66314, 0.35958], [32.66569, 0.35932]]}, "properties": {"link_id": "WAKI01651", "name": "Wakiso - Link 1254", "district": "Wakiso", "pavement": "Unpaved", "condition": "Fair", "length_km": 0.286}}, {"type": "Feature", "geometry": {"type": "LineString", "coordinates": [[32.6656, 0.35791], [32.66309, 0.35846]]}, "properties": {"link_id": "WAKI01652", "name": "Wakiso - Link 1255", "district": "Wakiso", "pavement": "Paved", "condition": "Good", "length_km": 0.286}}, {"type": "Feature", "geometry": {"type": "LineString", "coordinates": [[32.66311, 0.35752], [32.66453, 0.35683]]}, "properties": {"link_id": "WAKI01653", "name": "Wakiso - Link 1256", "district": "Wakiso", "pavement": "Paved", "condition": "Good", "length_km": 0.176}}, {"type": "Feature", "geometry": {"type": "LineString", "coordinates": [[32.66304, 0.35791], [32.66238, 0.35823]]}, "properties": {"link_id": "WAKI01654", "name": "Wakiso - Link 1257", "district": "Wakiso", "pavement": "Unpaved", "condition": "Poor", "length_km": 0.083}}, {"type": "Feature", "geometry": {"type": "LineString", "coordinates": [[32.66218, 0.35518], [32.66311, 0.35752]]}, "properties": {"link_id": "WAKI01655", "name": "Wakiso - Link 1258", "district": "Wakiso", "pavement": "Unpaved", "condition": "Fair", "length_km": 0.299}}, {"type": "Feature", "geometry": {"type": "LineString", "coordinates": [[32.66143, 0.35577], [32.66206, 0.35565]]}, "properties": {"link_id": "WAKI01656", "name": "Wakiso - Link 1259", "district": "Wakiso", "pavement": "Unpaved", "condition": "Fair", "length_km": 0.072}}, {"type": "Feature", "geometry": {"type": "LineString", "coordinates": [[32.66218, 0.35518], [32.66143, 0.35518]]}, "properties": {"link_id": "WAKI01657", "name": "Wakiso - Link 1260", "district": "Wakiso", "pavement": "Paved", "condition": "Good", "length_km": 0.084}}, {"type": "Feature", "geometry": {"type": "LineString", "coordinates": [[32.66346, 0.35519], [32.66264, 0.35581]]}, "properties": {"link_id": "WAKI01658", "name": "Wakiso - Link 1261", "district": "Wakiso", "pavement": "Paved", "condition": "Good", "length_km": 0.115}}, {"type": "Feature", "geometry": {"type": "LineString", "coordinates": [[32.66284, 0.35475], [32.66408, 0.35596]]}, "properties": {"link_id": "WAKI01659", "name": "Wakiso - Link 1262", "district": "Wakiso", "pavement": "Unpaved", "condition": "Fair", "length_km": 0.202}}, {"type": "Feature", "geometry": {"type": "LineString", "coordinates": [[32.66408, 0.35596], [32.66453, 0.35683]]}, "properties": {"link_id": "WAKI01660", "name": "Wakiso - Link 1263", "district": "Wakiso", "pavement": "Unpaved", "condition": "Fair", "length_km": 0.11}}, {"type": "Feature", "geometry": {"type": "LineString", "coordinates": [[32.66453, 0.35683], [32.66539, 0.35644]]}, "properties": {"link_id": "WAKI01661", "name": "Wakiso - Link 1264", "district": "Wakiso", "pavement": "Unpaved", "condition": "Fair", "length_km": 0.105}}, {"type": "Feature", "geometry": {"type": "LineString", "coordinates": [[32.66615, 0.35483], [32.66509, 0.35581]]}, "properties": {"link_id": "WAKI01662", "name": "Wakiso - Link 1265", "district": "Wakiso", "pavement": "Unpaved", "condition": "Fair", "length_km": 0.171}}, {"type": "Feature", "geometry": {"type": "LineString", "coordinates": [[32.6682, 0.35534], [32.66539, 0.35644]]}, "properties": {"link_id": "WAKI01663", "name": "Wakiso - Link 1266", "district": "Wakiso", "pavement": "Unpaved", "condition": "Fair", "length_km": 0.336}}, {"type": "Feature", "geometry": {"type": "LineString", "coordinates": [[32.66558, 0.3577], [32.66826, 0.35776]]}, "properties": {"link_id": "WAKI01664", "name": "Wakiso - Link 1267", "district": "Wakiso", "pavement": "Paved", "condition": "Good", "length_km": 0.299}}, {"type": "Feature", "geometry": {"type": "LineString", "coordinates": [[32.667, 0.35777], [32.66697, 0.35835]]}, "properties": {"link_id": "WAKI01665", "name": "Wakiso - Link 1268", "district": "Wakiso", "pavement": "Unpaved", "condition": "Poor", "length_km": 0.065}}, {"type": "Feature", "geometry": {"type": "LineString", "coordinates": [[32.6645, 0.35685], [32.6647, 0.35722]]}, "properties": {"link_id": "WAKI01666", "name": "Wakiso - Link 1269", "district": "Wakiso", "pavement": "Unpaved", "condition": "Poor", "length_km": 0.047}}, {"type": "Feature", "geometry": {"type": "LineString", "coordinates": [[32.66563, 0.35865], [32.66485, 0.35859]]}, "properties": {"link_id": "WAKI01667", "name": "Wakiso - Link 1270", "district": "Wakiso", "pavement": "Unpaved", "condition": "Fair", "length_km": 0.106}}, {"type": "Feature", "geometry": {"type": "LineString", "coordinates": [[32.66582, 0.36006], [32.66514, 0.36018]]}, "properties": {"link_id": "WAKI01668", "name": "Wakiso - Link 1271", "district": "Wakiso", "pavement": "Unpaved", "condition": "Poor", "length_km": 0.077}}, {"type": "Feature", "geometry": {"type": "LineString", "coordinates": [[32.66326, 0.35271], [32.66569, 0.3677]]}, "properties": {"link_id": "WAKI01669", "name": "Namulondo Road", "district": "Wakiso", "pavement": "Unpaved", "condition": "Fair", "length_km": 1.738}}, {"type": "Feature", "geometry": {"type": "LineString", "coordinates": [[32.66586, 0.36025], [32.66834, 0.35971]]}, "properties": {"link_id": "WAKI01670", "name": "Wakiso - Link 1272", "district": "Wakiso", "pavement": "Unpaved", "condition": "Fair", "length_km": 0.319}}, {"type": "Feature", "geometry": {"type": "LineString", "coordinates": [[32.66659, 0.36024], [32.66703, 0.3598]]}, "properties": {"link_id": "WAKI01671", "name": "Wakiso - Link 1273", "district": "Wakiso", "pavement": "Unpaved", "condition": "Fair", "length_km": 0.12}}, {"type": "Feature", "geometry": {"type": "LineString", "coordinates": [[32.66745, 0.36282], [32.6681, 0.36158]]}, "properties": {"link_id": "WAKI01672", "name": "Wakiso - Link 1274", "district": "Wakiso", "pavement": "Unpaved", "condition": "Poor", "length_km": 0.194}}, {"type": "Feature", "geometry": {"type": "LineString", "coordinates": [[32.66885, 0.36161], [32.66898, 0.36103]]}, "properties": {"link_id": "WAKI01673", "name": "Wakiso - Link 1275", "district": "Wakiso", "pavement": "Unpaved", "condition": "Fair", "length_km": 0.065}}, {"type": "Feature", "geometry": {"type": "LineString", "coordinates": [[32.66839, 0.36157], [32.66946, 0.36164]]}, "properties": {"link_id": "WAKI01674", "name": "Wakiso - Link 1276", "district": "Wakiso", "pavement": "Paved", "condition": "Good", "length_km": 0.12}}, {"type": "Feature", "geometry": {"type": "LineString", "coordinates": [[32.66849, 0.35531], [32.66958, 0.36784]]}, "properties": {"link_id": "WAKI01675", "name": "Wakiso - Link 1277", "district": "Wakiso", "pavement": "Unpaved", "condition": "Fair", "length_km": 1.472}}, {"type": "Feature", "geometry": {"type": "LineString", "coordinates": [[32.66946, 0.36164], [32.66956, 0.36166]]}, "properties": {"link_id": "WAKI01676", "name": "Wakiso - Link 1278", "district": "Wakiso", "pavement": "Paved", "condition": "Good", "length_km": 0.011}}, {"type": "Feature", "geometry": {"type": "LineString", "coordinates": [[32.66975, 0.36103], [32.67047, 0.36144]]}, "properties": {"link_id": "WAKI01677", "name": "Wakiso - Link 1279", "district": "Wakiso", "pavement": "Paved", "condition": "Good", "length_km": 0.092}}, {"type": "Feature", "geometry": {"type": "LineString", "coordinates": [[32.6699, 0.35938], [32.66975, 0.36321]]}, "properties": {"link_id": "WAKI01678", "name": "Wakiso - Link 1280", "district": "Wakiso", "pavement": "Paved", "condition": "Good", "length_km": 0.439}}, {"type": "Feature", "geometry": {"type": "LineString", "coordinates": [[32.6699, 0.35938], [32.66819, 0.35891]]}, "properties": {"link_id": "WAKI01679", "name": "Wakiso - Link 1281", "district": "Wakiso", "pavement": "Paved", "condition": "Good", "length_km": 0.203}}, {"type": "Feature", "geometry": {"type": "LineString", "coordinates": [[32.66859, 0.35629], [32.67154, 0.3581]]}, "properties": {"link_id": "WAKI01680", "name": "Wakiso - Link 1282", "district": "Wakiso", "pavement": "Paved", "condition": "Good", "length_km": 0.391}}, {"type": "Feature", "geometry": {"type": "LineString", "coordinates": [[32.67016, 0.35695], [32.66963, 0.35754]]}, "properties": {"link_id": "WAKI01681", "name": "Wakiso - Link 1283", "district": "Wakiso", "pavement": "Unpaved", "condition": "Fair", "length_km": 0.106}}, {"type": "Feature", "geometry": {"type": "LineString", "coordinates": [[32.66836, 0.35724], [32.66963, 0.35754]]}, "properties": {"link_id": "WAKI01682", "name": "Wakiso - Link 1284", "district": "Wakiso", "pavement": "Unpaved", "condition": "Fair", "length_km": 0.145}}, {"type": "Feature", "geometry": {"type": "LineString", "coordinates": [[32.66915, 0.35906], [32.66881, 0.35795]]}, "properties": {"link_id": "WAKI01683", "name": "Wakiso - Link 1285", "district": "Wakiso", "pavement": "Unpaved", "condition": "Fair", "length_km": 0.17}}, {"type": "Feature", "geometry": {"type": "LineString", "coordinates": [[32.66855, 0.35561], [32.66917, 0.35565]]}, "properties": {"link_id": "WAKI01684", "name": "Wakiso - Link 1286", "district": "Wakiso", "pavement": "Unpaved", "condition": "Fair", "length_km": 0.069}}, {"type": "Feature", "geometry": {"type": "LineString", "coordinates": [[32.66975, 0.3555], [32.66984, 0.35488]]}, "properties": {"link_id": "WAKI01685", "name": "Wakiso - Link 1287", "district": "Wakiso", "pavement": "Unpaved", "condition": "Fair", "length_km": 0.069}}, {"type": "Feature", "geometry": {"type": "LineString", "coordinates": [[32.66939, 0.35331], [32.66892, 0.35415]]}, "properties": {"link_id": "WAKI01686", "name": "Wakiso - Link 1288", "district": "Wakiso", "pavement": "Unpaved", "condition": "Fair", "length_km": 0.126}}, {"type": "Feature", "geometry": {"type": "LineString", "coordinates": [[32.67048, 0.3535], [32.66854, 0.35144]]}, "properties": {"link_id": "WAKI01687", "name": "Wakiso - Link 1289", "district": "Wakiso", "pavement": "Unpaved", "condition": "Fair", "length_km": 0.409}}, {"type": "Feature", "geometry": {"type": "LineString", "coordinates": [[32.67006, 0.35153], [32.66864, 0.35263]]}, "properties": {"link_id": "WAKI01688", "name": "Wakiso - Link 1290", "district": "Wakiso", "pavement": "Unpaved", "condition": "Poor", "length_km": 0.22}}, {"type": "Feature", "geometry": {"type": "LineString", "coordinates": [[32.66756, 0.35191], [32.66743, 0.35295]]}, "properties": {"link_id": "WAKI01689", "name": "Wakiso - Link 1291", "district": "Wakiso", "pavement": "Unpaved", "condition": "Fair", "length_km": 0.116}}, {"type": "Feature", "geometry": {"type": "LineString", "coordinates": [[32.66681, 0.35287], [32.6682, 0.35534]]}, "properties": {"link_id": "WAKI01690", "name": "Wakiso - Link 1292", "district": "Wakiso", "pavement": "Unpaved", "condition": "Fair", "length_km": 0.338}}, {"type": "Feature", "geometry": {"type": "LineString", "coordinates": [[32.66792, 0.35304], [32.66782, 0.35465]]}, "properties": {"link_id": "WAKI01691", "name": "Wakiso - Link 1293", "district": "Wakiso", "pavement": "Unpaved", "condition": "Fair", "length_km": 0.184}}, {"type": "Feature", "geometry": {"type": "LineString", "coordinates": [[32.66869, 0.35529], [32.66862, 0.35316]]}, "properties": {"link_id": "WAKI01692", "name": "Wakiso - Link 1294", "district": "Wakiso", "pavement": "Unpaved", "condition": "Fair", "length_km": 0.237}}, {"type": "Feature", "geometry": {"type": "LineString", "coordinates": [[32.66674, 0.35356], [32.66615, 0.35483]]}, "properties": {"link_id": "WAKI01693", "name": "Wakiso - Link 1295", "district": "Wakiso", "pavement": "Unpaved", "condition": "Fair", "length_km": 0.162}}, {"type": "Feature", "geometry": {"type": "LineString", "coordinates": [[32.66615, 0.35483], [32.66557, 0.35444]]}, "properties": {"link_id": "WAKI01694", "name": "Wakiso - Link 1296", "district": "Wakiso", "pavement": "Unpaved", "condition": "Fair", "length_km": 0.078}}, {"type": "Feature", "geometry": {"type": "LineString", "coordinates": [[32.66601, 0.35284], [32.66433, 0.35431]]}, "properties": {"link_id": "WAKI01695", "name": "Wakiso - Link 1297", "district": "Wakiso", "pavement": "Unpaved", "condition": "Fair", "length_km": 0.267}}, {"type": "Feature", "geometry": {"type": "LineString", "coordinates": [[32.66495, 0.35196], [32.66463, 0.35277]]}, "properties": {"link_id": "WAKI01696", "name": "Wakiso - Link 1298", "district": "Wakiso", "pavement": "Unpaved", "condition": "Fair", "length_km": 0.101}}, {"type": "Feature", "geometry": {"type": "LineString", "coordinates": [[32.66485, 0.35278], [32.66639, 0.35103]]}, "properties": {"link_id": "WAKI01697", "name": "Wakiso - Link 1299", "district": "Wakiso", "pavement": "Unpaved", "condition": "Fair", "length_km": 0.262}}, {"type": "Feature", "geometry": {"type": "LineString", "coordinates": [[32.66639, 0.35103], [32.66617, 0.35284]]}, "properties": {"link_id": "WAKI01698", "name": "Wakiso - Link 1300", "district": "Wakiso", "pavement": "Unpaved", "condition": "Fair", "length_km": 0.26}}, {"type": "Feature", "geometry": {"type": "LineString", "coordinates": [[32.66692, 0.35039], [32.66698, 0.34979]]}, "properties": {"link_id": "WAKI01699", "name": "Wakiso - Link 1301", "district": "Wakiso", "pavement": "Unpaved", "condition": "Poor", "length_km": 0.07}}, {"type": "Feature", "geometry": {"type": "LineString", "coordinates": [[32.66491, 0.35092], [32.66499, 0.35083]]}, "properties": {"link_id": "WAKI01700", "name": "Wakiso - Link 1302", "district": "Wakiso", "pavement": "Unpaved", "condition": "Fair", "length_km": 0.013}}, {"type": "Feature", "geometry": {"type": "LineString", "coordinates": [[32.66702, 0.34931], [32.66465, 0.35035]]}, "properties": {"link_id": "WAKI01701", "name": "Wakiso - Link 1303", "district": "Wakiso", "pavement": "Unpaved", "condition": "Fair", "length_km": 0.501}}, {"type": "Feature", "geometry": {"type": "LineString", "coordinates": [[32.66532, 0.34869], [32.66572, 0.34908]]}, "properties": {"link_id": "WAKI01702", "name": "Wakiso - Link 1304", "district": "Wakiso", "pavement": "Unpaved", "condition": "Fair", "length_km": 0.062}}, {"type": "Feature", "geometry": {"type": "LineString", "coordinates": [[32.66494, 0.34906], [32.66442, 0.34916]]}, "properties": {"link_id": "WAKI01703", "name": "Wakiso - Link 1305", "district": "Wakiso", "pavement": "Unpaved", "condition": "Fair", "length_km": 0.073}}, {"type": "Feature", "geometry": {"type": "LineString", "coordinates": [[32.66765, 0.34885], [32.66711, 0.34804]]}, "properties": {"link_id": "WAKI01704", "name": "Wakiso - Link 1306", "district": "Wakiso", "pavement": "Unpaved", "condition": "Fair", "length_km": 0.109}}, {"type": "Feature", "geometry": {"type": "LineString", "coordinates": [[32.66838, 0.34828], [32.66877, 0.34873]]}, "properties": {"link_id": "WAKI01705", "name": "Wakiso - Link 1307", "district": "Wakiso", "pavement": "Unpaved", "condition": "Fair", "length_km": 0.067}}, {"type": "Feature", "geometry": {"type": "LineString", "coordinates": [[32.6683, 0.34907], [32.66888, 0.34899]]}, "properties": {"link_id": "WAKI01706", "name": "Wakiso - Link 1308", "district": "Wakiso", "pavement": "Unpaved", "condition": "Fair", "length_km": 0.066}}, {"type": "Feature", "geometry": {"type": "LineString", "coordinates": [[32.66815, 0.34845], [32.66855, 0.35027]]}, "properties": {"link_id": "WAKI01707", "name": "Wakiso - Link 1309", "district": "Wakiso", "pavement": "Unpaved", "condition": "Fair", "length_km": 0.206}}, {"type": "Feature", "geometry": {"type": "LineString", "coordinates": [[32.66759, 0.3489], [32.66773, 0.34977]]}, "properties": {"link_id": "WAKI01708", "name": "Wakiso - Link 1310", "district": "Wakiso", "pavement": "Unpaved", "condition": "Fair", "length_km": 0.098}}, {"type": "Feature", "geometry": {"type": "LineString", "coordinates": [[32.66958, 0.34947], [32.66946, 0.35019]]}, "properties": {"link_id": "WAKI01709", "name": "Wakiso - Link 1311", "district": "Wakiso", "pavement": "Unpaved", "condition": "Fair", "length_km": 0.089}}, {"type": "Feature", "geometry": {"type": "LineString", "coordinates": [[32.67001, 0.35014], [32.66998, 0.34961]]}, "properties": {"link_id": "WAKI01710", "name": "Wakiso - Link 1312", "district": "Wakiso", "pavement": "Unpaved", "condition": "Fair", "length_km": 0.059}}, {"type": "Feature", "geometry": {"type": "LineString", "coordinates": [[32.66926, 0.35021], [32.66909, 0.34918]]}, "properties": {"link_id": "WAKI01711", "name": "Wakiso - Link 1313", "district": "Wakiso", "pavement": "Unpaved", "condition": "Fair", "length_km": 0.117}}, {"type": "Feature", "geometry": {"type": "LineString", "coordinates": [[32.66907, 0.34792], [32.66948, 0.34833]]}, "properties": {"link_id": "WAKI01712", "name": "Wakiso - Link 1314", "district": "Wakiso", "pavement": "Unpaved", "condition": "Fair", "length_km": 0.065}}, {"type": "Feature", "geometry": {"type": "LineString", "coordinates": [[32.66953, 0.34774], [32.67169, 0.34823]]}, "properties": {"link_id": "WAKI01713", "name": "Wakiso - Link 1315", "district": "Wakiso", "pavement": "Unpaved", "condition": "Fair", "length_km": 0.252}}, {"type": "Feature", "geometry": {"type": "LineString", "coordinates": [[32.67101, 0.34825], [32.67145, 0.34782]]}, "properties": {"link_id": "WAKI01714", "name": "Wakiso - Link 1316", "district": "Wakiso", "pavement": "Unpaved", "condition": "Fair", "length_km": 0.093}}, {"type": "Feature", "geometry": {"type": "LineString", "coordinates": [[32.67123, 0.34888], [32.67091, 0.34891]]}, "properties": {"link_id": "WAKI01715", "name": "Wakiso - Link 1317", "district": "Wakiso", "pavement": "Unpaved", "condition": "Fair", "length_km": 0.036}}, {"type": "Feature", "geometry": {"type": "LineString", "coordinates": [[32.67135, 0.35005], [32.67117, 0.34826]]}, "properties": {"link_id": "WAKI01716", "name": "Wakiso - Link 1318", "district": "Wakiso", "pavement": "Unpaved", "condition": "Fair", "length_km": 0.202}}, {"type": "Feature", "geometry": {"type": "LineString", "coordinates": [[32.67249, 0.35125], [32.67139, 0.35166]]}, "properties": {"link_id": "WAKI01717", "name": "Wakiso - Link 1319", "district": "Wakiso", "pavement": "Unpaved", "condition": "Fair", "length_km": 0.133}}, {"type": "Feature", "geometry": {"type": "LineString", "coordinates": [[32.67249, 0.35125], [32.67314, 0.35038]]}, "properties": {"link_id": "WAKI01718", "name": "Wakiso - Link 1320", "district": "Wakiso", "pavement": "Unpaved", "condition": "Fair", "length_km": 0.15}}, {"type": "Feature", "geometry": {"type": "LineString", "coordinates": [[32.67292, 0.3499], [32.67292, 0.34966]]}, "properties": {"link_id": "WAKI01719", "name": "Wakiso - Link 1321", "district": "Wakiso", "pavement": "Unpaved", "condition": "Fair", "length_km": 0.027}}, {"type": "Feature", "geometry": {"type": "LineString", "coordinates": [[32.67232, 0.34942], [32.67286, 0.34906]]}, "properties": {"link_id": "WAKI01720", "name": "Wakiso - Link 1322", "district": "Wakiso", "pavement": "Unpaved", "condition": "Fair", "length_km": 0.094}}, {"type": "Feature", "geometry": {"type": "LineString", "coordinates": [[32.67232, 0.34952], [32.67256, 0.34955]]}, "properties": {"link_id": "WAKI01721", "name": "Wakiso - Link 1323", "district": "Wakiso", "pavement": "Unpaved", "condition": "Fair", "length_km": 0.028}}, {"type": "Feature", "geometry": {"type": "LineString", "coordinates": [[32.6723, 0.3487], [32.67207, 0.34996]]}, "properties": {"link_id": "WAKI01722", "name": "Wakiso - Link 1324", "district": "Wakiso", "pavement": "Unpaved", "condition": "Fair", "length_km": 0.165}}, {"type": "Feature", "geometry": {"type": "LineString", "coordinates": [[32.67289, 0.34896], [32.67257, 0.34839]]}, "properties": {"link_id": "WAKI01723", "name": "Wakiso - Link 1325", "district": "Wakiso", "pavement": "Unpaved", "condition": "Fair", "length_km": 0.101}}, {"type": "Feature", "geometry": {"type": "LineString", "coordinates": [[32.67387, 0.34869], [32.67344, 0.34906]]}, "properties": {"link_id": "WAKI01724", "name": "Wakiso - Link 1326", "district": "Wakiso", "pavement": "Unpaved", "condition": "Fair", "length_km": 0.081}}, {"type": "Feature", "geometry": {"type": "LineString", "coordinates": [[32.67328, 0.34988], [32.67309, 0.3493]]}, "properties": {"link_id": "WAKI01725", "name": "Wakiso - Link 1327", "district": "Wakiso", "pavement": "Unpaved", "condition": "Fair", "length_km": 0.09}}, {"type": "Feature", "geometry": {"type": "LineString", "coordinates": [[32.67412, 0.34933], [32.67446, 0.34933]]}, "properties": {"link_id": "WAKI01726", "name": "Wakiso - Link 1328", "district": "Wakiso", "pavement": "Unpaved", "condition": "Fair", "length_km": 0.038}}, {"type": "Feature", "geometry": {"type": "LineString", "coordinates": [[32.67393, 0.34825], [32.67454, 0.34822]]}, "properties": {"link_id": "WAKI01727", "name": "Wakiso - Link 1329", "district": "Wakiso", "pavement": "Unpaved", "condition": "Fair", "length_km": 0.069}}, {"type": "Feature", "geometry": {"type": "LineString", "coordinates": [[32.67575, 0.34972], [32.67512, 0.34793]]}, "properties": {"link_id": "WAKI01728", "name": "Wakiso - Link 1330", "district": "Wakiso", "pavement": "Unpaved", "condition": "Fair", "length_km": 0.239}}, {"type": "Feature", "geometry": {"type": "LineString", "coordinates": [[32.67579, 0.34941], [32.67506, 0.34861]]}, "properties": {"link_id": "WAKI01729", "name": "Wakiso - Link 1331", "district": "Wakiso", "pavement": "Unpaved", "condition": "Fair", "length_km": 0.12}}, {"type": "Feature", "geometry": {"type": "LineString", "coordinates": [[32.67563, 0.34927], [32.67543, 0.34942]]}, "properties": {"link_id": "WAKI01730", "name": "Wakiso - Link 1332", "district": "Wakiso", "pavement": "Unpaved", "condition": "Fair", "length_km": 0.033}}, {"type": "Feature", "geometry": {"type": "LineString", "coordinates": [[32.67519, 0.34978], [32.67468, 0.34939]]}, "properties": {"link_id": "WAKI01731", "name": "Wakiso - Link 1333", "district": "Wakiso", "pavement": "Unpaved", "condition": "Fair", "length_km": 0.089}}, {"type": "Feature", "geometry": {"type": "LineString", "coordinates": [[32.67514, 0.35333], [32.67542, 0.35439]]}, "properties": {"link_id": "WAKI01732", "name": "Wakiso - Link 1334", "district": "Wakiso", "pavement": "Unpaved", "condition": "Fair", "length_km": 0.123}}, {"type": "Feature", "geometry": {"type": "LineString", "coordinates": [[32.67353, 0.35404], [32.67365, 0.35273]]}, "properties": {"link_id": "WAKI01733", "name": "Wakiso - Link 1335", "district": "Wakiso", "pavement": "Unpaved", "condition": "Poor", "length_km": 0.146}}, {"type": "Feature", "geometry": {"type": "LineString", "coordinates": [[32.67322, 0.35398], [32.67332, 0.35534]]}, "properties": {"link_id": "WAKI01734", "name": "Wakiso - Link 1336", "district": "Wakiso", "pavement": "Unpaved", "condition": "Fair", "length_km": 0.203}}, {"type": "Feature", "geometry": {"type": "LineString", "coordinates": [[32.67222, 0.35489], [32.67297, 0.35497]]}, "properties": {"link_id": "WAKI01735", "name": "Wakiso - Link 1337", "district": "Wakiso", "pavement": "Unpaved", "condition": "Fair", "length_km": 0.085}}, {"type": "Feature", "geometry": {"type": "LineString", "coordinates": [[32.67222, 0.35469], [32.67107, 0.35485]]}, "properties": {"link_id": "WAKI01736", "name": "Wakiso - Link 1338", "district": "Wakiso", "pavement": "Unpaved", "condition": "Fair", "length_km": 0.13}}, {"type": "Feature", "geometry": {"type": "LineString", "coordinates": [[32.67206, 0.35376], [32.67249, 0.35125]]}, "properties": {"link_id": "WAKI01737", "name": "Wakiso - Link 1339", "district": "Wakiso", "pavement": "Unpaved", "condition": "Fair", "length_km": 0.287}}, {"type": "Feature", "geometry": {"type": "LineString", "coordinates": [[32.67163, 0.3527], [32.67159, 0.35368]]}, "properties": {"link_id": "WAKI01738", "name": "Wakiso - Link 1340", "district": "Wakiso", "pavement": "Unpaved", "condition": "Fair", "length_km": 0.12}}, {"type": "Feature", "geometry": {"type": "LineString", "coordinates": [[32.67139, 0.35166], [32.67163, 0.3527]]}, "properties": {"link_id": "WAKI01739", "name": "Wakiso - Link 1341", "district": "Wakiso", "pavement": "Unpaved", "condition": "Fair", "length_km": 0.119}}, {"type": "Feature", "geometry": {"type": "LineString", "coordinates": [[32.67059, 0.35224], [32.67076, 0.35354]]}, "properties": {"link_id": "WAKI01740", "name": "Wakiso - Link 1342", "district": "Wakiso", "pavement": "Unpaved", "condition": "Fair", "length_km": 0.147}}, {"type": "Feature", "geometry": {"type": "LineString", "coordinates": [[32.6702, 0.35345], [32.67014, 0.35427]]}, "properties": {"link_id": "WAKI01741", "name": "Wakiso - Link 1343", "district": "Wakiso", "pavement": "Unpaved", "condition": "Fair", "length_km": 0.092}}, {"type": "Feature", "geometry": {"type": "LineString", "coordinates": [[32.67049, 0.35471], [32.67059, 0.35351]]}, "properties": {"link_id": "WAKI01742", "name": "Wakiso - Link 1344", "district": "Wakiso", "pavement": "Unpaved", "condition": "Fair", "length_km": 0.135}}, {"type": "Feature", "geometry": {"type": "LineString", "coordinates": [[32.67107, 0.35485], [32.67049, 0.35471]]}, "properties": {"link_id": "WAKI01743", "name": "Wakiso - Link 1345", "district": "Wakiso", "pavement": "Unpaved", "condition": "Fair", "length_km": 0.067}}, {"type": "Feature", "geometry": {"type": "LineString", "coordinates": [[32.6682, 0.35534], [32.67223, 0.35652]]}, "properties": {"link_id": "WAKI01744", "name": "Wakiso - Link 1346", "district": "Wakiso", "pavement": "Unpaved", "condition": "Fair", "length_km": 0.475}}, {"type": "Feature", "geometry": {"type": "LineString", "coordinates": [[32.67034, 0.35571], [32.67012, 0.35692]]}, "properties": {"link_id": "WAKI01745", "name": "Wakiso - Link 1347", "district": "Wakiso", "pavement": "Unpaved", "condition": "Fair", "length_km": 0.154}}, {"type": "Feature", "geometry": {"type": "LineString", "coordinates": [[32.67061, 0.35646], [32.67082, 0.35591]]}, "properties": {"link_id": "WAKI01746", "name": "Wakiso - Link 1348", "district": "Wakiso", "pavement": "Unpaved", "condition": "Poor", "length_km": 0.066}}, {"type": "Feature", "geometry": {"type": "LineString", "coordinates": [[32.67129, 0.3567], [32.67121, 0.35605]]}, "properties": {"link_id": "WAKI01747", "name": "Wakiso - Link 1349", "district": "Wakiso", "pavement": "Unpaved", "condition": "Fair", "length_km": 0.089}}, {"type": "Feature", "geometry": {"type": "LineString", "coordinates": [[32.67107, 0.35485], [32.6707, 0.35584]]}, "properties": {"link_id": "WAKI01748", "name": "Wakiso - Link 1350", "district": "Wakiso", "pavement": "Unpaved", "condition": "Fair", "length_km": 0.118}}, {"type": "Feature", "geometry": {"type": "LineString", "coordinates": [[32.67143, 0.35539], [32.67222, 0.35502]]}, "properties": {"link_id": "WAKI01749", "name": "Wakiso - Link 1351", "district": "Wakiso", "pavement": "Unpaved", "condition": "Fair", "length_km": 0.117}}, {"type": "Feature", "geometry": {"type": "LineString", "coordinates": [[32.67223, 0.35652], [32.67251, 0.35386]]}, "properties": {"link_id": "WAKI01750", "name": "Wakiso - Link 1352", "district": "Wakiso", "pavement": "Unpaved", "condition": "Fair", "length_km": 0.304}}, {"type": "Feature", "geometry": {"type": "LineString", "coordinates": [[32.6723, 0.35552], [32.67351, 0.35581]]}, "properties": {"link_id": "WAKI01751", "name": "Wakiso - Link 1353", "district": "Wakiso", "pavement": "Unpaved", "condition": "Fair", "length_km": 0.138}}, {"type": "Feature", "geometry": {"type": "LineString", "coordinates": [[32.67228, 0.35604], [32.67282, 0.35633]]}, "properties": {"link_id": "WAKI01752", "name": "Wakiso - Link 1354", "district": "Wakiso", "pavement": "Unpaved", "condition": "Fair", "length_km": 0.069}}, {"type": "Feature", "geometry": {"type": "LineString", "coordinates": [[32.67269, 0.35673], [32.67325, 0.35678]]}, "properties": {"link_id": "WAKI01753", "name": "Wakiso - Link 1355", "district": "Wakiso", "pavement": "Paved", "condition": "Good", "length_km": 0.062}}, {"type": "Feature", "geometry": {"type": "LineString", "coordinates": [[32.67223, 0.35661], [32.67269, 0.35673]]}, "properties": {"link_id": "WAKI01754", "name": "Wakiso - Link 1356", "district": "Wakiso", "pavement": "Paved", "condition": "Good", "length_km": 0.054}}, {"type": "Feature", "geometry": {"type": "LineString", "coordinates": [[32.6719, 0.35784], [32.67186, 0.35688]]}, "properties": {"link_id": "WAKI01755", "name": "Wakiso - Link 1357", "district": "Wakiso", "pavement": "Unpaved", "condition": "Fair", "length_km": 0.107}}, {"type": "Feature", "geometry": {"type": "LineString", "coordinates": [[32.67201, 0.35794], [32.6722, 0.35749]]}, "properties": {"link_id": "WAKI01756", "name": "Wakiso - Link 1358", "district": "Wakiso", "pavement": "Paved", "condition": "Good", "length_km": 0.056}}, {"type": "Feature", "geometry": {"type": "LineString", "coordinates": [[32.6722, 0.35749], [32.67223, 0.35652]]}, "properties": {"link_id": "WAKI01757", "name": "Wakiso - Link 1359", "district": "Wakiso", "pavement": "Unpaved", "condition": "Fair", "length_km": 0.108}}, {"type": "Feature", "geometry": {"type": "LineString", "coordinates": [[32.6719, 0.35784], [32.67335, 0.35909]]}, "properties": {"link_id": "WAKI01758", "name": "Wakiso - Link 1360", "district": "Wakiso", "pavement": "Paved", "condition": "Good", "length_km": 0.215}}, {"type": "Feature", "geometry": {"type": "LineString", "coordinates": [[32.67154, 0.3581], [32.6719, 0.35784]]}, "properties": {"link_id": "WAKI01759", "name": "Wakiso - Link 1361", "district": "Wakiso", "pavement": "Paved", "condition": "Good", "length_km": 0.049}}, {"type": "Feature", "geometry": {"type": "LineString", "coordinates": [[32.67154, 0.3581], [32.6705, 0.35797]]}, "properties": {"link_id": "WAKI01760", "name": "Wakiso - Link 1362", "district": "Wakiso", "pavement": "Unpaved", "condition": "Fair", "length_km": 0.132}}, {"type": "Feature", "geometry": {"type": "LineString", "coordinates": [[32.66978, 0.35923], [32.6714, 0.35822]]}, "properties": {"link_id": "WAKI01761", "name": "Wakiso - Link 1363", "district": "Wakiso", "pavement": "Unpaved", "condition": "Fair", "length_km": 0.272}}, {"type": "Feature", "geometry": {"type": "LineString", "coordinates": [[32.67335, 0.35909], [32.67179, 0.36357]]}, "properties": {"link_id": "WAKI01762", "name": "Wakiso - Link 1364", "district": "Wakiso", "pavement": "Paved", "condition": "Good", "length_km": 0.622}}, {"type": "Feature", "geometry": {"type": "LineString", "coordinates": [[32.67222, 0.35948], [32.67264, 0.35861]]}, "properties": {"link_id": "WAKI01763", "name": "Wakiso - Link 1365", "district": "Wakiso", "pavement": "Unpaved", "condition": "Fair", "length_km": 0.107}}, {"type": "Feature", "geometry": {"type": "LineString", "coordinates": [[32.67331, 0.35975], [32.67396, 0.35917]]}, "properties": {"link_id": "WAKI01764", "name": "Wakiso - Link 1366", "district": "Wakiso", "pavement": "Unpaved", "condition": "Fair", "length_km": 0.124}}, {"type": "Feature", "geometry": {"type": "LineString", "coordinates": [[32.67386, 0.35971], [32.67438, 0.35937]]}, "properties": {"link_id": "WAKI01765", "name": "Wakiso - Link 1367", "district": "Wakiso", "pavement": "Unpaved", "condition": "Fair", "length_km": 0.07}}, {"type": "Feature", "geometry": {"type": "LineString", "coordinates": [[32.67562, 0.35873], [32.67545, 0.36075]]}, "properties": {"link_id": "WAKI01766", "name": "Wakiso - Link 1368", "district": "Wakiso", "pavement": "Unpaved", "condition": "Fair", "length_km": 0.226}}, {"type": "Feature", "geometry": {"type": "LineString", "coordinates": [[32.67492, 0.35866], [32.67437, 0.35991]]}, "properties": {"link_id": "WAKI01767", "name": "Wakiso - Link 1369", "district": "Wakiso", "pavement": "Unpaved", "condition": "Fair", "length_km": 0.152}}, {"type": "Feature", "geometry": {"type": "LineString", "coordinates": [[32.67575, 0.35874], [32.67571, 0.35836]]}, "properties": {"link_id": "WAKI01768", "name": "Wakiso - Link 1370", "district": "Wakiso", "pavement": "Unpaved", "condition": "Fair", "length_km": 0.042}}, {"type": "Feature", "geometry": {"type": "LineString", "coordinates": [[32.67507, 0.35869], [32.67441, 0.35781]]}, "properties": {"link_id": "WAKI01769", "name": "Wakiso - Link 1371", "district": "Wakiso", "pavement": "Unpaved", "condition": "Fair", "length_km": 0.166}}, {"type": "Feature", "geometry": {"type": "LineString", "coordinates": [[32.67325, 0.35678], [32.67334, 0.35807]]}, "properties": {"link_id": "WAKI01770", "name": "Wakiso - Link 1372", "district": "Wakiso", "pavement": "Paved", "condition": "Good", "length_km": 0.147}}, {"type": "Feature", "geometry": {"type": "LineString", "coordinates": [[32.67305, 0.35788], [32.6731, 0.3576]]}, "properties": {"link_id": "WAKI01771", "name": "Wakiso - Link 1373", "district": "Wakiso", "pavement": "Unpaved", "condition": "Poor", "length_km": 0.031}}, {"type": "Feature", "geometry": {"type": "LineString", "coordinates": [[32.67367, 0.35688], [32.6748, 0.35718]]}, "properties": {"link_id": "WAKI01772", "name": "Wakiso - Link 1374", "district": "Wakiso", "pavement": "Unpaved", "condition": "Poor", "length_km": 0.224}}, {"type": "Feature", "geometry": {"type": "LineString", "coordinates": [[32.67314, 0.35674], [32.67391, 0.35641]]}, "properties": {"link_id": "WAKI01773", "name": "Wakiso - Link 1375", "district": "Wakiso", "pavement": "Unpaved", "condition": "Fair", "length_km": 0.111}}, {"type": "Feature", "geometry": {"type": "LineString", "coordinates": [[32.67595, 0.35699], [32.67367, 0.35688]]}, "properties": {"link_id": "WAKI01774", "name": "Wakiso - Link 1376", "district": "Wakiso", "pavement": "Unpaved", "condition": "Poor", "length_km": 0.285}}, {"type": "Feature", "geometry": {"type": "LineString", "coordinates": [[32.6788, 0.355], [32.6722, 0.35749]]}, "properties": {"link_id": "WAKI01775", "name": "Wakiso - Link 1377", "district": "Wakiso", "pavement": "Unpaved", "condition": "Fair", "length_km": 0.996}}, {"type": "Feature", "geometry": {"type": "LineString", "coordinates": [[32.67742, 0.3547], [32.67732, 0.35587]]}, "properties": {"link_id": "WAKI01776", "name": "Wakiso - Link 1378", "district": "Wakiso", "pavement": "Unpaved", "condition": "Poor", "length_km": 0.135}}, {"type": "Feature", "geometry": {"type": "LineString", "coordinates": [[32.67866, 0.35549], [32.67772, 0.35627]]}, "properties": {"link_id": "WAKI01777", "name": "Wakiso - Link 1379", "district": "Wakiso", "pavement": "Unpaved", "condition": "Fair", "length_km": 0.198}}, {"type": "Feature", "geometry": {"type": "LineString", "coordinates": [[32.67772, 0.35627], [32.67719, 0.35798]]}, "properties": {"link_id": "WAKI01778", "name": "Wakiso - Link 1380", "district": "Wakiso", "pavement": "Unpaved", "condition": "Fair", "length_km": 0.277}}, {"type": "Feature", "geometry": {"type": "LineString", "coordinates": [[32.67839, 0.35795], [32.67846, 0.35912]]}, "properties": {"link_id": "WAKI01779", "name": "Wakiso - Link 1381", "district": "Wakiso", "pavement": "Unpaved", "condition": "Fair", "length_km": 0.147}}, {"type": "Feature", "geometry": {"type": "LineString", "coordinates": [[32.67595, 0.35706], [32.67706, 0.35807]]}, "properties": {"link_id": "WAKI01780", "name": "Wakiso - Link 1382", "district": "Wakiso", "pavement": "Unpaved", "condition": "Poor", "length_km": 0.283}}, {"type": "Feature", "geometry": {"type": "LineString", "coordinates": [[32.67519, 0.35729], [32.6767, 0.35834]]}, "properties": {"link_id": "WAKI01781", "name": "Wakiso - Link 1383", "district": "Wakiso", "pavement": "Unpaved", "condition": "Poor", "length_km": 0.257}}, {"type": "Feature", "geometry": {"type": "LineString", "coordinates": [[32.67565, 0.35799], [32.67623, 0.35777]]}, "properties": {"link_id": "WAKI01782", "name": "Wakiso - Link 1384", "district": "Wakiso", "pavement": "Unpaved", "condition": "Poor", "length_km": 0.069}}, {"type": "Feature", "geometry": {"type": "LineString", "coordinates": [[32.67702, 0.36023], [32.67632, 0.35996]]}, "properties": {"link_id": "WAKI01783", "name": "Wakiso - Link 1385", "district": "Wakiso", "pavement": "Unpaved", "condition": "Fair", "length_km": 0.084}}, {"type": "Feature", "geometry": {"type": "LineString", "coordinates": [[32.67702, 0.36023], [32.67615, 0.36025]]}, "properties": {"link_id": "WAKI01784", "name": "Wakiso - Link 1386", "district": "Wakiso", "pavement": "Unpaved", "condition": "Fair", "length_km": 0.122}}, {"type": "Feature", "geometry": {"type": "LineString", "coordinates": [[32.67795, 0.36107], [32.6774, 0.36238]]}, "properties": {"link_id": "WAKI01785", "name": "Wakiso - Link 1387", "district": "Wakiso", "pavement": "Paved", "condition": "Good", "length_km": 0.17}}, {"type": "Feature", "geometry": {"type": "LineString", "coordinates": [[32.67788, 0.36136], [32.67818, 0.36214]]}, "properties": {"link_id": "WAKI01786", "name": "Wakiso - Link 1388", "district": "Wakiso", "pavement": "Paved", "condition": "Good", "length_km": 0.099}}, {"type": "Feature", "geometry": {"type": "LineString", "coordinates": [[32.6775, 0.35999], [32.67702, 0.36023]]}, "properties": {"link_id": "WAKI01787", "name": "Wakiso - Link 1389", "district": "Wakiso", "pavement": "Unpaved", "condition": "Fair", "length_km": 0.06}}, {"type": "Feature", "geometry": {"type": "LineString", "coordinates": [[32.6768, 0.35826], [32.67815, 0.36147]]}, "properties": {"link_id": "WAKI01788", "name": "Wakiso - Link 1390", "district": "Wakiso", "pavement": "Unpaved", "condition": "Fair", "length_km": 0.387}}, {"type": "Feature", "geometry": {"type": "LineString", "coordinates": [[32.67752, 0.36003], [32.6781, 0.35976]]}, "properties": {"link_id": "WAKI01789", "name": "Wakiso - Link 1391", "district": "Wakiso", "pavement": "Unpaved", "condition": "Fair", "length_km": 0.072}}, {"type": "Feature", "geometry": {"type": "LineString", "coordinates": [[32.67789, 0.35866], [32.67846, 0.35912]]}, "properties": {"link_id": "WAKI01790", "name": "Wakiso - Link 1392", "district": "Wakiso", "pavement": "Unpaved", "condition": "Fair", "length_km": 0.081}}, {"type": "Feature", "geometry": {"type": "LineString", "coordinates": [[32.67915, 0.35817], [32.67875, 0.35926]]}, "properties": {"link_id": "WAKI01791", "name": "Wakiso - Link 1393", "district": "Wakiso", "pavement": "Unpaved", "condition": "Fair", "length_km": 0.131}}, {"type": "Feature", "geometry": {"type": "LineString", "coordinates": [[32.67846, 0.35912], [32.67875, 0.35926]]}, "properties": {"link_id": "WAKI01792", "name": "Wakiso - Link 1394", "district": "Wakiso", "pavement": "Unpaved", "condition": "Fair", "length_km": 0.037}}, {"type": "Feature", "geometry": {"type": "LineString", "coordinates": [[32.67875, 0.35926], [32.67936, 0.35953]]}, "properties": {"link_id": "WAKI01793", "name": "Wakiso - Link 1395", "district": "Wakiso", "pavement": "Unpaved", "condition": "Fair", "length_km": 0.088}}, {"type": "Feature", "geometry": {"type": "LineString", "coordinates": [[32.67894, 0.35866], [32.6798, 0.35907]]}, "properties": {"link_id": "WAKI01794", "name": "Wakiso - Link 1396", "district": "Wakiso", "pavement": "Unpaved", "condition": "Fair", "length_km": 0.111}}, {"type": "Feature", "geometry": {"type": "LineString", "coordinates": [[32.68048, 0.35969], [32.67947, 0.36052]]}, "properties": {"link_id": "WAKI01795", "name": "Wakiso - Link 1397", "district": "Wakiso", "pavement": "Unpaved", "condition": "Fair", "length_km": 0.17}}, {"type": "Feature", "geometry": {"type": "LineString", "coordinates": [[32.67953, 0.36286], [32.6804, 0.35836]]}, "properties": {"link_id": "WAKI01796", "name": "Wakiso - Link 1398", "district": "Wakiso", "pavement": "Unpaved", "condition": "Fair", "length_km": 0.519}}, {"type": "Feature", "geometry": {"type": "LineString", "coordinates": [[32.67829, 0.35648], [32.67915, 0.35817]]}, "properties": {"link_id": "WAKI01797", "name": "Wakiso - Link 1399", "district": "Wakiso", "pavement": "Unpaved", "condition": "Fair", "length_km": 0.229}}, {"type": "Feature", "geometry": {"type": "LineString", "coordinates": [[32.67949, 0.35757], [32.68015, 0.35716]]}, "properties": {"link_id": "WAKI01798", "name": "Wakiso - Link 1400", "district": "Wakiso", "pavement": "Unpaved", "condition": "Fair", "length_km": 0.087}}, {"type": "Feature", "geometry": {"type": "LineString", "coordinates": [[32.6802, 0.35764], [32.67973, 0.35776]]}, "properties": {"link_id": "WAKI01799", "name": "Wakiso - Link 1401", "district": "Wakiso", "pavement": "Unpaved", "condition": "Fair", "length_km": 0.053}}, {"type": "Feature", "geometry": {"type": "LineString", "coordinates": [[32.68015, 0.35659], [32.67961, 0.35691]]}, "properties": {"link_id": "WAKI01800", "name": "Wakiso - Link 1402", "district": "Wakiso", "pavement": "Unpaved", "condition": "Fair", "length_km": 0.076}}, {"type": "Feature", "geometry": {"type": "LineString", "coordinates": [[32.67958, 0.35671], [32.68016, 0.35628]]}, "properties": {"link_id": "WAKI01801", "name": "Wakiso - Link 1403", "district": "Wakiso", "pavement": "Unpaved", "condition": "Fair", "length_km": 0.08}}, {"type": "Feature", "geometry": {"type": "LineString", "coordinates": [[32.67847, 0.35601], [32.67913, 0.35622]]}, "properties": {"link_id": "WAKI01802", "name": "Wakiso - Link 1404", "district": "Wakiso", "pavement": "Unpaved", "condition": "Fair", "length_km": 0.078}}, {"type": "Feature", "geometry": {"type": "LineString", "coordinates": [[32.68017, 0.35526], [32.6804, 0.35836]]}, "properties": {"link_id": "WAKI01803", "name": "Wakiso - Link 1405", "district": "Wakiso", "pavement": "Unpaved", "condition": "Fair", "length_km": 0.349}}, {"type": "Feature", "geometry": {"type": "LineString", "coordinates": [[32.68908, 0.35866], [32.6726, 0.35387]]}, "properties": {"link_id": "WAKI01804", "name": "Jinja - Kampala Road", "district": "Wakiso", "pavement": "Paved", "condition": "Good", "length_km": 1.924}}, {"type": "Feature", "geometry": {"type": "LineString", "coordinates": [[32.68026, 0.35398], [32.68017, 0.35526]]}, "properties": {"link_id": "WAKI01805", "name": "Wakiso - Link 1406", "district": "Wakiso", "pavement": "Unpaved", "condition": "Poor", "length_km": 0.143}}, {"type": "Feature", "geometry": {"type": "LineString", "coordinates": [[32.67781, 0.35536], [32.67786, 0.35481]]}, "properties": {"link_id": "WAKI01806", "name": "Wakiso - Link 1407", "district": "Wakiso", "pavement": "Unpaved", "condition": "Fair", "length_km": 0.062}}, {"type": "Feature", "geometry": {"type": "LineString", "coordinates": [[32.67604, 0.34897], [32.67603, 0.34925]]}, "properties": {"link_id": "WAKI01807", "name": "Wakiso - Link 1408", "district": "Wakiso", "pavement": "Unpaved", "condition": "Poor", "length_km": 0.032}}, {"type": "Feature", "geometry": {"type": "LineString", "coordinates": [[32.67595, 0.34886], [32.67624, 0.34921]]}, "properties": {"link_id": "WAKI01808", "name": "Wakiso - Link 1409", "district": "Wakiso", "pavement": "Unpaved", "condition": "Poor", "length_km": 0.05}}, {"type": "Feature", "geometry": {"type": "LineString", "coordinates": [[32.67844, 0.35002], [32.67853, 0.34931]]}, "properties": {"link_id": "WAKI01809", "name": "Wakiso - Link 1410", "district": "Wakiso", "pavement": "Unpaved", "condition": "Poor", "length_km": 0.079}}, {"type": "Feature", "geometry": {"type": "LineString", "coordinates": [[32.68236, 0.35173], [32.67668, 0.34501]]}, "properties": {"link_id": "WAKI01810", "name": "Wakiso - Link 1411", "district": "Wakiso", "pavement": "Unpaved", "condition": "Poor", "length_km": 1.207}}, {"type": "Feature", "geometry": {"type": "LineString", "coordinates": [[32.66191, 0.34812], [32.69831, 0.34895]]}, "properties": {"link_id": "WAKI01811", "name": "Old Jinja Road", "district": "Wakiso", "pavement": "Unpaved", "condition": "Fair", "length_km": 4.318}}, {"type": "Feature", "geometry": {"type": "LineString", "coordinates": [[32.68186, 0.3478], [32.67922, 0.33938]]}, "properties": {"link_id": "WAKI01812", "name": "Wakiso - Link 1412", "district": "Wakiso", "pavement": "Unpaved", "condition": "Poor", "length_km": 1.089}}, {"type": "Feature", "geometry": {"type": "LineString", "coordinates": [[32.6766, 0.34145], [32.67548, 0.34069]]}, "properties": {"link_id": "WAKI01813", "name": "Wakiso - Link 1413", "district": "Wakiso", "pavement": "Unpaved", "condition": "Fair", "length_km": 0.157}}, {"type": "Feature", "geometry": {"type": "LineString", "coordinates": [[32.6762, 0.34124], [32.67593, 0.34181]]}, "properties": {"link_id": "WAKI01814", "name": "Wakiso - Link 1414", "district": "Wakiso", "pavement": "Unpaved", "condition": "Fair", "length_km": 0.07}}, {"type": "Feature", "geometry": {"type": "LineString", "coordinates": [[32.67601, 0.34185], [32.67565, 0.34168]]}, "properties": {"link_id": "WAKI01815", "name": "Wakiso - Link 1415", "district": "Wakiso", "pavement": "Unpaved", "condition": "Fair", "length_km": 0.044}}, {"type": "Feature", "geometry": {"type": "LineString", "coordinates": [[32.67619, 0.34216], [32.67565, 0.34236]]}, "properties": {"link_id": "WAKI01816", "name": "Wakiso - Link 1416", "district": "Wakiso", "pavement": "Unpaved", "condition": "Fair", "length_km": 0.102}}, {"type": "Feature", "geometry": {"type": "LineString", "coordinates": [[32.6766, 0.34145], [32.67614, 0.34225]]}, "properties": {"link_id": "WAKI01817", "name": "Wakiso - Link 1417", "district": "Wakiso", "pavement": "Unpaved", "condition": "Fair", "length_km": 0.104}}, {"type": "Feature", "geometry": {"type": "LineString", "coordinates": [[32.67406, 0.34601], [32.67366, 0.34534]]}, "properties": {"link_id": "WAKI01818", "name": "Wakiso - Link 1418", "district": "Wakiso", "pavement": "Unpaved", "condition": "Fair", "length_km": 0.087}}, {"type": "Feature", "geometry": {"type": "LineString", "coordinates": [[32.67508, 0.34707], [32.67339, 0.34443]]}, "properties": {"link_id": "WAKI01819", "name": "Wakiso - Link 1419", "district": "Wakiso", "pavement": "Unpaved", "condition": "Fair", "length_km": 0.351}}, {"type": "Feature", "geometry": {"type": "LineString", "coordinates": [[32.67285, 0.3445], [32.67318, 0.34507]]}, "properties": {"link_id": "WAKI01820", "name": "Wakiso - Link 1420", "district": "Wakiso", "pavement": "Unpaved", "condition": "Fair", "length_km": 0.073}}, {"type": "Feature", "geometry": {"type": "LineString", "coordinates": [[32.67277, 0.34717], [32.67436, 0.34589]]}, "properties": {"link_id": "WAKI01821", "name": "Wakiso - Link 1421", "district": "Wakiso", "pavement": "Unpaved", "condition": "Fair", "length_km": 0.241}}, {"type": "Feature", "geometry": {"type": "LineString", "coordinates": [[32.67395, 0.34663], [32.67461, 0.34625]]}, "properties": {"link_id": "WAKI01822", "name": "Wakiso - Link 1422", "district": "Wakiso", "pavement": "Unpaved", "condition": "Fair", "length_km": 0.085}}, {"type": "Feature", "geometry": {"type": "LineString", "coordinates": [[32.67401, 0.34985], [32.67268, 0.34587]]}, "properties": {"link_id": "WAKI01823", "name": "Wakiso - Link 1423", "district": "Wakiso", "pavement": "Unpaved", "condition": "Fair", "length_km": 0.544}}, {"type": "Feature", "geometry": {"type": "LineString", "coordinates": [[32.67259, 0.34713], [32.67285, 0.34771]]}, "properties": {"link_id": "WAKI01824", "name": "Wakiso - Link 1424", "district": "Wakiso", "pavement": "Unpaved", "condition": "Fair", "length_km": 0.09}}, {"type": "Feature", "geometry": {"type": "LineString", "coordinates": [[32.67144, 0.34665], [32.67377, 0.34721]]}, "properties": {"link_id": "WAKI01825", "name": "Wakiso - Link 1425", "district": "Wakiso", "pavement": "Unpaved", "condition": "Fair", "length_km": 0.287}}, {"type": "Feature", "geometry": {"type": "LineString", "coordinates": [[32.67207, 0.34667], [32.67226, 0.34594]]}, "properties": {"link_id": "WAKI01826", "name": "Wakiso - Link 1426", "district": "Wakiso", "pavement": "Unpaved", "condition": "Fair", "length_km": 0.086}}, {"type": "Feature", "geometry": {"type": "LineString", "coordinates": [[32.67171, 0.34658], [32.6717, 0.3463]]}, "properties": {"link_id": "WAKI01827", "name": "Wakiso - Link 1427", "district": "Wakiso", "pavement": "Unpaved", "condition": "Fair", "length_km": 0.032}}, {"type": "Feature", "geometry": {"type": "LineString", "coordinates": [[32.671, 0.34697], [32.6723, 0.3487]]}, "properties": {"link_id": "WAKI01828", "name": "Wakiso - Link 1428", "district": "Wakiso", "pavement": "Unpaved", "condition": "Fair", "length_km": 0.29}}, {"type": "Feature", "geometry": {"type": "LineString", "coordinates": [[32.67088, 0.34693], [32.6707, 0.34741]]}, "properties": {"link_id": "WAKI01829", "name": "Wakiso - Link 1429", "district": "Wakiso", "pavement": "Unpaved", "condition": "Fair", "length_km": 0.057}}, {"type": "Feature", "geometry": {"type": "LineString", "coordinates": [[32.67131, 0.3463], [32.67167, 0.34615]]}, "properties": {"link_id": "WAKI01830", "name": "Wakiso - Link 1430", "district": "Wakiso", "pavement": "Unpaved", "condition": "Fair", "length_km": 0.044}}, {"type": "Feature", "geometry": {"type": "LineString", "coordinates": [[32.67104, 0.3457], [32.67149, 0.34553]]}, "properties": {"link_id": "WAKI01831", "name": "Wakiso - Link 1431", "district": "Wakiso", "pavement": "Unpaved", "condition": "Fair", "length_km": 0.053}}, {"type": "Feature", "geometry": {"type": "LineString", "coordinates": [[32.67117, 0.34601], [32.67075, 0.34636]]}, "properties": {"link_id": "WAKI01832", "name": "Wakiso - Link 1432", "district": "Wakiso", "pavement": "Unpaved", "condition": "Fair", "length_km": 0.061}}, {"type": "Feature", "geometry": {"type": "LineString", "coordinates": [[32.67078, 0.34517], [32.67015, 0.34593]]}, "properties": {"link_id": "WAKI01833", "name": "Wakiso - Link 1433", "district": "Wakiso", "pavement": "Unpaved", "condition": "Fair", "length_km": 0.112}}, {"type": "Feature", "geometry": {"type": "LineString", "coordinates": [[32.67043, 0.34444], [32.67001, 0.34462]]}, "properties": {"link_id": "WAKI01834", "name": "Wakiso - Link 1434", "district": "Wakiso", "pavement": "Unpaved", "condition": "Fair", "length_km": 0.052}}, {"type": "Feature", "geometry": {"type": "LineString", "coordinates": [[32.6708, 0.34521], [32.67133, 0.3451]]}, "properties": {"link_id": "WAKI01835", "name": "Wakiso - Link 1435", "district": "Wakiso", "pavement": "Unpaved", "condition": "Fair", "length_km": 0.064}}, {"type": "Feature", "geometry": {"type": "LineString", "coordinates": [[32.67339, 0.34443], [32.67056, 0.34473]]}, "properties": {"link_id": "WAKI01836", "name": "Wakiso - Link 1436", "district": "Wakiso", "pavement": "Unpaved", "condition": "Fair", "length_km": 0.316}}, {"type": "Feature", "geometry": {"type": "LineString", "coordinates": [[32.6721, 0.34556], [32.67235, 0.34558]]}, "properties": {"link_id": "WAKI01837", "name": "Wakiso - Link 1437", "district": "Wakiso", "pavement": "Unpaved", "condition": "Fair", "length_km": 0.028}}, {"type": "Feature", "geometry": {"type": "LineString", "coordinates": [[32.67308, 0.34555], [32.6719, 0.34658]]}, "properties": {"link_id": "WAKI01838", "name": "Wakiso - Link 1438", "district": "Wakiso", "pavement": "Unpaved", "condition": "Fair", "length_km": 0.301}}, {"type": "Feature", "geometry": {"type": "LineString", "coordinates": [[32.67227, 0.34454], [32.67244, 0.34511]]}, "properties": {"link_id": "WAKI01839", "name": "Wakiso - Link 1439", "district": "Wakiso", "pavement": "Unpaved", "condition": "Fair", "length_km": 0.074}}, {"type": "Feature", "geometry": {"type": "LineString", "coordinates": [[32.67129, 0.3441], [32.67138, 0.34462]]}, "properties": {"link_id": "WAKI01840", "name": "Wakiso - Link 1440", "district": "Wakiso", "pavement": "Unpaved", "condition": "Poor", "length_km": 0.059}}, {"type": "Feature", "geometry": {"type": "LineString", "coordinates": [[32.67003, 0.34363], [32.6709, 0.34387]]}, "properties": {"link_id": "WAKI01841", "name": "Wakiso - Link 1441", "district": "Wakiso", "pavement": "Unpaved", "condition": "Fair", "length_km": 0.132}}, {"type": "Feature", "geometry": {"type": "LineString", "coordinates": [[32.67668, 0.34501], [32.67414, 0.33851]]}, "properties": {"link_id": "WAKI01842", "name": "Wakiso - Link 1442", "district": "Wakiso", "pavement": "Unpaved", "condition": "Fair", "length_km": 1.043}}, {"type": "Feature", "geometry": {"type": "LineString", "coordinates": [[32.67548, 0.34069], [32.67487, 0.33948]]}, "properties": {"link_id": "WAKI01843", "name": "Wakiso - Link 1443", "district": "Wakiso", "pavement": "Unpaved", "condition": "Fair", "length_km": 0.163}}, {"type": "Feature", "geometry": {"type": "LineString", "coordinates": [[32.67511, 0.34063], [32.67514, 0.3411]]}, "properties": {"link_id": "WAKI01844", "name": "Wakiso - Link 1444", "district": "Wakiso", "pavement": "Unpaved", "condition": "Fair", "length_km": 0.073}}, {"type": "Feature", "geometry": {"type": "LineString", "coordinates": [[32.67548, 0.34069], [32.67386, 0.33979]]}, "properties": {"link_id": "WAKI01845", "name": "Wakiso - Link 1445", "district": "Wakiso", "pavement": "Unpaved", "condition": "Fair", "length_km": 0.219}}, {"type": "Feature", "geometry": {"type": "LineString", "coordinates": [[32.67439, 0.34025], [32.67487, 0.33948]]}, "properties": {"link_id": "WAKI01846", "name": "Wakiso - Link 1446", "district": "Wakiso", "pavement": "Unpaved", "condition": "Fair", "length_km": 0.101}}, {"type": "Feature", "geometry": {"type": "LineString", "coordinates": [[32.67448, 0.33897], [32.67569, 0.33688]]}, "properties": {"link_id": "WAKI01847", "name": "Wakiso - Link 1447", "district": "Wakiso", "pavement": "Unpaved", "condition": "Fair", "length_km": 0.318}}, {"type": "Feature", "geometry": {"type": "LineString", "coordinates": [[32.67402, 0.33835], [32.67324, 0.33873]]}, "properties": {"link_id": "WAKI01848", "name": "Wakiso - Link 1448", "district": "Wakiso", "pavement": "Unpaved", "condition": "Fair", "length_km": 0.109}}, {"type": "Feature", "geometry": {"type": "LineString", "coordinates": [[32.67386, 0.33979], [32.67451, 0.33902]]}, "properties": {"link_id": "WAKI01849", "name": "Wakiso - Link 1449", "district": "Wakiso", "pavement": "Unpaved", "condition": "Fair", "length_km": 0.15}}, {"type": "Feature", "geometry": {"type": "LineString", "coordinates": [[32.673, 0.33957], [32.67254, 0.34035]]}, "properties": {"link_id": "WAKI01850", "name": "Wakiso - Link 1450", "district": "Wakiso", "pavement": "Unpaved", "condition": "Fair", "length_km": 0.102}}, {"type": "Feature", "geometry": {"type": "LineString", "coordinates": [[32.6737, 0.33945], [32.6713, 0.33993]]}, "properties": {"link_id": "WAKI01851", "name": "Wakiso - Link 1451", "district": "Wakiso", "pavement": "Unpaved", "condition": "Fair", "length_km": 0.397}}, {"type": "Feature", "geometry": {"type": "LineString", "coordinates": [[32.67263, 0.33937], [32.67196, 0.34037]]}, "properties": {"link_id": "WAKI01852", "name": "Wakiso - Link 1452", "district": "Wakiso", "pavement": "Unpaved", "condition": "Fair", "length_km": 0.135}}, {"type": "Feature", "geometry": {"type": "LineString", "coordinates": [[32.67227, 0.33916], [32.67178, 0.34009]]}, "properties": {"link_id": "WAKI01853", "name": "Wakiso - Link 1453", "district": "Wakiso", "pavement": "Unpaved", "condition": "Fair", "length_km": 0.12}}, {"type": "Feature", "geometry": {"type": "LineString", "coordinates": [[32.67063, 0.33913], [32.67147, 0.33933]]}, "properties": {"link_id": "WAKI01854", "name": "Wakiso - Link 1454", "district": "Wakiso", "pavement": "Unpaved", "condition": "Fair", "length_km": 0.095}}, {"type": "Feature", "geometry": {"type": "LineString", "coordinates": [[32.67188, 0.33894], [32.67196, 0.33843]]}, "properties": {"link_id": "WAKI01855", "name": "Wakiso - Link 1455", "district": "Wakiso", "pavement": "Unpaved", "condition": "Fair", "length_km": 0.058}}, {"type": "Feature", "geometry": {"type": "LineString", "coordinates": [[32.67249, 0.33842], [32.6722, 0.33912]]}, "properties": {"link_id": "WAKI01856", "name": "Wakiso - Link 1456", "district": "Wakiso", "pavement": "Unpaved", "condition": "Fair", "length_km": 0.091}}, {"type": "Feature", "geometry": {"type": "LineString", "coordinates": [[32.67268, 0.33881], [32.67352, 0.33752]]}, "properties": {"link_id": "WAKI01857", "name": "Wakiso - Link 1457", "district": "Wakiso", "pavement": "Unpaved", "condition": "Fair", "length_km": 0.289}}, {"type": "Feature", "geometry": {"type": "LineString", "coordinates": [[32.67048, 0.33738], [32.67041, 0.33696]]}, "properties": {"link_id": "WAKI01858", "name": "Wakiso - Link 1458", "district": "Wakiso", "pavement": "Unpaved", "condition": "Fair", "length_km": 0.046}}, {"type": "Feature", "geometry": {"type": "LineString", "coordinates": [[32.6692, 0.33642], [32.67158, 0.33711]]}, "properties": {"link_id": "WAKI01859", "name": "Wakiso - Link 1459", "district": "Wakiso", "pavement": "Unpaved", "condition": "Fair", "length_km": 0.283}}, {"type": "Feature", "geometry": {"type": "LineString", "coordinates": [[32.67095, 0.33509], [32.6712, 0.33494]]}, "properties": {"link_id": "WAKI01860", "name": "Wakiso - Link 1460", "district": "Wakiso", "pavement": "Unpaved", "condition": "Fair", "length_km": 0.033}}, {"type": "Feature", "geometry": {"type": "LineString", "coordinates": [[32.67039, 0.33586], [32.66998, 0.33503]]}, "properties": {"link_id": "WAKI01861", "name": "Wakiso - Link 1461", "district": "Wakiso", "pavement": "Unpaved", "condition": "Fair", "length_km": 0.103}}, {"type": "Feature", "geometry": {"type": "LineString", "coordinates": [[32.67043, 0.3348], [32.67027, 0.33455]]}, "properties": {"link_id": "WAKI01862", "name": "Wakiso - Link 1462", "district": "Wakiso", "pavement": "Unpaved", "condition": "Poor", "length_km": 0.033}}, {"type": "Feature", "geometry": {"type": "LineString", "coordinates": [[32.67067, 0.33467], [32.67101, 0.33518]]}, "properties": {"link_id": "WAKI01863", "name": "Wakiso - Link 1463", "district": "Wakiso", "pavement": "Unpaved", "condition": "Fair", "length_km": 0.068}}, {"type": "Feature", "geometry": {"type": "LineString", "coordinates": [[32.67066, 0.33421], [32.67037, 0.3344]]}, "properties": {"link_id": "WAKI01864", "name": "Wakiso - Link 1464", "district": "Wakiso", "pavement": "Unpaved", "condition": "Poor", "length_km": 0.038}}, {"type": "Feature", "geometry": {"type": "LineString", "coordinates": [[32.67052, 0.33475], [32.67058, 0.33455]]}, "properties": {"link_id": "WAKI01865", "name": "Wakiso - Link 1465", "district": "Wakiso", "pavement": "Unpaved", "condition": "Poor", "length_km": 0.031}}, {"type": "Feature", "geometry": {"type": "LineString", "coordinates": [[32.67116, 0.33422], [32.6714, 0.33456]]}, "properties": {"link_id": "WAKI01866", "name": "Wakiso - Link 1466", "district": "Wakiso", "pavement": "Unpaved", "condition": "Poor", "length_km": 0.062}}, {"type": "Feature", "geometry": {"type": "LineString", "coordinates": [[32.67114, 0.33434], [32.67143, 0.33454]]}, "properties": {"link_id": "WAKI01867", "name": "Wakiso - Link 1467", "district": "Wakiso", "pavement": "Unpaved", "condition": "Poor", "length_km": 0.047}}, {"type": "Feature", "geometry": {"type": "LineString", "coordinates": [[32.67226, 0.33486], [32.67284, 0.33486]]}, "properties": {"link_id": "WAKI01868", "name": "Wakiso - Link 1468", "district": "Wakiso", "pavement": "Unpaved", "condition": "Fair", "length_km": 0.066}}, {"type": "Feature", "geometry": {"type": "LineString", "coordinates": [[32.67216, 0.33416], [32.67385, 0.33402]]}, "properties": {"link_id": "WAKI01869", "name": "Wakiso - Link 1469", "district": "Wakiso", "pavement": "Unpaved", "condition": "Fair", "length_km": 0.237}}, {"type": "Feature", "geometry": {"type": "LineString", "coordinates": [[32.67479, 0.33274], [32.67308, 0.33666]]}, "properties": {"link_id": "WAKI01870", "name": "Wakiso - Link 1470", "district": "Wakiso", "pavement": "Unpaved", "condition": "Fair", "length_km": 0.496}}, {"type": "Feature", "geometry": {"type": "LineString", "coordinates": [[32.67314, 0.33502], [32.6742, 0.33524]]}, "properties": {"link_id": "WAKI01871", "name": "Wakiso - Link 1471", "district": "Wakiso", "pavement": "Unpaved", "condition": "Fair", "length_km": 0.141}}, {"type": "Feature", "geometry": {"type": "LineString", "coordinates": [[32.67487, 0.33948], [32.67163, 0.33338]]}, "properties": {"link_id": "WAKI01872", "name": "John Boosa Road", "district": "Wakiso", "pavement": "Unpaved", "condition": "Poor", "length_km": 0.782}}, {"type": "Feature", "geometry": {"type": "LineString", "coordinates": [[32.67372, 0.33601], [32.67431, 0.33678]]}, "properties": {"link_id": "WAKI01873", "name": "Wakiso - Link 1472", "district": "Wakiso", "pavement": "Unpaved", "condition": "Fair", "length_km": 0.13}}, {"type": "Feature", "geometry": {"type": "LineString", "coordinates": [[32.67406, 0.33548], [32.67565, 0.33621]]}, "properties": {"link_id": "WAKI01874", "name": "Wakiso - Link 1473", "district": "Wakiso", "pavement": "Unpaved", "condition": "Fair", "length_km": 0.194}}, {"type": "Feature", "geometry": {"type": "LineString", "coordinates": [[32.67365, 0.33779], [32.67569, 0.33688]]}, "properties": {"link_id": "WAKI01875", "name": "Wakiso - Link 1474", "district": "Wakiso", "pavement": "Unpaved", "condition": "Fair", "length_km": 0.307}}, {"type": "Feature", "geometry": {"type": "LineString", "coordinates": [[32.67475, 0.33414], [32.67591, 0.33445]]}, "properties": {"link_id": "WAKI01876", "name": "Wakiso - Link 1475", "district": "Wakiso", "pavement": "Unpaved", "condition": "Fair", "length_km": 0.145}}, {"type": "Feature", "geometry": {"type": "LineString", "coordinates": [[32.67731, 0.33961], [32.67799, 0.33437]]}, "properties": {"link_id": "WAKI01877", "name": "Wakiso - Link 1476", "district": "Wakiso", "pavement": "Unpaved", "condition": "Poor", "length_km": 0.618}}, {"type": "Feature", "geometry": {"type": "LineString", "coordinates": [[32.67569, 0.33688], [32.67565, 0.33621]]}, "properties": {"link_id": "WAKI01878", "name": "Wakiso - Link 1477", "district": "Wakiso", "pavement": "Unpaved", "condition": "Fair", "length_km": 0.234}}, {"type": "Feature", "geometry": {"type": "LineString", "coordinates": [[32.67543, 0.34001], [32.67614, 0.34122]]}, "properties": {"link_id": "WAKI01879", "name": "Wakiso - Link 1478", "district": "Wakiso", "pavement": "Unpaved", "condition": "Fair", "length_km": 0.198}}, {"type": "Feature", "geometry": {"type": "LineString", "coordinates": [[32.67967, 0.32768], [32.67834, 0.32922]]}, "properties": {"link_id": "WAKI01880", "name": "Wakiso - Link 1479", "district": "Wakiso", "pavement": "Unpaved", "condition": "Fair", "length_km": 0.258}}, {"type": "Feature", "geometry": {"type": "LineString", "coordinates": [[32.67776, 0.32927], [32.6776, 0.33077]]}, "properties": {"link_id": "WAKI01881", "name": "Dr Okaka Road", "district": "Wakiso", "pavement": "Paved", "condition": "Good", "length_km": 0.169}}, {"type": "Feature", "geometry": {"type": "LineString", "coordinates": [[32.67784, 0.3277], [32.67842, 0.32766]]}, "properties": {"link_id": "WAKI01882", "name": "Anatoli Road", "district": "Wakiso", "pavement": "Unpaved", "condition": "Fair", "length_km": 0.068}}, {"type": "Feature", "geometry": {"type": "LineString", "coordinates": [[32.67865, 0.32614], [32.67832, 0.32946]]}, "properties": {"link_id": "WAKI01883", "name": "Wakiso - Link 1480", "district": "Wakiso", "pavement": "Unpaved", "condition": "Fair", "length_km": 0.372}}, {"type": "Feature", "geometry": {"type": "LineString", "coordinates": [[32.67784, 0.3277], [32.67854, 0.32731]]}, "properties": {"link_id": "WAKI01884", "name": "Wakiso - Link 1481", "district": "Wakiso", "pavement": "Unpaved", "condition": "Fair", "length_km": 0.126}}, {"type": "Feature", "geometry": {"type": "LineString", "coordinates": [[32.67642, 0.32888], [32.67784, 0.3277]]}, "properties": {"link_id": "WAKI01885", "name": "Anatoli Road", "district": "Wakiso", "pavement": "Unpaved", "condition": "Fair", "length_km": 0.285}}, {"type": "Feature", "geometry": {"type": "LineString", "coordinates": [[32.67787, 0.32834], [32.67507, 0.3277]]}, "properties": {"link_id": "WAKI01886", "name": "Sports Road", "district": "Wakiso", "pavement": "Paved", "condition": "Good", "length_km": 0.338}}, {"type": "Feature", "geometry": {"type": "LineString", "coordinates": [[32.67832, 0.32946], [32.67518, 0.32841]]}, "properties": {"link_id": "WAKI01887", "name": "Anisa Road", "district": "Wakiso", "pavement": "Paved", "condition": "Good", "length_km": 0.368}}, {"type": "Feature", "geometry": {"type": "LineString", "coordinates": [[32.67552, 0.33154], [32.67642, 0.32888]]}, "properties": {"link_id": "WAKI01888", "name": "Anatoli Road", "district": "Wakiso", "pavement": "Unpaved", "condition": "Fair", "length_km": 0.32}}, {"type": "Feature", "geometry": {"type": "LineString", "coordinates": [[32.67678, 0.33235], [32.67603, 0.33086]]}, "properties": {"link_id": "WAKI01889", "name": "Frank Rise", "district": "Wakiso", "pavement": "Paved", "condition": "Good", "length_km": 0.279}}, {"type": "Feature", "geometry": {"type": "LineString", "coordinates": [[32.67638, 0.33172], [32.6771, 0.32909]]}, "properties": {"link_id": "WAKI01890", "name": "Jane Road", "district": "Wakiso", "pavement": "Paved", "condition": "Good", "length_km": 0.305}}, {"type": "Feature", "geometry": {"type": "LineString", "coordinates": [[32.67678, 0.33235], [32.67832, 0.32946]]}, "properties": {"link_id": "WAKI01891", "name": "Kalitunsi Road", "district": "Wakiso", "pavement": "Unpaved", "condition": "Fair", "length_km": 0.395}}, {"type": "Feature", "geometry": {"type": "LineString", "coordinates": [[32.67775, 0.33167], [32.67805, 0.33195]]}, "properties": {"link_id": "WAKI01892", "name": "Wakiso - Link 1482", "district": "Wakiso", "pavement": "Paved", "condition": "Good", "length_km": 0.047}}, {"type": "Feature", "geometry": {"type": "LineString", "coordinates": [[32.67642, 0.33337], [32.6766, 0.33277]]}, "properties": {"link_id": "WAKI01893", "name": "Wakiso - Link 1483", "district": "Wakiso", "pavement": "Unpaved", "condition": "Fair", "length_km": 0.069}}, {"type": "Feature", "geometry": {"type": "LineString", "coordinates": [[32.6766, 0.33277], [32.67678, 0.33235]]}, "properties": {"link_id": "WAKI01894", "name": "Wakiso - Link 1484", "district": "Wakiso", "pavement": "Unpaved", "condition": "Fair", "length_km": 0.051}}, {"type": "Feature", "geometry": {"type": "LineString", "coordinates": [[32.67587, 0.33178], [32.67678, 0.33235]]}, "properties": {"link_id": "WAKI01895", "name": "Wakiso - Link 1485", "district": "Wakiso", "pavement": "Paved", "condition": "Good", "length_km": 0.126}}, {"type": "Feature", "geometry": {"type": "LineString", "coordinates": [[32.67508, 0.33133], [32.67466, 0.33273]]}, "properties": {"link_id": "WAKI01896", "name": "Wakiso - Link 1486", "district": "Wakiso", "pavement": "Unpaved", "condition": "Fair", "length_km": 0.164}}, {"type": "Feature", "geometry": {"type": "LineString", "coordinates": [[32.67474, 0.33219], [32.6766, 0.33277]]}, "properties": {"link_id": "WAKI01897", "name": "Wakiso - Link 1487", "district": "Wakiso", "pavement": "Unpaved", "condition": "Fair", "length_km": 0.217}}, {"type": "Feature", "geometry": {"type": "LineString", "coordinates": [[32.67374, 0.33064], [32.67587, 0.33178]]}, "properties": {"link_id": "WAKI01898", "name": "Akright Road", "district": "Wakiso", "pavement": "Unpaved", "condition": "Fair", "length_km": 0.269}}, {"type": "Feature", "geometry": {"type": "LineString", "coordinates": [[32.67298, 0.33155], [32.67335, 0.33173]]}, "properties": {"link_id": "WAKI01899", "name": "Wakiso - Link 1488", "district": "Wakiso", "pavement": "Unpaved", "condition": "Fair", "length_km": 0.051}}, {"type": "Feature", "geometry": {"type": "LineString", "coordinates": [[32.67558, 0.3328], [32.67249, 0.33225]]}, "properties": {"link_id": "WAKI01900", "name": "Wakiso - Link 1489", "district": "Wakiso", "pavement": "Unpaved", "condition": "Fair", "length_km": 0.359}}, {"type": "Feature", "geometry": {"type": "LineString", "coordinates": [[32.67211, 0.33284], [32.67316, 0.33299]]}, "properties": {"link_id": "WAKI01901", "name": "Wakiso - Link 1490", "district": "Wakiso", "pavement": "Unpaved", "condition": "Poor", "length_km": 0.122}}, {"type": "Feature", "geometry": {"type": "LineString", "coordinates": [[32.67204, 0.33293], [32.67334, 0.33343]]}, "properties": {"link_id": "WAKI01902", "name": "Wakiso - Link 1491", "district": "Wakiso", "pavement": "Unpaved", "condition": "Poor", "length_km": 0.166}}, {"type": "Feature", "geometry": {"type": "LineString", "coordinates": [[32.67215, 0.33245], [32.67179, 0.33223]]}, "properties": {"link_id": "WAKI01903", "name": "Wakiso - Link 1492", "district": "Wakiso", "pavement": "Unpaved", "condition": "Poor", "length_km": 0.051}}, {"type": "Feature", "geometry": {"type": "LineString", "coordinates": [[32.67194, 0.33274], [32.67151, 0.33276]]}, "properties": {"link_id": "WAKI01904", "name": "Wakiso - Link 1493", "district": "Wakiso", "pavement": "Unpaved", "condition": "Poor", "length_km": 0.048}}, {"type": "Feature", "geometry": {"type": "LineString", "coordinates": [[32.67168, 0.33321], [32.67144, 0.33293]]}, "properties": {"link_id": "WAKI01905", "name": "Wakiso - Link 1494", "district": "Wakiso", "pavement": "Unpaved", "condition": "Poor", "length_km": 0.045}}, {"type": "Feature", "geometry": {"type": "LineString", "coordinates": [[32.67142, 0.33377], [32.66995, 0.33321]]}, "properties": {"link_id": "WAKI01906", "name": "Wakiso - Link 1495", "district": "Wakiso", "pavement": "Unpaved", "condition": "Fair", "length_km": 0.177}}, {"type": "Feature", "geometry": {"type": "LineString", "coordinates": [[32.67165, 0.33334], [32.66965, 0.33216]]}, "properties": {"link_id": "WAKI01907", "name": "Wakiso - Link 1496", "district": "Wakiso", "pavement": "Unpaved", "condition": "Fair", "length_km": 0.258}}, {"type": "Feature", "geometry": {"type": "LineString", "coordinates": [[32.67166, 0.33331], [32.66865, 0.33154]]}, "properties": {"link_id": "WAKI01908", "name": "Wakiso - Link 1497", "district": "Wakiso", "pavement": "Unpaved", "condition": "Fair", "length_km": 0.389}}, {"type": "Feature", "geometry": {"type": "LineString", "coordinates": [[32.67035, 0.33255], [32.67097, 0.33157]]}, "properties": {"link_id": "WAKI01909", "name": "Wakiso - Link 1498", "district": "Wakiso", "pavement": "Unpaved", "condition": "Fair", "length_km": 0.129}}, {"type": "Feature", "geometry": {"type": "LineString", "coordinates": [[32.67086, 0.33284], [32.67145, 0.33191]]}, "properties": {"link_id": "WAKI01910", "name": "Wakiso - Link 1499", "district": "Wakiso", "pavement": "Unpaved", "condition": "Fair", "length_km": 0.123}}, {"type": "Feature", "geometry": {"type": "LineString", "coordinates": [[32.66984, 0.33223], [32.67048, 0.33133]]}, "properties": {"link_id": "WAKI01911", "name": "Wakiso - Link 1500", "district": "Wakiso", "pavement": "Unpaved", "condition": "Fair", "length_km": 0.124}}, {"type": "Feature", "geometry": {"type": "LineString", "coordinates": [[32.67024, 0.33087], [32.67059, 0.33064]]}, "properties": {"link_id": "WAKI01912", "name": "Wakiso - Link 1501", "district": "Wakiso", "pavement": "Unpaved", "condition": "Fair", "length_km": 0.047}}, {"type": "Feature", "geometry": {"type": "LineString", "coordinates": [[32.67277, 0.33184], [32.66884, 0.32939]]}, "properties": {"link_id": "WAKI01913", "name": "Wakiso - Link 1502", "district": "Wakiso", "pavement": "Unpaved", "condition": "Fair", "length_km": 0.516}}, {"type": "Feature", "geometry": {"type": "LineString", "coordinates": [[32.67158, 0.32997], [32.67059, 0.33064]]}, "properties": {"link_id": "WAKI01914", "name": "Wakiso - Link 1503", "district": "Wakiso", "pavement": "Unpaved", "condition": "Fair", "length_km": 0.133}}, {"type": "Feature", "geometry": {"type": "LineString", "coordinates": [[32.67249, 0.3321], [32.67193, 0.33174]]}, "properties": {"link_id": "WAKI01915", "name": "Wakiso - Link 1504", "district": "Wakiso", "pavement": "Unpaved", "condition": "Poor", "length_km": 0.074}}, {"type": "Feature", "geometry": {"type": "LineString", "coordinates": [[32.67324, 0.33125], [32.67158, 0.32997]]}, "properties": {"link_id": "WAKI01916", "name": "Wakiso - Link 1505", "district": "Wakiso", "pavement": "Unpaved", "condition": "Fair", "length_km": 0.293}}, {"type": "Feature", "geometry": {"type": "LineString", "coordinates": [[32.67224, 0.32874], [32.67304, 0.32827]]}, "properties": {"link_id": "WAKI01917", "name": "Wakiso - Link 1506", "district": "Wakiso", "pavement": "Unpaved", "condition": "Fair", "length_km": 0.103}}, {"type": "Feature", "geometry": {"type": "LineString", "coordinates": [[32.67034, 0.32851], [32.67077, 0.33047]]}, "properties": {"link_id": "WAKI01918", "name": "Wakiso - Link 1507", "district": "Wakiso", "pavement": "Unpaved", "condition": "Fair", "length_km": 0.223}}, {"type": "Feature", "geometry": {"type": "LineString", "coordinates": [[32.67158, 0.32997], [32.67133, 0.32782]]}, "properties": {"link_id": "WAKI01919", "name": "Wakiso - Link 1508", "district": "Wakiso", "pavement": "Unpaved", "condition": "Fair", "length_km": 0.253}}, {"type": "Feature", "geometry": {"type": "LineString", "coordinates": [[32.67052, 0.32832], [32.67005, 0.32676]]}, "properties": {"link_id": "WAKI01920", "name": "Wakiso - Link 1509", "district": "Wakiso", "pavement": "Unpaved", "condition": "Fair", "length_km": 0.195}}, {"type": "Feature", "geometry": {"type": "LineString", "coordinates": [[32.67133, 0.32782], [32.66972, 0.32633]]}, "properties": {"link_id": "WAKI01921", "name": "Wakiso - Link 1510", "district": "Wakiso", "pavement": "Unpaved", "condition": "Fair", "length_km": 0.34}}, {"type": "Feature", "geometry": {"type": "LineString", "coordinates": [[32.67214, 0.3274], [32.67155, 0.3263]]}, "properties": {"link_id": "WAKI01922", "name": "Wakiso - Link 1511", "district": "Wakiso", "pavement": "Unpaved", "condition": "Fair", "length_km": 0.141}}, {"type": "Feature", "geometry": {"type": "LineString", "coordinates": [[32.67133, 0.32782], [32.67219, 0.32736]]}, "properties": {"link_id": "WAKI01923", "name": "Wakiso - Link 1512", "district": "Wakiso", "pavement": "Unpaved", "condition": "Fair", "length_km": 0.119}}, {"type": "Feature", "geometry": {"type": "LineString", "coordinates": [[32.67188, 0.32772], [32.67224, 0.32874]]}, "properties": {"link_id": "WAKI01924", "name": "Wakiso - Link 1513", "district": "Wakiso", "pavement": "Unpaved", "condition": "Fair", "length_km": 0.122}}, {"type": "Feature", "geometry": {"type": "LineString", "coordinates": [[32.67425, 0.32993], [32.67219, 0.32736]]}, "properties": {"link_id": "WAKI01925", "name": "Wakiso - Link 1514", "district": "Wakiso", "pavement": "Unpaved", "condition": "Fair", "length_km": 0.368}}, {"type": "Feature", "geometry": {"type": "LineString", "coordinates": [[32.67472, 0.32902], [32.67523, 0.32893]]}, "properties": {"link_id": "WAKI01926", "name": "Kayongo Road", "district": "Wakiso", "pavement": "Paved", "condition": "Good", "length_km": 0.081}}, {"type": "Feature", "geometry": {"type": "LineString", "coordinates": [[32.67416, 0.33006], [32.67483, 0.33032]]}, "properties": {"link_id": "WAKI01927", "name": "Wakiso - Link 1515", "district": "Wakiso", "pavement": "Unpaved", "condition": "Fair", "length_km": 0.08}}, {"type": "Feature", "geometry": {"type": "LineString", "coordinates": [[32.67593, 0.3287], [32.67584, 0.32967]]}, "properties": {"link_id": "WAKI01928", "name": "Solomon Close", "district": "Wakiso", "pavement": "Paved", "condition": "Good", "length_km": 0.13}}, {"type": "Feature", "geometry": {"type": "LineString", "coordinates": [[32.67465, 0.32314], [32.67422, 0.32468]]}, "properties": {"link_id": "WAKI01929", "name": "Wakiso - Link 1516", "district": "Wakiso", "pavement": "Unpaved", "condition": "Fair", "length_km": 0.204}}, {"type": "Feature", "geometry": {"type": "LineString", "coordinates": [[32.67219, 0.32736], [32.67306, 0.32517]]}, "properties": {"link_id": "WAKI01930", "name": "Wakiso - Link 1517", "district": "Wakiso", "pavement": "Unpaved", "condition": "Fair", "length_km": 0.427}}, {"type": "Feature", "geometry": {"type": "LineString", "coordinates": [[32.67277, 0.32692], [32.67244, 0.32616]]}, "properties": {"link_id": "WAKI01931", "name": "Wakiso - Link 1518", "district": "Wakiso", "pavement": "Unpaved", "condition": "Fair", "length_km": 0.108}}, {"type": "Feature", "geometry": {"type": "LineString", "coordinates": [[32.67291, 0.32004], [32.67419, 0.31907]]}, "properties": {"link_id": "WAKI01932", "name": "Wakiso - Link 1519", "district": "Wakiso", "pavement": "Unpaved", "condition": "Fair", "length_km": 0.178}}, {"type": "Feature", "geometry": {"type": "LineString", "coordinates": [[32.67338, 0.32128], [32.6745, 0.32029]]}, "properties": {"link_id": "WAKI01933", "name": "Wakiso - Link 1520", "district": "Wakiso", "pavement": "Unpaved", "condition": "Fair", "length_km": 0.168}}, {"type": "Feature", "geometry": {"type": "LineString", "coordinates": [[32.67411, 0.32061], [32.67462, 0.32062]]}, "properties": {"link_id": "WAKI01934", "name": "Wakiso - Link 1521", "district": "Wakiso", "pavement": "Unpaved", "condition": "Fair", "length_km": 0.072}}, {"type": "Feature", "geometry": {"type": "LineString", "coordinates": [[32.67338, 0.32128], [32.67465, 0.32314]]}, "properties": {"link_id": "WAKI01935", "name": "Wakiso - Link 1522", "district": "Wakiso", "pavement": "Unpaved", "condition": "Fair", "length_km": 0.255}}, {"type": "Feature", "geometry": {"type": "LineString", "coordinates": [[32.67447, 0.32164], [32.6749, 0.32135]]}, "properties": {"link_id": "WAKI01936", "name": "Wakiso - Link 1523", "district": "Wakiso", "pavement": "Unpaved", "condition": "Poor", "length_km": 0.059}}, {"type": "Feature", "geometry": {"type": "LineString", "coordinates": [[32.6745, 0.32195], [32.67504, 0.32169]]}, "properties": {"link_id": "WAKI01937", "name": "Wakiso - Link 1524", "district": "Wakiso", "pavement": "Unpaved", "condition": "Poor", "length_km": 0.068}}, {"type": "Feature", "geometry": {"type": "LineString", "coordinates": [[32.67516, 0.32197], [32.67595, 0.32162]]}, "properties": {"link_id": "WAKI01938", "name": "Wakiso - Link 1525", "district": "Wakiso", "pavement": "Unpaved", "condition": "Fair", "length_km": 0.117}}, {"type": "Feature", "geometry": {"type": "LineString", "coordinates": [[32.6767, 0.31999], [32.67495, 0.32147]]}, "properties": {"link_id": "WAKI01939", "name": "Wakiso - Link 1526", "district": "Wakiso", "pavement": "Unpaved", "condition": "Fair", "length_km": 0.255}}, {"type": "Feature", "geometry": {"type": "LineString", "coordinates": [[32.6767, 0.31999], [32.6773, 0.32223]]}, "properties": {"link_id": "WAKI01940", "name": "Wakiso - Link 1527", "district": "Wakiso", "pavement": "Unpaved", "condition": "Fair", "length_km": 0.279}}, {"type": "Feature", "geometry": {"type": "LineString", "coordinates": [[32.67901, 0.32149], [32.67685, 0.321]]}, "properties": {"link_id": "WAKI01941", "name": "Wakiso - Link 1528", "district": "Wakiso", "pavement": "Unpaved", "condition": "Fair", "length_km": 0.252}}, {"type": "Feature", "geometry": {"type": "LineString", "coordinates": [[32.67796, 0.32054], [32.67691, 0.32077]]}, "properties": {"link_id": "WAKI01942", "name": "Wakiso - Link 1529", "district": "Wakiso", "pavement": "Unpaved", "condition": "Fair", "length_km": 0.121}}, {"type": "Feature", "geometry": {"type": "LineString", "coordinates": [[32.67731, 0.32217], [32.67853, 0.32241]]}, "properties": {"link_id": "WAKI01943", "name": "Wakiso - Link 1530", "district": "Wakiso", "pavement": "Unpaved", "condition": "Fair", "length_km": 0.147}}, {"type": "Feature", "geometry": {"type": "LineString", "coordinates": [[32.67793, 0.32223], [32.67891, 0.32275]]}, "properties": {"link_id": "WAKI01944", "name": "Wakiso - Link 1531", "district": "Wakiso", "pavement": "Unpaved", "condition": "Fair", "length_km": 0.158}}, {"type": "Feature", "geometry": {"type": "LineString", "coordinates": [[32.6773, 0.32223], [32.67539, 0.32257]]}, "properties": {"link_id": "WAKI01945", "name": "Wakiso - Link 1532", "district": "Wakiso", "pavement": "Unpaved", "condition": "Fair", "length_km": 0.224}}, {"type": "Feature", "geometry": {"type": "LineString", "coordinates": [[32.67554, 0.32301], [32.67669, 0.32326]]}, "properties": {"link_id": "WAKI01946", "name": "Wakiso - Link 1533", "district": "Wakiso", "pavement": "Unpaved", "condition": "Fair", "length_km": 0.139}}, {"type": "Feature", "geometry": {"type": "LineString", "coordinates": [[32.67729, 0.32506], [32.67597, 0.32509]]}, "properties": {"link_id": "WAKI01947", "name": "Wakiso - Link 1534", "district": "Wakiso", "pavement": "Unpaved", "condition": "Fair", "length_km": 0.147}}, {"type": "Feature", "geometry": {"type": "LineString", "coordinates": [[32.67729, 0.32506], [32.67865, 0.32614]]}, "properties": {"link_id": "WAKI01948", "name": "Wakiso - Link 1535", "district": "Wakiso", "pavement": "Unpaved", "condition": "Fair", "length_km": 0.285}}, {"type": "Feature", "geometry": {"type": "LineString", "coordinates": [[32.67737, 0.3247], [32.67875, 0.32453]]}, "properties": {"link_id": "WAKI01949", "name": "Wakiso - Link 1536", "district": "Wakiso", "pavement": "Unpaved", "condition": "Fair", "length_km": 0.155}}, {"type": "Feature", "geometry": {"type": "LineString", "coordinates": [[32.6773, 0.32223], [32.67729, 0.32506]]}, "properties": {"link_id": "WAKI01950", "name": "Wakiso - Link 1537", "district": "Wakiso", "pavement": "Unpaved", "condition": "Fair", "length_km": 0.316}}, {"type": "Feature", "geometry": {"type": "LineString", "coordinates": [[32.67969, 0.32382], [32.67878, 0.32408]]}, "properties": {"link_id": "WAKI01951", "name": "Wakiso - Link 1538", "district": "Wakiso", "pavement": "Unpaved", "condition": "Fair", "length_km": 0.106}}, {"type": "Feature", "geometry": {"type": "LineString", "coordinates": [[32.68004, 0.3247], [32.67969, 0.32382]]}, "properties": {"link_id": "WAKI01952", "name": "Wakiso - Link 1539", "district": "Wakiso", "pavement": "Unpaved", "condition": "Fair", "length_km": 0.105}}, {"type": "Feature", "geometry": {"type": "LineString", "coordinates": [[32.67873, 0.32476], [32.68004, 0.3247]]}, "properties": {"link_id": "WAKI01953", "name": "Wakiso - Link 1540", "district": "Wakiso", "pavement": "Unpaved", "condition": "Fair", "length_km": 0.147}}, {"type": "Feature", "geometry": {"type": "LineString", "coordinates": [[32.67971, 0.32543], [32.67867, 0.32544]]}, "properties": {"link_id": "WAKI01954", "name": "Wakiso - Link 1541", "district": "Wakiso", "pavement": "Unpaved", "condition": "Fair", "length_km": 0.116}}, {"type": "Feature", "geometry": {"type": "LineString", "coordinates": [[32.67863, 0.32639], [32.67927, 0.32643]]}, "properties": {"link_id": "WAKI01955", "name": "Wakiso - Link 1542", "district": "Wakiso", "pavement": "Unpaved", "condition": "Fair", "length_km": 0.071}}, {"type": "Feature", "geometry": {"type": "LineString", "coordinates": [[32.6793, 0.32542], [32.67858, 0.32695]]}, "properties": {"link_id": "WAKI01956", "name": "Wakiso - Link 1543", "district": "Wakiso", "pavement": "Unpaved", "condition": "Fair", "length_km": 0.246}}, {"type": "Feature", "geometry": {"type": "LineString", "coordinates": [[32.67962, 0.32472], [32.67971, 0.32543]]}, "properties": {"link_id": "WAKI01957", "name": "Wakiso - Link 1544", "district": "Wakiso", "pavement": "Unpaved", "condition": "Fair", "length_km": 0.08}}, {"type": "Feature", "geometry": {"type": "LineString", "coordinates": [[32.67971, 0.32543], [32.68027, 0.32625]]}, "properties": {"link_id": "WAKI01958", "name": "Wakiso - Link 1545", "district": "Wakiso", "pavement": "Unpaved", "condition": "Fair", "length_km": 0.171}}, {"type": "Feature", "geometry": {"type": "LineString", "coordinates": [[32.67969, 0.32382], [32.68042, 0.3242]]}, "properties": {"link_id": "WAKI01959", "name": "Wakiso - Link 1546", "district": "Wakiso", "pavement": "Unpaved", "condition": "Fair", "length_km": 0.11}}, {"type": "Feature", "geometry": {"type": "LineString", "coordinates": [[32.67956, 0.32171], [32.67891, 0.32279]]}, "properties": {"link_id": "WAKI01960", "name": "Wakiso - Link 1547", "district": "Wakiso", "pavement": "Unpaved", "condition": "Fair", "length_km": 0.169}}, {"type": "Feature", "geometry": {"type": "LineString", "coordinates": [[32.67956, 0.32171], [32.67901, 0.32149]]}, "properties": {"link_id": "WAKI01961", "name": "Wakiso - Link 1548", "district": "Wakiso", "pavement": "Unpaved", "condition": "Fair", "length_km": 0.066}}, {"type": "Feature", "geometry": {"type": "LineString", "coordinates": [[32.67989, 0.32068], [32.67932, 0.32052]]}, "properties": {"link_id": "WAKI01962", "name": "Wakiso - Link 1549", "district": "Wakiso", "pavement": "Unpaved", "condition": "Fair", "length_km": 0.066}}, {"type": "Feature", "geometry": {"type": "LineString", "coordinates": [[32.67942, 0.32055], [32.67931, 0.32163]]}, "properties": {"link_id": "WAKI01963", "name": "Wakiso - Link 1550", "district": "Wakiso", "pavement": "Unpaved", "condition": "Fair", "length_km": 0.121}}, {"type": "Feature", "geometry": {"type": "LineString", "coordinates": [[32.67972, 0.32064], [32.67956, 0.32171]]}, "properties": {"link_id": "WAKI01964", "name": "Wakiso - Link 1551", "district": "Wakiso", "pavement": "Unpaved", "condition": "Fair", "length_km": 0.121}}, {"type": "Feature", "geometry": {"type": "LineString", "coordinates": [[32.67932, 0.32052], [32.67909, 0.32046]]}, "properties": {"link_id": "WAKI01965", "name": "Wakiso - Link 1552", "district": "Wakiso", "pavement": "Unpaved", "condition": "Fair", "length_km": 0.027}}, {"type": "Feature", "geometry": {"type": "LineString", "coordinates": [[32.68041, 0.31902], [32.67989, 0.32068]]}, "properties": {"link_id": "WAKI01966", "name": "Wakiso - Link 1553", "district": "Wakiso", "pavement": "Unpaved", "condition": "Fair", "length_km": 0.195}}, {"type": "Feature", "geometry": {"type": "LineString", "coordinates": [[32.6802, 0.31894], [32.68051, 0.31787]]}, "properties": {"link_id": "WAKI01967", "name": "Wakiso - Link 1554", "district": "Wakiso", "pavement": "Unpaved", "condition": "Fair", "length_km": 0.193}}, {"type": "Feature", "geometry": {"type": "LineString", "coordinates": [[32.68023, 0.3178], [32.68097, 0.3152]]}, "properties": {"link_id": "WAKI01968", "name": "Wakiso - Link 1555", "district": "Wakiso", "pavement": "Unpaved", "condition": "Fair", "length_km": 0.303}}, {"type": "Feature", "geometry": {"type": "LineString", "coordinates": [[32.68065, 0.31674], [32.6798, 0.31643]]}, "properties": {"link_id": "WAKI01969", "name": "Wakiso - Link 1556", "district": "Wakiso", "pavement": "Unpaved", "condition": "Fair", "length_km": 0.101}}, {"type": "Feature", "geometry": {"type": "LineString", "coordinates": [[32.68048, 0.31791], [32.68077, 0.31649]]}, "properties": {"link_id": "WAKI01970", "name": "Wakiso - Link 1557", "district": "Wakiso", "pavement": "Unpaved", "condition": "Fair", "length_km": 0.179}}, {"type": "Feature", "geometry": {"type": "LineString", "coordinates": [[32.67936, 0.31875], [32.67985, 0.31614]]}, "properties": {"link_id": "WAKI01971", "name": "Wakiso - Link 1558", "district": "Wakiso", "pavement": "Unpaved", "condition": "Fair", "length_km": 0.385}}, {"type": "Feature", "geometry": {"type": "LineString", "coordinates": [[32.67865, 0.31779], [32.67924, 0.31556]]}, "properties": {"link_id": "WAKI01972", "name": "Wakiso - Link 1559", "district": "Wakiso", "pavement": "Unpaved", "condition": "Fair", "length_km": 0.257}}, {"type": "Feature", "geometry": {"type": "LineString", "coordinates": [[32.68021, 0.31885], [32.67939, 0.31863]]}, "properties": {"link_id": "WAKI01973", "name": "Wakiso - Link 1560", "district": "Wakiso", "pavement": "Unpaved", "condition": "Fair", "length_km": 0.094}}, {"type": "Feature", "geometry": {"type": "LineString", "coordinates": [[32.67978, 0.31873], [32.67932, 0.32052]]}, "properties": {"link_id": "WAKI01974", "name": "Wakiso - Link 1561", "district": "Wakiso", "pavement": "Unpaved", "condition": "Fair", "length_km": 0.496}}, {"type": "Feature", "geometry": {"type": "LineString", "coordinates": [[32.67865, 0.32614], [32.67639, 0.31483]]}, "properties": {"link_id": "WAKI01975", "name": "Wakiso - Link 1562", "district": "Wakiso", "pavement": "Unpaved", "condition": "Fair", "length_km": 2.093}}, {"type": "Feature", "geometry": {"type": "LineString", "coordinates": [[32.67536, 0.31636], [32.6767, 0.31999]]}, "properties": {"link_id": "WAKI01976", "name": "Wakiso - Link 1563", "district": "Wakiso", "pavement": "Unpaved", "condition": "Fair", "length_km": 0.436}}, {"type": "Feature", "geometry": {"type": "LineString", "coordinates": [[32.6774, 0.3184], [32.67648, 0.31889]]}, "properties": {"link_id": "WAKI01977", "name": "Wakiso - Link 1564", "district": "Wakiso", "pavement": "Unpaved", "condition": "Fair", "length_km": 0.116}}, {"type": "Feature", "geometry": {"type": "LineString", "coordinates": [[32.67649, 0.31659], [32.67567, 0.3168]]}, "properties": {"link_id": "WAKI01978", "name": "Wakiso - Link 1565", "district": "Wakiso", "pavement": "Unpaved", "condition": "Fair", "length_km": 0.107}}, {"type": "Feature", "geometry": {"type": "LineString", "coordinates": [[32.6789, 0.31672], [32.67657, 0.31575]]}, "properties": {"link_id": "WAKI01979", "name": "Wakiso - Link 1566", "district": "Wakiso", "pavement": "Unpaved", "condition": "Fair", "length_km": 0.338}}, {"type": "Feature", "geometry": {"type": "LineString", "coordinates": [[32.67536, 0.31636], [32.67639, 0.31483]]}, "properties": {"link_id": "WAKI01980", "name": "Wakiso - Link 1567", "district": "Wakiso", "pavement": "Unpaved", "condition": "Fair", "length_km": 0.258}}, {"type": "Feature", "geometry": {"type": "LineString", "coordinates": [[32.67639, 0.31483], [32.67519, 0.31367]]}, "properties": {"link_id": "WAKI01981", "name": "Wakiso - Link 1568", "district": "Wakiso", "pavement": "Unpaved", "condition": "Fair", "length_km": 0.194}}, {"type": "Feature", "geometry": {"type": "LineString", "coordinates": [[32.67509, 0.31295], [32.67802, 0.31177]]}, "properties": {"link_id": "WAKI01982", "name": "Wakiso - Link 1569", "district": "Wakiso", "pavement": "Unpaved", "condition": "Fair", "length_km": 0.397}}, {"type": "Feature", "geometry": {"type": "LineString", "coordinates": [[32.67818, 0.31368], [32.67796, 0.31467]]}, "properties": {"link_id": "WAKI01983", "name": "Wakiso - Link 1570", "district": "Wakiso", "pavement": "Unpaved", "condition": "Fair", "length_km": 0.115}}, {"type": "Feature", "geometry": {"type": "LineString", "coordinates": [[32.68027, 0.3138], [32.67765, 0.31229]]}, "properties": {"link_id": "WAKI01984", "name": "Wakiso - Link 1571", "district": "Wakiso", "pavement": "Unpaved", "condition": "Fair", "length_km": 0.378}}, {"type": "Feature", "geometry": {"type": "LineString", "coordinates": [[32.68035, 0.31347], [32.67812, 0.31261]]}, "properties": {"link_id": "WAKI01985", "name": "Wakiso - Link 1572", "district": "Wakiso", "pavement": "Unpaved", "condition": "Fair", "length_km": 0.297}}, {"type": "Feature", "geometry": {"type": "LineString", "coordinates": [[32.68039, 0.31316], [32.67839, 0.31244]]}, "properties": {"link_id": "WAKI01986", "name": "Wakiso - Link 1573", "district": "Wakiso", "pavement": "Unpaved", "condition": "Fair", "length_km": 0.252}}, {"type": "Feature", "geometry": {"type": "LineString", "coordinates": [[32.68021, 0.31417], [32.67819, 0.31338]]}, "properties": {"link_id": "WAKI01987", "name": "Wakiso - Link 1574", "district": "Wakiso", "pavement": "Unpaved", "condition": "Fair", "length_km": 0.265}}, {"type": "Feature", "geometry": {"type": "LineString", "coordinates": [[32.68006, 0.31505], [32.67801, 0.31417]]}, "properties": {"link_id": "WAKI01988", "name": "Wakiso - Link 1575", "district": "Wakiso", "pavement": "Unpaved", "condition": "Fair", "length_km": 0.249}}, {"type": "Feature", "geometry": {"type": "LineString", "coordinates": [[32.67907, 0.31556], [32.67917, 0.31458]]}, "properties": {"link_id": "WAKI01989", "name": "Wakiso - Link 1576", "district": "Wakiso", "pavement": "Unpaved", "condition": "Fair", "length_km": 0.124}}, {"type": "Feature", "geometry": {"type": "LineString", "coordinates": [[32.67754, 0.31599], [32.67997, 0.31549]]}, "properties": {"link_id": "WAKI01990", "name": "Wakiso - Link 1577", "district": "Wakiso", "pavement": "Unpaved", "condition": "Fair", "length_km": 0.288}}, {"type": "Feature", "geometry": {"type": "LineString", "coordinates": [[32.68014, 0.31456], [32.68122, 0.31483]]}, "properties": {"link_id": "WAKI01991", "name": "Wakiso - Link 1578", "district": "Wakiso", "pavement": "Unpaved", "condition": "Fair", "length_km": 0.124}}, {"type": "Feature", "geometry": {"type": "LineString", "coordinates": [[32.67996, 0.31557], [32.68084, 0.31568]]}, "properties": {"link_id": "WAKI01992", "name": "Wakiso - Link 1579", "district": "Wakiso", "pavement": "Unpaved", "condition": "Fair", "length_km": 0.1}}, {"type": "Feature", "geometry": {"type": "LineString", "coordinates": [[32.68137, 0.31531], [32.68127, 0.31581]]}, "properties": {"link_id": "WAKI01993", "name": "Wakiso - Link 1580", "district": "Wakiso", "pavement": "Unpaved", "condition": "Fair", "length_km": 0.057}}, {"type": "Feature", "geometry": {"type": "LineString", "coordinates": [[32.68009, 0.31488], [32.68143, 0.31391]]}, "properties": {"link_id": "WAKI01994", "name": "Wakiso - Link 1581", "district": "Wakiso", "pavement": "Unpaved", "condition": "Fair", "length_km": 0.424}}, {"type": "Feature", "geometry": {"type": "LineString", "coordinates": [[32.68121, 0.31524], [32.68098, 0.31389]]}, "properties": {"link_id": "WAKI01995", "name": "Wakiso - Link 1582", "district": "Wakiso", "pavement": "Unpaved", "condition": "Fair", "length_km": 0.154}}, {"type": "Feature", "geometry": {"type": "LineString", "coordinates": [[32.68143, 0.31391], [32.68105, 0.31429]]}, "properties": {"link_id": "WAKI01996", "name": "Wakiso - Link 1583", "district": "Wakiso", "pavement": "Unpaved", "condition": "Fair", "length_km": 0.076}}, {"type": "Feature", "geometry": {"type": "LineString", "coordinates": [[32.68143, 0.31391], [32.68035, 0.31347]]}, "properties": {"link_id": "WAKI01997", "name": "Wakiso - Link 1584", "district": "Wakiso", "pavement": "Unpaved", "condition": "Fair", "length_km": 0.138}}, {"type": "Feature", "geometry": {"type": "LineString", "coordinates": [[32.68166, 0.31388], [32.68039, 0.31307]]}, "properties": {"link_id": "WAKI01998", "name": "Wakiso - Link 1585", "district": "Wakiso", "pavement": "Unpaved", "condition": "Fair", "length_km": 0.196}}, {"type": "Feature", "geometry": {"type": "LineString", "coordinates": [[32.68143, 0.31391], [32.68027, 0.3138]]}, "properties": {"link_id": "WAKI01999", "name": "Wakiso - Link 1586", "district": "Wakiso", "pavement": "Unpaved", "condition": "Fair", "length_km": 0.13}}, {"type": "Feature", "geometry": {"type": "LineString", "coordinates": [[32.68022, 0.3141], [32.68074, 0.31419]]}, "properties": {"link_id": "WAKI02000", "name": "Wakiso - Link 1587", "district": "Wakiso", "pavement": "Unpaved", "condition": "Fair", "length_km": 0.059}}, {"type": "Feature", "geometry": {"type": "LineString", "coordinates": [[32.67802, 0.30969], [32.67989, 0.3105]]}, "properties": {"link_id": "WAKI02001", "name": "Wakiso - Link 1588", "district": "Wakiso", "pavement": "Unpaved", "condition": "Fair", "length_km": 0.3}}, {"type": "Feature", "geometry": {"type": "LineString", "coordinates": [[32.67894, 0.30876], [32.67989, 0.3105]]}, "properties": {"link_id": "WAKI02002", "name": "Wakiso - Link 1589", "district": "Wakiso", "pavement": "Unpaved", "condition": "Fair", "length_km": 0.221}}, {"type": "Feature", "geometry": {"type": "LineString", "coordinates": [[32.68034, 0.30843], [32.67956, 0.3099]]}, "properties": {"link_id": "WAKI02003", "name": "Wakiso - Link 1590", "district": "Wakiso", "pavement": "Unpaved", "condition": "Fair", "length_km": 0.191}}, {"type": "Feature", "geometry": {"type": "LineString", "coordinates": [[32.68075, 0.30864], [32.67969, 0.31017]]}, "properties": {"link_id": "WAKI02004", "name": "Wakiso - Link 1591", "district": "Wakiso", "pavement": "Unpaved", "condition": "Fair", "length_km": 0.209}}, {"type": "Feature", "geometry": {"type": "LineString", "coordinates": [[32.6805, 0.30838], [32.68101, 0.3088]]}, "properties": {"link_id": "WAKI02005", "name": "Wakiso - Link 1592", "district": "Wakiso", "pavement": "Unpaved", "condition": "Fair", "length_km": 0.075}}, {"type": "Feature", "geometry": {"type": "LineString", "coordinates": [[32.68034, 0.30708], [32.67989, 0.3105]]}, "properties": {"link_id": "WAKI02006", "name": "Wakiso - Link 1593", "district": "Wakiso", "pavement": "Unpaved", "condition": "Fair", "length_km": 0.466}}, {"type": "Feature", "geometry": {"type": "LineString", "coordinates": [[32.67928, 0.30865], [32.68102, 0.30792]]}, "properties": {"link_id": "WAKI02007", "name": "Wakiso - Link 1594", "district": "Wakiso", "pavement": "Unpaved", "condition": "Fair", "length_km": 0.224}}, {"type": "Feature", "geometry": {"type": "LineString", "coordinates": [[32.68048, 0.30829], [32.68048, 0.30839]]}, "properties": {"link_id": "WAKI02008", "name": "Wakiso - Link 1595", "district": "Wakiso", "pavement": "Unpaved", "condition": "Fair", "length_km": 0.011}}, {"type": "Feature", "geometry": {"type": "LineString", "coordinates": [[32.68048, 0.30829], [32.68055, 0.30837]]}, "properties": {"link_id": "WAKI02009", "name": "Wakiso - Link 1596", "district": "Wakiso", "pavement": "Unpaved", "condition": "Fair", "length_km": 0.011}}, {"type": "Feature", "geometry": {"type": "LineString", "coordinates": [[32.67985, 0.30738], [32.68048, 0.30829]]}, "properties": {"link_id": "WAKI02010", "name": "Wakiso - Link 1597", "district": "Wakiso", "pavement": "Unpaved", "condition": "Fair", "length_km": 0.125}}, {"type": "Feature", "geometry": {"type": "LineString", "coordinates": [[32.68094, 0.30701], [32.68111, 0.308]]}, "properties": {"link_id": "WAKI02011", "name": "Wakiso - Link 1598", "district": "Wakiso", "pavement": "Unpaved", "condition": "Fair", "length_km": 0.139}}, {"type": "Feature", "geometry": {"type": "LineString", "coordinates": [[32.68094, 0.30701], [32.68092, 0.30688]]}, "properties": {"link_id": "WAKI02012", "name": "Wakiso - Link 1599", "district": "Wakiso", "pavement": "Unpaved", "condition": "Fair", "length_km": 0.015}}, {"type": "Feature", "geometry": {"type": "LineString", "coordinates": [[32.68082, 0.30696], [32.68094, 0.30701]]}, "properties": {"link_id": "WAKI02013", "name": "Wakiso - Link 1600", "district": "Wakiso", "pavement": "Unpaved", "condition": "Fair", "length_km": 0.015}}, {"type": "Feature", "geometry": {"type": "LineString", "coordinates": [[32.68112, 0.30635], [32.68122, 0.3064]]}, "properties": {"link_id": "WAKI02014", "name": "Wakiso - Link 1601", "district": "Wakiso", "pavement": "Unpaved", "condition": "Fair", "length_km": 0.012}}, {"type": "Feature", "geometry": {"type": "LineString", "coordinates": [[32.68117, 0.30646], [32.68112, 0.30635]]}, "properties": {"link_id": "WAKI02015", "name": "Wakiso - Link 1602", "district": "Wakiso", "pavement": "Unpaved", "condition": "Fair", "length_km": 0.013}}, {"type": "Feature", "geometry": {"type": "LineString", "coordinates": [[32.68175, 0.3061], [32.68087, 0.30524]]}, "properties": {"link_id": "WAKI02016", "name": "Wakiso - Link 1603", "district": "Wakiso", "pavement": "Unpaved", "condition": "Fair", "length_km": 0.138}}, {"type": "Feature", "geometry": {"type": "LineString", "coordinates": [[32.68191, 0.30605], [32.68065, 0.30544]]}, "properties": {"link_id": "WAKI02017", "name": "Wakiso - Link 1604", "district": "Wakiso", "pavement": "Unpaved", "condition": "Fair", "length_km": 0.193}}, {"type": "Feature", "geometry": {"type": "LineString", "coordinates": [[32.68112, 0.30635], [32.68012, 0.30541]]}, "properties": {"link_id": "WAKI02018", "name": "Wakiso - Link 1605", "district": "Wakiso", "pavement": "Unpaved", "condition": "Fair", "length_km": 0.152}}, {"type": "Feature", "geometry": {"type": "LineString", "coordinates": [[32.68141, 0.30627], [32.67921, 0.3049]]}, "properties": {"link_id": "WAKI02019", "name": "Wakiso - Link 1606", "district": "Wakiso", "pavement": "Unpaved", "condition": "Fair", "length_km": 0.316}}, {"type": "Feature", "geometry": {"type": "LineString", "coordinates": [[32.68101, 0.3067], [32.67902, 0.30517]]}, "properties": {"link_id": "WAKI02020", "name": "Wakiso - Link 1607", "district": "Wakiso", "pavement": "Unpaved", "condition": "Fair", "length_km": 0.282}}, {"type": "Feature", "geometry": {"type": "LineString", "coordinates": [[32.67751, 0.30808], [32.68226, 0.30633]]}, "properties": {"link_id": "WAKI02021", "name": "Wakiso - Link 1608", "district": "Wakiso", "pavement": "Unpaved", "condition": "Fair", "length_km": 0.607}}, {"type": "Feature", "geometry": {"type": "LineString", "coordinates": [[32.68031, 0.30708], [32.67856, 0.30569]]}, "properties": {"link_id": "WAKI02022", "name": "Wakiso - Link 1609", "district": "Wakiso", "pavement": "Unpaved", "condition": "Fair", "length_km": 0.252}}, {"type": "Feature", "geometry": {"type": "LineString", "coordinates": [[32.68072, 0.30699], [32.67879, 0.30541]]}, "properties": {"link_id": "WAKI02023", "name": "Wakiso - Link 1610", "district": "Wakiso", "pavement": "Unpaved", "condition": "Fair", "length_km": 0.282}}, {"type": "Feature", "geometry": {"type": "LineString", "coordinates": [[32.67833, 0.30592], [32.67921, 0.3049]]}, "properties": {"link_id": "WAKI02024", "name": "Wakiso - Link 1611", "district": "Wakiso", "pavement": "Unpaved", "condition": "Fair", "length_km": 0.15}}, {"type": "Feature", "geometry": {"type": "LineString", "coordinates": [[32.67833, 0.30592], [32.67949, 0.30673]]}, "properties": {"link_id": "WAKI02025", "name": "Wakiso - Link 1612", "district": "Wakiso", "pavement": "Unpaved", "condition": "Fair", "length_km": 0.159}}, {"type": "Feature", "geometry": {"type": "LineString", "coordinates": [[32.67949, 0.30673], [32.67903, 0.30729]]}, "properties": {"link_id": "WAKI02026", "name": "Wakiso - Link 1613", "district": "Wakiso", "pavement": "Unpaved", "condition": "Fair", "length_km": 0.081}}, {"type": "Feature", "geometry": {"type": "LineString", "coordinates": [[32.67985, 0.30738], [32.67985, 0.30727]]}, "properties": {"link_id": "WAKI02027", "name": "Wakiso - Link 1614", "district": "Wakiso", "pavement": "Unpaved", "condition": "Fair", "length_km": 0.012}}, {"type": "Feature", "geometry": {"type": "LineString", "coordinates": [[32.67975, 0.30731], [32.67985, 0.30738]]}, "properties": {"link_id": "WAKI02028", "name": "Wakiso - Link 1615", "district": "Wakiso", "pavement": "Unpaved", "condition": "Fair", "length_km": 0.013}}, {"type": "Feature", "geometry": {"type": "LineString", "coordinates": [[32.67928, 0.30865], [32.67894, 0.30876]]}, "properties": {"link_id": "WAKI02029", "name": "Wakiso - Link 1616", "district": "Wakiso", "pavement": "Unpaved", "condition": "Fair", "length_km": 0.04}}, {"type": "Feature", "geometry": {"type": "LineString", "coordinates": [[32.67896, 0.30762], [32.67928, 0.30865]]}, "properties": {"link_id": "WAKI02030", "name": "Wakiso - Link 1617", "district": "Wakiso", "pavement": "Unpaved", "condition": "Fair", "length_km": 0.12}}, {"type": "Feature", "geometry": {"type": "LineString", "coordinates": [[32.67894, 0.30876], [32.67865, 0.30773]]}, "properties": {"link_id": "WAKI02031", "name": "Wakiso - Link 1618", "district": "Wakiso", "pavement": "Unpaved", "condition": "Fair", "length_km": 0.12}}, {"type": "Feature", "geometry": {"type": "LineString", "coordinates": [[32.6766, 0.30685], [32.67813, 0.30704]]}, "properties": {"link_id": "WAKI02032", "name": "Wakiso - Link 1619", "district": "Wakiso", "pavement": "Unpaved", "condition": "Fair", "length_km": 0.196}}, {"type": "Feature", "geometry": {"type": "LineString", "coordinates": [[32.67697, 0.30576], [32.67912, 0.30756]]}, "properties": {"link_id": "WAKI02033", "name": "Wakiso - Link 1620", "district": "Wakiso", "pavement": "Unpaved", "condition": "Fair", "length_km": 0.325}}, {"type": "Feature", "geometry": {"type": "LineString", "coordinates": [[32.67699, 0.30546], [32.67833, 0.30592]]}, "properties": {"link_id": "WAKI02034", "name": "Wakiso - Link 1621", "district": "Wakiso", "pavement": "Unpaved", "condition": "Fair", "length_km": 0.165}}, {"type": "Feature", "geometry": {"type": "LineString", "coordinates": [[32.67813, 0.30704], [32.6768, 0.30628]]}, "properties": {"link_id": "WAKI02035", "name": "Wakiso - Link 1622", "district": "Wakiso", "pavement": "Unpaved", "condition": "Fair", "length_km": 0.171}}, {"type": "Feature", "geometry": {"type": "LineString", "coordinates": [[32.67634, 0.30758], [32.67699, 0.30546]]}, "properties": {"link_id": "WAKI02036", "name": "Wakiso - Link 1623", "district": "Wakiso", "pavement": "Unpaved", "condition": "Fair", "length_km": 0.248}}, {"type": "Feature", "geometry": {"type": "LineString", "coordinates": [[32.67698, 0.30706], [32.67675, 0.30723]]}, "properties": {"link_id": "WAKI02037", "name": "Wakiso - Link 1624", "district": "Wakiso", "pavement": "Unpaved", "condition": "Fair", "length_km": 0.032}}, {"type": "Feature", "geometry": {"type": "LineString", "coordinates": [[32.67634, 0.30758], [32.67751, 0.30808]]}, "properties": {"link_id": "WAKI02038", "name": "Wakiso - Link 1625", "district": "Wakiso", "pavement": "Unpaved", "condition": "Fair", "length_km": 0.143}}, {"type": "Feature", "geometry": {"type": "LineString", "coordinates": [[32.67675, 0.30772], [32.67675, 0.30951]]}, "properties": {"link_id": "WAKI02039", "name": "Wakiso - Link 1626", "district": "Wakiso", "pavement": "Unpaved", "condition": "Fair", "length_km": 0.2}}, {"type": "Feature", "geometry": {"type": "LineString", "coordinates": [[32.67609, 0.30829], [32.67676, 0.3083]]}, "properties": {"link_id": "WAKI02040", "name": "Wakiso - Link 1627", "district": "Wakiso", "pavement": "Unpaved", "condition": "Fair", "length_km": 0.075}}, {"type": "Feature", "geometry": {"type": "LineString", "coordinates": [[32.67571, 0.30927], [32.67634, 0.30758]]}, "properties": {"link_id": "WAKI02041", "name": "Wakiso - Link 1628", "district": "Wakiso", "pavement": "Unpaved", "condition": "Fair", "length_km": 0.201}}, {"type": "Feature", "geometry": {"type": "LineString", "coordinates": [[32.58038, 0.26904], [32.58243, 0.26937]]}, "properties": {"link_id": "WAKI02042", "name": "Wakiso - Link 1629", "district": "Wakiso", "pavement": "Unpaved", "condition": "Fair", "length_km": 0.301}}, {"type": "Feature", "geometry": {"type": "LineString", "coordinates": [[32.5814, 0.26828], [32.58353, 0.26921]]}, "properties": {"link_id": "WAKI02043", "name": "Wakiso - Link 1630", "district": "Wakiso", "pavement": "Unpaved", "condition": "Fair", "length_km": 0.305}}, {"type": "Feature", "geometry": {"type": "LineString", "coordinates": [[32.58188, 0.26888], [32.5826, 0.26849]]}, "properties": {"link_id": "WAKI02044", "name": "Wakiso - Link 1631", "district": "Wakiso", "pavement": "Unpaved", "condition": "Fair", "length_km": 0.097}}, {"type": "Feature", "geometry": {"type": "LineString", "coordinates": [[32.58307, 0.26769], [32.58267, 0.26713]]}, "properties": {"link_id": "WAKI02045", "name": "Wakiso - Link 1632", "district": "Wakiso", "pavement": "Unpaved", "condition": "Fair", "length_km": 0.08}}, {"type": "Feature", "geometry": {"type": "LineString", "coordinates": [[32.58252, 0.26728], [32.58105, 0.2666]]}, "properties": {"link_id": "WAKI02046", "name": "Wakiso - Link 1633", "district": "Wakiso", "pavement": "Unpaved", "condition": "Fair", "length_km": 0.247}}, {"type": "Feature", "geometry": {"type": "LineString", "coordinates": [[32.58293, 0.2669], [32.58363, 0.26821]]}, "properties": {"link_id": "WAKI02047", "name": "Wakiso - Link 1634", "district": "Wakiso", "pavement": "Unpaved", "condition": "Fair", "length_km": 0.196}}, {"type": "Feature", "geometry": {"type": "LineString", "coordinates": [[32.58297, 0.2693], [32.58292, 0.2692]]}, "properties": {"link_id": "WAKI02048", "name": "Wakiso - Link 1635", "district": "Wakiso", "pavement": "Unpaved", "condition": "Fair", "length_km": 0.013}}, {"type": "Feature", "geometry": {"type": "LineString", "coordinates": [[32.58272, 0.26929], [32.58333, 0.26961]]}, "properties": {"link_id": "WAKI02049", "name": "Wakiso - Link 1636", "district": "Wakiso", "pavement": "Unpaved", "condition": "Fair", "length_km": 0.081}}, {"type": "Feature", "geometry": {"type": "LineString", "coordinates": [[32.58375, 0.26835], [32.5842, 0.26881]]}, "properties": {"link_id": "WAKI02050", "name": "Wakiso - Link 1637", "district": "Wakiso", "pavement": "Unpaved", "condition": "Fair", "length_km": 0.074}}, {"type": "Feature", "geometry": {"type": "LineString", "coordinates": [[32.58528, 0.26853], [32.58468, 0.26797]]}, "properties": {"link_id": "WAKI02051", "name": "Wakiso - Link 1638", "district": "Wakiso", "pavement": "Unpaved", "condition": "Fair", "length_km": 0.092}}, {"type": "Feature", "geometry": {"type": "LineString", "coordinates": [[32.58451, 0.26949], [32.58512, 0.26741]]}, "properties": {"link_id": "WAKI02052", "name": "Wakiso - Link 1639", "district": "Wakiso", "pavement": "Unpaved", "condition": "Fair", "length_km": 0.292}}, {"type": "Feature", "geometry": {"type": "LineString", "coordinates": [[32.58465, 0.26955], [32.58451, 0.26949]]}, "properties": {"link_id": "WAKI02053", "name": "Wakiso - Link 1640", "district": "Wakiso", "pavement": "Unpaved", "condition": "Fair", "length_km": 0.017}}, {"type": "Feature", "geometry": {"type": "LineString", "coordinates": [[32.58468, 0.26797], [32.58396, 0.26752]]}, "properties": {"link_id": "WAKI02054", "name": "Wakiso - Link 1641", "district": "Wakiso", "pavement": "Unpaved", "condition": "Fair", "length_km": 0.094}}, {"type": "Feature", "geometry": {"type": "LineString", "coordinates": [[32.58512, 0.26741], [32.58365, 0.26621]]}, "properties": {"link_id": "WAKI02055", "name": "Wakiso - Link 1642", "district": "Wakiso", "pavement": "Unpaved", "condition": "Fair", "length_km": 0.212}}, {"type": "Feature", "geometry": {"type": "LineString", "coordinates": [[32.58435, 0.26542], [32.5853, 0.26431]]}, "properties": {"link_id": "WAKI02056", "name": "Wakiso - Link 1643", "district": "Wakiso", "pavement": "Unpaved", "condition": "Fair", "length_km": 0.444}}, {"type": "Feature", "geometry": {"type": "LineString", "coordinates": [[32.58524, 0.26525], [32.58474, 0.26496]]}, "properties": {"link_id": "WAKI02057", "name": "Wakiso - Link 1644", "district": "Wakiso", "pavement": "Unpaved", "condition": "Fair", "length_km": 0.065}}, {"type": "Feature", "geometry": {"type": "LineString", "coordinates": [[32.5882, 0.2611], [32.58166, 0.26806]]}, "properties": {"link_id": "WAKI02058", "name": "Busabala Road", "district": "Wakiso", "pavement": "Unpaved", "condition": "Fair", "length_km": 1.064}}, {"type": "Feature", "geometry": {"type": "LineString", "coordinates": [[32.58462, 0.26426], [32.58503, 0.26462]]}, "properties": {"link_id": "WAKI02059", "name": "Wakiso - Link 1645", "district": "Wakiso", "pavement": "Unpaved", "condition": "Poor", "length_km": 0.062}}, {"type": "Feature", "geometry": {"type": "LineString", "coordinates": [[32.58403, 0.26482], [32.58459, 0.26513]]}, "properties": {"link_id": "WAKI02060", "name": "Wakiso - Link 1646", "district": "Wakiso", "pavement": "Unpaved", "condition": "Fair", "length_km": 0.072}}, {"type": "Feature", "geometry": {"type": "LineString", "coordinates": [[32.58299, 0.26594], [32.5833, 0.26618]]}, "properties": {"link_id": "WAKI02061", "name": "Wakiso - Link 1647", "district": "Wakiso", "pavement": "Unpaved", "condition": "Poor", "length_km": 0.046}}, {"type": "Feature", "geometry": {"type": "LineString", "coordinates": [[32.58278, 0.26588], [32.58296, 0.26557]]}, "properties": {"link_id": "WAKI02062", "name": "Wakiso - Link 1648", "district": "Wakiso", "pavement": "Unpaved", "condition": "Poor", "length_km": 0.08}}, {"type": "Feature", "geometry": {"type": "LineString", "coordinates": [[32.5831, 0.26538], [32.58278, 0.26597]]}, "properties": {"link_id": "WAKI02063", "name": "Wakiso - Link 1649", "district": "Wakiso", "pavement": "Unpaved", "condition": "Poor", "length_km": 0.077}}, {"type": "Feature", "geometry": {"type": "LineString", "coordinates": [[32.58402, 0.26582], [32.58298, 0.26474]]}, "properties": {"link_id": "WAKI02064", "name": "Wakiso - Link 1650", "district": "Wakiso", "pavement": "Unpaved", "condition": "Fair", "length_km": 0.194}}, {"type": "Feature", "geometry": {"type": "LineString", "coordinates": [[32.58298, 0.26474], [32.58346, 0.26431]]}, "properties": {"link_id": "WAKI02065", "name": "Wakiso - Link 1651", "district": "Wakiso", "pavement": "Unpaved", "condition": "Fair", "length_km": 0.071}}, {"type": "Feature", "geometry": {"type": "LineString", "coordinates": [[32.58446, 0.2647], [32.58397, 0.26439]]}, "properties": {"link_id": "WAKI02066", "name": "Wakiso - Link 1652", "district": "Wakiso", "pavement": "Unpaved", "condition": "Fair", "length_km": 0.065}}, {"type": "Feature", "geometry": {"type": "LineString", "coordinates": [[32.58463, 0.26394], [32.58397, 0.26439]]}, "properties": {"link_id": "WAKI02067", "name": "Wakiso - Link 1653", "district": "Wakiso", "pavement": "Unpaved", "condition": "Fair", "length_km": 0.092}}, {"type": "Feature", "geometry": {"type": "LineString", "coordinates": [[32.58339, 0.26326], [32.58245, 0.2638]]}, "properties": {"link_id": "WAKI02068", "name": "Wakiso - Link 1654", "district": "Wakiso", "pavement": "Unpaved", "condition": "Fair", "length_km": 0.121}}, {"type": "Feature", "geometry": {"type": "LineString", "coordinates": [[32.58342, 0.26291], [32.58359, 0.26334]]}, "properties": {"link_id": "WAKI02069", "name": "Wakiso - Link 1655", "district": "Wakiso", "pavement": "Unpaved", "condition": "Fair", "length_km": 0.054}}, {"type": "Feature", "geometry": {"type": "LineString", "coordinates": [[32.58435, 0.26307], [32.58268, 0.26274]]}, "properties": {"link_id": "WAKI02070", "name": "Wakiso - Link 1656", "district": "Wakiso", "pavement": "Unpaved", "condition": "Fair", "length_km": 0.215}}, {"type": "Feature", "geometry": {"type": "LineString", "coordinates": [[32.58456, 0.2627], [32.58432, 0.26301]]}, "properties": {"link_id": "WAKI02071", "name": "Wakiso - Link 1657", "district": "Wakiso", "pavement": "Unpaved", "condition": "Fair", "length_km": 0.044}}, {"type": "Feature", "geometry": {"type": "LineString", "coordinates": [[32.58453, 0.26417], [32.58463, 0.26394]]}, "properties": {"link_id": "WAKI02072", "name": "Wakiso - Link 1658", "district": "Wakiso", "pavement": "Unpaved", "condition": "Fair", "length_km": 0.028}}, {"type": "Feature", "geometry": {"type": "LineString", "coordinates": [[32.58488, 0.26372], [32.58463, 0.26394]]}, "properties": {"link_id": "WAKI02073", "name": "Wakiso - Link 1659", "district": "Wakiso", "pavement": "Unpaved", "condition": "Fair", "length_km": 0.038}}, {"type": "Feature", "geometry": {"type": "LineString", "coordinates": [[32.58619, 0.26328], [32.58602, 0.26213]]}, "properties": {"link_id": "WAKI02074", "name": "Wakiso - Link 1660", "district": "Wakiso", "pavement": "Unpaved", "condition": "Fair", "length_km": 0.131}}, {"type": "Feature", "geometry": {"type": "LineString", "coordinates": [[32.58718, 0.26391], [32.58694, 0.26346]]}, "properties": {"link_id": "WAKI02075", "name": "Wakiso - Link 1661", "district": "Wakiso", "pavement": "Unpaved", "condition": "Fair", "length_km": 0.059}}, {"type": "Feature", "geometry": {"type": "LineString", "coordinates": [[32.58602, 0.26572], [32.58567, 0.26551]]}, "properties": {"link_id": "WAKI02076", "name": "Wakiso - Link 1662", "district": "Wakiso", "pavement": "Unpaved", "condition": "Fair", "length_km": 0.045}}, {"type": "Feature", "geometry": {"type": "LineString", "coordinates": [[32.58796, 0.26521], [32.58571, 0.2638]]}, "properties": {"link_id": "WAKI02077", "name": "Wakiso - Link 1663", "district": "Wakiso", "pavement": "Unpaved", "condition": "Fair", "length_km": 0.3}}, {"type": "Feature", "geometry": {"type": "LineString", "coordinates": [[32.58512, 0.26741], [32.59113, 0.26319]]}, "properties": {"link_id": "WAKI02078", "name": "Wakiso - Link 1664", "district": "Wakiso", "pavement": "Unpaved", "condition": "Fair", "length_km": 0.827}}, {"type": "Feature", "geometry": {"type": "LineString", "coordinates": [[32.58796, 0.2635], [32.58774, 0.26367]]}, "properties": {"link_id": "WAKI02079", "name": "Wakiso - Link 1665", "district": "Wakiso", "pavement": "Unpaved", "condition": "Fair", "length_km": 0.031}}, {"type": "Feature", "geometry": {"type": "LineString", "coordinates": [[32.58613, 0.26335], [32.58892, 0.26442]]}, "properties": {"link_id": "WAKI02080", "name": "Wakiso - Link 1666", "district": "Wakiso", "pavement": "Unpaved", "condition": "Fair", "length_km": 0.439}}, {"type": "Feature", "geometry": {"type": "LineString", "coordinates": [[32.58871, 0.26332], [32.58736, 0.26199]]}, "properties": {"link_id": "WAKI02081", "name": "Wakiso - Link 1667", "district": "Wakiso", "pavement": "Unpaved", "condition": "Fair", "length_km": 0.21}}, {"type": "Feature", "geometry": {"type": "LineString", "coordinates": [[32.58856, 0.26355], [32.58903, 0.2643]]}, "properties": {"link_id": "WAKI02082", "name": "Wakiso - Link 1668", "district": "Wakiso", "pavement": "Unpaved", "condition": "Fair", "length_km": 0.099}}, {"type": "Feature", "geometry": {"type": "LineString", "coordinates": [[32.58876, 0.26325], [32.59068, 0.26546]]}, "properties": {"link_id": "WAKI02083", "name": "Wakiso - Link 1669", "district": "Wakiso", "pavement": "Unpaved", "condition": "Fair", "length_km": 0.328}}, {"type": "Feature", "geometry": {"type": "LineString", "coordinates": [[32.58856, 0.26355], [32.58997, 0.2637]]}, "properties": {"link_id": "WAKI02084", "name": "Wakiso - Link 1670", "district": "Wakiso", "pavement": "Unpaved", "condition": "Fair", "length_km": 0.244}}, {"type": "Feature", "geometry": {"type": "LineString", "coordinates": [[32.59047, 0.26276], [32.59078, 0.26254]]}, "properties": {"link_id": "WAKI02085", "name": "Wakiso - Link 1671", "district": "Wakiso", "pavement": "Unpaved", "condition": "Fair", "length_km": 0.042}}, {"type": "Feature", "geometry": {"type": "LineString", "coordinates": [[32.59113, 0.26319], [32.59141, 0.26355]]}, "properties": {"link_id": "WAKI02086", "name": "Wakiso - Link 1672", "district": "Wakiso", "pavement": "Unpaved", "condition": "Fair", "length_km": 0.05}}, {"type": "Feature", "geometry": {"type": "LineString", "coordinates": [[32.59031, 0.26347], [32.59113, 0.26425]]}, "properties": {"link_id": "WAKI02087", "name": "Wakiso - Link 1673", "district": "Wakiso", "pavement": "Unpaved", "condition": "Fair", "length_km": 0.126}}, {"type": "Feature", "geometry": {"type": "LineString", "coordinates": [[32.59099, 0.26521], [32.59033, 0.26555]]}, "properties": {"link_id": "WAKI02088", "name": "Wakiso - Link 1674", "district": "Wakiso", "pavement": "Unpaved", "condition": "Fair", "length_km": 0.088}}, {"type": "Feature", "geometry": {"type": "LineString", "coordinates": [[32.59094, 0.26535], [32.59097, 0.26541]]}, "properties": {"link_id": "WAKI02089", "name": "Wakiso - Link 1675", "district": "Wakiso", "pavement": "Unpaved", "condition": "Fair", "length_km": 0.01}}, {"type": "Feature", "geometry": {"type": "LineString", "coordinates": [[32.59093, 0.26534], [32.59094, 0.26535]]}, "properties": {"link_id": "WAKI02090", "name": "Wakiso - Link 1676", "district": "Wakiso", "pavement": "Unpaved", "condition": "Fair", "length_km": 0.01}}, {"type": "Feature", "geometry": {"type": "LineString", "coordinates": [[32.58916, 0.26422], [32.59033, 0.26555]]}, "properties": {"link_id": "WAKI02091", "name": "Wakiso - Link 1677", "district": "Wakiso", "pavement": "Unpaved", "condition": "Fair", "length_km": 0.197}}, {"type": "Feature", "geometry": {"type": "LineString", "coordinates": [[32.58871, 0.26465], [32.58954, 0.26563]]}, "properties": {"link_id": "WAKI02092", "name": "Wakiso - Link 1678", "district": "Wakiso", "pavement": "Unpaved", "condition": "Fair", "length_km": 0.144}}, {"type": "Feature", "geometry": {"type": "LineString", "coordinates": [[32.58976, 0.26741], [32.59004, 0.26784]]}, "properties": {"link_id": "WAKI02093", "name": "Wakiso - Link 1679", "district": "Wakiso", "pavement": "Unpaved", "condition": "Fair", "length_km": 0.058}}, {"type": "Feature", "geometry": {"type": "LineString", "coordinates": [[32.58917, 0.26648], [32.58976, 0.26741]]}, "properties": {"link_id": "WAKI02094", "name": "Wakiso - Link 1680", "district": "Wakiso", "pavement": "Unpaved", "condition": "Poor", "length_km": 0.122}}, {"type": "Feature", "geometry": {"type": "LineString", "coordinates": [[32.59097, 0.26541], [32.5914, 0.26705]]}, "properties": {"link_id": "WAKI02095", "name": "Wakiso - Link 1681", "district": "Wakiso", "pavement": "Unpaved", "condition": "Fair", "length_km": 0.19}}, {"type": "Feature", "geometry": {"type": "LineString", "coordinates": [[32.5914, 0.26805], [32.59119, 0.26716]]}, "properties": {"link_id": "WAKI02096", "name": "Wakiso - Link 1682", "district": "Wakiso", "pavement": "Unpaved", "condition": "Fair", "length_km": 0.103}}, {"type": "Feature", "geometry": {"type": "LineString", "coordinates": [[32.59012, 0.2672], [32.59001, 0.26702]]}, "properties": {"link_id": "WAKI02097", "name": "Wakiso - Link 1683", "district": "Wakiso", "pavement": "Unpaved", "condition": "Fair", "length_km": 0.024}}, {"type": "Feature", "geometry": {"type": "LineString", "coordinates": [[32.59012, 0.2672], [32.58976, 0.26741]]}, "properties": {"link_id": "WAKI02098", "name": "Wakiso - Link 1684", "district": "Wakiso", "pavement": "Unpaved", "condition": "Fair", "length_km": 0.046}}, {"type": "Feature", "geometry": {"type": "LineString", "coordinates": [[32.59087, 0.269], [32.59033, 0.26767]]}, "properties": {"link_id": "WAKI02099", "name": "Sekitoreko Road", "district": "Wakiso", "pavement": "Unpaved", "condition": "Fair", "length_km": 0.16}}, {"type": "Feature", "geometry": {"type": "LineString", "coordinates": [[32.58082, 0.27669], [32.59956, 0.26164]]}, "properties": {"link_id": "WAKI02100", "name": "Salaama Road", "district": "Wakiso", "pavement": "Unpaved", "condition": "Fair", "length_km": 2.706}}, {"type": "Feature", "geometry": {"type": "LineString", "coordinates": [[32.58975, 0.26984], [32.59027, 0.26966]]}, "properties": {"link_id": "WAKI02101", "name": "Wakiso - Link 1685", "district": "Wakiso", "pavement": "Unpaved", "condition": "Fair", "length_km": 0.061}}, {"type": "Feature", "geometry": {"type": "LineString", "coordinates": [[32.58904, 0.26851], [32.58955, 0.26994]]}, "properties": {"link_id": "WAKI02102", "name": "Wakiso - Link 1686", "district": "Wakiso", "pavement": "Unpaved", "condition": "Fair", "length_km": 0.193}}, {"type": "Feature", "geometry": {"type": "LineString", "coordinates": [[32.58944, 0.26824], [32.59014, 0.26918]]}, "properties": {"link_id": "WAKI02103", "name": "Wakiso - Link 1687", "district": "Wakiso", "pavement": "Unpaved", "condition": "Fair", "length_km": 0.142}}, {"type": "Feature", "geometry": {"type": "LineString", "coordinates": [[32.58845, 0.26891], [32.58897, 0.26964]]}, "properties": {"link_id": "WAKI02104", "name": "Wakiso - Link 1688", "district": "Wakiso", "pavement": "Unpaved", "condition": "Fair", "length_km": 0.1}}, {"type": "Feature", "geometry": {"type": "LineString", "coordinates": [[32.58831, 0.269], [32.58777, 0.26809]]}, "properties": {"link_id": "WAKI02105", "name": "Wakiso - Link 1689", "district": "Wakiso", "pavement": "Unpaved", "condition": "Poor", "length_km": 0.118}}, {"type": "Feature", "geometry": {"type": "LineString", "coordinates": [[32.58814, 0.26789], [32.58867, 0.26875]]}, "properties": {"link_id": "WAKI02106", "name": "Wakiso - Link 1690", "district": "Wakiso", "pavement": "Unpaved", "condition": "Fair", "length_km": 0.113}}, {"type": "Feature", "geometry": {"type": "LineString", "coordinates": [[32.58882, 0.26865], [32.58805, 0.26784]]}, "properties": {"link_id": "WAKI02107", "name": "Wakiso - Link 1691", "district": "Wakiso", "pavement": "Unpaved", "condition": "Fair", "length_km": 0.151}}, {"type": "Feature", "geometry": {"type": "LineString", "coordinates": [[32.58684, 0.26884], [32.58696, 0.26845]]}, "properties": {"link_id": "WAKI02108", "name": "Wakiso - Link 1692", "district": "Wakiso", "pavement": "Unpaved", "condition": "Poor", "length_km": 0.057}}, {"type": "Feature", "geometry": {"type": "LineString", "coordinates": [[32.58677, 0.2693], [32.58661, 0.26907]]}, "properties": {"link_id": "WAKI02109", "name": "Wakiso - Link 1693", "district": "Wakiso", "pavement": "Unpaved", "condition": "Fair", "length_km": 0.031}}, {"type": "Feature", "geometry": {"type": "LineString", "coordinates": [[32.58742, 0.26968], [32.58657, 0.26847]]}, "properties": {"link_id": "WAKI02110", "name": "Wakiso - Link 1694", "district": "Wakiso", "pavement": "Unpaved", "condition": "Fair", "length_km": 0.164}}, {"type": "Feature", "geometry": {"type": "LineString", "coordinates": [[32.58718, 0.26986], [32.58625, 0.26924]]}, "properties": {"link_id": "WAKI02111", "name": "Wakiso - Link 1695", "district": "Wakiso", "pavement": "Unpaved", "condition": "Fair", "length_km": 0.166}}, {"type": "Feature", "geometry": {"type": "LineString", "coordinates": [[32.58654, 0.27037], [32.58552, 0.26909]]}, "properties": {"link_id": "WAKI02112", "name": "Wakiso - Link 1696", "district": "Wakiso", "pavement": "Unpaved", "condition": "Fair", "length_km": 0.184}}, {"type": "Feature", "geometry": {"type": "LineString", "coordinates": [[32.58691, 0.27107], [32.58643, 0.27139]]}, "properties": {"link_id": "WAKI02113", "name": "Wakiso - Link 1697", "district": "Wakiso", "pavement": "Unpaved", "condition": "Fair", "length_km": 0.064}}, {"type": "Feature", "geometry": {"type": "LineString", "coordinates": [[32.58616, 0.27271], [32.58542, 0.27277]]}, "properties": {"link_id": "WAKI02114", "name": "Wakiso - Link 1698", "district": "Wakiso", "pavement": "Unpaved", "condition": "Fair", "length_km": 0.098}}, {"type": "Feature", "geometry": {"type": "LineString", "coordinates": [[32.58616, 0.27273], [32.58573, 0.27303]]}, "properties": {"link_id": "WAKI02115", "name": "Wakiso - Link 1699", "district": "Wakiso", "pavement": "Unpaved", "condition": "Fair", "length_km": 0.058}}, {"type": "Feature", "geometry": {"type": "LineString", "coordinates": [[32.58553, 0.27133], [32.58698, 0.27465]]}, "properties": {"link_id": "WAKI02116", "name": "Serwaniko Road", "district": "Wakiso", "pavement": "Unpaved", "condition": "Fair", "length_km": 0.412}}, {"type": "Feature", "geometry": {"type": "LineString", "coordinates": [[32.58786, 0.27389], [32.58606, 0.27083]]}, "properties": {"link_id": "WAKI02117", "name": "Kasozi Road", "district": "Wakiso", "pavement": "Unpaved", "condition": "Fair", "length_km": 0.397}}, {"type": "Feature", "geometry": {"type": "LineString", "coordinates": [[32.58743, 0.27073], [32.58854, 0.27329]]}, "properties": {"link_id": "WAKI02118", "name": "Wakiso - Link 1700", "district": "Wakiso", "pavement": "Unpaved", "condition": "Fair", "length_km": 0.378}}, {"type": "Feature", "geometry": {"type": "LineString", "coordinates": [[32.58852, 0.27134], [32.58754, 0.272]]}, "properties": {"link_id": "WAKI02119", "name": "Wakiso - Link 1701", "district": "Wakiso", "pavement": "Unpaved", "condition": "Fair", "length_km": 0.132}}, {"type": "Feature", "geometry": {"type": "LineString", "coordinates": [[32.58743, 0.27073], [32.58934, 0.27242]]}, "properties": {"link_id": "WAKI02120", "name": "Wakiso - Link 1702", "district": "Wakiso", "pavement": "Unpaved", "condition": "Fair", "length_km": 0.309}}, {"type": "Feature", "geometry": {"type": "LineString", "coordinates": [[32.58793, 0.27132], [32.58837, 0.27112]]}, "properties": {"link_id": "WAKI02121", "name": "Wakiso - Link 1703", "district": "Wakiso", "pavement": "Unpaved", "condition": "Poor", "length_km": 0.054}}, {"type": "Feature", "geometry": {"type": "LineString", "coordinates": [[32.58758, 0.27135], [32.58768, 0.27081]]}, "properties": {"link_id": "WAKI02122", "name": "Wakiso - Link 1704", "district": "Wakiso", "pavement": "Unpaved", "condition": "Fair", "length_km": 0.076}}, {"type": "Feature", "geometry": {"type": "LineString", "coordinates": [[32.58701, 0.26999], [32.58743, 0.27073]]}, "properties": {"link_id": "WAKI02123", "name": "Haji Abasi Kabuye Road", "district": "Wakiso", "pavement": "Unpaved", "condition": "Fair", "length_km": 0.095}}, {"type": "Feature", "geometry": {"type": "LineString", "coordinates": [[32.5884, 0.26963], [32.58828, 0.26995]]}, "properties": {"link_id": "WAKI02124", "name": "Wakiso - Link 1705", "district": "Wakiso", "pavement": "Unpaved", "condition": "Fair", "length_km": 0.038}}, {"type": "Feature", "geometry": {"type": "LineString", "coordinates": [[32.58874, 0.26997], [32.58851, 0.27014]]}, "properties": {"link_id": "WAKI02125", "name": "Wakiso - Link 1706", "district": "Wakiso", "pavement": "Unpaved", "condition": "Fair", "length_km": 0.032}}, {"type": "Feature", "geometry": {"type": "LineString", "coordinates": [[32.58877, 0.27002], [32.58907, 0.2698]]}, "properties": {"link_id": "WAKI02126", "name": "Wakiso - Link 1707", "district": "Wakiso", "pavement": "Unpaved", "condition": "Fair", "length_km": 0.041}}, {"type": "Feature", "geometry": {"type": "LineString", "coordinates": [[32.58981, 0.27114], [32.58808, 0.26917]]}, "properties": {"link_id": "WAKI02127", "name": "Yosef Lubwama Road", "district": "Wakiso", "pavement": "Unpaved", "condition": "Fair", "length_km": 0.293}}, {"type": "Feature", "geometry": {"type": "LineString", "coordinates": [[32.58842, 0.27119], [32.58883, 0.27091]]}, "properties": {"link_id": "WAKI02128", "name": "Wakiso - Link 1708", "district": "Wakiso", "pavement": "Unpaved", "condition": "Fair", "length_km": 0.056}}, {"type": "Feature", "geometry": {"type": "LineString", "coordinates": [[32.59, 0.27109], [32.5893, 0.27152]]}, "properties": {"link_id": "WAKI02129", "name": "Wakiso - Link 1709", "district": "Wakiso", "pavement": "Unpaved", "condition": "Fair", "length_km": 0.095}}, {"type": "Feature", "geometry": {"type": "LineString", "coordinates": [[32.58963, 0.27092], [32.58971, 0.27059]]}, "properties": {"link_id": "WAKI02130", "name": "Wakiso - Link 1710", "district": "Wakiso", "pavement": "Unpaved", "condition": "Fair", "length_km": 0.052}}, {"type": "Feature", "geometry": {"type": "LineString", "coordinates": [[32.59073, 0.27125], [32.59087, 0.269]]}, "properties": {"link_id": "WAKI02131", "name": "Sekitoreko Road", "district": "Wakiso", "pavement": "Unpaved", "condition": "Fair", "length_km": 0.335}}, {"type": "Feature", "geometry": {"type": "LineString", "coordinates": [[32.5904, 0.27005], [32.59103, 0.26994]]}, "properties": {"link_id": "WAKI02132", "name": "Wakiso - Link 1711", "district": "Wakiso", "pavement": "Unpaved", "condition": "Fair", "length_km": 0.072}}, {"type": "Feature", "geometry": {"type": "LineString", "coordinates": [[32.59087, 0.269], [32.59166, 0.27072]]}, "properties": {"link_id": "WAKI02133", "name": "Wakiso - Link 1712", "district": "Wakiso", "pavement": "Unpaved", "condition": "Fair", "length_km": 0.256}}, {"type": "Feature", "geometry": {"type": "LineString", "coordinates": [[32.58786, 0.27389], [32.59217, 0.26664]]}, "properties": {"link_id": "KAMP02134", "name": "Luwafu Road", "district": "Kampala", "pavement": "Paved", "condition": "Good", "length_km": 1.285}}, {"type": "Feature", "geometry": {"type": "LineString", "coordinates": [[32.59038, 0.27063], [32.59031, 0.27157]]}, "properties": {"link_id": "WAKI02135", "name": "Wakiso - Link 1713", "district": "Wakiso", "pavement": "Unpaved", "condition": "Fair", "length_km": 0.131}}, {"type": "Feature", "geometry": {"type": "LineString", "coordinates": [[32.59068, 0.272], [32.59041, 0.27201]]}, "properties": {"link_id": "KAMP02136", "name": "Kampala - Link 1", "district": "Kampala", "pavement": "Unpaved", "condition": "Poor", "length_km": 0.03}}, {"type": "Feature", "geometry": {"type": "LineString", "coordinates": [[32.59127, 0.27094], [32.59077, 0.27265]]}, "properties": {"link_id": "KAMP02137", "name": "W Nagula Lane", "district": "Kampala", "pavement": "Unpaved", "condition": "Fair", "length_km": 0.225}}, {"type": "Feature", "geometry": {"type": "LineString", "coordinates": [[32.59085, 0.27287], [32.59064, 0.27132]]}, "properties": {"link_id": "KAMP02138", "name": "Kampala - Link 2", "district": "Kampala", "pavement": "Unpaved", "condition": "Fair", "length_km": 0.177}}, {"type": "Feature", "geometry": {"type": "LineString", "coordinates": [[32.59053, 0.27306], [32.59069, 0.27242]]}, "properties": {"link_id": "KAMP02139", "name": "Kampala - Link 3", "district": "Kampala", "pavement": "Unpaved", "condition": "Fair", "length_km": 0.106}}, {"type": "Feature", "geometry": {"type": "LineString", "coordinates": [[32.58927, 0.2725], [32.5895, 0.27318]]}, "properties": {"link_id": "KAMP02140", "name": "Kampala - Link 4", "district": "Kampala", "pavement": "Unpaved", "condition": "Fair", "length_km": 0.119}}, {"type": "Feature", "geometry": {"type": "LineString", "coordinates": [[32.58899, 0.27206], [32.58878, 0.27228]]}, "properties": {"link_id": "WAKI02141", "name": "Wakiso - Link 1714", "district": "Wakiso", "pavement": "Unpaved", "condition": "Fair", "length_km": 0.033}}, {"type": "Feature", "geometry": {"type": "LineString", "coordinates": [[32.58889, 0.27174], [32.5893, 0.27152]]}, "properties": {"link_id": "WAKI02142", "name": "Wakiso - Link 1715", "district": "Wakiso", "pavement": "Unpaved", "condition": "Fair", "length_km": 0.052}}, {"type": "Feature", "geometry": {"type": "LineString", "coordinates": [[32.58887, 0.27189], [32.58845, 0.27181]]}, "properties": {"link_id": "WAKI02143", "name": "Wakiso - Link 1716", "district": "Wakiso", "pavement": "Unpaved", "condition": "Fair", "length_km": 0.054}}, {"type": "Feature", "geometry": {"type": "LineString", "coordinates": [[32.5876, 0.27415], [32.59025, 0.2756]]}, "properties": {"link_id": "KAMP02144", "name": "Kampala - Link 5", "district": "Kampala", "pavement": "Unpaved", "condition": "Fair", "length_km": 0.382}}, {"type": "Feature", "geometry": {"type": "LineString", "coordinates": [[32.58838, 0.27342], [32.59031, 0.27605]]}, "properties": {"link_id": "KAMP02145", "name": "Mbowa Road", "district": "Kampala", "pavement": "Unpaved", "condition": "Fair", "length_km": 0.382}}, {"type": "Feature", "geometry": {"type": "LineString", "coordinates": [[32.58869, 0.27315], [32.58981, 0.27362]]}, "properties": {"link_id": "KAMP02146", "name": "Kampala - Link 6", "district": "Kampala", "pavement": "Unpaved", "condition": "Fair", "length_km": 0.157}}, {"type": "Feature", "geometry": {"type": "LineString", "coordinates": [[32.59062, 0.2742], [32.59053, 0.27306]]}, "properties": {"link_id": "KAMP02147", "name": "Kampala - Link 7", "district": "Kampala", "pavement": "Unpaved", "condition": "Fair", "length_km": 0.129}}, {"type": "Feature", "geometry": {"type": "LineString", "coordinates": [[32.59121, 0.27415], [32.5906, 0.27582]]}, "properties": {"link_id": "KAMP02148", "name": "Kampala - Link 8", "district": "Kampala", "pavement": "Unpaved", "condition": "Fair", "length_km": 0.262}}, {"type": "Feature", "geometry": {"type": "LineString", "coordinates": [[32.59068, 0.27578], [32.59137, 0.27555]]}, "properties": {"link_id": "KAMP02149", "name": "Kampala - Link 9", "district": "Kampala", "pavement": "Unpaved", "condition": "Poor", "length_km": 0.084}}, {"type": "Feature", "geometry": {"type": "LineString", "coordinates": [[32.59038, 0.276], [32.59156, 0.27601]]}, "properties": {"link_id": "KAMP02150", "name": "Kampala - Link 10", "district": "Kampala", "pavement": "Unpaved", "condition": "Poor", "length_km": 0.139}}, {"type": "Feature", "geometry": {"type": "LineString", "coordinates": [[32.5912, 0.277], [32.59139, 0.27669]]}, "properties": {"link_id": "KAMP02151", "name": "Kampala - Link 11", "district": "Kampala", "pavement": "Unpaved", "condition": "Poor", "length_km": 0.041}}, {"type": "Feature", "geometry": {"type": "LineString", "coordinates": [[32.59081, 0.27641], [32.5907, 0.27646]]}, "properties": {"link_id": "KAMP02152", "name": "Forest Hill Close", "district": "Kampala", "pavement": "Unpaved", "condition": "Fair", "length_km": 0.013}}, {"type": "Feature", "geometry": {"type": "LineString", "coordinates": [[32.5907, 0.27646], [32.59065, 0.27649]]}, "properties": {"link_id": "KAMP02153", "name": "Kampala - Link 12", "district": "Kampala", "pavement": "Unpaved", "condition": "Fair", "length_km": 0.01}}, {"type": "Feature", "geometry": {"type": "LineString", "coordinates": [[32.59015, 0.27614], [32.59013, 0.27655]]}, "properties": {"link_id": "KAMP02154", "name": "Kampala - Link 13", "district": "Kampala", "pavement": "Unpaved", "condition": "Fair", "length_km": 0.048}}, {"type": "Feature", "geometry": {"type": "LineString", "coordinates": [[32.58879, 0.27545], [32.58928, 0.27494]]}, "properties": {"link_id": "KAMP02155", "name": "Kampala - Link 14", "district": "Kampala", "pavement": "Unpaved", "condition": "Fair", "length_km": 0.099}}, {"type": "Feature", "geometry": {"type": "LineString", "coordinates": [[32.58816, 0.27676], [32.5877, 0.27624]]}, "properties": {"link_id": "KAMP02156", "name": "Kampala - Link 15", "district": "Kampala", "pavement": "Unpaved", "condition": "Fair", "length_km": 0.077}}, {"type": "Feature", "geometry": {"type": "LineString", "coordinates": [[32.58702, 0.27462], [32.58889, 0.27649]]}, "properties": {"link_id": "KAMP02157", "name": "Kampala - Link 16", "district": "Kampala", "pavement": "Unpaved", "condition": "Poor", "length_km": 0.295}}, {"type": "Feature", "geometry": {"type": "LineString", "coordinates": [[32.58822, 0.27499], [32.58856, 0.27451]]}, "properties": {"link_id": "KAMP02158", "name": "Kampala - Link 17", "district": "Kampala", "pavement": "Unpaved", "condition": "Fair", "length_km": 0.065}}, {"type": "Feature", "geometry": {"type": "LineString", "coordinates": [[32.5886, 0.27437], [32.58824, 0.27431]]}, "properties": {"link_id": "KAMP02159", "name": "Kampala - Link 18", "district": "Kampala", "pavement": "Unpaved", "condition": "Fair", "length_km": 0.051}}, {"type": "Feature", "geometry": {"type": "LineString", "coordinates": [[32.58807, 0.2737], [32.5883, 0.27399]]}, "properties": {"link_id": "KAMP02160", "name": "Kampala - Link 19", "district": "Kampala", "pavement": "Unpaved", "condition": "Fair", "length_km": 0.041}}, {"type": "Feature", "geometry": {"type": "LineString", "coordinates": [[32.58817, 0.27361], [32.58789, 0.27328]]}, "properties": {"link_id": "WAKI02161", "name": "Wakiso - Link 1717", "district": "Wakiso", "pavement": "Unpaved", "condition": "Fair", "length_km": 0.048}}, {"type": "Feature", "geometry": {"type": "LineString", "coordinates": [[32.58783, 0.27392], [32.58824, 0.27431]]}, "properties": {"link_id": "KAMP02162", "name": "Kampala - Link 20", "district": "Kampala", "pavement": "Unpaved", "condition": "Fair", "length_km": 0.063}}, {"type": "Feature", "geometry": {"type": "LineString", "coordinates": [[32.58687, 0.27436], [32.58715, 0.27413]]}, "properties": {"link_id": "WAKI02163", "name": "Wakiso - Link 1718", "district": "Wakiso", "pavement": "Unpaved", "condition": "Fair", "length_km": 0.04}}, {"type": "Feature", "geometry": {"type": "LineString", "coordinates": [[32.58651, 0.27364], [32.5863, 0.2741]]}, "properties": {"link_id": "WAKI02164", "name": "Wakiso - Link 1719", "district": "Wakiso", "pavement": "Unpaved", "condition": "Fair", "length_km": 0.075}}, {"type": "Feature", "geometry": {"type": "LineString", "coordinates": [[32.58606, 0.27355], [32.58638, 0.27336]]}, "properties": {"link_id": "WAKI02165", "name": "Wakiso - Link 1720", "district": "Wakiso", "pavement": "Unpaved", "condition": "Fair", "length_km": 0.041}}, {"type": "Feature", "geometry": {"type": "LineString", "coordinates": [[32.58637, 0.27518], [32.58609, 0.27495]]}, "properties": {"link_id": "WAKI02166", "name": "Wakiso - Link 1721", "district": "Wakiso", "pavement": "Unpaved", "condition": "Fair", "length_km": 0.04}}, {"type": "Feature", "geometry": {"type": "LineString", "coordinates": [[32.58645, 0.2751], [32.58696, 0.27547]]}, "properties": {"link_id": "KAMP02167", "name": "Kampala - Link 21", "district": "Kampala", "pavement": "Unpaved", "condition": "Fair", "length_km": 0.07}}, {"type": "Feature", "geometry": {"type": "LineString", "coordinates": [[32.58772, 0.2753], [32.58628, 0.2767]]}, "properties": {"link_id": "KAMP02168", "name": "Obbo Road", "district": "Kampala", "pavement": "Unpaved", "condition": "Poor", "length_km": 0.227}}, {"type": "Feature", "geometry": {"type": "LineString", "coordinates": [[32.58559, 0.27603], [32.58675, 0.27765]]}, "properties": {"link_id": "KAMP02169", "name": "Kampala - Link 22", "district": "Kampala", "pavement": "Unpaved", "condition": "Poor", "length_km": 0.231}}, {"type": "Feature", "geometry": {"type": "LineString", "coordinates": [[32.58601, 0.27638], [32.58639, 0.27608]]}, "properties": {"link_id": "KAMP02170", "name": "Kampala - Link 23", "district": "Kampala", "pavement": "Unpaved", "condition": "Fair", "length_km": 0.053}}, {"type": "Feature", "geometry": {"type": "LineString", "coordinates": [[32.58528, 0.27646], [32.58584, 0.27716]]}, "properties": {"link_id": "KAMP02171", "name": "Kampala - Link 24", "district": "Kampala", "pavement": "Unpaved", "condition": "Fair", "length_km": 0.112}}, {"type": "Feature", "geometry": {"type": "LineString", "coordinates": [[32.58546, 0.27535], [32.58558, 0.27518]]}, "properties": {"link_id": "WAKI02172", "name": "Wakiso - Link 1722", "district": "Wakiso", "pavement": "Unpaved", "condition": "Fair", "length_km": 0.023}}, {"type": "Feature", "geometry": {"type": "LineString", "coordinates": [[32.58591, 0.27569], [32.58503, 0.27502]]}, "properties": {"link_id": "WAKI02173", "name": "Wakiso - Link 1723", "district": "Wakiso", "pavement": "Unpaved", "condition": "Poor", "length_km": 0.126}}, {"type": "Feature", "geometry": {"type": "LineString", "coordinates": [[32.58554, 0.27609], [32.5842, 0.27464]]}, "properties": {"link_id": "WAKI02174", "name": "Wakiso - Link 1724", "district": "Wakiso", "pavement": "Unpaved", "condition": "Fair", "length_km": 0.229}}, {"type": "Feature", "geometry": {"type": "LineString", "coordinates": [[32.58431, 0.27584], [32.58475, 0.27535]]}, "properties": {"link_id": "WAKI02175", "name": "Wakiso - Link 1725", "district": "Wakiso", "pavement": "Unpaved", "condition": "Fair", "length_km": 0.073}}, {"type": "Feature", "geometry": {"type": "LineString", "coordinates": [[32.58514, 0.27677], [32.58431, 0.27584]]}, "properties": {"link_id": "WAKI02176", "name": "Wakiso - Link 1726", "district": "Wakiso", "pavement": "Unpaved", "condition": "Fair", "length_km": 0.142}}, {"type": "Feature", "geometry": {"type": "LineString", "coordinates": [[32.58393, 0.27627], [32.58353, 0.27686]]}, "properties": {"link_id": "WAKI02177", "name": "Wakiso - Link 1727", "district": "Wakiso", "pavement": "Unpaved", "condition": "Poor", "length_km": 0.079}}, {"type": "Feature", "geometry": {"type": "LineString", "coordinates": [[32.58373, 0.27656], [32.58409, 0.27681]]}, "properties": {"link_id": "WAKI02178", "name": "Wakiso - Link 1728", "district": "Wakiso", "pavement": "Unpaved", "condition": "Poor", "length_km": 0.048}}, {"type": "Feature", "geometry": {"type": "LineString", "coordinates": [[32.58373, 0.27656], [32.58335, 0.2763]]}, "properties": {"link_id": "WAKI02179", "name": "Wakiso - Link 1729", "district": "Wakiso", "pavement": "Unpaved", "condition": "Poor", "length_km": 0.051}}, {"type": "Feature", "geometry": {"type": "LineString", "coordinates": [[32.58195, 0.27511], [32.585, 0.27706]]}, "properties": {"link_id": "WAKI02180", "name": "Ganafa Road", "district": "Wakiso", "pavement": "Unpaved", "condition": "Fair", "length_km": 0.425}}, {"type": "Feature", "geometry": {"type": "LineString", "coordinates": [[32.58268, 0.27557], [32.58335, 0.2763]]}, "properties": {"link_id": "WAKI02181", "name": "Wakiso - Link 1730", "district": "Wakiso", "pavement": "Unpaved", "condition": "Poor", "length_km": 0.114}}, {"type": "Feature", "geometry": {"type": "LineString", "coordinates": [[32.58431, 0.27584], [32.584, 0.27562]]}, "properties": {"link_id": "WAKI02182", "name": "Wakiso - Link 1731", "district": "Wakiso", "pavement": "Unpaved", "condition": "Fair", "length_km": 0.043}}, {"type": "Feature", "geometry": {"type": "LineString", "coordinates": [[32.58432, 0.27496], [32.58407, 0.27527]]}, "properties": {"link_id": "WAKI02183", "name": "Wakiso - Link 1732", "district": "Wakiso", "pavement": "Unpaved", "condition": "Fair", "length_km": 0.045}}, {"type": "Feature", "geometry": {"type": "LineString", "coordinates": [[32.58293, 0.27541], [32.5842, 0.27464]]}, "properties": {"link_id": "WAKI02184", "name": "Wakiso - Link 1733", "district": "Wakiso", "pavement": "Unpaved", "condition": "Fair", "length_km": 0.19}}, {"type": "Feature", "geometry": {"type": "LineString", "coordinates": [[32.58283, 0.27416], [32.58328, 0.27443]]}, "properties": {"link_id": "WAKI02185", "name": "Wakiso - Link 1734", "district": "Wakiso", "pavement": "Unpaved", "condition": "Fair", "length_km": 0.059}}, {"type": "Feature", "geometry": {"type": "LineString", "coordinates": [[32.58329, 0.27366], [32.58388, 0.27449]]}, "properties": {"link_id": "WAKI02186", "name": "Wakiso - Link 1735", "district": "Wakiso", "pavement": "Unpaved", "condition": "Fair", "length_km": 0.12}}, {"type": "Feature", "geometry": {"type": "LineString", "coordinates": [[32.58392, 0.27436], [32.5845, 0.27372]]}, "properties": {"link_id": "WAKI02187", "name": "Wakiso - Link 1736", "district": "Wakiso", "pavement": "Unpaved", "condition": "Fair", "length_km": 0.099}}, {"type": "Feature", "geometry": {"type": "LineString", "coordinates": [[32.58371, 0.2732], [32.5845, 0.27372]]}, "properties": {"link_id": "WAKI02188", "name": "Dorotia Road", "district": "Wakiso", "pavement": "Unpaved", "condition": "Fair", "length_km": 0.105}}, {"type": "Feature", "geometry": {"type": "LineString", "coordinates": [[32.58417, 0.27412], [32.5845, 0.27432]]}, "properties": {"link_id": "WAKI02189", "name": "Wakiso - Link 1737", "district": "Wakiso", "pavement": "Unpaved", "condition": "Fair", "length_km": 0.043}}, {"type": "Feature", "geometry": {"type": "LineString", "coordinates": [[32.58503, 0.27505], [32.58511, 0.27461]]}, "properties": {"link_id": "WAKI02190", "name": "Wakiso - Link 1738", "district": "Wakiso", "pavement": "Unpaved", "condition": "Fair", "length_km": 0.066}}, {"type": "Feature", "geometry": {"type": "LineString", "coordinates": [[32.58503, 0.27502], [32.58536, 0.27467]]}, "properties": {"link_id": "WAKI02191", "name": "Wakiso - Link 1739", "district": "Wakiso", "pavement": "Unpaved", "condition": "Fair", "length_km": 0.054}}, {"type": "Feature", "geometry": {"type": "LineString", "coordinates": [[32.58656, 0.27499], [32.58471, 0.27358]]}, "properties": {"link_id": "WAKI02192", "name": "Wakiso - Link 1740", "district": "Wakiso", "pavement": "Unpaved", "condition": "Fair", "length_km": 0.289}}, {"type": "Feature", "geometry": {"type": "LineString", "coordinates": [[32.5845, 0.27372], [32.58616, 0.27398]]}, "properties": {"link_id": "WAKI02193", "name": "Wakiso - Link 1741", "district": "Wakiso", "pavement": "Unpaved", "condition": "Fair", "length_km": 0.251}}, {"type": "Feature", "geometry": {"type": "LineString", "coordinates": [[32.58485, 0.27333], [32.58422, 0.27265]]}, "properties": {"link_id": "WAKI02194", "name": "Nkejeemu Close", "district": "Wakiso", "pavement": "Unpaved", "condition": "Fair", "length_km": 0.103}}, {"type": "Feature", "geometry": {"type": "LineString", "coordinates": [[32.58489, 0.27193], [32.58512, 0.27275]]}, "properties": {"link_id": "WAKI02195", "name": "Wakiso - Link 1742", "district": "Wakiso", "pavement": "Unpaved", "condition": "Poor", "length_km": 0.109}}, {"type": "Feature", "geometry": {"type": "LineString", "coordinates": [[32.5854, 0.27045], [32.58559, 0.27029]]}, "properties": {"link_id": "WAKI02196", "name": "Wakiso - Link 1743", "district": "Wakiso", "pavement": "Unpaved", "condition": "Fair", "length_km": 0.027}}, {"type": "Feature", "geometry": {"type": "LineString", "coordinates": [[32.58583, 0.27105], [32.58465, 0.26955]]}, "properties": {"link_id": "WAKI02197", "name": "Wakiso - Link 1744", "district": "Wakiso", "pavement": "Unpaved", "condition": "Fair", "length_km": 0.214}}, {"type": "Feature", "geometry": {"type": "LineString", "coordinates": [[32.58409, 0.27058], [32.58528, 0.27157]]}, "properties": {"link_id": "WAKI02198", "name": "Wakiso - Link 1745", "district": "Wakiso", "pavement": "Unpaved", "condition": "Fair", "length_km": 0.174}}, {"type": "Feature", "geometry": {"type": "LineString", "coordinates": [[32.58375, 0.27094], [32.58479, 0.27202]]}, "properties": {"link_id": "WAKI02199", "name": "Wakiso - Link 1746", "district": "Wakiso", "pavement": "Unpaved", "condition": "Fair", "length_km": 0.169}}, {"type": "Feature", "geometry": {"type": "LineString", "coordinates": [[32.58418, 0.26936], [32.58345, 0.27034]]}, "properties": {"link_id": "WAKI02200", "name": "Wakiso - Link 1747", "district": "Wakiso", "pavement": "Unpaved", "condition": "Fair", "length_km": 0.137}}, {"type": "Feature", "geometry": {"type": "LineString", "coordinates": [[32.58367, 0.27224], [32.58414, 0.27274]]}, "properties": {"link_id": "WAKI02201", "name": "Wakiso - Link 1748", "district": "Wakiso", "pavement": "Unpaved", "condition": "Fair", "length_km": 0.077}}, {"type": "Feature", "geometry": {"type": "LineString", "coordinates": [[32.58368, 0.27323], [32.58283, 0.27205]]}, "properties": {"link_id": "WAKI02202", "name": "Wakiso - Link 1749", "district": "Wakiso", "pavement": "Unpaved", "condition": "Fair", "length_km": 0.179}}, {"type": "Feature", "geometry": {"type": "LineString", "coordinates": [[32.58316, 0.2723], [32.58282, 0.27266]]}, "properties": {"link_id": "WAKI02203", "name": "Wakiso - Link 1750", "district": "Wakiso", "pavement": "Unpaved", "condition": "Fair", "length_km": 0.055}}, {"type": "Feature", "geometry": {"type": "LineString", "coordinates": [[32.58249, 0.27268], [32.58333, 0.27362]]}, "properties": {"link_id": "WAKI02204", "name": "Wakiso - Link 1751", "district": "Wakiso", "pavement": "Unpaved", "condition": "Fair", "length_km": 0.14}}, {"type": "Feature", "geometry": {"type": "LineString", "coordinates": [[32.5816, 0.27269], [32.58147, 0.27256]]}, "properties": {"link_id": "WAKI02205", "name": "Wakiso - Link 1752", "district": "Wakiso", "pavement": "Unpaved", "condition": "Poor", "length_km": 0.02}}, {"type": "Feature", "geometry": {"type": "LineString", "coordinates": [[32.58142, 0.27262], [32.58161, 0.2724]]}, "properties": {"link_id": "WAKI02206", "name": "Wakiso - Link 1753", "district": "Wakiso", "pavement": "Unpaved", "condition": "Fair", "length_km": 0.033}}, {"type": "Feature", "geometry": {"type": "LineString", "coordinates": [[32.58274, 0.27208], [32.58273, 0.27208]]}, "properties": {"link_id": "WAKI02207", "name": "Wakiso - Link 1754", "district": "Wakiso", "pavement": "Unpaved", "condition": "Fair", "length_km": 0.01}}, {"type": "Feature", "geometry": {"type": "LineString", "coordinates": [[32.58283, 0.27205], [32.58274, 0.27208]]}, "properties": {"link_id": "WAKI02208", "name": "Wakiso - Link 1755", "district": "Wakiso", "pavement": "Unpaved", "condition": "Fair", "length_km": 0.01}}, {"type": "Feature", "geometry": {"type": "LineString", "coordinates": [[32.58254, 0.2722], [32.58294, 0.27168]]}, "properties": {"link_id": "WAKI02209", "name": "Wakiso - Link 1756", "district": "Wakiso", "pavement": "Unpaved", "condition": "Fair", "length_km": 0.075}}, {"type": "Feature", "geometry": {"type": "LineString", "coordinates": [[32.58218, 0.27129], [32.58234, 0.27113]]}, "properties": {"link_id": "WAKI02210", "name": "Wakiso - Link 1757", "district": "Wakiso", "pavement": "Unpaved", "condition": "Fair", "length_km": 0.025}}, {"type": "Feature", "geometry": {"type": "LineString", "coordinates": [[32.5818, 0.27003], [32.58153, 0.27045]]}, "properties": {"link_id": "WAKI02211", "name": "Wakiso - Link 1758", "district": "Wakiso", "pavement": "Unpaved", "condition": "Fair", "length_km": 0.056}}, {"type": "Feature", "geometry": {"type": "LineString", "coordinates": [[32.58263, 0.27136], [32.58171, 0.27026]]}, "properties": {"link_id": "WAKI02212", "name": "Wakiso - Link 1759", "district": "Wakiso", "pavement": "Unpaved", "condition": "Fair", "length_km": 0.164}}, {"type": "Feature", "geometry": {"type": "LineString", "coordinates": [[32.57983, 0.26955], [32.58052, 0.27018]]}, "properties": {"link_id": "WAKI02213", "name": "Wakiso - Link 1760", "district": "Wakiso", "pavement": "Unpaved", "condition": "Fair", "length_km": 0.104}}, {"type": "Feature", "geometry": {"type": "LineString", "coordinates": [[32.5809, 0.27166], [32.5801, 0.27042]]}, "properties": {"link_id": "WAKI02214", "name": "Wakiso - Link 1761", "district": "Wakiso", "pavement": "Unpaved", "condition": "Fair", "length_km": 0.186}}, {"type": "Feature", "geometry": {"type": "LineString", "coordinates": [[32.5808, 0.27117], [32.58052, 0.27142]]}, "properties": {"link_id": "WAKI02215", "name": "Wakiso - Link 1762", "district": "Wakiso", "pavement": "Unpaved", "condition": "Fair", "length_km": 0.042}}, {"type": "Feature", "geometry": {"type": "LineString", "coordinates": [[32.57897, 0.27035], [32.58142, 0.27262]]}, "properties": {"link_id": "WAKI02216", "name": "Wakiso - Link 1763", "district": "Wakiso", "pavement": "Unpaved", "condition": "Fair", "length_km": 0.379}}, {"type": "Feature", "geometry": {"type": "LineString", "coordinates": [[32.58083, 0.27211], [32.58071, 0.27227]]}, "properties": {"link_id": "WAKI02217", "name": "Wakiso - Link 1764", "district": "Wakiso", "pavement": "Unpaved", "condition": "Fair", "length_km": 0.022}}, {"type": "Feature", "geometry": {"type": "LineString", "coordinates": [[32.58154, 0.2719], [32.58123, 0.27159]]}, "properties": {"link_id": "WAKI02218", "name": "Wakiso - Link 1765", "district": "Wakiso", "pavement": "Unpaved", "condition": "Fair", "length_km": 0.049}}, {"type": "Feature", "geometry": {"type": "LineString", "coordinates": [[32.58057, 0.27187], [32.58209, 0.27206]]}, "properties": {"link_id": "WAKI02219", "name": "Wakiso - Link 1766", "district": "Wakiso", "pavement": "Unpaved", "condition": "Fair", "length_km": 0.233}}, {"type": "Feature", "geometry": {"type": "LineString", "coordinates": [[32.58116, 0.27327], [32.5812, 0.27329]]}, "properties": {"link_id": "WAKI02220", "name": "Wakiso - Link 1767", "district": "Wakiso", "pavement": "Unpaved", "condition": "Fair", "length_km": 0.01}}, {"type": "Feature", "geometry": {"type": "LineString", "coordinates": [[32.57991, 0.27197], [32.58116, 0.27327]]}, "properties": {"link_id": "WAKI02221", "name": "Wakiso - Link 1768", "district": "Wakiso", "pavement": "Unpaved", "condition": "Fair", "length_km": 0.202}}, {"type": "Feature", "geometry": {"type": "LineString", "coordinates": [[32.57995, 0.27455], [32.58035, 0.27487]]}, "properties": {"link_id": "WAKI02222", "name": "Wakiso - Link 1769", "district": "Wakiso", "pavement": "Unpaved", "condition": "Poor", "length_km": 0.06}}, {"type": "Feature", "geometry": {"type": "LineString", "coordinates": [[32.5812, 0.27329], [32.58156, 0.2738]]}, "properties": {"link_id": "WAKI02223", "name": "Wakiso - Link 1770", "district": "Wakiso", "pavement": "Unpaved", "condition": "Fair", "length_km": 0.087}}, {"type": "Feature", "geometry": {"type": "LineString", "coordinates": [[32.58256, 0.27445], [32.58281, 0.27458]]}, "properties": {"link_id": "WAKI02224", "name": "Wakiso - Link 1771", "district": "Wakiso", "pavement": "Unpaved", "condition": "Poor", "length_km": 0.032}}, {"type": "Feature", "geometry": {"type": "LineString", "coordinates": [[32.58222, 0.27483], [32.58156, 0.2738]]}, "properties": {"link_id": "WAKI02225", "name": "Wakiso - Link 1772", "district": "Wakiso", "pavement": "Unpaved", "condition": "Fair", "length_km": 0.141}}, {"type": "Feature", "geometry": {"type": "LineString", "coordinates": [[32.58204, 0.27454], [32.58187, 0.27465]]}, "properties": {"link_id": "WAKI02226", "name": "Wakiso - Link 1773", "district": "Wakiso", "pavement": "Unpaved", "condition": "Fair", "length_km": 0.023}}, {"type": "Feature", "geometry": {"type": "LineString", "coordinates": [[32.58161, 0.27555], [32.58239, 0.27583]]}, "properties": {"link_id": "WAKI02227", "name": "Namulondo Lane", "district": "Wakiso", "pavement": "Unpaved", "condition": "Poor", "length_km": 0.131}}, {"type": "Feature", "geometry": {"type": "LineString", "coordinates": [[32.57954, 0.27451], [32.57992, 0.27453]]}, "properties": {"link_id": "WAKI02228", "name": "Wakiso - Link 1774", "district": "Wakiso", "pavement": "Paved", "condition": "Good", "length_km": 0.055}}, {"type": "Feature", "geometry": {"type": "LineString", "coordinates": [[32.57992, 0.27453], [32.57995, 0.27455]]}, "properties": {"link_id": "WAKI02229", "name": "Wakiso - Link 1775", "district": "Wakiso", "pavement": "Paved", "condition": "Good", "length_km": 0.01}}, {"type": "Feature", "geometry": {"type": "LineString", "coordinates": [[32.57924, 0.27359], [32.57798, 0.27474]]}, "properties": {"link_id": "WAKI02230", "name": "Wakiso - Link 1776", "district": "Wakiso", "pavement": "Unpaved", "condition": "Fair", "length_km": 0.195}}, {"type": "Feature", "geometry": {"type": "LineString", "coordinates": [[32.57891, 0.27399], [32.57826, 0.27359]]}, "properties": {"link_id": "WAKI02231", "name": "Wakiso - Link 1777", "district": "Wakiso", "pavement": "Unpaved", "condition": "Fair", "length_km": 0.115}}, {"type": "Feature", "geometry": {"type": "LineString", "coordinates": [[32.57847, 0.27646], [32.57663, 0.2739]]}, "properties": {"link_id": "WAKI02232", "name": "Wakiso - Link 1778", "district": "Wakiso", "pavement": "Unpaved", "condition": "Fair", "length_km": 0.45}}, {"type": "Feature", "geometry": {"type": "LineString", "coordinates": [[32.57687, 0.27643], [32.57773, 0.27683]]}, "properties": {"link_id": "WAKI02233", "name": "Wakiso - Link 1779", "district": "Wakiso", "pavement": "Unpaved", "condition": "Poor", "length_km": 0.106}}, {"type": "Feature", "geometry": {"type": "LineString", "coordinates": [[32.57687, 0.27643], [32.57682, 0.2769]]}, "properties": {"link_id": "WAKI02234", "name": "Wakiso - Link 1780", "district": "Wakiso", "pavement": "Unpaved", "condition": "Fair", "length_km": 0.067}}, {"type": "Feature", "geometry": {"type": "LineString", "coordinates": [[32.57601, 0.27508], [32.57736, 0.27573]]}, "properties": {"link_id": "WAKI02235", "name": "Wakiso - Link 1781", "district": "Wakiso", "pavement": "Unpaved", "condition": "Fair", "length_km": 0.167}}, {"type": "Feature", "geometry": {"type": "LineString", "coordinates": [[32.57621, 0.2761], [32.57614, 0.27651]]}, "properties": {"link_id": "WAKI02236", "name": "Wakiso - Link 1782", "district": "Wakiso", "pavement": "Unpaved", "condition": "Fair", "length_km": 0.049}}, {"type": "Feature", "geometry": {"type": "LineString", "coordinates": [[32.57554, 0.27579], [32.57687, 0.27643]]}, "properties": {"link_id": "WAKI02237", "name": "Wakiso - Link 1783", "district": "Wakiso", "pavement": "Unpaved", "condition": "Fair", "length_km": 0.163}}, {"type": "Feature", "geometry": {"type": "LineString", "coordinates": [[32.57469, 0.27531], [32.57546, 0.27592]]}, "properties": {"link_id": "WAKI02238", "name": "Wakiso - Link 1784", "district": "Wakiso", "pavement": "Unpaved", "condition": "Fair", "length_km": 0.113}}, {"type": "Feature", "geometry": {"type": "LineString", "coordinates": [[32.57508, 0.27467], [32.5762, 0.27471]]}, "properties": {"link_id": "WAKI02239", "name": "Wakiso - Link 1785", "district": "Wakiso", "pavement": "Unpaved", "condition": "Fair", "length_km": 0.163}}, {"type": "Feature", "geometry": {"type": "LineString", "coordinates": [[32.57497, 0.27365], [32.57637, 0.27439]]}, "properties": {"link_id": "WAKI02240", "name": "Wakiso - Link 1786", "district": "Wakiso", "pavement": "Unpaved", "condition": "Fair", "length_km": 0.181}}, {"type": "Feature", "geometry": {"type": "LineString", "coordinates": [[32.57571, 0.27316], [32.57555, 0.2738]]}, "properties": {"link_id": "WAKI02241", "name": "Wakiso - Link 1787", "district": "Wakiso", "pavement": "Unpaved", "condition": "Fair", "length_km": 0.074}}, {"type": "Feature", "geometry": {"type": "LineString", "coordinates": [[32.57632, 0.27447], [32.57724, 0.27509]]}, "properties": {"link_id": "WAKI02242", "name": "Wakiso - Link 1788", "district": "Wakiso", "pavement": "Unpaved", "condition": "Poor", "length_km": 0.127}}, {"type": "Feature", "geometry": {"type": "LineString", "coordinates": [[32.57686, 0.2735], [32.57755, 0.27379]]}, "properties": {"link_id": "WAKI02243", "name": "Wakiso - Link 1789", "district": "Wakiso", "pavement": "Unpaved", "condition": "Fair", "length_km": 0.085}}, {"type": "Feature", "geometry": {"type": "LineString", "coordinates": [[32.57711, 0.27297], [32.57604, 0.27215]]}, "properties": {"link_id": "WAKI02244", "name": "Wakiso - Link 1790", "district": "Wakiso", "pavement": "Unpaved", "condition": "Fair", "length_km": 0.151}}, {"type": "Feature", "geometry": {"type": "LineString", "coordinates": [[32.57608, 0.27217], [32.57621, 0.27127]]}, "properties": {"link_id": "WAKI02245", "name": "Wakiso - Link 1791", "district": "Wakiso", "pavement": "Unpaved", "condition": "Fair", "length_km": 0.143}}, {"type": "Feature", "geometry": {"type": "LineString", "coordinates": [[32.57575, 0.273], [32.57596, 0.27207]]}, "properties": {"link_id": "WAKI02246", "name": "Wakiso - Link 1792", "district": "Wakiso", "pavement": "Unpaved", "condition": "Fair", "length_km": 0.107}}, {"type": "Feature", "geometry": {"type": "LineString", "coordinates": [[32.57458, 0.27225], [32.57571, 0.27316]]}, "properties": {"link_id": "WAKI02247", "name": "Wakiso - Link 1793", "district": "Wakiso", "pavement": "Unpaved", "condition": "Fair", "length_km": 0.179}}, {"type": "Feature", "geometry": {"type": "LineString", "coordinates": [[32.57425, 0.27265], [32.57497, 0.27365]]}, "properties": {"link_id": "WAKI02248", "name": "Wakiso - Link 1794", "district": "Wakiso", "pavement": "Unpaved", "condition": "Fair", "length_km": 0.151}}, {"type": "Feature", "geometry": {"type": "LineString", "coordinates": [[32.57529, 0.27124], [32.57568, 0.27095]]}, "properties": {"link_id": "WAKI02249", "name": "Wakiso - Link 1795", "district": "Wakiso", "pavement": "Unpaved", "condition": "Fair", "length_km": 0.054}}, {"type": "Feature", "geometry": {"type": "LineString", "coordinates": [[32.57604, 0.27215], [32.57317, 0.26976]]}, "properties": {"link_id": "WAKI02250", "name": "Wakiso - Link 1796", "district": "Wakiso", "pavement": "Unpaved", "condition": "Fair", "length_km": 0.423}}, {"type": "Feature", "geometry": {"type": "LineString", "coordinates": [[32.57485, 0.27075], [32.57542, 0.26942]]}, "properties": {"link_id": "WAKI02251", "name": "Wakiso - Link 1797", "district": "Wakiso", "pavement": "Unpaved", "condition": "Fair", "length_km": 0.164}}, {"type": "Feature", "geometry": {"type": "LineString", "coordinates": [[32.57538, 0.26966], [32.57651, 0.26997]]}, "properties": {"link_id": "WAKI02252", "name": "Wakiso - Link 1798", "district": "Wakiso", "pavement": "Unpaved", "condition": "Fair", "length_km": 0.153}}, {"type": "Feature", "geometry": {"type": "LineString", "coordinates": [[32.57716, 0.27048], [32.57832, 0.27108]]}, "properties": {"link_id": "WAKI02253", "name": "Wakiso - Link 1799", "district": "Wakiso", "pavement": "Unpaved", "condition": "Fair", "length_km": 0.203}}, {"type": "Feature", "geometry": {"type": "LineString", "coordinates": [[32.57827, 0.27117], [32.5789, 0.27185]]}, "properties": {"link_id": "WAKI02254", "name": "Wakiso - Link 1800", "district": "Wakiso", "pavement": "Unpaved", "condition": "Fair", "length_km": 0.104}}, {"type": "Feature", "geometry": {"type": "LineString", "coordinates": [[32.5781, 0.27108], [32.57827, 0.27117]]}, "properties": {"link_id": "WAKI02255", "name": "Wakiso - Link 1801", "district": "Wakiso", "pavement": "Unpaved", "condition": "Poor", "length_km": 0.021}}, {"type": "Feature", "geometry": {"type": "LineString", "coordinates": [[32.57731, 0.27093], [32.57793, 0.27051]]}, "properties": {"link_id": "WAKI02256", "name": "Wakiso - Link 1802", "district": "Wakiso", "pavement": "Unpaved", "condition": "Fair", "length_km": 0.083}}, {"type": "Feature", "geometry": {"type": "LineString", "coordinates": [[32.58166, 0.26806], [32.57397, 0.27813]]}, "properties": {"link_id": "WAKI02257", "name": "Busabala Road", "district": "Wakiso", "pavement": "Unpaved", "condition": "Fair", "length_km": 1.425}}, {"type": "Feature", "geometry": {"type": "LineString", "coordinates": [[32.57761, 0.27214], [32.5798, 0.27419]]}, "properties": {"link_id": "WAKI02258", "name": "Wakiso - Link 1803", "district": "Wakiso", "pavement": "Unpaved", "condition": "Fair", "length_km": 0.359}}, {"type": "Feature", "geometry": {"type": "LineString", "coordinates": [[32.57882, 0.27311], [32.5789, 0.27185]]}, "properties": {"link_id": "WAKI02259", "name": "Wakiso - Link 1804", "district": "Wakiso", "pavement": "Unpaved", "condition": "Fair", "length_km": 0.188}}, {"type": "Feature", "geometry": {"type": "LineString", "coordinates": [[32.58014, 0.27266], [32.57972, 0.27215]]}, "properties": {"link_id": "WAKI02260", "name": "Wakiso - Link 1805", "district": "Wakiso", "pavement": "Unpaved", "condition": "Fair", "length_km": 0.073}}, {"type": "Feature", "geometry": {"type": "LineString", "coordinates": [[32.57923, 0.27224], [32.58021, 0.27159]]}, "properties": {"link_id": "WAKI02261", "name": "Wakiso - Link 1806", "district": "Wakiso", "pavement": "Unpaved", "condition": "Fair", "length_km": 0.15}}, {"type": "Feature", "geometry": {"type": "LineString", "coordinates": [[32.57919, 0.27014], [32.57936, 0.2703]]}, "properties": {"link_id": "WAKI02262", "name": "Wakiso - Link 1807", "district": "Wakiso", "pavement": "Unpaved", "condition": "Poor", "length_km": 0.026}}, {"type": "Feature", "geometry": {"type": "LineString", "coordinates": [[32.58017, 0.26853], [32.57995, 0.26836]]}, "properties": {"link_id": "WAKI02263", "name": "Wakiso - Link 1808", "district": "Wakiso", "pavement": "Unpaved", "condition": "Poor", "length_km": 0.031}}, {"type": "Feature", "geometry": {"type": "LineString", "coordinates": [[32.57962, 0.26926], [32.57932, 0.26683]]}, "properties": {"link_id": "WAKI02264", "name": "Wakiso - Link 1809", "district": "Wakiso", "pavement": "Unpaved", "condition": "Fair", "length_km": 0.324}}, {"type": "Feature", "geometry": {"type": "LineString", "coordinates": [[32.57992, 0.26947], [32.5782, 0.26745]]}, "properties": {"link_id": "WAKI02265", "name": "Wakiso - Link 1810", "district": "Wakiso", "pavement": "Unpaved", "condition": "Fair", "length_km": 0.297}}, {"type": "Feature", "geometry": {"type": "LineString", "coordinates": [[32.57797, 0.26906], [32.579, 0.27032]]}, "properties": {"link_id": "WAKI02266", "name": "Wakiso - Link 1811", "district": "Wakiso", "pavement": "Unpaved", "condition": "Fair", "length_km": 0.183}}, {"type": "Feature", "geometry": {"type": "LineString", "coordinates": [[32.57802, 0.26969], [32.5778, 0.26918]]}, "properties": {"link_id": "WAKI02267", "name": "Wakiso - Link 1812", "district": "Wakiso", "pavement": "Unpaved", "condition": "Fair", "length_km": 0.062}}, {"type": "Feature", "geometry": {"type": "LineString", "coordinates": [[32.57711, 0.26753], [32.57754, 0.27009]]}, "properties": {"link_id": "WAKI02268", "name": "Wakiso - Link 1813", "district": "Wakiso", "pavement": "Unpaved", "condition": "Fair", "length_km": 0.375}}, {"type": "Feature", "geometry": {"type": "LineString", "coordinates": [[32.58087, 0.26696], [32.57863, 0.26701]]}, "properties": {"link_id": "WAKI02269", "name": "Wakiso - Link 1814", "district": "Wakiso", "pavement": "Unpaved", "condition": "Fair", "length_km": 0.358}}, {"type": "Feature", "geometry": {"type": "LineString", "coordinates": [[32.57989, 0.26342], [32.58001, 0.26213]]}, "properties": {"link_id": "WAKI02270", "name": "Wakiso - Link 1815", "district": "Wakiso", "pavement": "Unpaved", "condition": "Fair", "length_km": 0.146}}, {"type": "Feature", "geometry": {"type": "LineString", "coordinates": [[32.57916, 0.26281], [32.57959, 0.26256]]}, "properties": {"link_id": "WAKI02271", "name": "Wakiso - Link 1816", "district": "Wakiso", "pavement": "Unpaved", "condition": "Fair", "length_km": 0.056}}, {"type": "Feature", "geometry": {"type": "LineString", "coordinates": [[32.57905, 0.26453], [32.57893, 0.26351]]}, "properties": {"link_id": "WAKI02272", "name": "Wakiso - Link 1817", "district": "Wakiso", "pavement": "Unpaved", "condition": "Fair", "length_km": 0.15}}, {"type": "Feature", "geometry": {"type": "LineString", "coordinates": [[32.57828, 0.26356], [32.57904, 0.2632]]}, "properties": {"link_id": "WAKI02273", "name": "Wakiso - Link 1818", "district": "Wakiso", "pavement": "Unpaved", "condition": "Fair", "length_km": 0.109}}, {"type": "Feature", "geometry": {"type": "LineString", "coordinates": [[32.57924, 0.26289], [32.57783, 0.2629]]}, "properties": {"link_id": "WAKI02274", "name": "Wakiso - Link 1819", "district": "Wakiso", "pavement": "Unpaved", "condition": "Fair", "length_km": 0.202}}, {"type": "Feature", "geometry": {"type": "LineString", "coordinates": [[32.57743, 0.26301], [32.5776, 0.26356]]}, "properties": {"link_id": "WAKI02275", "name": "Wakiso - Link 1820", "district": "Wakiso", "pavement": "Unpaved", "condition": "Fair", "length_km": 0.064}}, {"type": "Feature", "geometry": {"type": "LineString", "coordinates": [[32.57741, 0.26411], [32.57713, 0.26306]]}, "properties": {"link_id": "WAKI02276", "name": "Wakiso - Link 1821", "district": "Wakiso", "pavement": "Unpaved", "condition": "Fair", "length_km": 0.121}}, {"type": "Feature", "geometry": {"type": "LineString", "coordinates": [[32.56932, 0.26897], [32.58546, 0.2641]]}, "properties": {"link_id": "WAKI02277", "name": "Kikajjo Road", "district": "Wakiso", "pavement": "Paved", "condition": "Good", "length_km": 2.458}}, {"type": "Feature", "geometry": {"type": "LineString", "coordinates": [[32.57527, 0.26243], [32.57722, 0.26478]]}, "properties": {"link_id": "WAKI02278", "name": "Wakiso - Link 1822", "district": "Wakiso", "pavement": "Unpaved", "condition": "Fair", "length_km": 0.412}}, {"type": "Feature", "geometry": {"type": "LineString", "coordinates": [[32.57579, 0.2633], [32.57682, 0.26487]]}, "properties": {"link_id": "WAKI02279", "name": "Wakiso - Link 1823", "district": "Wakiso", "pavement": "Unpaved", "condition": "Fair", "length_km": 0.21}}, {"type": "Feature", "geometry": {"type": "LineString", "coordinates": [[32.57485, 0.26267], [32.57524, 0.2635]]}, "properties": {"link_id": "WAKI02280", "name": "Wakiso - Link 1824", "district": "Wakiso", "pavement": "Unpaved", "condition": "Fair", "length_km": 0.102}}, {"type": "Feature", "geometry": {"type": "LineString", "coordinates": [[32.57498, 0.26525], [32.57394, 0.26339]]}, "properties": {"link_id": "WAKI02281", "name": "Wakiso - Link 1825", "district": "Wakiso", "pavement": "Unpaved", "condition": "Fair", "length_km": 0.24}}, {"type": "Feature", "geometry": {"type": "LineString", "coordinates": [[32.57475, 0.26465], [32.5756, 0.26462]]}, "properties": {"link_id": "WAKI02282", "name": "Wakiso - Link 1826", "district": "Wakiso", "pavement": "Unpaved", "condition": "Fair", "length_km": 0.142}}, {"type": "Feature", "geometry": {"type": "LineString", "coordinates": [[32.57526, 0.26479], [32.5759, 0.26572]]}, "properties": {"link_id": "WAKI02283", "name": "Wakiso - Link 1827", "district": "Wakiso", "pavement": "Unpaved", "condition": "Fair", "length_km": 0.126}}, {"type": "Feature", "geometry": {"type": "LineString", "coordinates": [[32.57441, 0.26521], [32.57528, 0.26601]]}, "properties": {"link_id": "WAKI02284", "name": "Wakiso - Link 1828", "district": "Wakiso", "pavement": "Unpaved", "condition": "Fair", "length_km": 0.132}}, {"type": "Feature", "geometry": {"type": "LineString", "coordinates": [[32.57462, 0.26782], [32.57432, 0.26699]]}, "properties": {"link_id": "WAKI02285", "name": "Wakiso - Link 1829", "district": "Wakiso", "pavement": "Unpaved", "condition": "Fair", "length_km": 0.115}}, {"type": "Feature", "geometry": {"type": "LineString", "coordinates": [[32.57785, 0.26914], [32.57196, 0.26577]]}, "properties": {"link_id": "WAKI02286", "name": "Wakiso - Link 1830", "district": "Wakiso", "pavement": "Unpaved", "condition": "Fair", "length_km": 0.879}}, {"type": "Feature", "geometry": {"type": "LineString", "coordinates": [[32.57995, 0.26836], [32.57437, 0.26809]]}, "properties": {"link_id": "WAKI02287", "name": "Wakiso - Link 1831", "district": "Wakiso", "pavement": "Unpaved", "condition": "Fair", "length_km": 0.781}}, {"type": "Feature", "geometry": {"type": "LineString", "coordinates": [[32.57711, 0.26753], [32.57725, 0.26698]]}, "properties": {"link_id": "WAKI02288", "name": "Wakiso - Link 1832", "district": "Wakiso", "pavement": "Unpaved", "condition": "Fair", "length_km": 0.081}}, {"type": "Feature", "geometry": {"type": "LineString", "coordinates": [[32.57606, 0.26869], [32.57594, 0.26806]]}, "properties": {"link_id": "WAKI02289", "name": "Wakiso - Link 1833", "district": "Wakiso", "pavement": "Unpaved", "condition": "Fair", "length_km": 0.071}}, {"type": "Feature", "geometry": {"type": "LineString", "coordinates": [[32.57658, 0.26853], [32.57646, 0.2682]]}, "properties": {"link_id": "WAKI02290", "name": "Wakiso - Link 1834", "district": "Wakiso", "pavement": "Unpaved", "condition": "Fair", "length_km": 0.038}}, {"type": "Feature", "geometry": {"type": "LineString", "coordinates": [[32.57721, 0.26966], [32.57663, 0.26943]]}, "properties": {"link_id": "WAKI02291", "name": "Wakiso - Link 1835", "district": "Wakiso", "pavement": "Unpaved", "condition": "Fair", "length_km": 0.071}}, {"type": "Feature", "geometry": {"type": "LineString", "coordinates": [[32.57621, 0.27127], [32.57711, 0.26753]]}, "properties": {"link_id": "WAKI02292", "name": "Wakiso - Link 1836", "district": "Wakiso", "pavement": "Unpaved", "condition": "Fair", "length_km": 0.429}}, {"type": "Feature", "geometry": {"type": "LineString", "coordinates": [[32.57457, 0.26851], [32.57516, 0.26836]]}, "properties": {"link_id": "WAKI02293", "name": "Wakiso - Link 1837", "district": "Wakiso", "pavement": "Unpaved", "condition": "Fair", "length_km": 0.068}}, {"type": "Feature", "geometry": {"type": "LineString", "coordinates": [[32.575, 0.26906], [32.57506, 0.27014]]}, "properties": {"link_id": "WAKI02294", "name": "Wakiso - Link 1838", "district": "Wakiso", "pavement": "Unpaved", "condition": "Fair", "length_km": 0.138}}, {"type": "Feature", "geometry": {"type": "LineString", "coordinates": [[32.57461, 0.2686], [32.57374, 0.26897]]}, "properties": {"link_id": "WAKI02295", "name": "Wakiso - Link 1839", "district": "Wakiso", "pavement": "Unpaved", "condition": "Fair", "length_km": 0.134}}, {"type": "Feature", "geometry": {"type": "LineString", "coordinates": [[32.57405, 0.26876], [32.57372, 0.26878]]}, "properties": {"link_id": "WAKI02296", "name": "Wakiso - Link 1840", "district": "Wakiso", "pavement": "Unpaved", "condition": "Fair", "length_km": 0.037}}, {"type": "Feature", "geometry": {"type": "LineString", "coordinates": [[32.57251, 0.26755], [32.5741, 0.26871]]}, "properties": {"link_id": "WAKI02297", "name": "Wakiso - Link 1841", "district": "Wakiso", "pavement": "Unpaved", "condition": "Fair", "length_km": 0.242}}, {"type": "Feature", "geometry": {"type": "LineString", "coordinates": [[32.57371, 0.26872], [32.57244, 0.27071]]}, "properties": {"link_id": "WAKI02298", "name": "Wakiso - Link 1842", "district": "Wakiso", "pavement": "Unpaved", "condition": "Fair", "length_km": 0.273}}, {"type": "Feature", "geometry": {"type": "LineString", "coordinates": [[32.57192, 0.27003], [32.57214, 0.26942]]}, "properties": {"link_id": "WAKI02299", "name": "Wakiso - Link 1843", "district": "Wakiso", "pavement": "Unpaved", "condition": "Fair", "length_km": 0.073}}, {"type": "Feature", "geometry": {"type": "LineString", "coordinates": [[32.57212, 0.26818], [32.57279, 0.26898]]}, "properties": {"link_id": "WAKI02300", "name": "Wakiso - Link 1844", "district": "Wakiso", "pavement": "Unpaved", "condition": "Fair", "length_km": 0.123}}, {"type": "Feature", "geometry": {"type": "LineString", "coordinates": [[32.5729, 0.26698], [32.57164, 0.26861]]}, "properties": {"link_id": "WAKI02301", "name": "Wakiso - Link 1845", "district": "Wakiso", "pavement": "Unpaved", "condition": "Fair", "length_km": 0.232}}, {"type": "Feature", "geometry": {"type": "LineString", "coordinates": [[32.57139, 0.26603], [32.57204, 0.26679]]}, "properties": {"link_id": "WAKI02302", "name": "Wakiso - Link 1846", "district": "Wakiso", "pavement": "Unpaved", "condition": "Fair", "length_km": 0.111}}, {"type": "Feature", "geometry": {"type": "LineString", "coordinates": [[32.57387, 0.2657], [32.57485, 0.26654]]}, "properties": {"link_id": "WAKI02303", "name": "Wakiso - Link 1847", "district": "Wakiso", "pavement": "Unpaved", "condition": "Fair", "length_km": 0.144}}, {"type": "Feature", "geometry": {"type": "LineString", "coordinates": [[32.57387, 0.2657], [32.57454, 0.26508]]}, "properties": {"link_id": "WAKI02304", "name": "Wakiso - Link 1848", "district": "Wakiso", "pavement": "Unpaved", "condition": "Fair", "length_km": 0.102}}, {"type": "Feature", "geometry": {"type": "LineString", "coordinates": [[32.5738, 0.26573], [32.57379, 0.26626]]}, "properties": {"link_id": "WAKI02305", "name": "Wakiso - Link 1849", "district": "Wakiso", "pavement": "Unpaved", "condition": "Fair", "length_km": 0.085}}, {"type": "Feature", "geometry": {"type": "LineString", "coordinates": [[32.57352, 0.26603], [32.57338, 0.26613]]}, "properties": {"link_id": "WAKI02306", "name": "Wakiso - Link 1850", "district": "Wakiso", "pavement": "Unpaved", "condition": "Fair", "length_km": 0.02}}, {"type": "Feature", "geometry": {"type": "LineString", "coordinates": [[32.57387, 0.2657], [32.57296, 0.26473]]}, "properties": {"link_id": "WAKI02307", "name": "Wakiso - Link 1851", "district": "Wakiso", "pavement": "Unpaved", "condition": "Fair", "length_km": 0.154}}, {"type": "Feature", "geometry": {"type": "LineString", "coordinates": [[32.57356, 0.26447], [32.57388, 0.26444]]}, "properties": {"link_id": "WAKI02308", "name": "Wakiso - Link 1852", "district": "Wakiso", "pavement": "Unpaved", "condition": "Fair", "length_km": 0.036}}, {"type": "Feature", "geometry": {"type": "LineString", "coordinates": [[32.57346, 0.2642], [32.57418, 0.26537]]}, "properties": {"link_id": "WAKI02309", "name": "Wakiso - Link 1853", "district": "Wakiso", "pavement": "Unpaved", "condition": "Fair", "length_km": 0.157}}, {"type": "Feature", "geometry": {"type": "LineString", "coordinates": [[32.57417, 0.26491], [32.57469, 0.26452]]}, "properties": {"link_id": "WAKI02310", "name": "Wakiso - Link 1854", "district": "Wakiso", "pavement": "Unpaved", "condition": "Fair", "length_km": 0.073}}, {"type": "Feature", "geometry": {"type": "LineString", "coordinates": [[32.5737, 0.26372], [32.57344, 0.26234]]}, "properties": {"link_id": "WAKI02311", "name": "Wakiso - Link 1855", "district": "Wakiso", "pavement": "Unpaved", "condition": "Fair", "length_km": 0.181}}, {"type": "Feature", "geometry": {"type": "LineString", "coordinates": [[32.57283, 0.2626], [32.57278, 0.26308]]}, "properties": {"link_id": "WAKI02312", "name": "Wakiso - Link 1856", "district": "Wakiso", "pavement": "Unpaved", "condition": "Fair", "length_km": 0.071}}, {"type": "Feature", "geometry": {"type": "LineString", "coordinates": [[32.5722, 0.26391], [32.57238, 0.26416]]}, "properties": {"link_id": "WAKI02313", "name": "Wakiso - Link 1857", "district": "Wakiso", "pavement": "Unpaved", "condition": "Fair", "length_km": 0.034}}, {"type": "Feature", "geometry": {"type": "LineString", "coordinates": [[32.57236, 0.26374], [32.57162, 0.26476]]}, "properties": {"link_id": "WAKI02314", "name": "Wakiso - Link 1858", "district": "Wakiso", "pavement": "Unpaved", "condition": "Fair", "length_km": 0.16}}, {"type": "Feature", "geometry": {"type": "LineString", "coordinates": [[32.57258, 0.26436], [32.57299, 0.2647]]}, "properties": {"link_id": "WAKI02315", "name": "Wakiso - Link 1859", "district": "Wakiso", "pavement": "Unpaved", "condition": "Fair", "length_km": 0.07}}, {"type": "Feature", "geometry": {"type": "LineString", "coordinates": [[32.57134, 0.26544], [32.57167, 0.26589]]}, "properties": {"link_id": "WAKI02316", "name": "Wakiso - Link 1860", "district": "Wakiso", "pavement": "Unpaved", "condition": "Fair", "length_km": 0.062}}, {"type": "Feature", "geometry": {"type": "LineString", "coordinates": [[32.57092, 0.26587], [32.57123, 0.26616]]}, "properties": {"link_id": "WAKI02317", "name": "Wakiso - Link 1861", "district": "Wakiso", "pavement": "Unpaved", "condition": "Poor", "length_km": 0.048}}, {"type": "Feature", "geometry": {"type": "LineString", "coordinates": [[32.56991, 0.26512], [32.57097, 0.26649]]}, "properties": {"link_id": "WAKI02318", "name": "Wakiso - Link 1862", "district": "Wakiso", "pavement": "Unpaved", "condition": "Fair", "length_km": 0.236}}, {"type": "Feature", "geometry": {"type": "LineString", "coordinates": [[32.57076, 0.26512], [32.56977, 0.26401]]}, "properties": {"link_id": "WAKI02319", "name": "Wakiso - Link 1863", "district": "Wakiso", "pavement": "Unpaved", "condition": "Fair", "length_km": 0.196}}, {"type": "Feature", "geometry": {"type": "LineString", "coordinates": [[32.57138, 0.2634], [32.57186, 0.26414]]}, "properties": {"link_id": "WAKI02320", "name": "Wakiso - Link 1864", "district": "Wakiso", "pavement": "Unpaved", "condition": "Fair", "length_km": 0.097}}, {"type": "Feature", "geometry": {"type": "LineString", "coordinates": [[32.56701, 0.26499], [32.57533, 0.26241]]}, "properties": {"link_id": "WAKI02321", "name": "Kikajjo Road", "district": "Wakiso", "pavement": "Paved", "condition": "Good", "length_km": 1.013}}, {"type": "Feature", "geometry": {"type": "LineString", "coordinates": [[32.57077, 0.26279], [32.57107, 0.26257]]}, "properties": {"link_id": "WAKI02322", "name": "Wakiso - Link 1865", "district": "Wakiso", "pavement": "Unpaved", "condition": "Fair", "length_km": 0.042}}, {"type": "Feature", "geometry": {"type": "LineString", "coordinates": [[32.57008, 0.26262], [32.57119, 0.26352]]}, "properties": {"link_id": "WAKI02323", "name": "Wakiso - Link 1866", "district": "Wakiso", "pavement": "Unpaved", "condition": "Fair", "length_km": 0.196}}, {"type": "Feature", "geometry": {"type": "LineString", "coordinates": [[32.57092, 0.26302], [32.57058, 0.26298]]}, "properties": {"link_id": "WAKI02324", "name": "Wakiso - Link 1867", "district": "Wakiso", "pavement": "Unpaved", "condition": "Fair", "length_km": 0.047}}, {"type": "Feature", "geometry": {"type": "LineString", "coordinates": [[32.57, 0.26292], [32.57095, 0.2645]]}, "properties": {"link_id": "WAKI02325", "name": "Wakiso - Link 1868", "district": "Wakiso", "pavement": "Unpaved", "condition": "Fair", "length_km": 0.206}}, {"type": "Feature", "geometry": {"type": "LineString", "coordinates": [[32.57013, 0.26389], [32.57033, 0.26414]]}, "properties": {"link_id": "WAKI02326", "name": "Wakiso - Link 1869", "district": "Wakiso", "pavement": "Unpaved", "condition": "Poor", "length_km": 0.036}}, {"type": "Feature", "geometry": {"type": "LineString", "coordinates": [[32.56965, 0.26347], [32.57008, 0.26262]]}, "properties": {"link_id": "WAKI02327", "name": "Wakiso - Link 1870", "district": "Wakiso", "pavement": "Unpaved", "condition": "Fair", "length_km": 0.115}}, {"type": "Feature", "geometry": {"type": "LineString", "coordinates": [[32.56851, 0.26234], [32.57, 0.26392]]}, "properties": {"link_id": "WAKI02328", "name": "Wakiso - Link 1871", "district": "Wakiso", "pavement": "Unpaved", "condition": "Fair", "length_km": 0.246}}, {"type": "Feature", "geometry": {"type": "LineString", "coordinates": [[32.56857, 0.26427], [32.56941, 0.26322]]}, "properties": {"link_id": "WAKI02329", "name": "Wakiso - Link 1872", "district": "Wakiso", "pavement": "Unpaved", "condition": "Fair", "length_km": 0.162}}, {"type": "Feature", "geometry": {"type": "LineString", "coordinates": [[32.56935, 0.26493], [32.56948, 0.26504]]}, "properties": {"link_id": "WAKI02330", "name": "Wakiso - Link 1873", "district": "Wakiso", "pavement": "Unpaved", "condition": "Fair", "length_km": 0.019}}, {"type": "Feature", "geometry": {"type": "LineString", "coordinates": [[32.56908, 0.26463], [32.56966, 0.26467]]}, "properties": {"link_id": "WAKI02331", "name": "Wakiso - Link 1874", "district": "Wakiso", "pavement": "Unpaved", "condition": "Fair", "length_km": 0.09}}, {"type": "Feature", "geometry": {"type": "LineString", "coordinates": [[32.56968, 0.26516], [32.57035, 0.26486]]}, "properties": {"link_id": "WAKI02332", "name": "Wakiso - Link 1875", "district": "Wakiso", "pavement": "Unpaved", "condition": "Fair", "length_km": 0.083}}, {"type": "Feature", "geometry": {"type": "LineString", "coordinates": [[32.56947, 0.26627], [32.56972, 0.26606]]}, "properties": {"link_id": "WAKI02333", "name": "Wakiso - Link 1876", "district": "Wakiso", "pavement": "Unpaved", "condition": "Fair", "length_km": 0.037}}, {"type": "Feature", "geometry": {"type": "LineString", "coordinates": [[32.56874, 0.2673], [32.56947, 0.26627]]}, "properties": {"link_id": "WAKI02334", "name": "Wakiso - Link 1877", "district": "Wakiso", "pavement": "Unpaved", "condition": "Fair", "length_km": 0.141}}, {"type": "Feature", "geometry": {"type": "LineString", "coordinates": [[32.56937, 0.26724], [32.56903, 0.26775]]}, "properties": {"link_id": "WAKI02335", "name": "Wakiso - Link 1878", "district": "Wakiso", "pavement": "Unpaved", "condition": "Fair", "length_km": 0.069}}, {"type": "Feature", "geometry": {"type": "LineString", "coordinates": [[32.56985, 0.26709], [32.57025, 0.2667]]}, "properties": {"link_id": "WAKI02336", "name": "Wakiso - Link 1879", "district": "Wakiso", "pavement": "Unpaved", "condition": "Fair", "length_km": 0.062}}, {"type": "Feature", "geometry": {"type": "LineString", "coordinates": [[32.56969, 0.26673], [32.56989, 0.2666]]}, "properties": {"link_id": "WAKI02337", "name": "Wakiso - Link 1880", "district": "Wakiso", "pavement": "Unpaved", "condition": "Poor", "length_km": 0.027}}, {"type": "Feature", "geometry": {"type": "LineString", "coordinates": [[32.56909, 0.26427], [32.57245, 0.26955]]}, "properties": {"link_id": "WAKI02338", "name": "Wakiso - Link 1881", "district": "Wakiso", "pavement": "Unpaved", "condition": "Fair", "length_km": 0.761}}, {"type": "Feature", "geometry": {"type": "LineString", "coordinates": [[32.57061, 0.26704], [32.57139, 0.26777]]}, "properties": {"link_id": "WAKI02339", "name": "Wakiso - Link 1882", "district": "Wakiso", "pavement": "Unpaved", "condition": "Fair", "length_km": 0.12}}, {"type": "Feature", "geometry": {"type": "LineString", "coordinates": [[32.57045, 0.26724], [32.57067, 0.2675]]}, "properties": {"link_id": "WAKI02340", "name": "Wakiso - Link 1883", "district": "Wakiso", "pavement": "Unpaved", "condition": "Poor", "length_km": 0.037}}, {"type": "Feature", "geometry": {"type": "LineString", "coordinates": [[32.57092, 0.26961], [32.57116, 0.26917]]}, "properties": {"link_id": "WAKI02341", "name": "Wakiso - Link 1884", "district": "Wakiso", "pavement": "Unpaved", "condition": "Fair", "length_km": 0.057}}, {"type": "Feature", "geometry": {"type": "LineString", "coordinates": [[32.57231, 0.27008], [32.56932, 0.26897]]}, "properties": {"link_id": "WAKI02342", "name": "Wakiso - Link 1885", "district": "Wakiso", "pavement": "Unpaved", "condition": "Fair", "length_km": 0.36}}, {"type": "Feature", "geometry": {"type": "LineString", "coordinates": [[32.57006, 0.26937], [32.57058, 0.26912]]}, "properties": {"link_id": "WAKI02343", "name": "Wakiso - Link 1886", "district": "Wakiso", "pavement": "Unpaved", "condition": "Fair", "length_km": 0.087}}, {"type": "Feature", "geometry": {"type": "LineString", "coordinates": [[32.56843, 0.2682], [32.57099, 0.26891]]}, "properties": {"link_id": "WAKI02344", "name": "Wakiso - Link 1887", "district": "Wakiso", "pavement": "Unpaved", "condition": "Fair", "length_km": 0.348}}, {"type": "Feature", "geometry": {"type": "LineString", "coordinates": [[32.56932, 0.26897], [32.56843, 0.2682]]}, "properties": {"link_id": "WAKI02345", "name": "Wakiso - Link 1888", "district": "Wakiso", "pavement": "Unpaved", "condition": "Fair", "length_km": 0.134}}, {"type": "Feature", "geometry": {"type": "LineString", "coordinates": [[32.56942, 0.27076], [32.57008, 0.27068]]}, "properties": {"link_id": "WAKI02346", "name": "Wakiso - Link 1889", "district": "Wakiso", "pavement": "Unpaved", "condition": "Fair", "length_km": 0.126}}, {"type": "Feature", "geometry": {"type": "LineString", "coordinates": [[32.57032, 0.27087], [32.57013, 0.2714]]}, "properties": {"link_id": "WAKI02347", "name": "Wakiso - Link 1890", "district": "Wakiso", "pavement": "Unpaved", "condition": "Poor", "length_km": 0.063}}, {"type": "Feature", "geometry": {"type": "LineString", "coordinates": [[32.56869, 0.27137], [32.56966, 0.27168]]}, "properties": {"link_id": "WAKI02348", "name": "Wakiso - Link 1891", "district": "Wakiso", "pavement": "Unpaved", "condition": "Fair", "length_km": 0.114}}, {"type": "Feature", "geometry": {"type": "LineString", "coordinates": [[32.56865, 0.27111], [32.56907, 0.27116]]}, "properties": {"link_id": "WAKI02349", "name": "Wakiso - Link 1892", "district": "Wakiso", "pavement": "Unpaved", "condition": "Fair", "length_km": 0.048}}, {"type": "Feature", "geometry": {"type": "LineString", "coordinates": [[32.56856, 0.27271], [32.57046, 0.2729]]}, "properties": {"link_id": "WAKI02350", "name": "Wakiso - Link 1893", "district": "Wakiso", "pavement": "Unpaved", "condition": "Fair", "length_km": 0.239}}, {"type": "Feature", "geometry": {"type": "LineString", "coordinates": [[32.56874, 0.27187], [32.57039, 0.27205]]}, "properties": {"link_id": "WAKI02351", "name": "Wakiso - Link 1894", "district": "Wakiso", "pavement": "Unpaved", "condition": "Fair", "length_km": 0.23}}, {"type": "Feature", "geometry": {"type": "LineString", "coordinates": [[32.57158, 0.27224], [32.57091, 0.27198]]}, "properties": {"link_id": "WAKI02352", "name": "Wakiso - Link 1895", "district": "Wakiso", "pavement": "Unpaved", "condition": "Fair", "length_km": 0.083}}, {"type": "Feature", "geometry": {"type": "LineString", "coordinates": [[32.57044, 0.27093], [32.57163, 0.27147]]}, "properties": {"link_id": "WAKI02353", "name": "Wakiso - Link 1896", "district": "Wakiso", "pavement": "Unpaved", "condition": "Fair", "length_km": 0.146}}, {"type": "Feature", "geometry": {"type": "LineString", "coordinates": [[32.57044, 0.27093], [32.57048, 0.27039]]}, "properties": {"link_id": "WAKI02354", "name": "Wakiso - Link 1897", "district": "Wakiso", "pavement": "Unpaved", "condition": "Fair", "length_km": 0.081}}, {"type": "Feature", "geometry": {"type": "LineString", "coordinates": [[32.57127, 0.26974], [32.57102, 0.27019]]}, "properties": {"link_id": "WAKI02355", "name": "Wakiso - Link 1898", "district": "Wakiso", "pavement": "Unpaved", "condition": "Fair", "length_km": 0.057}}, {"type": "Feature", "geometry": {"type": "LineString", "coordinates": [[32.57163, 0.27147], [32.57192, 0.27003]]}, "properties": {"link_id": "WAKI02356", "name": "Wakiso - Link 1899", "district": "Wakiso", "pavement": "Unpaved", "condition": "Fair", "length_km": 0.176}}, {"type": "Feature", "geometry": {"type": "LineString", "coordinates": [[32.57202, 0.27062], [32.57282, 0.27081]]}, "properties": {"link_id": "WAKI02357", "name": "Wakiso - Link 1900", "district": "Wakiso", "pavement": "Unpaved", "condition": "Fair", "length_km": 0.094}}, {"type": "Feature", "geometry": {"type": "LineString", "coordinates": [[32.57367, 0.27076], [32.57409, 0.26993]]}, "properties": {"link_id": "WAKI02358", "name": "Wakiso - Link 1901", "district": "Wakiso", "pavement": "Unpaved", "condition": "Fair", "length_km": 0.103}}, {"type": "Feature", "geometry": {"type": "LineString", "coordinates": [[32.57396, 0.27129], [32.57453, 0.27058]]}, "properties": {"link_id": "WAKI02359", "name": "Wakiso - Link 1902", "district": "Wakiso", "pavement": "Unpaved", "condition": "Fair", "length_km": 0.1}}, {"type": "Feature", "geometry": {"type": "LineString", "coordinates": [[32.57282, 0.27081], [32.57328, 0.27072]]}, "properties": {"link_id": "WAKI02360", "name": "Wakiso - Link 1903", "district": "Wakiso", "pavement": "Unpaved", "condition": "Fair", "length_km": 0.052}}, {"type": "Feature", "geometry": {"type": "LineString", "coordinates": [[32.57342, 0.27216], [32.57304, 0.27199]]}, "properties": {"link_id": "WAKI02361", "name": "Wakiso - Link 1904", "district": "Wakiso", "pavement": "Unpaved", "condition": "Fair", "length_km": 0.046}}, {"type": "Feature", "geometry": {"type": "LineString", "coordinates": [[32.57394, 0.27319], [32.57414, 0.27328]]}, "properties": {"link_id": "WAKI02362", "name": "Wakiso - Link 1905", "district": "Wakiso", "pavement": "Unpaved", "condition": "Fair", "length_km": 0.025}}, {"type": "Feature", "geometry": {"type": "LineString", "coordinates": [[32.57333, 0.27239], [32.57402, 0.27298]]}, "properties": {"link_id": "WAKI02363", "name": "Wakiso - Link 1906", "district": "Wakiso", "pavement": "Unpaved", "condition": "Fair", "length_km": 0.101}}, {"type": "Feature", "geometry": {"type": "LineString", "coordinates": [[32.57292, 0.27301], [32.57311, 0.27309]]}, "properties": {"link_id": "WAKI02364", "name": "Wakiso - Link 1907", "district": "Wakiso", "pavement": "Unpaved", "condition": "Fair", "length_km": 0.023}}, {"type": "Feature", "geometry": {"type": "LineString", "coordinates": [[32.57276, 0.27329], [32.57299, 0.27285]]}, "properties": {"link_id": "WAKI02365", "name": "Wakiso - Link 1908", "district": "Wakiso", "pavement": "Unpaved", "condition": "Fair", "length_km": 0.056}}, {"type": "Feature", "geometry": {"type": "LineString", "coordinates": [[32.57351, 0.27192], [32.57243, 0.2729]]}, "properties": {"link_id": "WAKI02366", "name": "Wakiso - Link 1909", "district": "Wakiso", "pavement": "Unpaved", "condition": "Fair", "length_km": 0.186}}, {"type": "Feature", "geometry": {"type": "LineString", "coordinates": [[32.57287, 0.27242], [32.57258, 0.27199]]}, "properties": {"link_id": "WAKI02367", "name": "Wakiso - Link 1910", "district": "Wakiso", "pavement": "Unpaved", "condition": "Fair", "length_km": 0.068}}, {"type": "Feature", "geometry": {"type": "LineString", "coordinates": [[32.5715, 0.27242], [32.57182, 0.27203]]}, "properties": {"link_id": "WAKI02368", "name": "Wakiso - Link 1911", "district": "Wakiso", "pavement": "Unpaved", "condition": "Fair", "length_km": 0.059}}, {"type": "Feature", "geometry": {"type": "LineString", "coordinates": [[32.5719, 0.27277], [32.57163, 0.27261]]}, "properties": {"link_id": "WAKI02369", "name": "Wakiso - Link 1912", "district": "Wakiso", "pavement": "Unpaved", "condition": "Fair", "length_km": 0.037}}, {"type": "Feature", "geometry": {"type": "LineString", "coordinates": [[32.57226, 0.27268], [32.57185, 0.27291]]}, "properties": {"link_id": "WAKI02370", "name": "Wakiso - Link 1913", "district": "Wakiso", "pavement": "Unpaved", "condition": "Fair", "length_km": 0.058}}, {"type": "Feature", "geometry": {"type": "LineString", "coordinates": [[32.57261, 0.27313], [32.57109, 0.27613]]}, "properties": {"link_id": "WAKI02371", "name": "Wakiso - Link 1914", "district": "Wakiso", "pavement": "Unpaved", "condition": "Fair", "length_km": 0.381}}, {"type": "Feature", "geometry": {"type": "LineString", "coordinates": [[32.57163, 0.27147], [32.57374, 0.2755]]}, "properties": {"link_id": "WAKI02372", "name": "Wakiso - Link 1915", "district": "Wakiso", "pavement": "Unpaved", "condition": "Fair", "length_km": 0.558}}, {"type": "Feature", "geometry": {"type": "LineString", "coordinates": [[32.57382, 0.27347], [32.57345, 0.27329]]}, "properties": {"link_id": "WAKI02373", "name": "Wakiso - Link 1916", "district": "Wakiso", "pavement": "Unpaved", "condition": "Fair", "length_km": 0.046}}, {"type": "Feature", "geometry": {"type": "LineString", "coordinates": [[32.57446, 0.2738], [32.57406, 0.27451]]}, "properties": {"link_id": "WAKI02374", "name": "Wakiso - Link 1917", "district": "Wakiso", "pavement": "Unpaved", "condition": "Fair", "length_km": 0.092}}, {"type": "Feature", "geometry": {"type": "LineString", "coordinates": [[32.57406, 0.27457], [32.57449, 0.27478]]}, "properties": {"link_id": "WAKI02375", "name": "Wakiso - Link 1918", "district": "Wakiso", "pavement": "Unpaved", "condition": "Fair", "length_km": 0.054}}, {"type": "Feature", "geometry": {"type": "LineString", "coordinates": [[32.57394, 0.27485], [32.57469, 0.27531]]}, "properties": {"link_id": "WAKI02376", "name": "Wakiso - Link 1919", "district": "Wakiso", "pavement": "Unpaved", "condition": "Poor", "length_km": 0.098}}, {"type": "Feature", "geometry": {"type": "LineString", "coordinates": [[32.57535, 0.27132], [32.57183, 0.27711]]}, "properties": {"link_id": "WAKI02377", "name": "Wakiso - Link 1920", "district": "Wakiso", "pavement": "Unpaved", "condition": "Fair", "length_km": 0.765}}, {"type": "Feature", "geometry": {"type": "LineString", "coordinates": [[32.57491, 0.27676], [32.57144, 0.27419]]}, "properties": {"link_id": "WAKI02378", "name": "Wakiso - Link 1921", "district": "Wakiso", "pavement": "Unpaved", "condition": "Fair", "length_km": 0.514}}, {"type": "Feature", "geometry": {"type": "LineString", "coordinates": [[32.5726, 0.27542], [32.57377, 0.27608]]}, "properties": {"link_id": "WAKI02379", "name": "Wakiso - Link 1922", "district": "Wakiso", "pavement": "Unpaved", "condition": "Fair", "length_km": 0.15}}, {"type": "Feature", "geometry": {"type": "LineString", "coordinates": [[32.57446, 0.27689], [32.57414, 0.27666]]}, "properties": {"link_id": "WAKI02380", "name": "Wakiso - Link 1923", "district": "Wakiso", "pavement": "Unpaved", "condition": "Poor", "length_km": 0.044}}, {"type": "Feature", "geometry": {"type": "LineString", "coordinates": [[32.57158, 0.27543], [32.5718, 0.27556]]}, "properties": {"link_id": "WAKI02381", "name": "Wakiso - Link 1924", "district": "Wakiso", "pavement": "Unpaved", "condition": "Fair", "length_km": 0.028}}, {"type": "Feature", "geometry": {"type": "LineString", "coordinates": [[32.57109, 0.27613], [32.57078, 0.27665]]}, "properties": {"link_id": "WAKI02382", "name": "Wakiso - Link 1925", "district": "Wakiso", "pavement": "Unpaved", "condition": "Fair", "length_km": 0.068}}, {"type": "Feature", "geometry": {"type": "LineString", "coordinates": [[32.57109, 0.27613], [32.57112, 0.27679]]}, "properties": {"link_id": "WAKI02383", "name": "Wakiso - Link 1926", "district": "Wakiso", "pavement": "Unpaved", "condition": "Poor", "length_km": 0.076}}, {"type": "Feature", "geometry": {"type": "LineString", "coordinates": [[32.57144, 0.27419], [32.57096, 0.27438]]}, "properties": {"link_id": "WAKI02384", "name": "Wakiso - Link 1927", "district": "Wakiso", "pavement": "Unpaved", "condition": "Fair", "length_km": 0.074}}, {"type": "Feature", "geometry": {"type": "LineString", "coordinates": [[32.57227, 0.27373], [32.57046, 0.2729]]}, "properties": {"link_id": "WAKI02385", "name": "Wakiso - Link 1928", "district": "Wakiso", "pavement": "Unpaved", "condition": "Fair", "length_km": 0.229}}, {"type": "Feature", "geometry": {"type": "LineString", "coordinates": [[32.57058, 0.27362], [32.57042, 0.27384]]}, "properties": {"link_id": "WAKI02386", "name": "Wakiso - Link 1929", "district": "Wakiso", "pavement": "Unpaved", "condition": "Fair", "length_km": 0.175}}, {"type": "Feature", "geometry": {"type": "LineString", "coordinates": [[32.56892, 0.27472], [32.57058, 0.27362]]}, "properties": {"link_id": "WAKI02387", "name": "Wakiso - Link 1930", "district": "Wakiso", "pavement": "Unpaved", "condition": "Fair", "length_km": 0.288}}, {"type": "Feature", "geometry": {"type": "LineString", "coordinates": [[32.56896, 0.27365], [32.56888, 0.2743]]}, "properties": {"link_id": "WAKI02388", "name": "Wakiso - Link 1931", "district": "Wakiso", "pavement": "Unpaved", "condition": "Fair", "length_km": 0.083}}, {"type": "Feature", "geometry": {"type": "LineString", "coordinates": [[32.56888, 0.27484], [32.56888, 0.2743]]}, "properties": {"link_id": "WAKI02389", "name": "Wakiso - Link 1932", "district": "Wakiso", "pavement": "Unpaved", "condition": "Fair", "length_km": 0.062}}, {"type": "Feature", "geometry": {"type": "LineString", "coordinates": [[32.5688, 0.27515], [32.56925, 0.27536]]}, "properties": {"link_id": "WAKI02390", "name": "Wakiso - Link 1933", "district": "Wakiso", "pavement": "Unpaved", "condition": "Fair", "length_km": 0.072}}, {"type": "Feature", "geometry": {"type": "LineString", "coordinates": [[32.56968, 0.27622], [32.56976, 0.2757]]}, "properties": {"link_id": "WAKI02391", "name": "Wakiso - Link 1934", "district": "Wakiso", "pavement": "Unpaved", "condition": "Fair", "length_km": 0.058}}, {"type": "Feature", "geometry": {"type": "LineString", "coordinates": [[32.5698, 0.27692], [32.57024, 0.27638]]}, "properties": {"link_id": "WAKI02392", "name": "Wakiso - Link 1935", "district": "Wakiso", "pavement": "Unpaved", "condition": "Fair", "length_km": 0.077}}, {"type": "Feature", "geometry": {"type": "LineString", "coordinates": [[32.56875, 0.27661], [32.56948, 0.27624]]}, "properties": {"link_id": "WAKI02393", "name": "Wakiso - Link 1936", "district": "Wakiso", "pavement": "Unpaved", "condition": "Fair", "length_km": 0.103}}, {"type": "Feature", "geometry": {"type": "LineString", "coordinates": [[32.56873, 0.27675], [32.56818, 0.27686]]}, "properties": {"link_id": "WAKI02394", "name": "Wakiso - Link 1937", "district": "Wakiso", "pavement": "Unpaved", "condition": "Fair", "length_km": 0.063}}, {"type": "Feature", "geometry": {"type": "LineString", "coordinates": [[32.56888, 0.27484], [32.5687, 0.27598]]}, "properties": {"link_id": "WAKI02395", "name": "Wakiso - Link 1938", "district": "Wakiso", "pavement": "Unpaved", "condition": "Fair", "length_km": 0.129}}, {"type": "Feature", "geometry": {"type": "LineString", "coordinates": [[32.56653, 0.27596], [32.5674, 0.27622]]}, "properties": {"link_id": "WAKI02396", "name": "Wakiso - Link 1939", "district": "Wakiso", "pavement": "Unpaved", "condition": "Fair", "length_km": 0.102}}, {"type": "Feature", "geometry": {"type": "LineString", "coordinates": [[32.56651, 0.27671], [32.56714, 0.27646]]}, "properties": {"link_id": "WAKI02397", "name": "Wakiso - Link 1940", "district": "Wakiso", "pavement": "Unpaved", "condition": "Fair", "length_km": 0.095}}, {"type": "Feature", "geometry": {"type": "LineString", "coordinates": [[32.56598, 0.27652], [32.56691, 0.27716]]}, "properties": {"link_id": "WAKI02398", "name": "Wakiso - Link 1941", "district": "Wakiso", "pavement": "Unpaved", "condition": "Fair", "length_km": 0.14}}, {"type": "Feature", "geometry": {"type": "LineString", "coordinates": [[32.56671, 0.27582], [32.56634, 0.27564]]}, "properties": {"link_id": "WAKI02399", "name": "Wakiso - Link 1942", "district": "Wakiso", "pavement": "Paved", "condition": "Good", "length_km": 0.046}}, {"type": "Feature", "geometry": {"type": "LineString", "coordinates": [[32.56596, 0.27552], [32.56634, 0.27564]]}, "properties": {"link_id": "WAKI02400", "name": "Wakiso - Link 1943", "district": "Wakiso", "pavement": "Unpaved", "condition": "Fair", "length_km": 0.044}}, {"type": "Feature", "geometry": {"type": "LineString", "coordinates": [[32.56574, 0.27746], [32.56803, 0.27385]]}, "properties": {"link_id": "WAKI02401", "name": "Kikajjo Road", "district": "Wakiso", "pavement": "Paved", "condition": "Good", "length_km": 0.492}}, {"type": "Feature", "geometry": {"type": "LineString", "coordinates": [[32.56667, 0.27508], [32.5668, 0.27456]]}, "properties": {"link_id": "WAKI02402", "name": "Wakiso - Link 1944", "district": "Wakiso", "pavement": "Paved", "condition": "Good", "length_km": 0.059}}, {"type": "Feature", "geometry": {"type": "LineString", "coordinates": [[32.5664, 0.27498], [32.56656, 0.27492]]}, "properties": {"link_id": "WAKI02403", "name": "Wakiso - Link 1945", "district": "Wakiso", "pavement": "Paved", "condition": "Good", "length_km": 0.02}}, {"type": "Feature", "geometry": {"type": "LineString", "coordinates": [[32.5663, 0.27494], [32.56634, 0.27513]]}, "properties": {"link_id": "WAKI02404", "name": "Wakiso - Link 1946", "district": "Wakiso", "pavement": "Paved", "condition": "Good", "length_km": 0.028}}, {"type": "Feature", "geometry": {"type": "LineString", "coordinates": [[32.56606, 0.27442], [32.56659, 0.27319]]}, "properties": {"link_id": "WAKI02405", "name": "Wakiso - Link 1947", "district": "Wakiso", "pavement": "Paved", "condition": "Good", "length_km": 0.15}}, {"type": "Feature", "geometry": {"type": "LineString", "coordinates": [[32.5667, 0.27348], [32.56638, 0.27364]]}, "properties": {"link_id": "WAKI02406", "name": "Wakiso - Link 1948", "district": "Wakiso", "pavement": "Unpaved", "condition": "Poor", "length_km": 0.054}}, {"type": "Feature", "geometry": {"type": "LineString", "coordinates": [[32.56606, 0.27442], [32.56777, 0.27442]]}, "properties": {"link_id": "WAKI02407", "name": "Wakiso - Link 1949", "district": "Wakiso", "pavement": "Paved", "condition": "Good", "length_km": 0.236}}, {"type": "Feature", "geometry": {"type": "LineString", "coordinates": [[32.56782, 0.27434], [32.56888, 0.27484]]}, "properties": {"link_id": "WAKI02408", "name": "Wakiso - Link 1950", "district": "Wakiso", "pavement": "Unpaved", "condition": "Fair", "length_km": 0.132}}, {"type": "Feature", "geometry": {"type": "LineString", "coordinates": [[32.56853, 0.27408], [32.56803, 0.27385]]}, "properties": {"link_id": "WAKI02409", "name": "Wakiso - Link 1951", "district": "Wakiso", "pavement": "Paved", "condition": "Good", "length_km": 0.061}}, {"type": "Feature", "geometry": {"type": "LineString", "coordinates": [[32.56831, 0.27334], [32.56896, 0.27365]]}, "properties": {"link_id": "WAKI02410", "name": "Wakiso - Link 1952", "district": "Wakiso", "pavement": "Unpaved", "condition": "Fair", "length_km": 0.081}}, {"type": "Feature", "geometry": {"type": "LineString", "coordinates": [[32.56817, 0.27259], [32.56853, 0.27279]]}, "properties": {"link_id": "WAKI02411", "name": "Wakiso - Link 1953", "district": "Wakiso", "pavement": "Unpaved", "condition": "Fair", "length_km": 0.045}}, {"type": "Feature", "geometry": {"type": "LineString", "coordinates": [[32.56751, 0.27334], [32.56754, 0.27306]]}, "properties": {"link_id": "WAKI02412", "name": "Wakiso - Link 1954", "district": "Wakiso", "pavement": "Paved", "condition": "Good", "length_km": 0.038}}, {"type": "Feature", "geometry": {"type": "LineString", "coordinates": [[32.56803, 0.27385], [32.56932, 0.26897]]}, "properties": {"link_id": "WAKI02413", "name": "Kikajjo Road", "district": "Wakiso", "pavement": "Paved", "condition": "Good", "length_km": 0.576}}, {"type": "Feature", "geometry": {"type": "LineString", "coordinates": [[32.57044, 0.27093], [32.56719, 0.26913]]}, "properties": {"link_id": "WAKI02414", "name": "Wakiso - Link 1955", "district": "Wakiso", "pavement": "Unpaved", "condition": "Fair", "length_km": 0.414}}, {"type": "Feature", "geometry": {"type": "LineString", "coordinates": [[32.5682, 0.26969], [32.56805, 0.27011]]}, "properties": {"link_id": "WAKI02415", "name": "Wakiso - Link 1956", "district": "Wakiso", "pavement": "Unpaved", "condition": "Fair", "length_km": 0.049}}, {"type": "Feature", "geometry": {"type": "LineString", "coordinates": [[32.56793, 0.27096], [32.56801, 0.27078]]}, "properties": {"link_id": "WAKI02416", "name": "Wakiso - Link 1957", "district": "Wakiso", "pavement": "Unpaved", "condition": "Fair", "length_km": 0.022}}, {"type": "Feature", "geometry": {"type": "LineString", "coordinates": [[32.56758, 0.27105], [32.56822, 0.27102]]}, "properties": {"link_id": "WAKI02417", "name": "Wakiso - Link 1958", "district": "Wakiso", "pavement": "Unpaved", "condition": "Fair", "length_km": 0.082}}, {"type": "Feature", "geometry": {"type": "LineString", "coordinates": [[32.56722, 0.27133], [32.56702, 0.27126]]}, "properties": {"link_id": "WAKI02418", "name": "Wakiso - Link 1959", "district": "Wakiso", "pavement": "Unpaved", "condition": "Poor", "length_km": 0.023}}, {"type": "Feature", "geometry": {"type": "LineString", "coordinates": [[32.56576, 0.27063], [32.56759, 0.27155]]}, "properties": {"link_id": "WAKI02419", "name": "Wakiso - Link 1960", "district": "Wakiso", "pavement": "Unpaved", "condition": "Fair", "length_km": 0.277}}, {"type": "Feature", "geometry": {"type": "LineString", "coordinates": [[32.56679, 0.26981], [32.56703, 0.26995]]}, "properties": {"link_id": "WAKI02420", "name": "Wakiso - Link 1961", "district": "Wakiso", "pavement": "Unpaved", "condition": "Fair", "length_km": 0.031}}, {"type": "Feature", "geometry": {"type": "LineString", "coordinates": [[32.56656, 0.27021], [32.56685, 0.27031]]}, "properties": {"link_id": "WAKI02421", "name": "Wakiso - Link 1962", "district": "Wakiso", "pavement": "Unpaved", "condition": "Fair", "length_km": 0.034}}, {"type": "Feature", "geometry": {"type": "LineString", "coordinates": [[32.56616, 0.27245], [32.56601, 0.27237]]}, "properties": {"link_id": "WAKI02422", "name": "Wakiso - Link 1963", "district": "Wakiso", "pavement": "Paved", "condition": "Good", "length_km": 0.018}}, {"type": "Feature", "geometry": {"type": "LineString", "coordinates": [[32.56648, 0.2726], [32.5674, 0.27092]]}, "properties": {"link_id": "WAKI02423", "name": "Wakiso - Link 1964", "district": "Wakiso", "pavement": "Paved", "condition": "Good", "length_km": 0.215}}, {"type": "Feature", "geometry": {"type": "LineString", "coordinates": [[32.56211, 0.25244], [32.5719, 0.2922]]}, "properties": {"link_id": "WAKI02424", "name": "Entebbe Road", "district": "Wakiso", "pavement": "Paved", "condition": "Good", "length_km": 4.712}}, {"type": "Feature", "geometry": {"type": "LineString", "coordinates": [[32.56691, 0.27289], [32.5672, 0.27244]]}, "properties": {"link_id": "WAKI02425", "name": "Wakiso - Link 1965", "district": "Wakiso", "pavement": "Paved", "condition": "Good", "length_km": 0.059}}, {"type": "Feature", "geometry": {"type": "LineString", "coordinates": [[32.56803, 0.27385], [32.56648, 0.2726]]}, "properties": {"link_id": "WAKI02426", "name": "Wakiso - Link 1966", "district": "Wakiso", "pavement": "Paved", "condition": "Good", "length_km": 0.223}}, {"type": "Feature", "geometry": {"type": "LineString", "coordinates": [[32.56718, 0.27312], [32.567, 0.27344]]}, "properties": {"link_id": "WAKI02427", "name": "Wakiso - Link 1967", "district": "Wakiso", "pavement": "Paved", "condition": "Good", "length_km": 0.041}}, {"type": "Feature", "geometry": {"type": "LineString", "coordinates": [[32.56659, 0.27319], [32.56616, 0.27245]]}, "properties": {"link_id": "WAKI02428", "name": "Wakiso - Link 1968", "district": "Wakiso", "pavement": "Paved", "condition": "Good", "length_km": 0.117}}, {"type": "Feature", "geometry": {"type": "LineString", "coordinates": [[32.56593, 0.27289], [32.56561, 0.27272]]}, "properties": {"link_id": "WAKI02429", "name": "Wakiso - Link 1969", "district": "Wakiso", "pavement": "Paved", "condition": "Good", "length_km": 0.042}}, {"type": "Feature", "geometry": {"type": "LineString", "coordinates": [[32.56582, 0.2729], [32.56572, 0.27275]]}, "properties": {"link_id": "WAKI02430", "name": "Wakiso - Link 1970", "district": "Wakiso", "pavement": "Paved", "condition": "Good", "length_km": 0.02}}, {"type": "Feature", "geometry": {"type": "LineString", "coordinates": [[32.56547, 0.27297], [32.56554, 0.27274]]}, "properties": {"link_id": "WAKI02431", "name": "Wakiso - Link 1971", "district": "Wakiso", "pavement": "Paved", "condition": "Good", "length_km": 0.027}}, {"type": "Feature", "geometry": {"type": "LineString", "coordinates": [[32.56554, 0.27274], [32.56554, 0.27271]]}, "properties": {"link_id": "WAKI02432", "name": "Wakiso - Link 1972", "district": "Wakiso", "pavement": "Paved", "condition": "Good", "length_km": 0.01}}, {"type": "Feature", "geometry": {"type": "LineString", "coordinates": [[32.56561, 0.27272], [32.56547, 0.27223]]}, "properties": {"link_id": "WAKI02433", "name": "Wakiso - Link 1973", "district": "Wakiso", "pavement": "Paved", "condition": "Good", "length_km": 0.062}}, {"type": "Feature", "geometry": {"type": "LineString", "coordinates": [[32.56533, 0.27353], [32.56547, 0.27297]]}, "properties": {"link_id": "WAKI02434", "name": "Wakiso - Link 1974", "district": "Wakiso", "pavement": "Paved", "condition": "Good", "length_km": 0.064}}, {"type": "Feature", "geometry": {"type": "LineString", "coordinates": [[32.56517, 0.27322], [32.56408, 0.27222]]}, "properties": {"link_id": "WAKI02435", "name": "Wakiso - Link 1975", "district": "Wakiso", "pavement": "Paved", "condition": "Good", "length_km": 0.165}}, {"type": "Feature", "geometry": {"type": "LineString", "coordinates": [[32.56533, 0.27231], [32.56504, 0.27309]]}, "properties": {"link_id": "WAKI02436", "name": "Wakiso - Link 1976", "district": "Wakiso", "pavement": "Paved", "condition": "Good", "length_km": 0.092}}, {"type": "Feature", "geometry": {"type": "LineString", "coordinates": [[32.56531, 0.27241], [32.56494, 0.27227]]}, "properties": {"link_id": "WAKI02437", "name": "Wakiso - Link 1977", "district": "Wakiso", "pavement": "Unpaved", "condition": "Fair", "length_km": 0.045}}, {"type": "Feature", "geometry": {"type": "LineString", "coordinates": [[32.56453, 0.27158], [32.56536, 0.27217]]}, "properties": {"link_id": "WAKI02438", "name": "Wakiso - Link 1978", "district": "Wakiso", "pavement": "Unpaved", "condition": "Fair", "length_km": 0.114}}, {"type": "Feature", "geometry": {"type": "LineString", "coordinates": [[32.56536, 0.27209], [32.56553, 0.27212]]}, "properties": {"link_id": "WAKI02439", "name": "Wakiso - Link 1979", "district": "Wakiso", "pavement": "Unpaved", "condition": "Poor", "length_km": 0.021}}, {"type": "Feature", "geometry": {"type": "LineString", "coordinates": [[32.56554, 0.27274], [32.56562, 0.27145]]}, "properties": {"link_id": "WAKI02440", "name": "Wakiso - Link 1980", "district": "Wakiso", "pavement": "Paved", "condition": "Good", "length_km": 0.243}}, {"type": "Feature", "geometry": {"type": "LineString", "coordinates": [[32.56528, 0.27024], [32.56501, 0.27012]]}, "properties": {"link_id": "WAKI02441", "name": "Wakiso - Link 1981", "district": "Wakiso", "pavement": "Paved", "condition": "Good", "length_km": 0.033}}, {"type": "Feature", "geometry": {"type": "LineString", "coordinates": [[32.56542, 0.26998], [32.56475, 0.26988]]}, "properties": {"link_id": "WAKI02442", "name": "Wakiso - Link 1982", "district": "Wakiso", "pavement": "Paved", "condition": "Good", "length_km": 0.079}}, {"type": "Feature", "geometry": {"type": "LineString", "coordinates": [[32.56479, 0.27064], [32.56479, 0.2706]]}, "properties": {"link_id": "WAKI02443", "name": "Wakiso - Link 1983", "district": "Wakiso", "pavement": "Unpaved", "condition": "Poor", "length_km": 0.01}}, {"type": "Feature", "geometry": {"type": "LineString", "coordinates": [[32.56485, 0.27101], [32.56294, 0.27054]]}, "properties": {"link_id": "WAKI02444", "name": "Wakiso - Link 1984", "district": "Wakiso", "pavement": "Paved", "condition": "Good", "length_km": 0.22}}, {"type": "Feature", "geometry": {"type": "LineString", "coordinates": [[32.56404, 0.27079], [32.56414, 0.27051]]}, "properties": {"link_id": "WAKI02445", "name": "Wakiso - Link 1985", "district": "Wakiso", "pavement": "Paved", "condition": "Good", "length_km": 0.033}}, {"type": "Feature", "geometry": {"type": "LineString", "coordinates": [[32.56441, 0.27056], [32.56442, 0.27053]]}, "properties": {"link_id": "WAKI02446", "name": "Wakiso - Link 1986", "district": "Wakiso", "pavement": "Unpaved", "condition": "Poor", "length_km": 0.01}}, {"type": "Feature", "geometry": {"type": "LineString", "coordinates": [[32.56437, 0.27048], [32.56442, 0.27053]]}, "properties": {"link_id": "WAKI02447", "name": "Wakiso - Link 1987", "district": "Wakiso", "pavement": "Unpaved", "condition": "Poor", "length_km": 0.01}}, {"type": "Feature", "geometry": {"type": "LineString", "coordinates": [[32.56439, 0.27008], [32.56416, 0.27048]]}, "properties": {"link_id": "WAKI02448", "name": "Wakiso - Link 1988", "district": "Wakiso", "pavement": "Unpaved", "condition": "Poor", "length_km": 0.052}}, {"type": "Feature", "geometry": {"type": "LineString", "coordinates": [[32.5645, 0.27026], [32.56437, 0.27048]]}, "properties": {"link_id": "WAKI02449", "name": "Wakiso - Link 1989", "district": "Wakiso", "pavement": "Paved", "condition": "Good", "length_km": 0.03}}, {"type": "Feature", "geometry": {"type": "LineString", "coordinates": [[32.56441, 0.2701], [32.56455, 0.27001]]}, "properties": {"link_id": "WAKI02450", "name": "Wakiso - Link 1990", "district": "Wakiso", "pavement": "Unpaved", "condition": "Poor", "length_km": 0.022}}, {"type": "Feature", "geometry": {"type": "LineString", "coordinates": [[32.56446, 0.27002], [32.56454, 0.26974]]}, "properties": {"link_id": "WAKI02451", "name": "Wakiso - Link 1991", "district": "Wakiso", "pavement": "Unpaved", "condition": "Poor", "length_km": 0.033}}, {"type": "Feature", "geometry": {"type": "LineString", "coordinates": [[32.56429, 0.26995], [32.56428, 0.26998]]}, "properties": {"link_id": "WAKI02452", "name": "Wakiso - Link 1992", "district": "Wakiso", "pavement": "Unpaved", "condition": "Poor", "length_km": 0.01}}, {"type": "Feature", "geometry": {"type": "LineString", "coordinates": [[32.56434, 0.26997], [32.56433, 0.27001]]}, "properties": {"link_id": "WAKI02453", "name": "Wakiso - Link 1993", "district": "Wakiso", "pavement": "Unpaved", "condition": "Poor", "length_km": 0.01}}, {"type": "Feature", "geometry": {"type": "LineString", "coordinates": [[32.56284, 0.26926], [32.56514, 0.27053]]}, "properties": {"link_id": "WAKI02454", "name": "Wakiso - Link 1994", "district": "Wakiso", "pavement": "Paved", "condition": "Good", "length_km": 0.296}}, {"type": "Feature", "geometry": {"type": "LineString", "coordinates": [[32.564, 0.26982], [32.56399, 0.26986]]}, "properties": {"link_id": "WAKI02455", "name": "Wakiso - Link 1995", "district": "Wakiso", "pavement": "Unpaved", "condition": "Poor", "length_km": 0.01}}, {"type": "Feature", "geometry": {"type": "LineString", "coordinates": [[32.56401, 0.2699], [32.5639, 0.27012]]}, "properties": {"link_id": "WAKI02456", "name": "Wakiso - Link 1996", "district": "Wakiso", "pavement": "Paved", "condition": "Good", "length_km": 0.028}}, {"type": "Feature", "geometry": {"type": "LineString", "coordinates": [[32.56414, 0.27051], [32.56416, 0.27048]]}, "properties": {"link_id": "WAKI02457", "name": "Wakiso - Link 1997", "district": "Wakiso", "pavement": "Unpaved", "condition": "Poor", "length_km": 0.01}}, {"type": "Feature", "geometry": {"type": "LineString", "coordinates": [[32.56413, 0.27054], [32.56382, 0.27034]]}, "properties": {"link_id": "WAKI02458", "name": "Wakiso - Link 1998", "district": "Wakiso", "pavement": "Unpaved", "condition": "Poor", "length_km": 0.041}}, {"type": "Feature", "geometry": {"type": "LineString", "coordinates": [[32.56373, 0.26979], [32.56373, 0.26978]]}, "properties": {"link_id": "WAKI02459", "name": "Wakiso - Link 1999", "district": "Wakiso", "pavement": "Unpaved", "condition": "Poor", "length_km": 0.01}}, {"type": "Feature", "geometry": {"type": "LineString", "coordinates": [[32.56374, 0.26974], [32.56373, 0.26978]]}, "properties": {"link_id": "WAKI02460", "name": "Wakiso - Link 2000", "district": "Wakiso", "pavement": "Unpaved", "condition": "Poor", "length_km": 0.01}}, {"type": "Feature", "geometry": {"type": "LineString", "coordinates": [[32.56333, 0.26984], [32.56334, 0.26982]]}, "properties": {"link_id": "WAKI02461", "name": "Wakiso - Link 2001", "district": "Wakiso", "pavement": "Unpaved", "condition": "Poor", "length_km": 0.01}}, {"type": "Feature", "geometry": {"type": "LineString", "coordinates": [[32.56323, 0.26981], [32.56324, 0.26979]]}, "properties": {"link_id": "WAKI02462", "name": "Wakiso - Link 2002", "district": "Wakiso", "pavement": "Unpaved", "condition": "Poor", "length_km": 0.01}}, {"type": "Feature", "geometry": {"type": "LineString", "coordinates": [[32.56417, 0.27208], [32.5635, 0.27166]]}, "properties": {"link_id": "WAKI02463", "name": "Wakiso - Link 2003", "district": "Wakiso", "pavement": "Unpaved", "condition": "Fair", "length_km": 0.088}}, {"type": "Feature", "geometry": {"type": "LineString", "coordinates": [[32.56305, 0.27405], [32.56586, 0.2693]]}, "properties": {"link_id": "WAKI02464", "name": "Gabunga Road 2", "district": "Wakiso", "pavement": "Paved", "condition": "Good", "length_km": 0.616}}, {"type": "Feature", "geometry": {"type": "LineString", "coordinates": [[32.56432, 0.27335], [32.56467, 0.27278]]}, "properties": {"link_id": "WAKI02465", "name": "Wakiso - Link 2004", "district": "Wakiso", "pavement": "Unpaved", "condition": "Fair", "length_km": 0.074}}, {"type": "Feature", "geometry": {"type": "LineString", "coordinates": [[32.56421, 0.27328], [32.56421, 0.27318]]}, "properties": {"link_id": "WAKI02466", "name": "Wakiso - Link 2005", "district": "Wakiso", "pavement": "Paved", "condition": "Good", "length_km": 0.012}}, {"type": "Feature", "geometry": {"type": "LineString", "coordinates": [[32.56432, 0.27335], [32.56411, 0.27323]]}, "properties": {"link_id": "WAKI02467", "name": "Wakiso - Link 2006", "district": "Wakiso", "pavement": "Paved", "condition": "Good", "length_km": 0.026}}, {"type": "Feature", "geometry": {"type": "LineString", "coordinates": [[32.56359, 0.27303], [32.56409, 0.27343]]}, "properties": {"link_id": "WAKI02468", "name": "Wakiso - Link 2007", "district": "Wakiso", "pavement": "Unpaved", "condition": "Poor", "length_km": 0.072}}, {"type": "Feature", "geometry": {"type": "LineString", "coordinates": [[32.56378, 0.2734], [32.56348, 0.27322]]}, "properties": {"link_id": "WAKI02469", "name": "Wakiso - Link 2008", "district": "Wakiso", "pavement": "Unpaved", "condition": "Poor", "length_km": 0.039}}, {"type": "Feature", "geometry": {"type": "LineString", "coordinates": [[32.56424, 0.27351], [32.56338, 0.27339]]}, "properties": {"link_id": "WAKI02470", "name": "Wakiso - Link 2009", "district": "Wakiso", "pavement": "Unpaved", "condition": "Poor", "length_km": 0.099}}, {"type": "Feature", "geometry": {"type": "LineString", "coordinates": [[32.56351, 0.27413], [32.56366, 0.27376]]}, "properties": {"link_id": "WAKI02471", "name": "Wakiso - Link 2010", "district": "Wakiso", "pavement": "Paved", "condition": "Good", "length_km": 0.045}}, {"type": "Feature", "geometry": {"type": "LineString", "coordinates": [[32.56389, 0.27499], [32.56352, 0.27486]]}, "properties": {"link_id": "WAKI02472", "name": "Wakiso - Link 2011", "district": "Wakiso", "pavement": "Paved", "condition": "Good", "length_km": 0.044}}, {"type": "Feature", "geometry": {"type": "LineString", "coordinates": [[32.56407, 0.27422], [32.56408, 0.27419]]}, "properties": {"link_id": "WAKI02473", "name": "Wakiso - Link 2012", "district": "Wakiso", "pavement": "Unpaved", "condition": "Poor", "length_km": 0.01}}, {"type": "Feature", "geometry": {"type": "LineString", "coordinates": [[32.56405, 0.27423], [32.56389, 0.27499]]}, "properties": {"link_id": "WAKI02474", "name": "Wakiso - Link 2013", "district": "Wakiso", "pavement": "Paved", "condition": "Good", "length_km": 0.087}}, {"type": "Feature", "geometry": {"type": "LineString", "coordinates": [[32.56484, 0.27449], [32.56435, 0.2745]]}, "properties": {"link_id": "WAKI02475", "name": "Wakiso - Link 2014", "district": "Wakiso", "pavement": "Paved", "condition": "Good", "length_km": 0.061}}, {"type": "Feature", "geometry": {"type": "LineString", "coordinates": [[32.56442, 0.27431], [32.5644, 0.27447]]}, "properties": {"link_id": "WAKI02476", "name": "Wakiso - Link 2015", "district": "Wakiso", "pavement": "Paved", "condition": "Good", "length_km": 0.018}}, {"type": "Feature", "geometry": {"type": "LineString", "coordinates": [[32.56427, 0.27431], [32.56427, 0.27433]]}, "properties": {"link_id": "WAKI02477", "name": "Wakiso - Link 2016", "district": "Wakiso", "pavement": "Unpaved", "condition": "Poor", "length_km": 0.01}}, {"type": "Feature", "geometry": {"type": "LineString", "coordinates": [[32.5642, 0.27393], [32.56432, 0.27398]]}, "properties": {"link_id": "WAKI02478", "name": "Wakiso - Link 2017", "district": "Wakiso", "pavement": "Paved", "condition": "Good", "length_km": 0.047}}, {"type": "Feature", "geometry": {"type": "LineString", "coordinates": [[32.56419, 0.27395], [32.56404, 0.27388]]}, "properties": {"link_id": "WAKI02479", "name": "Wakiso - Link 2018", "district": "Wakiso", "pavement": "Paved", "condition": "Good", "length_km": 0.019}}, {"type": "Feature", "geometry": {"type": "LineString", "coordinates": [[32.56398, 0.27422], [32.56424, 0.27352]]}, "properties": {"link_id": "WAKI02480", "name": "Wakiso - Link 2019", "district": "Wakiso", "pavement": "Paved", "condition": "Good", "length_km": 0.099}}, {"type": "Feature", "geometry": {"type": "LineString", "coordinates": [[32.56432, 0.27335], [32.56431, 0.27339]]}, "properties": {"link_id": "WAKI02481", "name": "Wakiso - Link 2020", "district": "Wakiso", "pavement": "Paved", "condition": "Good", "length_km": 0.01}}, {"type": "Feature", "geometry": {"type": "LineString", "coordinates": [[32.56424, 0.27352], [32.56431, 0.27339]]}, "properties": {"link_id": "WAKI02482", "name": "Wakiso - Link 2021", "district": "Wakiso", "pavement": "Paved", "condition": "Good", "length_km": 0.016}}, {"type": "Feature", "geometry": {"type": "LineString", "coordinates": [[32.56437, 0.27369], [32.56424, 0.27367]]}, "properties": {"link_id": "WAKI02483", "name": "Wakiso - Link 2022", "district": "Wakiso", "pavement": "Paved", "condition": "Good", "length_km": 0.018}}, {"type": "Feature", "geometry": {"type": "LineString", "coordinates": [[32.56452, 0.27429], [32.56503, 0.2737]]}, "properties": {"link_id": "WAKI02484", "name": "Wakiso - Link 2023", "district": "Wakiso", "pavement": "Unpaved", "condition": "Poor", "length_km": 0.104}}, {"type": "Feature", "geometry": {"type": "LineString", "coordinates": [[32.56481, 0.27384], [32.56475, 0.27399]]}, "properties": {"link_id": "WAKI02485", "name": "Wakiso - Link 2024", "district": "Wakiso", "pavement": "Paved", "condition": "Good", "length_km": 0.018}}, {"type": "Feature", "geometry": {"type": "LineString", "coordinates": [[32.56508, 0.27373], [32.56454, 0.27386]]}, "properties": {"link_id": "WAKI02486", "name": "Wakiso - Link 2025", "district": "Wakiso", "pavement": "Paved", "condition": "Good", "length_km": 0.078}}, {"type": "Feature", "geometry": {"type": "LineString", "coordinates": [[32.56501, 0.27385], [32.56495, 0.27424]]}, "properties": {"link_id": "WAKI02487", "name": "Wakiso - Link 2026", "district": "Wakiso", "pavement": "Unpaved", "condition": "Poor", "length_km": 0.044}}, {"type": "Feature", "geometry": {"type": "LineString", "coordinates": [[32.56496, 0.27397], [32.565, 0.27414]]}, "properties": {"link_id": "WAKI02488", "name": "Wakiso - Link 2027", "district": "Wakiso", "pavement": "Unpaved", "condition": "Poor", "length_km": 0.023}}, {"type": "Feature", "geometry": {"type": "LineString", "coordinates": [[32.5653, 0.27415], [32.5653, 0.27419]]}, "properties": {"link_id": "WAKI02489", "name": "Wakiso - Link 2028", "district": "Wakiso", "pavement": "Paved", "condition": "Good", "length_km": 0.01}}, {"type": "Feature", "geometry": {"type": "LineString", "coordinates": [[32.56525, 0.27416], [32.56532, 0.27362]]}, "properties": {"link_id": "WAKI02490", "name": "Wakiso - Link 2029", "district": "Wakiso", "pavement": "Paved", "condition": "Good", "length_km": 0.061}}, {"type": "Feature", "geometry": {"type": "LineString", "coordinates": [[32.56511, 0.274], [32.5652, 0.27372]]}, "properties": {"link_id": "WAKI02491", "name": "Entebbe Road", "district": "Wakiso", "pavement": "Paved", "condition": "Good", "length_km": 0.033}}, {"type": "Feature", "geometry": {"type": "LineString", "coordinates": [[32.56504, 0.27383], [32.56523, 0.27384]]}, "properties": {"link_id": "WAKI02492", "name": "Wakiso - Link 2030", "district": "Wakiso", "pavement": "Unpaved", "condition": "Poor", "length_km": 0.023}}, {"type": "Feature", "geometry": {"type": "LineString", "coordinates": [[32.56527, 0.2735], [32.56518, 0.27407]]}, "properties": {"link_id": "WAKI02493", "name": "Wakiso - Link 2031", "district": "Wakiso", "pavement": "Paved", "condition": "Good", "length_km": 0.064}}, {"type": "Feature", "geometry": {"type": "LineString", "coordinates": [[32.5652, 0.27372], [32.56523, 0.27356]]}, "properties": {"link_id": "WAKI02494", "name": "Entebbe Road", "district": "Wakiso", "pavement": "Paved", "condition": "Good", "length_km": 0.017}}, {"type": "Feature", "geometry": {"type": "LineString", "coordinates": [[32.56514, 0.27315], [32.56505, 0.2737]]}, "properties": {"link_id": "WAKI02495", "name": "Wakiso - Link 2032", "district": "Wakiso", "pavement": "Paved", "condition": "Good", "length_km": 0.062}}, {"type": "Feature", "geometry": {"type": "LineString", "coordinates": [[32.56532, 0.27362], [32.56533, 0.27353]]}, "properties": {"link_id": "WAKI02496", "name": "Wakiso - Link 2033", "district": "Wakiso", "pavement": "Paved", "condition": "Good", "length_km": 0.01}}, {"type": "Feature", "geometry": {"type": "LineString", "coordinates": [[32.56533, 0.27353], [32.56544, 0.27356]]}, "properties": {"link_id": "WAKI02497", "name": "Wakiso - Link 2034", "district": "Wakiso", "pavement": "Unpaved", "condition": "Poor", "length_km": 0.014}}, {"type": "Feature", "geometry": {"type": "LineString", "coordinates": [[32.56555, 0.27355], [32.56555, 0.27354]]}, "properties": {"link_id": "WAKI02498", "name": "Wakiso - Link 2035", "district": "Wakiso", "pavement": "Unpaved", "condition": "Poor", "length_km": 0.01}}, {"type": "Feature", "geometry": {"type": "LineString", "coordinates": [[32.56547, 0.27423], [32.56582, 0.2729]]}, "properties": {"link_id": "WAKI02499", "name": "Wakiso - Link 2036", "district": "Wakiso", "pavement": "Paved", "condition": "Good", "length_km": 0.161}}, {"type": "Feature", "geometry": {"type": "LineString", "coordinates": [[32.56555, 0.27354], [32.5656, 0.27354]]}, "properties": {"link_id": "WAKI02500", "name": "Wakiso - Link 2037", "district": "Wakiso", "pavement": "Unpaved", "condition": "Poor", "length_km": 0.01}}, {"type": "Feature", "geometry": {"type": "LineString", "coordinates": [[32.56544, 0.27356], [32.56547, 0.27423]]}, "properties": {"link_id": "WAKI02501", "name": "Wakiso - Link 2038", "district": "Wakiso", "pavement": "Paved", "condition": "Good", "length_km": 0.084}}, {"type": "Feature", "geometry": {"type": "LineString", "coordinates": [[32.5653, 0.27431], [32.56543, 0.27431]]}, "properties": {"link_id": "WAKI02502", "name": "Wakiso - Link 2039", "district": "Wakiso", "pavement": "Paved", "condition": "Good", "length_km": 0.015}}, {"type": "Feature", "geometry": {"type": "LineString", "coordinates": [[32.56544, 0.2744], [32.56547, 0.27444]]}, "properties": {"link_id": "WAKI02503", "name": "Wakiso - Link 2040", "district": "Wakiso", "pavement": "Paved", "condition": "Good", "length_km": 0.01}}, {"type": "Feature", "geometry": {"type": "LineString", "coordinates": [[32.5653, 0.27438], [32.56549, 0.27448]]}, "properties": {"link_id": "WAKI02504", "name": "Wakiso - Link 2041", "district": "Wakiso", "pavement": "Paved", "condition": "Good", "length_km": 0.023}}, {"type": "Feature", "geometry": {"type": "LineString", "coordinates": [[32.56587, 0.27477], [32.5651, 0.27439]]}, "properties": {"link_id": "WAKI02505", "name": "Better View Road", "district": "Wakiso", "pavement": "Paved", "condition": "Good", "length_km": 0.096}}, {"type": "Feature", "geometry": {"type": "LineString", "coordinates": [[32.56549, 0.27448], [32.56579, 0.27464]]}, "properties": {"link_id": "WAKI02506", "name": "Wakiso - Link 2042", "district": "Wakiso", "pavement": "Paved", "condition": "Good", "length_km": 0.038}}, {"type": "Feature", "geometry": {"type": "LineString", "coordinates": [[32.56606, 0.27442], [32.56587, 0.27477]]}, "properties": {"link_id": "WAKI02507", "name": "Wakiso - Link 2043", "district": "Wakiso", "pavement": "Paved", "condition": "Good", "length_km": 0.044}}, {"type": "Feature", "geometry": {"type": "LineString", "coordinates": [[32.56587, 0.27477], [32.56593, 0.27521]]}, "properties": {"link_id": "WAKI02508", "name": "Wakiso - Link 2044", "district": "Wakiso", "pavement": "Unpaved", "condition": "Poor", "length_km": 0.053}}, {"type": "Feature", "geometry": {"type": "LineString", "coordinates": [[32.56557, 0.27467], [32.56552, 0.27479]]}, "properties": {"link_id": "WAKI02509", "name": "Wakiso - Link 2045", "district": "Wakiso", "pavement": "Paved", "condition": "Good", "length_km": 0.015}}, {"type": "Feature", "geometry": {"type": "LineString", "coordinates": [[32.56534, 0.27473], [32.56544, 0.27483]]}, "properties": {"link_id": "WAKI02510", "name": "Wakiso - Link 2046", "district": "Wakiso", "pavement": "Paved", "condition": "Good", "length_km": 0.022}}, {"type": "Feature", "geometry": {"type": "LineString", "coordinates": [[32.56538, 0.27471], [32.5654, 0.27472]]}, "properties": {"link_id": "WAKI02511", "name": "Wakiso - Link 2047", "district": "Wakiso", "pavement": "Paved", "condition": "Good", "length_km": 0.01}}, {"type": "Feature", "geometry": {"type": "LineString", "coordinates": [[32.56499, 0.27499], [32.56497, 0.275]]}, "properties": {"link_id": "WAKI02512", "name": "Wakiso - Link 2048", "district": "Wakiso", "pavement": "Unpaved", "condition": "Poor", "length_km": 0.01}}, {"type": "Feature", "geometry": {"type": "LineString", "coordinates": [[32.5651, 0.27465], [32.56524, 0.27464]]}, "properties": {"link_id": "WAKI02513", "name": "Wakiso - Link 2049", "district": "Wakiso", "pavement": "Paved", "condition": "Good", "length_km": 0.016}}, {"type": "Feature", "geometry": {"type": "LineString", "coordinates": [[32.56512, 0.27487], [32.56525, 0.27473]]}, "properties": {"link_id": "WAKI02514", "name": "Wakiso - Link 2050", "district": "Wakiso", "pavement": "Unpaved", "condition": "Poor", "length_km": 0.023}}, {"type": "Feature", "geometry": {"type": "LineString", "coordinates": [[32.56518, 0.27468], [32.56517, 0.27446]]}, "properties": {"link_id": "WAKI02515", "name": "Wakiso - Link 2051", "district": "Wakiso", "pavement": "Paved", "condition": "Good", "length_km": 0.024}}, {"type": "Feature", "geometry": {"type": "LineString", "coordinates": [[32.56524, 0.27442], [32.56524, 0.27445]]}, "properties": {"link_id": "WAKI02516", "name": "Wakiso - Link 2052", "district": "Wakiso", "pavement": "Paved", "condition": "Good", "length_km": 0.01}}, {"type": "Feature", "geometry": {"type": "LineString", "coordinates": [[32.56528, 0.27447], [32.56528, 0.27448]]}, "properties": {"link_id": "WAKI02517", "name": "Wakiso - Link 2053", "district": "Wakiso", "pavement": "Paved", "condition": "Good", "length_km": 0.01}}, {"type": "Feature", "geometry": {"type": "LineString", "coordinates": [[32.56526, 0.27446], [32.56526, 0.27447]]}, "properties": {"link_id": "WAKI02518", "name": "Wakiso - Link 2054", "district": "Wakiso", "pavement": "Paved", "condition": "Good", "length_km": 0.01}}, {"type": "Feature", "geometry": {"type": "LineString", "coordinates": [[32.56526, 0.27446], [32.56526, 0.27442]]}, "properties": {"link_id": "WAKI02519", "name": "Wakiso - Link 2055", "district": "Wakiso", "pavement": "Paved", "condition": "Good", "length_km": 0.01}}, {"type": "Feature", "geometry": {"type": "LineString", "coordinates": [[32.56526, 0.27447], [32.56526, 0.27448]]}, "properties": {"link_id": "WAKI02520", "name": "Wakiso - Link 2056", "district": "Wakiso", "pavement": "Paved", "condition": "Good", "length_km": 0.01}}, {"type": "Feature", "geometry": {"type": "LineString", "coordinates": [[32.56521, 0.27435], [32.5653, 0.27431]]}, "properties": {"link_id": "WAKI02521", "name": "Wakiso - Link 2057", "district": "Wakiso", "pavement": "Paved", "condition": "Good", "length_km": 0.01}}, {"type": "Feature", "geometry": {"type": "LineString", "coordinates": [[32.56521, 0.27435], [32.5653, 0.27438]]}, "properties": {"link_id": "WAKI02522", "name": "Wakiso - Link 2058", "district": "Wakiso", "pavement": "Paved", "condition": "Good", "length_km": 0.01}}, {"type": "Feature", "geometry": {"type": "LineString", "coordinates": [[32.56521, 0.27435], [32.56525, 0.27416]]}, "properties": {"link_id": "WAKI02523", "name": "Wakiso - Link 2059", "district": "Wakiso", "pavement": "Paved", "condition": "Good", "length_km": 0.022}}, {"type": "Feature", "geometry": {"type": "LineString", "coordinates": [[32.56516, 0.27434], [32.56516, 0.27433]]}, "properties": {"link_id": "WAKI02524", "name": "Wakiso - Link 2060", "district": "Wakiso", "pavement": "Paved", "condition": "Good", "length_km": 0.01}}, {"type": "Feature", "geometry": {"type": "LineString", "coordinates": [[32.56517, 0.27446], [32.56516, 0.27434]]}, "properties": {"link_id": "WAKI02525", "name": "Wakiso - Link 2061", "district": "Wakiso", "pavement": "Paved", "condition": "Good", "length_km": 0.013}}, {"type": "Feature", "geometry": {"type": "LineString", "coordinates": [[32.5651, 0.27436], [32.56521, 0.27435]]}, "properties": {"link_id": "WAKI02526", "name": "Wakiso - Link 2062", "district": "Wakiso", "pavement": "Paved", "condition": "Good", "length_km": 0.013}}, {"type": "Feature", "geometry": {"type": "LineString", "coordinates": [[32.56503, 0.27432], [32.56505, 0.27468]]}, "properties": {"link_id": "WAKI02527", "name": "Wakiso - Link 2063", "district": "Wakiso", "pavement": "Paved", "condition": "Good", "length_km": 0.04}}, {"type": "Feature", "geometry": {"type": "LineString", "coordinates": [[32.56504, 0.27411], [32.56471, 0.27438]]}, "properties": {"link_id": "WAKI02528", "name": "Nyanama Road", "district": "Wakiso", "pavement": "Unpaved", "condition": "Fair", "length_km": 0.053}}, {"type": "Feature", "geometry": {"type": "LineString", "coordinates": [[32.56478, 0.27454], [32.56468, 0.27483]]}, "properties": {"link_id": "WAKI02529", "name": "Wakiso - Link 2064", "district": "Wakiso", "pavement": "Paved", "condition": "Good", "length_km": 0.038}}, {"type": "Feature", "geometry": {"type": "LineString", "coordinates": [[32.56471, 0.27438], [32.56504, 0.27493]]}, "properties": {"link_id": "WAKI02530", "name": "Nyanama Road", "district": "Wakiso", "pavement": "Unpaved", "condition": "Fair", "length_km": 0.074}}, {"type": "Feature", "geometry": {"type": "LineString", "coordinates": [[32.56481, 0.27452], [32.56491, 0.27489]]}, "properties": {"link_id": "WAKI02531", "name": "Wakiso - Link 2065", "district": "Wakiso", "pavement": "Unpaved", "condition": "Poor", "length_km": 0.044}}, {"type": "Feature", "geometry": {"type": "LineString", "coordinates": [[32.56496, 0.27465], [32.5648, 0.27468]]}, "properties": {"link_id": "WAKI02532", "name": "Wakiso - Link 2066", "district": "Wakiso", "pavement": "Paved", "condition": "Good", "length_km": 0.018}}, {"type": "Feature", "geometry": {"type": "LineString", "coordinates": [[32.56511, 0.27554], [32.56528, 0.2755]]}, "properties": {"link_id": "WAKI02533", "name": "Wakiso - Link 2067", "district": "Wakiso", "pavement": "Unpaved", "condition": "Poor", "length_km": 0.021}}, {"type": "Feature", "geometry": {"type": "LineString", "coordinates": [[32.56517, 0.27537], [32.56548, 0.27522]]}, "properties": {"link_id": "WAKI02534", "name": "Wakiso - Link 2068", "district": "Wakiso", "pavement": "Paved", "condition": "Good", "length_km": 0.041}}, {"type": "Feature", "geometry": {"type": "LineString", "coordinates": [[32.56524, 0.27576], [32.56582, 0.27577]]}, "properties": {"link_id": "WAKI02535", "name": "Wakiso - Link 2069", "district": "Wakiso", "pavement": "Paved", "condition": "Good", "length_km": 0.065}}, {"type": "Feature", "geometry": {"type": "LineString", "coordinates": [[32.56537, 0.27572], [32.56532, 0.27534]]}, "properties": {"link_id": "WAKI02536", "name": "Wakiso - Link 2070", "district": "Wakiso", "pavement": "Paved", "condition": "Good", "length_km": 0.042}}, {"type": "Feature", "geometry": {"type": "LineString", "coordinates": [[32.56389, 0.27499], [32.56363, 0.2761]]}, "properties": {"link_id": "WAKI02537", "name": "Wakiso - Link 2071", "district": "Wakiso", "pavement": "Unpaved", "condition": "Fair", "length_km": 0.127}}, {"type": "Feature", "geometry": {"type": "LineString", "coordinates": [[32.56538, 0.27683], [32.56213, 0.2757]]}, "properties": {"link_id": "WAKI02538", "name": "Wakiso - Link 2072", "district": "Wakiso", "pavement": "Unpaved", "condition": "Fair", "length_km": 0.384}}, {"type": "Feature", "geometry": {"type": "LineString", "coordinates": [[32.56189, 0.2762], [32.56354, 0.27653]]}, "properties": {"link_id": "WAKI02539", "name": "Wakiso - Link 2073", "district": "Wakiso", "pavement": "Unpaved", "condition": "Fair", "length_km": 0.189}}, {"type": "Feature", "geometry": {"type": "LineString", "coordinates": [[32.56256, 0.27489], [32.56285, 0.27504]]}, "properties": {"link_id": "WAKI02540", "name": "Wakiso - Link 2074", "district": "Wakiso", "pavement": "Unpaved", "condition": "Fair", "length_km": 0.037}}, {"type": "Feature", "geometry": {"type": "LineString", "coordinates": [[32.56274, 0.27458], [32.563, 0.27471]]}, "properties": {"link_id": "WAKI02541", "name": "Wakiso - Link 2075", "district": "Wakiso", "pavement": "Unpaved", "condition": "Fair", "length_km": 0.032}}, {"type": "Feature", "geometry": {"type": "LineString", "coordinates": [[32.56317, 0.2741], [32.56317, 0.27413]]}, "properties": {"link_id": "WAKI02542", "name": "Wakiso - Link 2076", "district": "Wakiso", "pavement": "Unpaved", "condition": "Poor", "length_km": 0.01}}, {"type": "Feature", "geometry": {"type": "LineString", "coordinates": [[32.56248, 0.27394], [32.56261, 0.27347]]}, "properties": {"link_id": "WAKI02543", "name": "Wakiso - Link 2077", "district": "Wakiso", "pavement": "Unpaved", "condition": "Fair", "length_km": 0.055}}, {"type": "Feature", "geometry": {"type": "LineString", "coordinates": [[32.56209, 0.27387], [32.56224, 0.27332]]}, "properties": {"link_id": "WAKI02544", "name": "Wakiso - Link 2078", "district": "Wakiso", "pavement": "Unpaved", "condition": "Fair", "length_km": 0.064}}, {"type": "Feature", "geometry": {"type": "LineString", "coordinates": [[32.56261, 0.27479], [32.56196, 0.27455]]}, "properties": {"link_id": "WAKI02545", "name": "Wakiso - Link 2079", "district": "Wakiso", "pavement": "Unpaved", "condition": "Fair", "length_km": 0.078}}, {"type": "Feature", "geometry": {"type": "LineString", "coordinates": [[32.56162, 0.27379], [32.56156, 0.27411]]}, "properties": {"link_id": "WAKI02546", "name": "Wakiso - Link 2080", "district": "Wakiso", "pavement": "Unpaved", "condition": "Fair", "length_km": 0.036}}, {"type": "Feature", "geometry": {"type": "LineString", "coordinates": [[32.56123, 0.27372], [32.56148, 0.27453]]}, "properties": {"link_id": "WAKI02547", "name": "Wakiso - Link 2081", "district": "Wakiso", "pavement": "Unpaved", "condition": "Fair", "length_km": 0.104}}, {"type": "Feature", "geometry": {"type": "LineString", "coordinates": [[32.55981, 0.27431], [32.56221, 0.27553]]}, "properties": {"link_id": "WAKI02548", "name": "Wakiso - Link 2082", "district": "Wakiso", "pavement": "Unpaved", "condition": "Fair", "length_km": 0.302}}, {"type": "Feature", "geometry": {"type": "LineString", "coordinates": [[32.56186, 0.27625], [32.55978, 0.27462]]}, "properties": {"link_id": "WAKI02549", "name": "Wakiso - Link 2083", "district": "Wakiso", "pavement": "Unpaved", "condition": "Fair", "length_km": 0.295}}, {"type": "Feature", "geometry": {"type": "LineString", "coordinates": [[32.56305, 0.27405], [32.56028, 0.27926]]}, "properties": {"link_id": "WAKI02550", "name": "Gabunga Road 2", "district": "Wakiso", "pavement": "Unpaved", "condition": "Fair", "length_km": 0.657}}, {"type": "Feature", "geometry": {"type": "LineString", "coordinates": [[32.55923, 0.2753], [32.56144, 0.27702]]}, "properties": {"link_id": "WAKI02551", "name": "Wakiso - Link 2084", "district": "Wakiso", "pavement": "Unpaved", "condition": "Fair", "length_km": 0.312}}, {"type": "Feature", "geometry": {"type": "LineString", "coordinates": [[32.55875, 0.27547], [32.55923, 0.2753]]}, "properties": {"link_id": "WAKI02552", "name": "Wakiso - Link 2085", "district": "Wakiso", "pavement": "Unpaved", "condition": "Poor", "length_km": 0.069}}, {"type": "Feature", "geometry": {"type": "LineString", "coordinates": [[32.55943, 0.2765], [32.5597, 0.27682]]}, "properties": {"link_id": "WAKI02553", "name": "Wakiso - Link 2086", "district": "Wakiso", "pavement": "Unpaved", "condition": "Fair", "length_km": 0.046}}, {"type": "Feature", "geometry": {"type": "LineString", "coordinates": [[32.55828, 0.27577], [32.55807, 0.27573]]}, "properties": {"link_id": "WAKI02554", "name": "Wakiso - Link 2087", "district": "Wakiso", "pavement": "Paved", "condition": "Good", "length_km": 0.026}}, {"type": "Feature", "geometry": {"type": "LineString", "coordinates": [[32.55802, 0.27551], [32.55795, 0.2756]]}, "properties": {"link_id": "WAKI02555", "name": "Wakiso - Link 2088", "district": "Wakiso", "pavement": "Paved", "condition": "Good", "length_km": 0.013}}, {"type": "Feature", "geometry": {"type": "LineString", "coordinates": [[32.5572, 0.27533], [32.55831, 0.27574]]}, "properties": {"link_id": "WAKI02556", "name": "Wakiso - Link 2089", "district": "Wakiso", "pavement": "Paved", "condition": "Good", "length_km": 0.136}}, {"type": "Feature", "geometry": {"type": "LineString", "coordinates": [[32.55804, 0.2748], [32.55855, 0.27553]]}, "properties": {"link_id": "WAKI02557", "name": "Wakiso - Link 2090", "district": "Wakiso", "pavement": "Paved", "condition": "Good", "length_km": 0.126}}, {"type": "Feature", "geometry": {"type": "LineString", "coordinates": [[32.55863, 0.27536], [32.55843, 0.27521]]}, "properties": {"link_id": "WAKI02558", "name": "Wakiso - Link 2091", "district": "Wakiso", "pavement": "Paved", "condition": "Good", "length_km": 0.028}}, {"type": "Feature", "geometry": {"type": "LineString", "coordinates": [[32.55812, 0.27595], [32.55883, 0.2758]]}, "properties": {"link_id": "WAKI02559", "name": "Wakiso - Link 2092", "district": "Wakiso", "pavement": "Unpaved", "condition": "Fair", "length_km": 0.115}}, {"type": "Feature", "geometry": {"type": "LineString", "coordinates": [[32.55923, 0.2753], [32.55836, 0.27639]]}, "properties": {"link_id": "WAKI02560", "name": "Wakiso - Link 2093", "district": "Wakiso", "pavement": "Unpaved", "condition": "Fair", "length_km": 0.155}}, {"type": "Feature", "geometry": {"type": "LineString", "coordinates": [[32.55786, 0.27309], [32.55761, 0.27361]]}, "properties": {"link_id": "WAKI02561", "name": "Wakiso - Link 2094", "district": "Wakiso", "pavement": "Paved", "condition": "Good", "length_km": 0.066}}, {"type": "Feature", "geometry": {"type": "LineString", "coordinates": [[32.55787, 0.27304], [32.5577, 0.27402]]}, "properties": {"link_id": "WAKI02562", "name": "Wakiso - Link 2095", "district": "Wakiso", "pavement": "Paved", "condition": "Good", "length_km": 0.115}}, {"type": "Feature", "geometry": {"type": "LineString", "coordinates": [[32.55887, 0.27328], [32.55871, 0.27386]]}, "properties": {"link_id": "WAKI02563", "name": "Wakiso - Link 2096", "district": "Wakiso", "pavement": "Paved", "condition": "Good", "length_km": 0.067}}, {"type": "Feature", "geometry": {"type": "LineString", "coordinates": [[32.55928, 0.27338], [32.55907, 0.27393]]}, "properties": {"link_id": "WAKI02564", "name": "Wakiso - Link 2097", "district": "Wakiso", "pavement": "Paved", "condition": "Good", "length_km": 0.066}}, {"type": "Feature", "geometry": {"type": "LineString", "coordinates": [[32.55933, 0.27353], [32.55936, 0.2734]]}, "properties": {"link_id": "WAKI02565", "name": "Wakiso - Link 2098", "district": "Wakiso", "pavement": "Paved", "condition": "Good", "length_km": 0.016}}, {"type": "Feature", "geometry": {"type": "LineString", "coordinates": [[32.55923, 0.2753], [32.55978, 0.27462]]}, "properties": {"link_id": "WAKI02566", "name": "Wakiso - Link 2099", "district": "Wakiso", "pavement": "Unpaved", "condition": "Fair", "length_km": 0.098}}, {"type": "Feature", "geometry": {"type": "LineString", "coordinates": [[32.56044, 0.27358], [32.56015, 0.27446]]}, "properties": {"link_id": "WAKI02567", "name": "Wakiso - Link 2100", "district": "Wakiso", "pavement": "Unpaved", "condition": "Fair", "length_km": 0.104}}, {"type": "Feature", "geometry": {"type": "LineString", "coordinates": [[32.56017, 0.27354], [32.5602, 0.2724]]}, "properties": {"link_id": "WAKI02568", "name": "Wakiso - Link 2101", "district": "Wakiso", "pavement": "Unpaved", "condition": "Fair", "length_km": 0.132}}, {"type": "Feature", "geometry": {"type": "LineString", "coordinates": [[32.56007, 0.27279], [32.55966, 0.27264]]}, "properties": {"link_id": "WAKI02569", "name": "Wakiso - Link 2102", "district": "Wakiso", "pavement": "Unpaved", "condition": "Fair", "length_km": 0.049}}, {"type": "Feature", "geometry": {"type": "LineString", "coordinates": [[32.56018, 0.27185], [32.56046, 0.27162]]}, "properties": {"link_id": "WAKI02570", "name": "Wakiso - Link 2103", "district": "Wakiso", "pavement": "Paved", "condition": "Good", "length_km": 0.043}}, {"type": "Feature", "geometry": {"type": "LineString", "coordinates": [[32.55857, 0.27321], [32.55953, 0.27167]]}, "properties": {"link_id": "WAKI02571", "name": "Wakiso - Link 2104", "district": "Wakiso", "pavement": "Paved", "condition": "Good", "length_km": 0.227}}, {"type": "Feature", "geometry": {"type": "LineString", "coordinates": [[32.55936, 0.2734], [32.55946, 0.27307]]}, "properties": {"link_id": "WAKI02572", "name": "Wakiso - Link 2105", "district": "Wakiso", "pavement": "Unpaved", "condition": "Fair", "length_km": 0.038}}, {"type": "Feature", "geometry": {"type": "LineString", "coordinates": [[32.55849, 0.27319], [32.55843, 0.27338]]}, "properties": {"link_id": "WAKI02573", "name": "Wakiso - Link 2106", "district": "Wakiso", "pavement": "Paved", "condition": "Good", "length_km": 0.022}}, {"type": "Feature", "geometry": {"type": "LineString", "coordinates": [[32.55814, 0.2731], [32.5582, 0.27288]]}, "properties": {"link_id": "WAKI02574", "name": "Wakiso - Link 2107", "district": "Wakiso", "pavement": "Paved", "condition": "Good", "length_km": 0.026}}, {"type": "Feature", "geometry": {"type": "LineString", "coordinates": [[32.55812, 0.27102], [32.55885, 0.27035]]}, "properties": {"link_id": "WAKI02575", "name": "Wakiso - Link 2108", "district": "Wakiso", "pavement": "Paved", "condition": "Good", "length_km": 0.118}}, {"type": "Feature", "geometry": {"type": "LineString", "coordinates": [[32.55811, 0.27027], [32.55834, 0.27059]]}, "properties": {"link_id": "WAKI02576", "name": "Wakiso - Link 2109", "district": "Wakiso", "pavement": "Paved", "condition": "Good", "length_km": 0.05}}, {"type": "Feature", "geometry": {"type": "LineString", "coordinates": [[32.55957, 0.27012], [32.55958, 0.27024]]}, "properties": {"link_id": "WAKI02577", "name": "Wakiso - Link 2110", "district": "Wakiso", "pavement": "Paved", "condition": "Good", "length_km": 0.013}}, {"type": "Feature", "geometry": {"type": "LineString", "coordinates": [[32.5595, 0.27021], [32.55951, 0.27019]]}, "properties": {"link_id": "WAKI02578", "name": "Wakiso - Link 2111", "district": "Wakiso", "pavement": "Paved", "condition": "Good", "length_km": 0.01}}, {"type": "Feature", "geometry": {"type": "LineString", "coordinates": [[32.55957, 0.27027], [32.55958, 0.27024]]}, "properties": {"link_id": "WAKI02579", "name": "Wakiso - Link 2112", "district": "Wakiso", "pavement": "Paved", "condition": "Good", "length_km": 0.01}}, {"type": "Feature", "geometry": {"type": "LineString", "coordinates": [[32.5591, 0.27037], [32.5595, 0.27021]]}, "properties": {"link_id": "WAKI02580", "name": "Wakiso - Link 2113", "district": "Wakiso", "pavement": "Paved", "condition": "Good", "length_km": 0.052}}, {"type": "Feature", "geometry": {"type": "LineString", "coordinates": [[32.55917, 0.27032], [32.55903, 0.27023]]}, "properties": {"link_id": "WAKI02581", "name": "Wakiso - Link 2114", "district": "Wakiso", "pavement": "Paved", "condition": "Good", "length_km": 0.018}}, {"type": "Feature", "geometry": {"type": "LineString", "coordinates": [[32.55885, 0.27035], [32.5591, 0.27037]]}, "properties": {"link_id": "WAKI02582", "name": "Wakiso - Link 2115", "district": "Wakiso", "pavement": "Paved", "condition": "Good", "length_km": 0.031}}, {"type": "Feature", "geometry": {"type": "LineString", "coordinates": [[32.55983, 0.26933], [32.55951, 0.27019]]}, "properties": {"link_id": "WAKI02583", "name": "Wakiso - Link 2116", "district": "Wakiso", "pavement": "Paved", "condition": "Good", "length_km": 0.106}}, {"type": "Feature", "geometry": {"type": "LineString", "coordinates": [[32.56138, 0.27106], [32.56182, 0.27088]]}, "properties": {"link_id": "WAKI02584", "name": "Wakiso - Link 2117", "district": "Wakiso", "pavement": "Unpaved", "condition": "Fair", "length_km": 0.054}}, {"type": "Feature", "geometry": {"type": "LineString", "coordinates": [[32.56138, 0.27106], [32.56103, 0.2712]]}, "properties": {"link_id": "WAKI02585", "name": "Wakiso - Link 2118", "district": "Wakiso", "pavement": "Unpaved", "condition": "Fair", "length_km": 0.043}}, {"type": "Feature", "geometry": {"type": "LineString", "coordinates": [[32.5609, 0.27113], [32.56156, 0.27174]]}, "properties": {"link_id": "WAKI02586", "name": "Wakiso - Link 2119", "district": "Wakiso", "pavement": "Unpaved", "condition": "Fair", "length_km": 0.117}}, {"type": "Feature", "geometry": {"type": "LineString", "coordinates": [[32.56038, 0.27131], [32.5609, 0.27113]]}, "properties": {"link_id": "WAKI02587", "name": "Wakiso - Link 2120", "district": "Wakiso", "pavement": "Unpaved", "condition": "Fair", "length_km": 0.068}}, {"type": "Feature", "geometry": {"type": "LineString", "coordinates": [[32.55996, 0.27166], [32.56128, 0.27161]]}, "properties": {"link_id": "WAKI02588", "name": "Wakiso - Link 2121", "district": "Wakiso", "pavement": "Unpaved", "condition": "Fair", "length_km": 0.187}}, {"type": "Feature", "geometry": {"type": "LineString", "coordinates": [[32.56067, 0.27305], [32.56077, 0.27285]]}, "properties": {"link_id": "WAKI02589", "name": "Wakiso - Link 2122", "district": "Wakiso", "pavement": "Unpaved", "condition": "Fair", "length_km": 0.025}}, {"type": "Feature", "geometry": {"type": "LineString", "coordinates": [[32.56154, 0.2733], [32.56041, 0.27258]]}, "properties": {"link_id": "WAKI02590", "name": "Wakiso - Link 2123", "district": "Wakiso", "pavement": "Unpaved", "condition": "Fair", "length_km": 0.151}}, {"type": "Feature", "geometry": {"type": "LineString", "coordinates": [[32.56173, 0.27285], [32.56105, 0.27247]]}, "properties": {"link_id": "WAKI02591", "name": "Wakiso - Link 2124", "district": "Wakiso", "pavement": "Unpaved", "condition": "Fair", "length_km": 0.09}}, {"type": "Feature", "geometry": {"type": "LineString", "coordinates": [[32.56189, 0.27249], [32.56149, 0.27231]]}, "properties": {"link_id": "WAKI02592", "name": "Wakiso - Link 2125", "district": "Wakiso", "pavement": "Unpaved", "condition": "Fair", "length_km": 0.048}}, {"type": "Feature", "geometry": {"type": "LineString", "coordinates": [[32.56156, 0.27174], [32.56156, 0.27152]]}, "properties": {"link_id": "WAKI02593", "name": "Wakiso - Link 2126", "district": "Wakiso", "pavement": "Unpaved", "condition": "Fair", "length_km": 0.027}}, {"type": "Feature", "geometry": {"type": "LineString", "coordinates": [[32.56213, 0.27206], [32.56156, 0.27174]]}, "properties": {"link_id": "WAKI02594", "name": "Wakiso - Link 2127", "district": "Wakiso", "pavement": "Unpaved", "condition": "Fair", "length_km": 0.072}}, {"type": "Feature", "geometry": {"type": "LineString", "coordinates": [[32.56294, 0.27054], [32.56138, 0.27375]]}, "properties": {"link_id": "WAKI02595", "name": "Wakiso - Link 2128", "district": "Wakiso", "pavement": "Unpaved", "condition": "Fair", "length_km": 0.402}}, {"type": "Feature", "geometry": {"type": "LineString", "coordinates": [[32.56219, 0.27195], [32.56272, 0.27203]]}, "properties": {"link_id": "WAKI02596", "name": "Wakiso - Link 2129", "district": "Wakiso", "pavement": "Unpaved", "condition": "Fair", "length_km": 0.06}}, {"type": "Feature", "geometry": {"type": "LineString", "coordinates": [[32.56338, 0.27339], [32.5618, 0.27266]]}, "properties": {"link_id": "WAKI02597", "name": "Wakiso - Link 2130", "district": "Wakiso", "pavement": "Unpaved", "condition": "Fair", "length_km": 0.196}}, {"type": "Feature", "geometry": {"type": "LineString", "coordinates": [[32.56247, 0.2714], [32.56322, 0.27167]]}, "properties": {"link_id": "WAKI02598", "name": "Wakiso - Link 2131", "district": "Wakiso", "pavement": "Unpaved", "condition": "Fair", "length_km": 0.088}}, {"type": "Feature", "geometry": {"type": "LineString", "coordinates": [[32.56274, 0.27072], [32.56313, 0.27074]]}, "properties": {"link_id": "WAKI02599", "name": "Wakiso - Link 2132", "district": "Wakiso", "pavement": "Unpaved", "condition": "Poor", "length_km": 0.044}}, {"type": "Feature", "geometry": {"type": "LineString", "coordinates": [[32.56235, 0.27162], [32.56159, 0.27028]]}, "properties": {"link_id": "WAKI02600", "name": "Wakiso - Link 2133", "district": "Wakiso", "pavement": "Unpaved", "condition": "Fair", "length_km": 0.173}}, {"type": "Feature", "geometry": {"type": "LineString", "coordinates": [[32.56192, 0.27108], [32.56206, 0.27062]]}, "properties": {"link_id": "WAKI02601", "name": "Wakiso - Link 2134", "district": "Wakiso", "pavement": "Unpaved", "condition": "Poor", "length_km": 0.062}}, {"type": "Feature", "geometry": {"type": "LineString", "coordinates": [[32.56415, 0.26887], [32.56197, 0.26854]]}, "properties": {"link_id": "WAKI02602", "name": "Wakiso - Link 2135", "district": "Wakiso", "pavement": "Paved", "condition": "Good", "length_km": 0.302}}, {"type": "Feature", "geometry": {"type": "LineString", "coordinates": [[32.5626, 0.26898], [32.56259, 0.26901]]}, "properties": {"link_id": "WAKI02603", "name": "Wakiso - Link 2136", "district": "Wakiso", "pavement": "Unpaved", "condition": "Poor", "length_km": 0.01}}, {"type": "Feature", "geometry": {"type": "LineString", "coordinates": [[32.56275, 0.26953], [32.56275, 0.26928]]}, "properties": {"link_id": "WAKI02604", "name": "Wakiso - Link 2137", "district": "Wakiso", "pavement": "Unpaved", "condition": "Poor", "length_km": 0.028}}, {"type": "Feature", "geometry": {"type": "LineString", "coordinates": [[32.56275, 0.26957], [32.56275, 0.26953]]}, "properties": {"link_id": "WAKI02605", "name": "Wakiso - Link 2138", "district": "Wakiso", "pavement": "Unpaved", "condition": "Poor", "length_km": 0.01}}, {"type": "Feature", "geometry": {"type": "LineString", "coordinates": [[32.56244, 0.26948], [32.56243, 0.26952]]}, "properties": {"link_id": "WAKI02606", "name": "Wakiso - Link 2139", "district": "Wakiso", "pavement": "Unpaved", "condition": "Poor", "length_km": 0.01}}, {"type": "Feature", "geometry": {"type": "LineString", "coordinates": [[32.56284, 0.26926], [32.56203, 0.269]]}, "properties": {"link_id": "WAKI02607", "name": "Wakiso - Link 2140", "district": "Wakiso", "pavement": "Paved", "condition": "Good", "length_km": 0.099}}, {"type": "Feature", "geometry": {"type": "LineString", "coordinates": [[32.56246, 0.26888], [32.56244, 0.2689]]}, "properties": {"link_id": "WAKI02608", "name": "Wakiso - Link 2141", "district": "Wakiso", "pavement": "Unpaved", "condition": "Poor", "length_km": 0.01}}, {"type": "Feature", "geometry": {"type": "LineString", "coordinates": [[32.56226, 0.26913], [32.56197, 0.26854]]}, "properties": {"link_id": "WAKI02609", "name": "Wakiso - Link 2142", "district": "Wakiso", "pavement": "Unpaved", "condition": "Poor", "length_km": 0.084}}, {"type": "Feature", "geometry": {"type": "LineString", "coordinates": [[32.562, 0.26832], [32.56203, 0.26835]]}, "properties": {"link_id": "WAKI02610", "name": "Wakiso - Link 2143", "district": "Wakiso", "pavement": "Unpaved", "condition": "Poor", "length_km": 0.01}}, {"type": "Feature", "geometry": {"type": "LineString", "coordinates": [[32.56323, 0.26861], [32.5626, 0.26823]]}, "properties": {"link_id": "WAKI02611", "name": "Wakiso - Link 2144", "district": "Wakiso", "pavement": "Paved", "condition": "Good", "length_km": 0.095}}, {"type": "Feature", "geometry": {"type": "LineString", "coordinates": [[32.56287, 0.26822], [32.56286, 0.26826]]}, "properties": {"link_id": "WAKI02612", "name": "Wakiso - Link 2145", "district": "Wakiso", "pavement": "Unpaved", "condition": "Poor", "length_km": 0.01}}, {"type": "Feature", "geometry": {"type": "LineString", "coordinates": [[32.56319, 0.26834], [32.56272, 0.26816]]}, "properties": {"link_id": "WAKI02613", "name": "Wakiso - Link 2146", "district": "Wakiso", "pavement": "Unpaved", "condition": "Fair", "length_km": 0.056}}, {"type": "Feature", "geometry": {"type": "LineString", "coordinates": [[32.55995, 0.26645], [32.56085, 0.26764]]}, "properties": {"link_id": "WAKI02614", "name": "Wakiso - Link 2147", "district": "Wakiso", "pavement": "Unpaved", "condition": "Fair", "length_km": 0.177}}, {"type": "Feature", "geometry": {"type": "LineString", "coordinates": [[32.56054, 0.26908], [32.56051, 0.2691]]}, "properties": {"link_id": "WAKI02615", "name": "Wakiso - Link 2148", "district": "Wakiso", "pavement": "Unpaved", "condition": "Poor", "length_km": 0.01}}, {"type": "Feature", "geometry": {"type": "LineString", "coordinates": [[32.56064, 0.26922], [32.55855, 0.26863]]}, "properties": {"link_id": "WAKI02616", "name": "Wakiso - Link 2149", "district": "Wakiso", "pavement": "Paved", "condition": "Good", "length_km": 0.279}}, {"type": "Feature", "geometry": {"type": "LineString", "coordinates": [[32.55877, 0.2699], [32.55851, 0.2692]]}, "properties": {"link_id": "WAKI02617", "name": "Wakiso - Link 2150", "district": "Wakiso", "pavement": "Paved", "condition": "Good", "length_km": 0.085}}, {"type": "Feature", "geometry": {"type": "LineString", "coordinates": [[32.5578, 0.26878], [32.55876, 0.27039]]}, "properties": {"link_id": "WAKI02618", "name": "Wakiso - Link 2151", "district": "Wakiso", "pavement": "Paved", "condition": "Good", "length_km": 0.228}}, {"type": "Feature", "geometry": {"type": "LineString", "coordinates": [[32.55733, 0.26927], [32.55829, 0.26849]]}, "properties": {"link_id": "WAKI02619", "name": "Wakiso - Link 2152", "district": "Wakiso", "pavement": "Paved", "condition": "Good", "length_km": 0.146}}, {"type": "Feature", "geometry": {"type": "LineString", "coordinates": [[32.55753, 0.26841], [32.55855, 0.26863]]}, "properties": {"link_id": "WAKI02620", "name": "Wakiso - Link 2153", "district": "Wakiso", "pavement": "Paved", "condition": "Good", "length_km": 0.129}}, {"type": "Feature", "geometry": {"type": "LineString", "coordinates": [[32.55896, 0.26725], [32.55871, 0.26792]]}, "properties": {"link_id": "WAKI02621", "name": "Wakiso - Link 2154", "district": "Wakiso", "pavement": "Unpaved", "condition": "Poor", "length_km": 0.081}}, {"type": "Feature", "geometry": {"type": "LineString", "coordinates": [[32.55819, 0.26715], [32.55875, 0.26735]]}, "properties": {"link_id": "WAKI02622", "name": "Wakiso - Link 2155", "district": "Wakiso", "pavement": "Unpaved", "condition": "Poor", "length_km": 0.074}}, {"type": "Feature", "geometry": {"type": "LineString", "coordinates": [[32.55842, 0.26801], [32.55755, 0.2679]]}, "properties": {"link_id": "WAKI02623", "name": "Wakiso - Link 2156", "district": "Wakiso", "pavement": "Unpaved", "condition": "Poor", "length_km": 0.098}}, {"type": "Feature", "geometry": {"type": "LineString", "coordinates": [[32.55832, 0.26729], [32.55797, 0.26776]]}, "properties": {"link_id": "WAKI02624", "name": "Wakiso - Link 2157", "district": "Wakiso", "pavement": "Unpaved", "condition": "Poor", "length_km": 0.071}}, {"type": "Feature", "geometry": {"type": "LineString", "coordinates": [[32.55726, 0.26718], [32.55896, 0.26725]]}, "properties": {"link_id": "WAKI02625", "name": "Wakiso - Link 2158", "district": "Wakiso", "pavement": "Unpaved", "condition": "Fair", "length_km": 0.19}}, {"type": "Feature", "geometry": {"type": "LineString", "coordinates": [[32.55766, 0.26714], [32.55815, 0.26576]]}, "properties": {"link_id": "WAKI02626", "name": "Wakiso - Link 2159", "district": "Wakiso", "pavement": "Unpaved", "condition": "Fair", "length_km": 0.163}}, {"type": "Feature", "geometry": {"type": "LineString", "coordinates": [[32.55865, 0.26719], [32.55856, 0.26657]]}, "properties": {"link_id": "WAKI02627", "name": "Wakiso - Link 2160", "district": "Wakiso", "pavement": "Unpaved", "condition": "Fair", "length_km": 0.07}}, {"type": "Feature", "geometry": {"type": "LineString", "coordinates": [[32.55876, 0.26603], [32.55911, 0.26715]]}, "properties": {"link_id": "WAKI02628", "name": "Wakiso - Link 2161", "district": "Wakiso", "pavement": "Unpaved", "condition": "Fair", "length_km": 0.147}}, {"type": "Feature", "geometry": {"type": "LineString", "coordinates": [[32.55967, 0.26668], [32.55971, 0.26629]]}, "properties": {"link_id": "WAKI02629", "name": "Wakiso - Link 2162", "district": "Wakiso", "pavement": "Unpaved", "condition": "Poor", "length_km": 0.058}}, {"type": "Feature", "geometry": {"type": "LineString", "coordinates": [[32.55896, 0.26725], [32.55991, 0.26802]]}, "properties": {"link_id": "WAKI02630", "name": "Wakiso - Link 2163", "district": "Wakiso", "pavement": "Unpaved", "condition": "Poor", "length_km": 0.137}}, {"type": "Feature", "geometry": {"type": "LineString", "coordinates": [[32.55907, 0.26733], [32.55961, 0.26703]]}, "properties": {"link_id": "WAKI02631", "name": "Wakiso - Link 2164", "district": "Wakiso", "pavement": "Unpaved", "condition": "Poor", "length_km": 0.075}}, {"type": "Feature", "geometry": {"type": "LineString", "coordinates": [[32.56006, 0.26718], [32.56006, 0.26718]]}, "properties": {"link_id": "WAKI02632", "name": "Wakiso - Link 2165", "district": "Wakiso", "pavement": "Unpaved", "condition": "Poor", "length_km": 0.093}}, {"type": "Feature", "geometry": {"type": "LineString", "coordinates": [[32.5596, 0.26673], [32.56006, 0.26718]]}, "properties": {"link_id": "WAKI02633", "name": "Wakiso - Link 2166", "district": "Wakiso", "pavement": "Unpaved", "condition": "Poor", "length_km": 0.073}}, {"type": "Feature", "geometry": {"type": "LineString", "coordinates": [[32.55963, 0.26681], [32.56012, 0.26681]]}, "properties": {"link_id": "WAKI02634", "name": "Wakiso - Link 2167", "district": "Wakiso", "pavement": "Unpaved", "condition": "Poor", "length_km": 0.063}}, {"type": "Feature", "geometry": {"type": "LineString", "coordinates": [[32.5597, 0.26611], [32.55995, 0.26645]]}, "properties": {"link_id": "WAKI02635", "name": "Wakiso - Link 2168", "district": "Wakiso", "pavement": "Unpaved", "condition": "Fair", "length_km": 0.047}}, {"type": "Feature", "geometry": {"type": "LineString", "coordinates": [[32.56046, 0.26569], [32.5597, 0.26611]]}, "properties": {"link_id": "WAKI02636", "name": "Wakiso - Link 2169", "district": "Wakiso", "pavement": "Unpaved", "condition": "Fair", "length_km": 0.106}}, {"type": "Feature", "geometry": {"type": "LineString", "coordinates": [[32.56022, 0.26537], [32.56039, 0.26561]]}, "properties": {"link_id": "WAKI02637", "name": "Wakiso - Link 2170", "district": "Wakiso", "pavement": "Unpaved", "condition": "Fair", "length_km": 0.033}}, {"type": "Feature", "geometry": {"type": "LineString", "coordinates": [[32.56022, 0.26537], [32.5599, 0.26517]]}, "properties": {"link_id": "WAKI02638", "name": "Wakiso - Link 2171", "district": "Wakiso", "pavement": "Unpaved", "condition": "Poor", "length_km": 0.045}}, {"type": "Feature", "geometry": {"type": "LineString", "coordinates": [[32.56022, 0.26537], [32.56011, 0.26475]]}, "properties": {"link_id": "WAKI02639", "name": "Wakiso - Link 2172", "district": "Wakiso", "pavement": "Unpaved", "condition": "Poor", "length_km": 0.072}}, {"type": "Feature", "geometry": {"type": "LineString", "coordinates": [[32.5597, 0.26611], [32.55866, 0.26532]]}, "properties": {"link_id": "WAKI02640", "name": "Wakiso - Link 2173", "district": "Wakiso", "pavement": "Unpaved", "condition": "Fair", "length_km": 0.158}}, {"type": "Feature", "geometry": {"type": "LineString", "coordinates": [[32.55961, 0.266], [32.55922, 0.26636]]}, "properties": {"link_id": "WAKI02641", "name": "Wakiso - Link 2174", "district": "Wakiso", "pavement": "Unpaved", "condition": "Fair", "length_km": 0.059}}, {"type": "Feature", "geometry": {"type": "LineString", "coordinates": [[32.55801, 0.26513], [32.55824, 0.26476]]}, "properties": {"link_id": "WAKI02642", "name": "Wakiso - Link 2175", "district": "Wakiso", "pavement": "Unpaved", "condition": "Fair", "length_km": 0.048}}, {"type": "Feature", "geometry": {"type": "LineString", "coordinates": [[32.55805, 0.26453], [32.55776, 0.26479]]}, "properties": {"link_id": "WAKI02643", "name": "Wakiso - Link 2176", "district": "Wakiso", "pavement": "Unpaved", "condition": "Fair", "length_km": 0.043}}, {"type": "Feature", "geometry": {"type": "LineString", "coordinates": [[32.55846, 0.2637], [32.55837, 0.26375]]}, "properties": {"link_id": "WAKI02644", "name": "Wakiso - Link 2177", "district": "Wakiso", "pavement": "Unpaved", "condition": "Poor", "length_km": 0.012}}, {"type": "Feature", "geometry": {"type": "LineString", "coordinates": [[32.55837, 0.26375], [32.55837, 0.26375]]}, "properties": {"link_id": "WAKI02645", "name": "Wakiso - Link 2178", "district": "Wakiso", "pavement": "Unpaved", "condition": "Poor", "length_km": 0.239}}, {"type": "Feature", "geometry": {"type": "LineString", "coordinates": [[32.55819, 0.26359], [32.55709, 0.26334]]}, "properties": {"link_id": "WAKI02646", "name": "Wakiso - Link 2179", "district": "Wakiso", "pavement": "Unpaved", "condition": "Fair", "length_km": 0.126}}, {"type": "Feature", "geometry": {"type": "LineString", "coordinates": [[32.55819, 0.26359], [32.55897, 0.26333]]}, "properties": {"link_id": "WAKI02647", "name": "Wakiso - Link 2180", "district": "Wakiso", "pavement": "Unpaved", "condition": "Poor", "length_km": 0.124}}, {"type": "Feature", "geometry": {"type": "LineString", "coordinates": [[32.55968, 0.2625], [32.55819, 0.26359]]}, "properties": {"link_id": "WAKI02648", "name": "Wakiso - Link 2181", "district": "Wakiso", "pavement": "Unpaved", "condition": "Fair", "length_km": 0.206}}, {"type": "Feature", "geometry": {"type": "LineString", "coordinates": [[32.56015, 0.26355], [32.56059, 0.26397]]}, "properties": {"link_id": "WAKI02649", "name": "Wakiso - Link 2182", "district": "Wakiso", "pavement": "Unpaved", "condition": "Fair", "length_km": 0.07}}, {"type": "Feature", "geometry": {"type": "LineString", "coordinates": [[32.56039, 0.26318], [32.56081, 0.26381]]}, "properties": {"link_id": "WAKI02650", "name": "Wakiso - Link 2183", "district": "Wakiso", "pavement": "Unpaved", "condition": "Fair", "length_km": 0.12}}, {"type": "Feature", "geometry": {"type": "LineString", "coordinates": [[32.56206, 0.26226], [32.55968, 0.2625]]}, "properties": {"link_id": "WAKI02651", "name": "Wakiso - Link 2184", "district": "Wakiso", "pavement": "Unpaved", "condition": "Fair", "length_km": 0.324}}, {"type": "Feature", "geometry": {"type": "LineString", "coordinates": [[32.56059, 0.26397], [32.56241, 0.2639]]}, "properties": {"link_id": "WAKI02652", "name": "Wakiso - Link 2185", "district": "Wakiso", "pavement": "Unpaved", "condition": "Fair", "length_km": 0.216}}, {"type": "Feature", "geometry": {"type": "LineString", "coordinates": [[32.56119, 0.26392], [32.56078, 0.26421]]}, "properties": {"link_id": "WAKI02653", "name": "Wakiso - Link 2186", "district": "Wakiso", "pavement": "Unpaved", "condition": "Fair", "length_km": 0.056}}, {"type": "Feature", "geometry": {"type": "LineString", "coordinates": [[32.56064, 0.26476], [32.56046, 0.26569]]}, "properties": {"link_id": "WAKI02654", "name": "Wakiso - Link 2187", "district": "Wakiso", "pavement": "Unpaved", "condition": "Fair", "length_km": 0.142}}, {"type": "Feature", "geometry": {"type": "LineString", "coordinates": [[32.56241, 0.2639], [32.55896, 0.26725]]}, "properties": {"link_id": "WAKI02655", "name": "Wakiso - Link 2188", "district": "Wakiso", "pavement": "Unpaved", "condition": "Fair", "length_km": 0.541}}, {"type": "Feature", "geometry": {"type": "LineString", "coordinates": [[32.56046, 0.26569], [32.56064, 0.26597]]}, "properties": {"link_id": "WAKI02656", "name": "Wakiso - Link 2189", "district": "Wakiso", "pavement": "Unpaved", "condition": "Fair", "length_km": 0.037}}, {"type": "Feature", "geometry": {"type": "LineString", "coordinates": [[32.56075, 0.26588], [32.56125, 0.26649]]}, "properties": {"link_id": "WAKI02657", "name": "Wakiso - Link 2190", "district": "Wakiso", "pavement": "Unpaved", "condition": "Poor", "length_km": 0.088}}, {"type": "Feature", "geometry": {"type": "LineString", "coordinates": [[32.56117, 0.26553], [32.56159, 0.26585]]}, "properties": {"link_id": "WAKI02658", "name": "Wakiso - Link 2191", "district": "Wakiso", "pavement": "Unpaved", "condition": "Fair", "length_km": 0.059}}, {"type": "Feature", "geometry": {"type": "LineString", "coordinates": [[32.56175, 0.26478], [32.5612, 0.26458]]}, "properties": {"link_id": "WAKI02659", "name": "Wakiso - Link 2192", "district": "Wakiso", "pavement": "Unpaved", "condition": "Fair", "length_km": 0.066}}, {"type": "Feature", "geometry": {"type": "LineString", "coordinates": [[32.56332, 0.26435], [32.56286, 0.26518]]}, "properties": {"link_id": "WAKI02660", "name": "Wakiso - Link 2193", "district": "Wakiso", "pavement": "Unpaved", "condition": "Fair", "length_km": 0.109}}, {"type": "Feature", "geometry": {"type": "LineString", "coordinates": [[32.56206, 0.26226], [32.56241, 0.2639]]}, "properties": {"link_id": "WAKI02661", "name": "Wakiso - Link 2194", "district": "Wakiso", "pavement": "Unpaved", "condition": "Fair", "length_km": 0.24}}, {"type": "Feature", "geometry": {"type": "LineString", "coordinates": [[32.56625, 0.26297], [32.56241, 0.2639]]}, "properties": {"link_id": "WAKI02662", "name": "Wakiso - Link 2195", "district": "Wakiso", "pavement": "Paved", "condition": "Good", "length_km": 0.486}}, {"type": "Feature", "geometry": {"type": "LineString", "coordinates": [[32.56523, 0.27356], [32.56227, 0.25234]]}, "properties": {"link_id": "WAKI02663", "name": "Entebbe Road", "district": "Wakiso", "pavement": "Paved", "condition": "Good", "length_km": 2.483}}, {"type": "Feature", "geometry": {"type": "LineString", "coordinates": [[32.56423, 0.26292], [32.56471, 0.26303]]}, "properties": {"link_id": "WAKI02664", "name": "Wakiso - Link 2196", "district": "Wakiso", "pavement": "Unpaved", "condition": "Fair", "length_km": 0.055}}, {"type": "Feature", "geometry": {"type": "LineString", "coordinates": [[32.56468, 0.26249], [32.56474, 0.26362]]}, "properties": {"link_id": "WAKI02665", "name": "Wakiso - Link 2197", "district": "Wakiso", "pavement": "Unpaved", "condition": "Fair", "length_km": 0.126}}, {"type": "Feature", "geometry": {"type": "LineString", "coordinates": [[32.5658, 0.26293], [32.56546, 0.26297]]}, "properties": {"link_id": "WAKI02666", "name": "Wakiso - Link 2198", "district": "Wakiso", "pavement": "Unpaved", "condition": "Poor", "length_km": 0.038}}, {"type": "Feature", "geometry": {"type": "LineString", "coordinates": [[32.56607, 0.26289], [32.5658, 0.26293]]}, "properties": {"link_id": "WAKI02667", "name": "Wakiso - Link 2199", "district": "Wakiso", "pavement": "Unpaved", "condition": "Poor", "length_km": 0.03}}, {"type": "Feature", "geometry": {"type": "LineString", "coordinates": [[32.56455, 0.26561], [32.56506, 0.26499]]}, "properties": {"link_id": "WAKI02668", "name": "Wakiso - Link 2200", "district": "Wakiso", "pavement": "Unpaved", "condition": "Fair", "length_km": 0.117}}, {"type": "Feature", "geometry": {"type": "LineString", "coordinates": [[32.56528, 0.26463], [32.56597, 0.26477]]}, "properties": {"link_id": "WAKI02669", "name": "Wakiso - Link 2201", "district": "Wakiso", "pavement": "Unpaved", "condition": "Fair", "length_km": 0.081}}, {"type": "Feature", "geometry": {"type": "LineString", "coordinates": [[32.56653, 0.26557], [32.56506, 0.26499]]}, "properties": {"link_id": "WAKI02670", "name": "Wakiso - Link 2202", "district": "Wakiso", "pavement": "Paved", "condition": "Good", "length_km": 0.176}}, {"type": "Feature", "geometry": {"type": "LineString", "coordinates": [[32.56638, 0.2665], [32.56476, 0.26575]]}, "properties": {"link_id": "WAKI02671", "name": "Wakiso - Link 2203", "district": "Wakiso", "pavement": "Unpaved", "condition": "Fair", "length_km": 0.212}}, {"type": "Feature", "geometry": {"type": "LineString", "coordinates": [[32.56455, 0.26561], [32.56476, 0.26575]]}, "properties": {"link_id": "WAKI02672", "name": "Wakiso - Link 2204", "district": "Wakiso", "pavement": "Unpaved", "condition": "Fair", "length_km": 0.028}}, {"type": "Feature", "geometry": {"type": "LineString", "coordinates": [[32.56455, 0.26561], [32.56437, 0.26555]]}, "properties": {"link_id": "WAKI02673", "name": "Wakiso - Link 2205", "district": "Wakiso", "pavement": "Unpaved", "condition": "Fair", "length_km": 0.022}}, {"type": "Feature", "geometry": {"type": "LineString", "coordinates": [[32.56358, 0.26422], [32.56326, 0.26647]]}, "properties": {"link_id": "WAKI02674", "name": "Wakiso - Link 2206", "district": "Wakiso", "pavement": "Unpaved", "condition": "Fair", "length_km": 0.266}}, {"type": "Feature", "geometry": {"type": "LineString", "coordinates": [[32.56459, 0.26647], [32.56453, 0.26751]]}, "properties": {"link_id": "WAKI02675", "name": "Wakiso - Link 2207", "district": "Wakiso", "pavement": "Unpaved", "condition": "Fair", "length_km": 0.138}}, {"type": "Feature", "geometry": {"type": "LineString", "coordinates": [[32.56394, 0.26696], [32.564, 0.26722]]}, "properties": {"link_id": "WAKI02676", "name": "Wakiso - Link 2208", "district": "Wakiso", "pavement": "Unpaved", "condition": "Fair", "length_km": 0.037}}, {"type": "Feature", "geometry": {"type": "LineString", "coordinates": [[32.56411, 0.26887], [32.56319, 0.26834]]}, "properties": {"link_id": "WAKI02677", "name": "Wakiso - Link 2209", "district": "Wakiso", "pavement": "Paved", "condition": "Good", "length_km": 0.126}}, {"type": "Feature", "geometry": {"type": "LineString", "coordinates": [[32.56351, 0.2697], [32.56352, 0.26967]]}, "properties": {"link_id": "WAKI02678", "name": "Wakiso - Link 2210", "district": "Wakiso", "pavement": "Unpaved", "condition": "Poor", "length_km": 0.01}}, {"type": "Feature", "geometry": {"type": "LineString", "coordinates": [[32.56374, 0.26974], [32.56387, 0.26939]]}, "properties": {"link_id": "WAKI02679", "name": "Wakiso - Link 2211", "district": "Wakiso", "pavement": "Unpaved", "condition": "Poor", "length_km": 0.041}}, {"type": "Feature", "geometry": {"type": "LineString", "coordinates": [[32.5646, 0.26946], [32.56424, 0.26941]]}, "properties": {"link_id": "WAKI02680", "name": "Wakiso - Link 2212", "district": "Wakiso", "pavement": "Paved", "condition": "Good", "length_km": 0.041}}, {"type": "Feature", "geometry": {"type": "LineString", "coordinates": [[32.56467, 0.26917], [32.56439, 0.26975]]}, "properties": {"link_id": "WAKI02681", "name": "Wakiso - Link 2213", "district": "Wakiso", "pavement": "Paved", "condition": "Good", "length_km": 0.082}}, {"type": "Feature", "geometry": {"type": "LineString", "coordinates": [[32.56461, 0.26892], [32.56323, 0.26861]]}, "properties": {"link_id": "WAKI02682", "name": "Wakiso - Link 2214", "district": "Wakiso", "pavement": "Paved", "condition": "Good", "length_km": 0.16}}, {"type": "Feature", "geometry": {"type": "LineString", "coordinates": [[32.56484, 0.26845], [32.56369, 0.26797]]}, "properties": {"link_id": "WAKI02683", "name": "Wakiso - Link 2215", "district": "Wakiso", "pavement": "Paved", "condition": "Good", "length_km": 0.153}}, {"type": "Feature", "geometry": {"type": "LineString", "coordinates": [[32.56555, 0.26975], [32.56514, 0.2679]]}, "properties": {"link_id": "WAKI02684", "name": "Wakiso - Link 2216", "district": "Wakiso", "pavement": "Paved", "condition": "Good", "length_km": 0.276}}, {"type": "Feature", "geometry": {"type": "LineString", "coordinates": [[32.56595, 0.26973], [32.56598, 0.26975]]}, "properties": {"link_id": "WAKI02685", "name": "Wakiso - Link 2217", "district": "Wakiso", "pavement": "Unpaved", "condition": "Poor", "length_km": 0.01}}, {"type": "Feature", "geometry": {"type": "LineString", "coordinates": [[32.56593, 0.26891], [32.56484, 0.26845]]}, "properties": {"link_id": "WAKI02686", "name": "Wakiso - Link 2218", "district": "Wakiso", "pavement": "Paved", "condition": "Good", "length_km": 0.132}}, {"type": "Feature", "geometry": {"type": "LineString", "coordinates": [[32.56601, 0.26841], [32.56598, 0.2684]]}, "properties": {"link_id": "WAKI02687", "name": "Wakiso - Link 2219", "district": "Wakiso", "pavement": "Unpaved", "condition": "Poor", "length_km": 0.01}}, {"type": "Feature", "geometry": {"type": "LineString", "coordinates": [[32.56604, 0.26822], [32.56579, 0.26839]]}, "properties": {"link_id": "WAKI02688", "name": "Wakiso - Link 2220", "district": "Wakiso", "pavement": "Unpaved", "condition": "Poor", "length_km": 0.034}}, {"type": "Feature", "geometry": {"type": "LineString", "coordinates": [[32.56601, 0.26797], [32.5658, 0.26796]]}, "properties": {"link_id": "WAKI02689", "name": "Wakiso - Link 2221", "district": "Wakiso", "pavement": "Unpaved", "condition": "Poor", "length_km": 0.023}}, {"type": "Feature", "geometry": {"type": "LineString", "coordinates": [[32.56559, 0.268], [32.56562, 0.26789]]}, "properties": {"link_id": "WAKI02690", "name": "Wakiso - Link 2222", "district": "Wakiso", "pavement": "Paved", "condition": "Good", "length_km": 0.012}}, {"type": "Feature", "geometry": {"type": "LineString", "coordinates": [[32.56514, 0.26732], [32.56519, 0.26789]]}, "properties": {"link_id": "WAKI02691", "name": "Wakiso - Link 2223", "district": "Wakiso", "pavement": "Unpaved", "condition": "Fair", "length_km": 0.063}}, {"type": "Feature", "geometry": {"type": "LineString", "coordinates": [[32.56605, 0.26819], [32.564, 0.26722]]}, "properties": {"link_id": "WAKI02692", "name": "Wakiso - Link 2224", "district": "Wakiso", "pavement": "Paved", "condition": "Good", "length_km": 0.257}}, {"type": "Feature", "geometry": {"type": "LineString", "coordinates": [[32.56514, 0.26732], [32.56529, 0.26683]]}, "properties": {"link_id": "WAKI02693", "name": "Wakiso - Link 2225", "district": "Wakiso", "pavement": "Unpaved", "condition": "Fair", "length_km": 0.063}}, {"type": "Feature", "geometry": {"type": "LineString", "coordinates": [[32.56637, 0.26715], [32.56643, 0.26682]]}, "properties": {"link_id": "WAKI02694", "name": "Wakiso - Link 2226", "district": "Wakiso", "pavement": "Unpaved", "condition": "Poor", "length_km": 0.049}}, {"type": "Feature", "geometry": {"type": "LineString", "coordinates": [[32.56654, 0.26648], [32.56656, 0.26649]]}, "properties": {"link_id": "WAKI02695", "name": "Wakiso - Link 2227", "district": "Wakiso", "pavement": "Unpaved", "condition": "Poor", "length_km": 0.01}}, {"type": "Feature", "geometry": {"type": "LineString", "coordinates": [[32.56659, 0.26618], [32.56661, 0.26621]]}, "properties": {"link_id": "WAKI02696", "name": "Wakiso - Link 2228", "district": "Wakiso", "pavement": "Unpaved", "condition": "Poor", "length_km": 0.01}}, {"type": "Feature", "geometry": {"type": "LineString", "coordinates": [[32.56657, 0.26629], [32.56659, 0.2663]]}, "properties": {"link_id": "WAKI02697", "name": "Wakiso - Link 2229", "district": "Wakiso", "pavement": "Unpaved", "condition": "Poor", "length_km": 0.01}}, {"type": "Feature", "geometry": {"type": "LineString", "coordinates": [[32.56685, 0.26637], [32.56726, 0.26647]]}, "properties": {"link_id": "WAKI02698", "name": "Wakiso - Link 2230", "district": "Wakiso", "pavement": "Unpaved", "condition": "Poor", "length_km": 0.047}}, {"type": "Feature", "geometry": {"type": "LineString", "coordinates": [[32.56677, 0.2668], [32.5678, 0.26648]]}, "properties": {"link_id": "WAKI02699", "name": "Wakiso - Link 2231", "district": "Wakiso", "pavement": "Unpaved", "condition": "Fair", "length_km": 0.158}}, {"type": "Feature", "geometry": {"type": "LineString", "coordinates": [[32.56701, 0.2681], [32.56721, 0.26752]]}, "properties": {"link_id": "WAKI02700", "name": "Wakiso - Link 2232", "district": "Wakiso", "pavement": "Unpaved", "condition": "Fair", "length_km": 0.07}}, {"type": "Feature", "geometry": {"type": "LineString", "coordinates": [[32.56638, 0.26731], [32.5664, 0.26731]]}, "properties": {"link_id": "WAKI02701", "name": "Wakiso - Link 2233", "district": "Wakiso", "pavement": "Unpaved", "condition": "Poor", "length_km": 0.01}}, {"type": "Feature", "geometry": {"type": "LineString", "coordinates": [[32.56636, 0.26738], [32.56638, 0.26739]]}, "properties": {"link_id": "WAKI02702", "name": "Wakiso - Link 2234", "district": "Wakiso", "pavement": "Unpaved", "condition": "Poor", "length_km": 0.01}}, {"type": "Feature", "geometry": {"type": "LineString", "coordinates": [[32.56628, 0.26789], [32.56631, 0.26789]]}, "properties": {"link_id": "WAKI02703", "name": "Wakiso - Link 2235", "district": "Wakiso", "pavement": "Unpaved", "condition": "Poor", "length_km": 0.01}}, {"type": "Feature", "geometry": {"type": "LineString", "coordinates": [[32.56614, 0.26769], [32.56608, 0.268]]}, "properties": {"link_id": "WAKI02704", "name": "Wakiso - Link 2236", "district": "Wakiso", "pavement": "Unpaved", "condition": "Poor", "length_km": 0.051}}, {"type": "Feature", "geometry": {"type": "LineString", "coordinates": [[32.56601, 0.26831], [32.56603, 0.26832]]}, "properties": {"link_id": "WAKI02705", "name": "Wakiso - Link 2237", "district": "Wakiso", "pavement": "Unpaved", "condition": "Poor", "length_km": 0.01}}, {"type": "Feature", "geometry": {"type": "LineString", "coordinates": [[32.56602, 0.26841], [32.56626, 0.2684]]}, "properties": {"link_id": "WAKI02706", "name": "Wakiso - Link 2238", "district": "Wakiso", "pavement": "Paved", "condition": "Good", "length_km": 0.027}}, {"type": "Feature", "geometry": {"type": "LineString", "coordinates": [[32.5662, 0.26851], [32.56622, 0.26851]]}, "properties": {"link_id": "WAKI02707", "name": "Wakiso - Link 2239", "district": "Wakiso", "pavement": "Unpaved", "condition": "Poor", "length_km": 0.01}}, {"type": "Feature", "geometry": {"type": "LineString", "coordinates": [[32.56602, 0.26919], [32.56632, 0.26915]]}, "properties": {"link_id": "WAKI02708", "name": "Wakiso - Link 2240", "district": "Wakiso", "pavement": "Unpaved", "condition": "Poor", "length_km": 0.041}}, {"type": "Feature", "geometry": {"type": "LineString", "coordinates": [[32.56712, 0.26912], [32.56671, 0.26886]]}, "properties": {"link_id": "WAKI02709", "name": "Wakiso - Link 2241", "district": "Wakiso", "pavement": "Unpaved", "condition": "Fair", "length_km": 0.055}}, {"type": "Feature", "geometry": {"type": "LineString", "coordinates": [[32.56656, 0.26946], [32.56694, 0.2696]]}, "properties": {"link_id": "WAKI02710", "name": "Wakiso - Link 2242", "district": "Wakiso", "pavement": "Unpaved", "condition": "Fair", "length_km": 0.045}}, {"type": "Feature", "geometry": {"type": "LineString", "coordinates": [[32.56639, 0.2707], [32.56809, 0.26851]]}, "properties": {"link_id": "WAKI02711", "name": "Wakiso - Link 2243", "district": "Wakiso", "pavement": "Unpaved", "condition": "Fair", "length_km": 0.349}}, {"type": "Feature", "geometry": {"type": "LineString", "coordinates": [[32.56626, 0.2684], [32.5688, 0.2694]]}, "properties": {"link_id": "WAKI02712", "name": "Wakiso - Link 2244", "district": "Wakiso", "pavement": "Paved", "condition": "Good", "length_km": 0.311}}, {"type": "Feature", "geometry": {"type": "LineString", "coordinates": [[32.56767, 0.26938], [32.56762, 0.27005]]}, "properties": {"link_id": "WAKI02713", "name": "Wakiso - Link 2245", "district": "Wakiso", "pavement": "Unpaved", "condition": "Poor", "length_km": 0.08}}, {"type": "Feature", "geometry": {"type": "LineString", "coordinates": [[32.56874, 0.26855], [32.56841, 0.26876]]}, "properties": {"link_id": "WAKI02714", "name": "Wakiso - Link 2246", "district": "Wakiso", "pavement": "Unpaved", "condition": "Poor", "length_km": 0.051}}, {"type": "Feature", "geometry": {"type": "LineString", "coordinates": [[32.56874, 0.2673], [32.56877, 0.26775]]}, "properties": {"link_id": "WAKI02715", "name": "Wakiso - Link 2247", "district": "Wakiso", "pavement": "Unpaved", "condition": "Fair", "length_km": 0.051}}, {"type": "Feature", "geometry": {"type": "LineString", "coordinates": [[32.56761, 0.26798], [32.5678, 0.26764]]}, "properties": {"link_id": "WAKI02716", "name": "Wakiso - Link 2248", "district": "Wakiso", "pavement": "Unpaved", "condition": "Fair", "length_km": 0.043}}, {"type": "Feature", "geometry": {"type": "LineString", "coordinates": [[32.56843, 0.2682], [32.56659, 0.26763]]}, "properties": {"link_id": "WAKI02717", "name": "Wakiso - Link 2249", "district": "Wakiso", "pavement": "Unpaved", "condition": "Fair", "length_km": 0.215}}, {"type": "Feature", "geometry": {"type": "LineString", "coordinates": [[32.56731, 0.26787], [32.56761, 0.26732]]}, "properties": {"link_id": "WAKI02718", "name": "Wakiso - Link 2250", "district": "Wakiso", "pavement": "Unpaved", "condition": "Fair", "length_km": 0.07}}, {"type": "Feature", "geometry": {"type": "LineString", "coordinates": [[32.56894, 0.26698], [32.56845, 0.26671]]}, "properties": {"link_id": "WAKI02719", "name": "Wakiso - Link 2251", "district": "Wakiso", "pavement": "Unpaved", "condition": "Fair", "length_km": 0.062}}, {"type": "Feature", "geometry": {"type": "LineString", "coordinates": [[32.56816, 0.26601], [32.56894, 0.26549]]}, "properties": {"link_id": "WAKI02720", "name": "Wakiso - Link 2252", "district": "Wakiso", "pavement": "Unpaved", "condition": "Fair", "length_km": 0.117}}, {"type": "Feature", "geometry": {"type": "LineString", "coordinates": [[32.56832, 0.26444], [32.56849, 0.26463]]}, "properties": {"link_id": "WAKI02721", "name": "Wakiso - Link 2253", "district": "Wakiso", "pavement": "Unpaved", "condition": "Poor", "length_km": 0.028}}, {"type": "Feature", "geometry": {"type": "LineString", "coordinates": [[32.56775, 0.26479], [32.5685, 0.26553]]}, "properties": {"link_id": "WAKI02722", "name": "Wakiso - Link 2254", "district": "Wakiso", "pavement": "Unpaved", "condition": "Fair", "length_km": 0.125}}, {"type": "Feature", "geometry": {"type": "LineString", "coordinates": [[32.56786, 0.26477], [32.56801, 0.26513]]}, "properties": {"link_id": "WAKI02723", "name": "Wakiso - Link 2255", "district": "Wakiso", "pavement": "Unpaved", "condition": "Poor", "length_km": 0.058}}, {"type": "Feature", "geometry": {"type": "LineString", "coordinates": [[32.56695, 0.26565], [32.56861, 0.26635]]}, "properties": {"link_id": "WAKI02724", "name": "Wakiso - Link 2256", "district": "Wakiso", "pavement": "Unpaved", "condition": "Fair", "length_km": 0.205}}, {"type": "Feature", "geometry": {"type": "LineString", "coordinates": [[32.56697, 0.26541], [32.56754, 0.26551]]}, "properties": {"link_id": "WAKI02725", "name": "Wakiso - Link 2257", "district": "Wakiso", "pavement": "Unpaved", "condition": "Fair", "length_km": 0.065}}, {"type": "Feature", "geometry": {"type": "LineString", "coordinates": [[32.56668, 0.26572], [32.56651, 0.2657]]}, "properties": {"link_id": "WAKI02726", "name": "Wakiso - Link 2258", "district": "Wakiso", "pavement": "Unpaved", "condition": "Poor", "length_km": 0.022}}, {"type": "Feature", "geometry": {"type": "LineString", "coordinates": [[32.56597, 0.26477], [32.56651, 0.26445]]}, "properties": {"link_id": "WAKI02727", "name": "Wakiso - Link 2259", "district": "Wakiso", "pavement": "Unpaved", "condition": "Fair", "length_km": 0.101}}, {"type": "Feature", "geometry": {"type": "LineString", "coordinates": [[32.56648, 0.26441], [32.56645, 0.26397]]}, "properties": {"link_id": "WAKI02728", "name": "Wakiso - Link 2260", "district": "Wakiso", "pavement": "Unpaved", "condition": "Poor", "length_km": 0.096}}, {"type": "Feature", "geometry": {"type": "LineString", "coordinates": [[32.5664, 0.26368], [32.56589, 0.26389]]}, "properties": {"link_id": "WAKI02729", "name": "Wakiso - Link 2261", "district": "Wakiso", "pavement": "Unpaved", "condition": "Poor", "length_km": 0.062}}, {"type": "Feature", "geometry": {"type": "LineString", "coordinates": [[32.56649, 0.26313], [32.56628, 0.26319]]}, "properties": {"link_id": "WAKI02730", "name": "Wakiso - Link 2262", "district": "Wakiso", "pavement": "Unpaved", "condition": "Poor", "length_km": 0.025}}, {"type": "Feature", "geometry": {"type": "LineString", "coordinates": [[32.56647, 0.26326], [32.56776, 0.26379]]}, "properties": {"link_id": "WAKI02731", "name": "Wakiso - Link 2263", "district": "Wakiso", "pavement": "Paved", "condition": "Good", "length_km": 0.156}}, {"type": "Feature", "geometry": {"type": "LineString", "coordinates": [[32.56733, 0.26279], [32.56729, 0.26279]]}, "properties": {"link_id": "WAKI02732", "name": "Wakiso - Link 2264", "district": "Wakiso", "pavement": "Unpaved", "condition": "Poor", "length_km": 0.01}}, {"type": "Feature", "geometry": {"type": "LineString", "coordinates": [[32.56741, 0.26271], [32.56744, 0.26272]]}, "properties": {"link_id": "WAKI02733", "name": "Wakiso - Link 2265", "district": "Wakiso", "pavement": "Unpaved", "condition": "Poor", "length_km": 0.01}}, {"type": "Feature", "geometry": {"type": "LineString", "coordinates": [[32.56745, 0.26237], [32.56806, 0.26309]]}, "properties": {"link_id": "WAKI02734", "name": "Wakiso - Link 2266", "district": "Wakiso", "pavement": "Unpaved", "condition": "Fair", "length_km": 0.109}}, {"type": "Feature", "geometry": {"type": "LineString", "coordinates": [[32.56755, 0.26363], [32.56787, 0.26338]]}, "properties": {"link_id": "WAKI02735", "name": "Wakiso - Link 2267", "district": "Wakiso", "pavement": "Unpaved", "condition": "Fair", "length_km": 0.046}}, {"type": "Feature", "geometry": {"type": "LineString", "coordinates": [[32.56878, 0.25802], [32.56626, 0.2684]]}, "properties": {"link_id": "WAKI02736", "name": "Ndejje Road", "district": "Wakiso", "pavement": "Paved", "condition": "Good", "length_km": 1.193}}, {"type": "Feature", "geometry": {"type": "LineString", "coordinates": [[32.56816, 0.26457], [32.56784, 0.26421]]}, "properties": {"link_id": "WAKI02737", "name": "Wakiso - Link 2268", "district": "Wakiso", "pavement": "Unpaved", "condition": "Fair", "length_km": 0.054}}, {"type": "Feature", "geometry": {"type": "LineString", "coordinates": [[32.56855, 0.26404], [32.56822, 0.26366]]}, "properties": {"link_id": "WAKI02738", "name": "Wakiso - Link 2269", "district": "Wakiso", "pavement": "Unpaved", "condition": "Fair", "length_km": 0.056}}, {"type": "Feature", "geometry": {"type": "LineString", "coordinates": [[32.56792, 0.26216], [32.56798, 0.26255]]}, "properties": {"link_id": "WAKI02739", "name": "Wakiso - Link 2270", "district": "Wakiso", "pavement": "Unpaved", "condition": "Poor", "length_km": 0.05}}, {"type": "Feature", "geometry": {"type": "LineString", "coordinates": [[32.56757, 0.26198], [32.56763, 0.26177]]}, "properties": {"link_id": "WAKI02740", "name": "Wakiso - Link 2271", "district": "Wakiso", "pavement": "Unpaved", "condition": "Poor", "length_km": 0.123}}, {"type": "Feature", "geometry": {"type": "LineString", "coordinates": [[32.56793, 0.26186], [32.56815, 0.26169]]}, "properties": {"link_id": "WAKI02741", "name": "Wakiso - Link 2272", "district": "Wakiso", "pavement": "Unpaved", "condition": "Poor", "length_km": 0.031}}, {"type": "Feature", "geometry": {"type": "LineString", "coordinates": [[32.56753, 0.26101], [32.56786, 0.26107]]}, "properties": {"link_id": "WAKI02742", "name": "Wakiso - Link 2273", "district": "Wakiso", "pavement": "Unpaved", "condition": "Poor", "length_km": 0.037}}, {"type": "Feature", "geometry": {"type": "LineString", "coordinates": [[32.568, 0.26109], [32.56802, 0.26133]]}, "properties": {"link_id": "WAKI02743", "name": "Wakiso - Link 2274", "district": "Wakiso", "pavement": "Unpaved", "condition": "Poor", "length_km": 0.028}}, {"type": "Feature", "geometry": {"type": "LineString", "coordinates": [[32.56786, 0.26107], [32.56927, 0.2613]]}, "properties": {"link_id": "WAKI02744", "name": "Wakiso - Link 2275", "district": "Wakiso", "pavement": "Unpaved", "condition": "Fair", "length_km": 0.168}}, {"type": "Feature", "geometry": {"type": "LineString", "coordinates": [[32.56839, 0.25978], [32.56924, 0.25993]]}, "properties": {"link_id": "WAKI02745", "name": "Wakiso - Link 2276", "district": "Wakiso", "pavement": "Unpaved", "condition": "Fair", "length_km": 0.096}}, {"type": "Feature", "geometry": {"type": "LineString", "coordinates": [[32.56828, 0.25975], [32.56839, 0.25978]]}, "properties": {"link_id": "WAKI02746", "name": "Wakiso - Link 2277", "district": "Wakiso", "pavement": "Unpaved", "condition": "Fair", "length_km": 0.012}}, {"type": "Feature", "geometry": {"type": "LineString", "coordinates": [[32.56727, 0.26028], [32.56819, 0.26007]]}, "properties": {"link_id": "WAKI02747", "name": "Wakiso - Link 2278", "district": "Wakiso", "pavement": "Unpaved", "condition": "Fair", "length_km": 0.115}}, {"type": "Feature", "geometry": {"type": "LineString", "coordinates": [[32.56807, 0.26044], [32.56773, 0.2603]]}, "properties": {"link_id": "WAKI02748", "name": "Wakiso - Link 2279", "district": "Wakiso", "pavement": "Unpaved", "condition": "Poor", "length_km": 0.041}}, {"type": "Feature", "geometry": {"type": "LineString", "coordinates": [[32.56679, 0.26081], [32.56727, 0.26028]]}, "properties": {"link_id": "WAKI02749", "name": "Wakiso - Link 2280", "district": "Wakiso", "pavement": "Unpaved", "condition": "Fair", "length_km": 0.105}}, {"type": "Feature", "geometry": {"type": "LineString", "coordinates": [[32.56646, 0.25992], [32.56708, 0.25957]]}, "properties": {"link_id": "WAKI02750", "name": "Wakiso - Link 2281", "district": "Wakiso", "pavement": "Paved", "condition": "Good", "length_km": 0.11}}, {"type": "Feature", "geometry": {"type": "LineString", "coordinates": [[32.56579, 0.25997], [32.56692, 0.2599]]}, "properties": {"link_id": "WAKI02751", "name": "Wakiso - Link 2282", "district": "Wakiso", "pavement": "Paved", "condition": "Good", "length_km": 0.126}}, {"type": "Feature", "geometry": {"type": "LineString", "coordinates": [[32.56649, 0.25954], [32.56638, 0.2595]]}, "properties": {"link_id": "WAKI02752", "name": "Wakiso - Link 2283", "district": "Wakiso", "pavement": "Paved", "condition": "Good", "length_km": 0.013}}, {"type": "Feature", "geometry": {"type": "LineString", "coordinates": [[32.56613, 0.26153], [32.56648, 0.26151]]}, "properties": {"link_id": "WAKI02753", "name": "Wakiso - Link 2284", "district": "Wakiso", "pavement": "Unpaved", "condition": "Poor", "length_km": 0.04}}, {"type": "Feature", "geometry": {"type": "LineString", "coordinates": [[32.56601, 0.26098], [32.56679, 0.26081]]}, "properties": {"link_id": "WAKI02754", "name": "Wakiso - Link 2285", "district": "Wakiso", "pavement": "Unpaved", "condition": "Fair", "length_km": 0.089}}, {"type": "Feature", "geometry": {"type": "LineString", "coordinates": [[32.56611, 0.26142], [32.56732, 0.26103]]}, "properties": {"link_id": "WAKI02755", "name": "Wakiso - Link 2286", "district": "Wakiso", "pavement": "Unpaved", "condition": "Poor", "length_km": 0.164}}, {"type": "Feature", "geometry": {"type": "LineString", "coordinates": [[32.56631, 0.26242], [32.56664, 0.26244]]}, "properties": {"link_id": "WAKI02756", "name": "Wakiso - Link 2287", "district": "Wakiso", "pavement": "Unpaved", "condition": "Poor", "length_km": 0.037}}, {"type": "Feature", "geometry": {"type": "LineString", "coordinates": [[32.56628, 0.26227], [32.56624, 0.26206]]}, "properties": {"link_id": "WAKI02757", "name": "Wakiso - Link 2288", "district": "Wakiso", "pavement": "Unpaved", "condition": "Poor", "length_km": 0.09}}, {"type": "Feature", "geometry": {"type": "LineString", "coordinates": [[32.56604, 0.26185], [32.56597, 0.26186]]}, "properties": {"link_id": "WAKI02758", "name": "Wakiso - Link 2289", "district": "Wakiso", "pavement": "Unpaved", "condition": "Poor", "length_km": 0.01}}, {"type": "Feature", "geometry": {"type": "LineString", "coordinates": [[32.56612, 0.26301], [32.56594, 0.26208]]}, "properties": {"link_id": "WAKI02759", "name": "Wakiso - Link 2290", "district": "Wakiso", "pavement": "Unpaved", "condition": "Poor", "length_km": 0.106}}, {"type": "Feature", "geometry": {"type": "LineString", "coordinates": [[32.56588, 0.26115], [32.56541, 0.26125]]}, "properties": {"link_id": "WAKI02760", "name": "Wakiso - Link 2291", "district": "Wakiso", "pavement": "Unpaved", "condition": "Fair", "length_km": 0.054}}, {"type": "Feature", "geometry": {"type": "LineString", "coordinates": [[32.56478, 0.26146], [32.56597, 0.26154]]}, "properties": {"link_id": "WAKI02761", "name": "Wakiso - Link 2292", "district": "Wakiso", "pavement": "Unpaved", "condition": "Poor", "length_km": 0.143}}, {"type": "Feature", "geometry": {"type": "LineString", "coordinates": [[32.56476, 0.26128], [32.56581, 0.26084]]}, "properties": {"link_id": "WAKI02762", "name": "Wakiso - Link 2293", "district": "Wakiso", "pavement": "Unpaved", "condition": "Fair", "length_km": 0.159}}, {"type": "Feature", "geometry": {"type": "LineString", "coordinates": [[32.56397, 0.26241], [32.56337, 0.26236]]}, "properties": {"link_id": "WAKI02763", "name": "Wakiso - Link 2294", "district": "Wakiso", "pavement": "Unpaved", "condition": "Fair", "length_km": 0.068}}, {"type": "Feature", "geometry": {"type": "LineString", "coordinates": [[32.56336, 0.26104], [32.56478, 0.26146]]}, "properties": {"link_id": "WAKI02764", "name": "Wakiso - Link 2295", "district": "Wakiso", "pavement": "Unpaved", "condition": "Fair", "length_km": 0.181}}, {"type": "Feature", "geometry": {"type": "LineString", "coordinates": [[32.56484, 0.26014], [32.56429, 0.26043]]}, "properties": {"link_id": "WAKI02765", "name": "Wakiso - Link 2296", "district": "Wakiso", "pavement": "Paved", "condition": "Good", "length_km": 0.071}}, {"type": "Feature", "geometry": {"type": "LineString", "coordinates": [[32.56361, 0.26069], [32.5638, 0.25956]]}, "properties": {"link_id": "WAKI02766", "name": "Wakiso - Link 2297", "district": "Wakiso", "pavement": "Unpaved", "condition": "Fair", "length_km": 0.134}}, {"type": "Feature", "geometry": {"type": "LineString", "coordinates": [[32.56484, 0.26014], [32.56266, 0.25874]]}, "properties": {"link_id": "WAKI02767", "name": "Wakiso - Link 2298", "district": "Wakiso", "pavement": "Unpaved", "condition": "Fair", "length_km": 0.31}}, {"type": "Feature", "geometry": {"type": "LineString", "coordinates": [[32.56413, 0.25866], [32.56454, 0.25966]]}, "properties": {"link_id": "WAKI02768", "name": "Wakiso - Link 2299", "district": "Wakiso", "pavement": "Unpaved", "condition": "Fair", "length_km": 0.13}}, {"type": "Feature", "geometry": {"type": "LineString", "coordinates": [[32.56567, 0.26018], [32.56484, 0.26014]]}, "properties": {"link_id": "WAKI02769", "name": "Wakiso - Link 2300", "district": "Wakiso", "pavement": "Paved", "condition": "Good", "length_km": 0.092}}, {"type": "Feature", "geometry": {"type": "LineString", "coordinates": [[32.56572, 0.25963], [32.56589, 0.25954]]}, "properties": {"link_id": "WAKI02770", "name": "Wakiso - Link 2301", "district": "Wakiso", "pavement": "Paved", "condition": "Good", "length_km": 0.023}}, {"type": "Feature", "geometry": {"type": "LineString", "coordinates": [[32.56574, 0.25973], [32.56559, 0.25978]]}, "properties": {"link_id": "WAKI02771", "name": "Wakiso - Link 2302", "district": "Wakiso", "pavement": "Paved", "condition": "Good", "length_km": 0.018}}, {"type": "Feature", "geometry": {"type": "LineString", "coordinates": [[32.56573, 0.25965], [32.56591, 0.25995]]}, "properties": {"link_id": "WAKI02772", "name": "Wakiso - Link 2303", "district": "Wakiso", "pavement": "Paved", "condition": "Good", "length_km": 0.049}}, {"type": "Feature", "geometry": {"type": "LineString", "coordinates": [[32.56559, 0.25976], [32.56558, 0.26015]]}, "properties": {"link_id": "WAKI02773", "name": "Wakiso - Link 2304", "district": "Wakiso", "pavement": "Paved", "condition": "Good", "length_km": 0.061}}, {"type": "Feature", "geometry": {"type": "LineString", "coordinates": [[32.56554, 0.25953], [32.56542, 0.25955]]}, "properties": {"link_id": "WAKI02774", "name": "Wakiso - Link 2305", "district": "Wakiso", "pavement": "Paved", "condition": "Good", "length_km": 0.013}}, {"type": "Feature", "geometry": {"type": "LineString", "coordinates": [[32.56555, 0.25962], [32.56549, 0.25964]]}, "properties": {"link_id": "WAKI02775", "name": "Wakiso - Link 2306", "district": "Wakiso", "pavement": "Unpaved", "condition": "Poor", "length_km": 0.01}}, {"type": "Feature", "geometry": {"type": "LineString", "coordinates": [[32.56587, 0.25938], [32.56567, 0.25938]]}, "properties": {"link_id": "WAKI02776", "name": "Wakiso - Link 2307", "district": "Wakiso", "pavement": "Paved", "condition": "Good", "length_km": 0.024}}, {"type": "Feature", "geometry": {"type": "LineString", "coordinates": [[32.5658, 0.25937], [32.56597, 0.25927]]}, "properties": {"link_id": "WAKI02777", "name": "Wakiso - Link 2308", "district": "Wakiso", "pavement": "Paved", "condition": "Good", "length_km": 0.029}}, {"type": "Feature", "geometry": {"type": "LineString", "coordinates": [[32.56589, 0.25954], [32.56587, 0.25938]]}, "properties": {"link_id": "WAKI02778", "name": "Wakiso - Link 2309", "district": "Wakiso", "pavement": "Paved", "condition": "Good", "length_km": 0.018}}, {"type": "Feature", "geometry": {"type": "LineString", "coordinates": [[32.56538, 0.25818], [32.56572, 0.25815]]}, "properties": {"link_id": "WAKI02779", "name": "Wakiso - Link 2310", "district": "Wakiso", "pavement": "Unpaved", "condition": "Fair", "length_km": 0.037}}, {"type": "Feature", "geometry": {"type": "LineString", "coordinates": [[32.56522, 0.25808], [32.56469, 0.25796]]}, "properties": {"link_id": "WAKI02780", "name": "Wakiso - Link 2311", "district": "Wakiso", "pavement": "Unpaved", "condition": "Poor", "length_km": 0.069}}, {"type": "Feature", "geometry": {"type": "LineString", "coordinates": [[32.56543, 0.25899], [32.56504, 0.25903]]}, "properties": {"link_id": "WAKI02781", "name": "Wakiso - Link 2312", "district": "Wakiso", "pavement": "Unpaved", "condition": "Poor", "length_km": 0.043}}, {"type": "Feature", "geometry": {"type": "LineString", "coordinates": [[32.56431, 0.25843], [32.56309, 0.25852]]}, "properties": {"link_id": "WAKI02782", "name": "Wakiso - Link 2313", "district": "Wakiso", "pavement": "Unpaved", "condition": "Fair", "length_km": 0.136}}, {"type": "Feature", "geometry": {"type": "LineString", "coordinates": [[32.56505, 0.25731], [32.56307, 0.25734]]}, "properties": {"link_id": "WAKI02783", "name": "Wakiso - Link 2314", "district": "Wakiso", "pavement": "Unpaved", "condition": "Fair", "length_km": 0.222}}, {"type": "Feature", "geometry": {"type": "LineString", "coordinates": [[32.56517, 0.25777], [32.56312, 0.258]]}, "properties": {"link_id": "WAKI02784", "name": "Wakiso - Link 2315", "district": "Wakiso", "pavement": "Paved", "condition": "Good", "length_km": 0.241}}, {"type": "Feature", "geometry": {"type": "LineString", "coordinates": [[32.56416, 0.25643], [32.56413, 0.25676]]}, "properties": {"link_id": "WAKI02785", "name": "Wakiso - Link 2316", "district": "Wakiso", "pavement": "Unpaved", "condition": "Poor", "length_km": 0.037}}, {"type": "Feature", "geometry": {"type": "LineString", "coordinates": [[32.56354, 0.25666], [32.56378, 0.25666]]}, "properties": {"link_id": "WAKI02786", "name": "Wakiso - Link 2317", "district": "Wakiso", "pavement": "Unpaved", "condition": "Fair", "length_km": 0.027}}, {"type": "Feature", "geometry": {"type": "LineString", "coordinates": [[32.56386, 0.25641], [32.5639, 0.25693]]}, "properties": {"link_id": "WAKI02787", "name": "Wakiso - Link 2318", "district": "Wakiso", "pavement": "Unpaved", "condition": "Fair", "length_km": 0.076}}, {"type": "Feature", "geometry": {"type": "LineString", "coordinates": [[32.56298, 0.25629], [32.56472, 0.25635]]}, "properties": {"link_id": "WAKI02788", "name": "Wakiso - Link 2319", "district": "Wakiso", "pavement": "Paved", "condition": "Good", "length_km": 0.195}}, {"type": "Feature", "geometry": {"type": "LineString", "coordinates": [[32.56293, 0.2557], [32.56445, 0.25585]]}, "properties": {"link_id": "WAKI02789", "name": "Wakiso - Link 2320", "district": "Wakiso", "pavement": "Paved", "condition": "Good", "length_km": 0.171}}, {"type": "Feature", "geometry": {"type": "LineString", "coordinates": [[32.56366, 0.25581], [32.56382, 0.25565]]}, "properties": {"link_id": "WAKI02790", "name": "Wakiso - Link 2321", "district": "Wakiso", "pavement": "Unpaved", "condition": "Poor", "length_km": 0.032}}, {"type": "Feature", "geometry": {"type": "LineString", "coordinates": [[32.56395, 0.25643], [32.56402, 0.25587]]}, "properties": {"link_id": "WAKI02791", "name": "Wakiso - Link 2322", "district": "Wakiso", "pavement": "Unpaved", "condition": "Fair", "length_km": 0.063}}, {"type": "Feature", "geometry": {"type": "LineString", "coordinates": [[32.56464, 0.25565], [32.56457, 0.25551]]}, "properties": {"link_id": "WAKI02792", "name": "Wakiso - Link 2323", "district": "Wakiso", "pavement": "Unpaved", "condition": "Poor", "length_km": 0.019}}, {"type": "Feature", "geometry": {"type": "LineString", "coordinates": [[32.56441, 0.25558], [32.5645, 0.25572]]}, "properties": {"link_id": "WAKI02793", "name": "Wakiso - Link 2324", "district": "Wakiso", "pavement": "Unpaved", "condition": "Poor", "length_km": 0.143}}, {"type": "Feature", "geometry": {"type": "LineString", "coordinates": [[32.56457, 0.25583], [32.5649, 0.25566]]}, "properties": {"link_id": "WAKI02794", "name": "Wakiso - Link 2325", "district": "Wakiso", "pavement": "Unpaved", "condition": "Poor", "length_km": 0.041}}, {"type": "Feature", "geometry": {"type": "LineString", "coordinates": [[32.56491, 0.25687], [32.56431, 0.25699]]}, "properties": {"link_id": "WAKI02795", "name": "Wakiso - Link 2326", "district": "Wakiso", "pavement": "Paved", "condition": "Good", "length_km": 0.068}}, {"type": "Feature", "geometry": {"type": "LineString", "coordinates": [[32.56511, 0.25692], [32.56495, 0.25698]]}, "properties": {"link_id": "WAKI02796", "name": "Wakiso - Link 2327", "district": "Wakiso", "pavement": "Unpaved", "condition": "Poor", "length_km": 0.02}}, {"type": "Feature", "geometry": {"type": "LineString", "coordinates": [[32.56578, 0.25729], [32.56618, 0.257]]}, "properties": {"link_id": "WAKI02797", "name": "Wakiso - Link 2328", "district": "Wakiso", "pavement": "Unpaved", "condition": "Fair", "length_km": 0.06}}, {"type": "Feature", "geometry": {"type": "LineString", "coordinates": [[32.56485, 0.25635], [32.56577, 0.25617]]}, "properties": {"link_id": "WAKI02798", "name": "Wakiso - Link 2329", "district": "Wakiso", "pavement": "Paved", "condition": "Good", "length_km": 0.105}}, {"type": "Feature", "geometry": {"type": "LineString", "coordinates": [[32.565, 0.25671], [32.56831, 0.25605]]}, "properties": {"link_id": "WAKI02799", "name": "Wakiso - Link 2330", "district": "Wakiso", "pavement": "Paved", "condition": "Good", "length_km": 0.428}}, {"type": "Feature", "geometry": {"type": "LineString", "coordinates": [[32.56707, 0.25637], [32.56707, 0.25663]]}, "properties": {"link_id": "WAKI02800", "name": "Wakiso - Link 2331", "district": "Wakiso", "pavement": "Unpaved", "condition": "Fair", "length_km": 0.029}}, {"type": "Feature", "geometry": {"type": "LineString", "coordinates": [[32.56618, 0.257], [32.56767, 0.25699]]}, "properties": {"link_id": "WAKI02801", "name": "Wakiso - Link 2332", "district": "Wakiso", "pavement": "Unpaved", "condition": "Fair", "length_km": 0.168}}, {"type": "Feature", "geometry": {"type": "LineString", "coordinates": [[32.56607, 0.25866], [32.56602, 0.25837]]}, "properties": {"link_id": "WAKI02802", "name": "Wakiso - Link 2333", "district": "Wakiso", "pavement": "Unpaved", "condition": "Poor", "length_km": 0.033}}, {"type": "Feature", "geometry": {"type": "LineString", "coordinates": [[32.56687, 0.25909], [32.56561, 0.25916]]}, "properties": {"link_id": "WAKI02803", "name": "Wakiso - Link 2334", "district": "Wakiso", "pavement": "Paved", "condition": "Good", "length_km": 0.148}}, {"type": "Feature", "geometry": {"type": "LineString", "coordinates": [[32.56628, 0.25872], [32.56627, 0.2588]]}, "properties": {"link_id": "WAKI02804", "name": "Wakiso - Link 2335", "district": "Wakiso", "pavement": "Unpaved", "condition": "Poor", "length_km": 0.01}}, {"type": "Feature", "geometry": {"type": "LineString", "coordinates": [[32.56553, 0.25884], [32.56698, 0.25888]]}, "properties": {"link_id": "WAKI02805", "name": "Wakiso - Link 2336", "district": "Wakiso", "pavement": "Paved", "condition": "Good", "length_km": 0.167}}, {"type": "Feature", "geometry": {"type": "LineString", "coordinates": [[32.56631, 0.25873], [32.56652, 0.2581]]}, "properties": {"link_id": "WAKI02806", "name": "Wakiso - Link 2337", "district": "Wakiso", "pavement": "Paved", "condition": "Good", "length_km": 0.084}}, {"type": "Feature", "geometry": {"type": "LineString", "coordinates": [[32.56518, 0.25728], [32.56875, 0.25821]]}, "properties": {"link_id": "WAKI02807", "name": "Wakiso - Link 2338", "district": "Wakiso", "pavement": "Paved", "condition": "Good", "length_km": 0.424}}, {"type": "Feature", "geometry": {"type": "LineString", "coordinates": [[32.56711, 0.25707], [32.56706, 0.25762]]}, "properties": {"link_id": "WAKI02808", "name": "Wakiso - Link 2339", "district": "Wakiso", "pavement": "Unpaved", "condition": "Fair", "length_km": 0.061}}, {"type": "Feature", "geometry": {"type": "LineString", "coordinates": [[32.56668, 0.25881], [32.56836, 0.258]]}, "properties": {"link_id": "WAKI02809", "name": "Wakiso - Link 2340", "district": "Wakiso", "pavement": "Unpaved", "condition": "Fair", "length_km": 0.238}}, {"type": "Feature", "geometry": {"type": "LineString", "coordinates": [[32.56881, 0.25791], [32.56878, 0.25802]]}, "properties": {"link_id": "WAKI02810", "name": "Wakiso - Link 2341", "district": "Wakiso", "pavement": "Unpaved", "condition": "Fair", "length_km": 0.014}}, {"type": "Feature", "geometry": {"type": "LineString", "coordinates": [[32.56749, 0.25641], [32.5675, 0.25644]]}, "properties": {"link_id": "WAKI02811", "name": "Wakiso - Link 2342", "district": "Wakiso", "pavement": "Unpaved", "condition": "Poor", "length_km": 0.01}}, {"type": "Feature", "geometry": {"type": "LineString", "coordinates": [[32.56767, 0.25659], [32.56766, 0.25654]]}, "properties": {"link_id": "WAKI02812", "name": "Wakiso - Link 2343", "district": "Wakiso", "pavement": "Paved", "condition": "Good", "length_km": 0.01}}, {"type": "Feature", "geometry": {"type": "LineString", "coordinates": [[32.56801, 0.25656], [32.56805, 0.25674]]}, "properties": {"link_id": "WAKI02813", "name": "Wakiso - Link 2344", "district": "Wakiso", "pavement": "Paved", "condition": "Good", "length_km": 0.021}}, {"type": "Feature", "geometry": {"type": "LineString", "coordinates": [[32.56814, 0.25611], [32.56927, 0.25621]]}, "properties": {"link_id": "WAKI02814", "name": "Wakiso - Link 2345", "district": "Wakiso", "pavement": "Paved", "condition": "Good", "length_km": 0.148}}, {"type": "Feature", "geometry": {"type": "LineString", "coordinates": [[32.56805, 0.25531], [32.56955, 0.25523]]}, "properties": {"link_id": "WAKI02815", "name": "Wakiso - Link 2346", "district": "Wakiso", "pavement": "Unpaved", "condition": "Fair", "length_km": 0.17}}, {"type": "Feature", "geometry": {"type": "LineString", "coordinates": [[32.56784, 0.25453], [32.56846, 0.25472]]}, "properties": {"link_id": "WAKI02816", "name": "Wakiso - Link 2347", "district": "Wakiso", "pavement": "Unpaved", "condition": "Fair", "length_km": 0.093}}, {"type": "Feature", "geometry": {"type": "LineString", "coordinates": [[32.56806, 0.25448], [32.56813, 0.25479]]}, "properties": {"link_id": "WAKI02817", "name": "Wakiso - Link 2348", "district": "Wakiso", "pavement": "Unpaved", "condition": "Fair", "length_km": 0.035}}, {"type": "Feature", "geometry": {"type": "LineString", "coordinates": [[32.56657, 0.25374], [32.56733, 0.25522]]}, "properties": {"link_id": "WAKI02818", "name": "Wakiso - Link 2349", "district": "Wakiso", "pavement": "Unpaved", "condition": "Fair", "length_km": 0.186}}, {"type": "Feature", "geometry": {"type": "LineString", "coordinates": [[32.56509, 0.25427], [32.56918, 0.2532]]}, "properties": {"link_id": "WAKI02819", "name": "Wakiso - Link 2350", "district": "Wakiso", "pavement": "Paved", "condition": "Good", "length_km": 0.492}}, {"type": "Feature", "geometry": {"type": "LineString", "coordinates": [[32.56889, 0.25156], [32.56757, 0.25212]]}, "properties": {"link_id": "WAKI02820", "name": "Wakiso - Link 2351", "district": "Wakiso", "pavement": "Unpaved", "condition": "Fair", "length_km": 0.209}}, {"type": "Feature", "geometry": {"type": "LineString", "coordinates": [[32.5678, 0.25053], [32.56836, 0.25009]]}, "properties": {"link_id": "WAKI02821", "name": "Wakiso - Link 2352", "district": "Wakiso", "pavement": "Paved", "condition": "Good", "length_km": 0.105}}, {"type": "Feature", "geometry": {"type": "LineString", "coordinates": [[32.56848, 0.25092], [32.56859, 0.25023]]}, "properties": {"link_id": "WAKI02822", "name": "Wakiso - Link 2353", "district": "Wakiso", "pavement": "Unpaved", "condition": "Fair", "length_km": 0.077}}, {"type": "Feature", "geometry": {"type": "LineString", "coordinates": [[32.56828, 0.24974], [32.56866, 0.24983]]}, "properties": {"link_id": "WAKI02823", "name": "Wakiso - Link 2354", "district": "Wakiso", "pavement": "Paved", "condition": "Good", "length_km": 0.044}}, {"type": "Feature", "geometry": {"type": "LineString", "coordinates": [[32.56859, 0.25023], [32.56836, 0.25009]]}, "properties": {"link_id": "WAKI02824", "name": "Wakiso - Link 2355", "district": "Wakiso", "pavement": "Unpaved", "condition": "Fair", "length_km": 0.03}}, {"type": "Feature", "geometry": {"type": "LineString", "coordinates": [[32.56828, 0.24972], [32.568, 0.24966]]}, "properties": {"link_id": "WAKI02825", "name": "Wakiso - Link 2356", "district": "Wakiso", "pavement": "Paved", "condition": "Good", "length_km": 0.032}}, {"type": "Feature", "geometry": {"type": "LineString", "coordinates": [[32.56933, 0.2488], [32.5683, 0.24852]]}, "properties": {"link_id": "WAKI02826", "name": "Wakiso - Link 2357", "district": "Wakiso", "pavement": "Unpaved", "condition": "Fair", "length_km": 0.118}}, {"type": "Feature", "geometry": {"type": "LineString", "coordinates": [[32.56836, 0.25009], [32.56732, 0.24933]]}, "properties": {"link_id": "WAKI02827", "name": "Wakiso - Link 2358", "district": "Wakiso", "pavement": "Unpaved", "condition": "Fair", "length_km": 0.174}}, {"type": "Feature", "geometry": {"type": "LineString", "coordinates": [[32.56826, 0.24987], [32.56783, 0.25021]]}, "properties": {"link_id": "WAKI02828", "name": "Wakiso - Link 2359", "district": "Wakiso", "pavement": "Paved", "condition": "Good", "length_km": 0.08}}, {"type": "Feature", "geometry": {"type": "LineString", "coordinates": [[32.56665, 0.24977], [32.56778, 0.25022]]}, "properties": {"link_id": "WAKI02829", "name": "Wakiso - Link 2360", "district": "Wakiso", "pavement": "Paved", "condition": "Good", "length_km": 0.183}}, {"type": "Feature", "geometry": {"type": "LineString", "coordinates": [[32.56577, 0.25202], [32.56646, 0.25185]]}, "properties": {"link_id": "WAKI02830", "name": "Wakiso - Link 2361", "district": "Wakiso", "pavement": "Unpaved", "condition": "Fair", "length_km": 0.08}}, {"type": "Feature", "geometry": {"type": "LineString", "coordinates": [[32.56546, 0.2512], [32.56617, 0.2519]]}, "properties": {"link_id": "WAKI02831", "name": "Wakiso - Link 2362", "district": "Wakiso", "pavement": "Unpaved", "condition": "Poor", "length_km": 0.113}}, {"type": "Feature", "geometry": {"type": "LineString", "coordinates": [[32.56418, 0.25194], [32.56577, 0.25051]]}, "properties": {"link_id": "WAKI02832", "name": "Wakiso - Link 2363", "district": "Wakiso", "pavement": "Unpaved", "condition": "Fair", "length_km": 0.299}}, {"type": "Feature", "geometry": {"type": "LineString", "coordinates": [[32.56499, 0.24948], [32.56618, 0.25109]]}, "properties": {"link_id": "WAKI02833", "name": "Wakiso - Link 2364", "district": "Wakiso", "pavement": "Unpaved", "condition": "Fair", "length_km": 0.226}}, {"type": "Feature", "geometry": {"type": "LineString", "coordinates": [[32.56402, 0.24968], [32.56384, 0.24883]]}, "properties": {"link_id": "WAKI02834", "name": "Wakiso - Link 2365", "district": "Wakiso", "pavement": "Unpaved", "condition": "Fair", "length_km": 0.097}}, {"type": "Feature", "geometry": {"type": "LineString", "coordinates": [[32.56591, 0.24826], [32.56167, 0.2516]]}, "properties": {"link_id": "WAKI02835", "name": "Wakiso - Link 2366", "district": "Wakiso", "pavement": "Paved", "condition": "Good", "length_km": 0.622}}, {"type": "Feature", "geometry": {"type": "LineString", "coordinates": [[32.56415, 0.25097], [32.56296, 0.25111]]}, "properties": {"link_id": "WAKI02836", "name": "Wakiso - Link 2367", "district": "Wakiso", "pavement": "Unpaved", "condition": "Fair", "length_km": 0.163}}, {"type": "Feature", "geometry": {"type": "LineString", "coordinates": [[32.56373, 0.25061], [32.56398, 0.25038]]}, "properties": {"link_id": "WAKI02837", "name": "Wakiso - Link 2368", "district": "Wakiso", "pavement": "Unpaved", "condition": "Fair", "length_km": 0.038}}, {"type": "Feature", "geometry": {"type": "LineString", "coordinates": [[32.56269, 0.25212], [32.56509, 0.25132]]}, "properties": {"link_id": "WAKI02838", "name": "Wakiso - Link 2369", "district": "Wakiso", "pavement": "Paved", "condition": "Good", "length_km": 0.298}}, {"type": "Feature", "geometry": {"type": "LineString", "coordinates": [[32.56356, 0.25331], [32.56376, 0.25338]]}, "properties": {"link_id": "WAKI02839", "name": "Wakiso - Link 2370", "district": "Wakiso", "pavement": "Unpaved", "condition": "Fair", "length_km": 0.027}}, {"type": "Feature", "geometry": {"type": "LineString", "coordinates": [[32.56347, 0.25282], [32.56419, 0.25299]]}, "properties": {"link_id": "WAKI02840", "name": "Wakiso - Link 2371", "district": "Wakiso", "pavement": "Unpaved", "condition": "Fair", "length_km": 0.088}}, {"type": "Feature", "geometry": {"type": "LineString", "coordinates": [[32.56302, 0.25353], [32.56471, 0.25159]]}, "properties": {"link_id": "WAKI02841", "name": "Wakiso - Link 2372", "district": "Wakiso", "pavement": "Paved", "condition": "Good", "length_km": 0.511}}, {"type": "Feature", "geometry": {"type": "LineString", "coordinates": [[32.5642, 0.25192], [32.56439, 0.2521]]}, "properties": {"link_id": "WAKI02842", "name": "Wakiso - Link 2373", "district": "Wakiso", "pavement": "Unpaved", "condition": "Fair", "length_km": 0.029}}, {"type": "Feature", "geometry": {"type": "LineString", "coordinates": [[32.56575, 0.25284], [32.56549, 0.25299]]}, "properties": {"link_id": "WAKI02843", "name": "Wakiso - Link 2374", "district": "Wakiso", "pavement": "Unpaved", "condition": "Poor", "length_km": 0.034}}, {"type": "Feature", "geometry": {"type": "LineString", "coordinates": [[32.56638, 0.25381], [32.56556, 0.2525]]}, "properties": {"link_id": "WAKI02844", "name": "Wakiso - Link 2375", "district": "Wakiso", "pavement": "Paved", "condition": "Good", "length_km": 0.173}}, {"type": "Feature", "geometry": {"type": "LineString", "coordinates": [[32.56477, 0.25364], [32.56518, 0.25353]]}, "properties": {"link_id": "WAKI02845", "name": "Wakiso - Link 2376", "district": "Wakiso", "pavement": "Unpaved", "condition": "Fair", "length_km": 0.047}}, {"type": "Feature", "geometry": {"type": "LineString", "coordinates": [[32.56509, 0.25427], [32.56453, 0.25297]]}, "properties": {"link_id": "WAKI02846", "name": "Wakiso - Link 2377", "district": "Wakiso", "pavement": "Unpaved", "condition": "Fair", "length_km": 0.158}}, {"type": "Feature", "geometry": {"type": "LineString", "coordinates": [[32.56509, 0.25427], [32.56524, 0.25493]]}, "properties": {"link_id": "WAKI02847", "name": "Wakiso - Link 2378", "district": "Wakiso", "pavement": "Paved", "condition": "Good", "length_km": 0.075}}, {"type": "Feature", "geometry": {"type": "LineString", "coordinates": [[32.5652, 0.25466], [32.56572, 0.25454]]}, "properties": {"link_id": "WAKI02848", "name": "Wakiso - Link 2379", "district": "Wakiso", "pavement": "Paved", "condition": "Good", "length_km": 0.059}}, {"type": "Feature", "geometry": {"type": "LineString", "coordinates": [[32.56587, 0.25489], [32.56598, 0.25551]]}, "properties": {"link_id": "WAKI02849", "name": "Wakiso - Link 2380", "district": "Wakiso", "pavement": "Unpaved", "condition": "Fair", "length_km": 0.07}}, {"type": "Feature", "geometry": {"type": "LineString", "coordinates": [[32.56594, 0.25535], [32.56548, 0.2553]]}, "properties": {"link_id": "WAKI02850", "name": "Wakiso - Link 2381", "district": "Wakiso", "pavement": "Unpaved", "condition": "Fair", "length_km": 0.052}}, {"type": "Feature", "geometry": {"type": "LineString", "coordinates": [[32.56423, 0.25529], [32.56674, 0.25549]]}, "properties": {"link_id": "WAKI02851", "name": "Wakiso - Link 2382", "district": "Wakiso", "pavement": "Paved", "condition": "Good", "length_km": 0.34}}, {"type": "Feature", "geometry": {"type": "LineString", "coordinates": [[32.56382, 0.2547], [32.56499, 0.25409]]}, "properties": {"link_id": "WAKI02852", "name": "Wakiso - Link 2383", "district": "Wakiso", "pavement": "Paved", "condition": "Good", "length_km": 0.148}}, {"type": "Feature", "geometry": {"type": "LineString", "coordinates": [[32.56334, 0.254], [32.56376, 0.25385]]}, "properties": {"link_id": "WAKI02853", "name": "Wakiso - Link 2384", "district": "Wakiso", "pavement": "Paved", "condition": "Good", "length_km": 0.05}}, {"type": "Feature", "geometry": {"type": "LineString", "coordinates": [[32.5636, 0.25461], [32.56338, 0.2547]]}, "properties": {"link_id": "WAKI02854", "name": "Wakiso - Link 2385", "district": "Wakiso", "pavement": "Unpaved", "condition": "Fair", "length_km": 0.027}}, {"type": "Feature", "geometry": {"type": "LineString", "coordinates": [[32.5639, 0.25505], [32.56334, 0.25507]]}, "properties": {"link_id": "WAKI02855", "name": "Wakiso - Link 2386", "district": "Wakiso", "pavement": "Unpaved", "condition": "Fair", "length_km": 0.064}}, {"type": "Feature", "geometry": {"type": "LineString", "coordinates": [[32.56284, 0.25454], [32.56242, 0.25475]]}, "properties": {"link_id": "WAKI02856", "name": "Wakiso - Link 2387", "district": "Wakiso", "pavement": "Unpaved", "condition": "Fair", "length_km": 0.058}}, {"type": "Feature", "geometry": {"type": "LineString", "coordinates": [[32.56286, 0.25488], [32.56317, 0.25481]]}, "properties": {"link_id": "WAKI02857", "name": "Wakiso - Link 2388", "district": "Wakiso", "pavement": "Unpaved", "condition": "Fair", "length_km": 0.036}}, {"type": "Feature", "geometry": {"type": "LineString", "coordinates": [[32.56316, 0.25397], [32.56301, 0.25402]]}, "properties": {"link_id": "WAKI02858", "name": "Wakiso - Link 2389", "district": "Wakiso", "pavement": "Paved", "condition": "Good", "length_km": 0.018}}, {"type": "Feature", "geometry": {"type": "LineString", "coordinates": [[32.56306, 0.25381], [32.56304, 0.25382]]}, "properties": {"link_id": "WAKI02859", "name": "Wakiso - Link 2390", "district": "Wakiso", "pavement": "Unpaved", "condition": "Poor", "length_km": 0.01}}, {"type": "Feature", "geometry": {"type": "LineString", "coordinates": [[32.56276, 0.25385], [32.56273, 0.25396]]}, "properties": {"link_id": "WAKI02860", "name": "Wakiso - Link 2391", "district": "Wakiso", "pavement": "Paved", "condition": "Good", "length_km": 0.012}}, {"type": "Feature", "geometry": {"type": "LineString", "coordinates": [[32.56276, 0.25373], [32.56246, 0.25385]]}, "properties": {"link_id": "WAKI02861", "name": "Wakiso - Link 2392", "district": "Wakiso", "pavement": "Paved", "condition": "Good", "length_km": 0.044}}, {"type": "Feature", "geometry": {"type": "LineString", "coordinates": [[32.56278, 0.25385], [32.56186, 0.25418]]}, "properties": {"link_id": "WAKI02862", "name": "Wakiso - Link 2393", "district": "Wakiso", "pavement": "Paved", "condition": "Good", "length_km": 0.125}}, {"type": "Feature", "geometry": {"type": "LineString", "coordinates": [[32.56199, 0.2539], [32.5624, 0.25395]]}, "properties": {"link_id": "WAKI02863", "name": "Wakiso - Link 2394", "district": "Wakiso", "pavement": "Paved", "condition": "Good", "length_km": 0.047}}, {"type": "Feature", "geometry": {"type": "LineString", "coordinates": [[32.56286, 0.25497], [32.56165, 0.25469]]}, "properties": {"link_id": "WAKI02864", "name": "Wakiso - Link 2395", "district": "Wakiso", "pavement": "Unpaved", "condition": "Fair", "length_km": 0.14}}, {"type": "Feature", "geometry": {"type": "LineString", "coordinates": [[32.56222, 0.25487], [32.56222, 0.25516]]}, "properties": {"link_id": "WAKI02865", "name": "Wakiso - Link 2396", "district": "Wakiso", "pavement": "Unpaved", "condition": "Fair", "length_km": 0.033}}, {"type": "Feature", "geometry": {"type": "LineString", "coordinates": [[32.56138, 0.25529], [32.56199, 0.25535]]}, "properties": {"link_id": "WAKI02866", "name": "Wakiso - Link 2397", "district": "Wakiso", "pavement": "Unpaved", "condition": "Fair", "length_km": 0.068}}, {"type": "Feature", "geometry": {"type": "LineString", "coordinates": [[32.56143, 0.25521], [32.56094, 0.25525]]}, "properties": {"link_id": "WAKI02867", "name": "Wakiso - Link 2398", "district": "Wakiso", "pavement": "Unpaved", "condition": "Fair", "length_km": 0.055}}, {"type": "Feature", "geometry": {"type": "LineString", "coordinates": [[32.56052, 0.25399], [32.56033, 0.25371]]}, "properties": {"link_id": "WAKI02868", "name": "Wakiso - Link 2399", "district": "Wakiso", "pavement": "Unpaved", "condition": "Poor", "length_km": 0.038}}, {"type": "Feature", "geometry": {"type": "LineString", "coordinates": [[32.56202, 0.2538], [32.56052, 0.25399]]}, "properties": {"link_id": "WAKI02869", "name": "Wakiso - Link 2400", "district": "Wakiso", "pavement": "Unpaved", "condition": "Fair", "length_km": 0.18}}, {"type": "Feature", "geometry": {"type": "LineString", "coordinates": [[32.56198, 0.25393], [32.56068, 0.25446]]}, "properties": {"link_id": "WAKI02870", "name": "Wakiso - Link 2401", "district": "Wakiso", "pavement": "Unpaved", "condition": "Fair", "length_km": 0.156}}, {"type": "Feature", "geometry": {"type": "LineString", "coordinates": [[32.56167, 0.25464], [32.56149, 0.25443]]}, "properties": {"link_id": "WAKI02871", "name": "Wakiso - Link 2402", "district": "Wakiso", "pavement": "Unpaved", "condition": "Fair", "length_km": 0.035}}, {"type": "Feature", "geometry": {"type": "LineString", "coordinates": [[32.56149, 0.2538], [32.56144, 0.25405]]}, "properties": {"link_id": "WAKI02872", "name": "Wakiso - Link 2403", "district": "Wakiso", "pavement": "Paved", "condition": "Good", "length_km": 0.028}}, {"type": "Feature", "geometry": {"type": "LineString", "coordinates": [[32.5618, 0.25295], [32.56151, 0.25287]]}, "properties": {"link_id": "WAKI02873", "name": "Wakiso - Link 2404", "district": "Wakiso", "pavement": "Paved", "condition": "Good", "length_km": 0.042}}, {"type": "Feature", "geometry": {"type": "LineString", "coordinates": [[32.56103, 0.25292], [32.56008, 0.25302]]}, "properties": {"link_id": "WAKI02874", "name": "Wakiso - Link 2405", "district": "Wakiso", "pavement": "Paved", "condition": "Good", "length_km": 0.128}}, {"type": "Feature", "geometry": {"type": "LineString", "coordinates": [[32.56085, 0.25252], [32.56103, 0.25292]]}, "properties": {"link_id": "WAKI02875", "name": "Wakiso - Link 2406", "district": "Wakiso", "pavement": "Unpaved", "condition": "Fair", "length_km": 0.051}}, {"type": "Feature", "geometry": {"type": "LineString", "coordinates": [[32.56141, 0.25215], [32.56124, 0.25212]]}, "properties": {"link_id": "WAKI02876", "name": "Wakiso - Link 2407", "district": "Wakiso", "pavement": "Paved", "condition": "Good", "length_km": 0.019}}, {"type": "Feature", "geometry": {"type": "LineString", "coordinates": [[32.56187, 0.25189], [32.56042, 0.25283]]}, "properties": {"link_id": "WAKI02877", "name": "Wakiso - Link 2408", "district": "Wakiso", "pavement": "Paved", "condition": "Good", "length_km": 0.192}}, {"type": "Feature", "geometry": {"type": "LineString", "coordinates": [[32.56187, 0.25209], [32.56194, 0.25201]]}, "properties": {"link_id": "WAKI02878", "name": "Wakiso - Link 2409", "district": "Wakiso", "pavement": "Paved", "condition": "Good", "length_km": 0.011}}, {"type": "Feature", "geometry": {"type": "LineString", "coordinates": [[32.56175, 0.25196], [32.56189, 0.25232]]}, "properties": {"link_id": "WAKI02879", "name": "Wakiso - Link 2410", "district": "Wakiso", "pavement": "Paved", "condition": "Good", "length_km": 0.049}}, {"type": "Feature", "geometry": {"type": "LineString", "coordinates": [[32.56193, 0.25223], [32.562, 0.25216]]}, "properties": {"link_id": "WAKI02880", "name": "Wakiso - Link 2411", "district": "Wakiso", "pavement": "Paved", "condition": "Good", "length_km": 0.01}}, {"type": "Feature", "geometry": {"type": "LineString", "coordinates": [[32.56203, 0.25229], [32.56211, 0.25244]]}, "properties": {"link_id": "WAKI02881", "name": "Wakiso - Link 2412", "district": "Wakiso", "pavement": "Paved", "condition": "Good", "length_km": 0.021}}, {"type": "Feature", "geometry": {"type": "LineString", "coordinates": [[32.56215, 0.2522], [32.56203, 0.25229]]}, "properties": {"link_id": "WAKI02882", "name": "Wakiso - Link 2413", "district": "Wakiso", "pavement": "Paved", "condition": "Good", "length_km": 0.018}}, {"type": "Feature", "geometry": {"type": "LineString", "coordinates": [[32.56215, 0.2522], [32.56193, 0.25199]]}, "properties": {"link_id": "WAKI02883", "name": "Entebbe - Kampala Road", "district": "Wakiso", "pavement": "Paved", "condition": "Good", "length_km": 0.034}}, {"type": "Feature", "geometry": {"type": "LineString", "coordinates": [[32.56193, 0.25199], [32.56203, 0.25229]]}, "properties": {"link_id": "WAKI02884", "name": "Wakiso - Link 2414", "district": "Wakiso", "pavement": "Paved", "condition": "Good", "length_km": 0.035}}, {"type": "Feature", "geometry": {"type": "LineString", "coordinates": [[32.56227, 0.25234], [32.56215, 0.2522]]}, "properties": {"link_id": "WAKI02885", "name": "Wakiso - Link 2415", "district": "Wakiso", "pavement": "Paved", "condition": "Good", "length_km": 0.022}}, {"type": "Feature", "geometry": {"type": "LineString", "coordinates": [[32.56211, 0.25244], [32.56227, 0.25234]]}, "properties": {"link_id": "WAKI02886", "name": "Wakiso - Link 2416", "district": "Wakiso", "pavement": "Paved", "condition": "Good", "length_km": 0.023}}, {"type": "Feature", "geometry": {"type": "LineString", "coordinates": [[32.56236, 0.2528], [32.56234, 0.25282]]}, "properties": {"link_id": "WAKI02887", "name": "Wakiso - Link 2417", "district": "Wakiso", "pavement": "Unpaved", "condition": "Poor", "length_km": 0.01}}, {"type": "Feature", "geometry": {"type": "LineString", "coordinates": [[32.56233, 0.25277], [32.56232, 0.25278]]}, "properties": {"link_id": "WAKI02888", "name": "Wakiso - Link 2418", "district": "Wakiso", "pavement": "Unpaved", "condition": "Poor", "length_km": 0.01}}, {"type": "Feature", "geometry": {"type": "LineString", "coordinates": [[32.56229, 0.25269], [32.56226, 0.2527]]}, "properties": {"link_id": "WAKI02889", "name": "Wakiso - Link 2419", "district": "Wakiso", "pavement": "Unpaved", "condition": "Poor", "length_km": 0.01}}, {"type": "Feature", "geometry": {"type": "LineString", "coordinates": [[32.56209, 0.25257], [32.56203, 0.25235]]}, "properties": {"link_id": "WAKI02890", "name": "Wakiso - Link 2420", "district": "Wakiso", "pavement": "Paved", "condition": "Good", "length_km": 0.039}}, {"type": "Feature", "geometry": {"type": "LineString", "coordinates": [[32.56202, 0.25259], [32.56169, 0.25265]]}, "properties": {"link_id": "WAKI02891", "name": "Wakiso - Link 2421", "district": "Wakiso", "pavement": "Unpaved", "condition": "Poor", "length_km": 0.038}}, {"type": "Feature", "geometry": {"type": "LineString", "coordinates": [[32.56209, 0.25287], [32.56163, 0.25295]]}, "properties": {"link_id": "WAKI02892", "name": "Wakiso - Link 2422", "district": "Wakiso", "pavement": "Paved", "condition": "Good", "length_km": 0.052}}, {"type": "Feature", "geometry": {"type": "LineString", "coordinates": [[32.56208, 0.25314], [32.56167, 0.25328]]}, "properties": {"link_id": "WAKI02893", "name": "Wakiso - Link 2423", "district": "Wakiso", "pavement": "Unpaved", "condition": "Fair", "length_km": 0.048}}, {"type": "Feature", "geometry": {"type": "LineString", "coordinates": [[32.56272, 0.25333], [32.56208, 0.25331]]}, "properties": {"link_id": "WAKI02894", "name": "Wakiso - Link 2424", "district": "Wakiso", "pavement": "Paved", "condition": "Good", "length_km": 0.072}}, {"type": "Feature", "geometry": {"type": "LineString", "coordinates": [[32.56209, 0.25306], [32.5624, 0.25288]]}, "properties": {"link_id": "WAKI02895", "name": "Wakiso - Link 2425", "district": "Wakiso", "pavement": "Paved", "condition": "Good", "length_km": 0.041}}, {"type": "Feature", "geometry": {"type": "LineString", "coordinates": [[32.56248, 0.25299], [32.56267, 0.25335]]}, "properties": {"link_id": "WAKI02896", "name": "Wakiso - Link 2426", "district": "Wakiso", "pavement": "Paved", "condition": "Good", "length_km": 0.047}}, {"type": "Feature", "geometry": {"type": "LineString", "coordinates": [[32.56263, 0.25336], [32.56242, 0.25355]]}, "properties": {"link_id": "WAKI02897", "name": "Wakiso - Link 2427", "district": "Wakiso", "pavement": "Paved", "condition": "Good", "length_km": 0.044}}, {"type": "Feature", "geometry": {"type": "LineString", "coordinates": [[32.56264, 0.25351], [32.56278, 0.25364]]}, "properties": {"link_id": "WAKI02898", "name": "Wakiso - Link 2428", "district": "Wakiso", "pavement": "Paved", "condition": "Good", "length_km": 0.024}}, {"type": "Feature", "geometry": {"type": "LineString", "coordinates": [[32.56298, 0.25342], [32.56284, 0.25352]]}, "properties": {"link_id": "WAKI02899", "name": "Wakiso - Link 2429", "district": "Wakiso", "pavement": "Unpaved", "condition": "Poor", "length_km": 0.019}}, {"type": "Feature", "geometry": {"type": "LineString", "coordinates": [[32.56299, 0.25371], [32.56297, 0.25373]]}, "properties": {"link_id": "WAKI02900", "name": "Wakiso - Link 2430", "district": "Wakiso", "pavement": "Unpaved", "condition": "Poor", "length_km": 0.01}}, {"type": "Feature", "geometry": {"type": "LineString", "coordinates": [[32.56279, 0.2532], [32.56326, 0.25303]]}, "properties": {"link_id": "WAKI02901", "name": "Wakiso - Link 2431", "district": "Wakiso", "pavement": "Paved", "condition": "Good", "length_km": 0.055}}, {"type": "Feature", "geometry": {"type": "LineString", "coordinates": [[32.56271, 0.25257], [32.56304, 0.25255]]}, "properties": {"link_id": "WAKI02902", "name": "Wakiso - Link 2432", "district": "Wakiso", "pavement": "Paved", "condition": "Good", "length_km": 0.037}}, {"type": "Feature", "geometry": {"type": "LineString", "coordinates": [[32.56252, 0.25279], [32.56225, 0.25107]]}, "properties": {"link_id": "WAKI02903", "name": "Wakiso - Link 2433", "district": "Wakiso", "pavement": "Paved", "condition": "Good", "length_km": 0.223}}, {"type": "Feature", "geometry": {"type": "LineString", "coordinates": [[32.56345, 0.25151], [32.56287, 0.25052]]}, "properties": {"link_id": "WAKI02904", "name": "Wakiso - Link 2434", "district": "Wakiso", "pavement": "Unpaved", "condition": "Fair", "length_km": 0.128}}, {"type": "Feature", "geometry": {"type": "LineString", "coordinates": [[32.56211, 0.24922], [32.56246, 0.24971]]}, "properties": {"link_id": "WAKI02905", "name": "Wakiso - Link 2435", "district": "Wakiso", "pavement": "Paved", "condition": "Good", "length_km": 0.121}}, {"type": "Feature", "geometry": {"type": "LineString", "coordinates": [[32.56072, 0.24884], [32.56141, 0.24923]]}, "properties": {"link_id": "WAKI02906", "name": "Wakiso - Link 2436", "district": "Wakiso", "pavement": "Paved", "condition": "Good", "length_km": 0.099}}, {"type": "Feature", "geometry": {"type": "LineString", "coordinates": [[32.56101, 0.24892], [32.56098, 0.24904]]}, "properties": {"link_id": "WAKI02907", "name": "Wakiso - Link 2437", "district": "Wakiso", "pavement": "Paved", "condition": "Good", "length_km": 0.014}}, {"type": "Feature", "geometry": {"type": "LineString", "coordinates": [[32.56104, 0.24893], [32.56105, 0.24905]]}, "properties": {"link_id": "WAKI02908", "name": "Wakiso - Link 2438", "district": "Wakiso", "pavement": "Unpaved", "condition": "Poor", "length_km": 0.013}}, {"type": "Feature", "geometry": {"type": "LineString", "coordinates": [[32.56081, 0.25033], [32.561, 0.25009]]}, "properties": {"link_id": "WAKI02909", "name": "Wakiso - Link 2439", "district": "Wakiso", "pavement": "Paved", "condition": "Good", "length_km": 0.034}}, {"type": "Feature", "geometry": {"type": "LineString", "coordinates": [[32.56116, 0.25085], [32.56156, 0.25052]]}, "properties": {"link_id": "WAKI02910", "name": "Wakiso - Link 2440", "district": "Wakiso", "pavement": "Paved", "condition": "Good", "length_km": 0.058}}, {"type": "Feature", "geometry": {"type": "LineString", "coordinates": [[32.56132, 0.25108], [32.56103, 0.25082]]}, "properties": {"link_id": "WAKI02911", "name": "Wakiso - Link 2441", "district": "Wakiso", "pavement": "Paved", "condition": "Good", "length_km": 0.049}}, {"type": "Feature", "geometry": {"type": "LineString", "coordinates": [[32.56173, 0.25197], [32.56176, 0.25173]]}, "properties": {"link_id": "WAKI02912", "name": "Wakiso - Link 2442", "district": "Wakiso", "pavement": "Paved", "condition": "Good", "length_km": 0.035}}, {"type": "Feature", "geometry": {"type": "LineString", "coordinates": [[32.56139, 0.25118], [32.56065, 0.25186]]}, "properties": {"link_id": "WAKI02913", "name": "Wakiso - Link 2443", "district": "Wakiso", "pavement": "Paved", "condition": "Good", "length_km": 0.112}}, {"type": "Feature", "geometry": {"type": "LineString", "coordinates": [[32.56123, 0.25111], [32.56092, 0.25122]]}, "properties": {"link_id": "WAKI02914", "name": "Wakiso - Link 2444", "district": "Wakiso", "pavement": "Paved", "condition": "Good", "length_km": 0.037}}, {"type": "Feature", "geometry": {"type": "LineString", "coordinates": [[32.56092, 0.25069], [32.56013, 0.2518]]}, "properties": {"link_id": "WAKI02915", "name": "Wakiso - Link 2445", "district": "Wakiso", "pavement": "Paved", "condition": "Good", "length_km": 0.154}}, {"type": "Feature", "geometry": {"type": "LineString", "coordinates": [[32.55905, 0.25069], [32.56085, 0.25252]]}, "properties": {"link_id": "WAKI02916", "name": "Wakiso - Link 2446", "district": "Wakiso", "pavement": "Unpaved", "condition": "Fair", "length_km": 0.297}}, {"type": "Feature", "geometry": {"type": "LineString", "coordinates": [[32.56034, 0.25005], [32.55967, 0.25084]]}, "properties": {"link_id": "WAKI02917", "name": "Wakiso - Link 2447", "district": "Wakiso", "pavement": "Unpaved", "condition": "Fair", "length_km": 0.115}}, {"type": "Feature", "geometry": {"type": "LineString", "coordinates": [[32.56112, 0.25079], [32.55924, 0.24923]]}, "properties": {"link_id": "WAKI02918", "name": "Wakiso - Link 2448", "district": "Wakiso", "pavement": "Paved", "condition": "Good", "length_km": 0.286}}, {"type": "Feature", "geometry": {"type": "LineString", "coordinates": [[32.55998, 0.24966], [32.5599, 0.24944]]}, "properties": {"link_id": "WAKI02919", "name": "Wakiso - Link 2449", "district": "Wakiso", "pavement": "Paved", "condition": "Good", "length_km": 0.026}}, {"type": "Feature", "geometry": {"type": "LineString", "coordinates": [[32.56007, 0.24924], [32.55991, 0.24947]]}, "properties": {"link_id": "WAKI02920", "name": "Wakiso - Link 2450", "district": "Wakiso", "pavement": "Paved", "condition": "Good", "length_km": 0.031}}, {"type": "Feature", "geometry": {"type": "LineString", "coordinates": [[32.56028, 0.24953], [32.55995, 0.24975]]}, "properties": {"link_id": "WAKI02921", "name": "Wakiso - Link 2451", "district": "Wakiso", "pavement": "Paved", "condition": "Good", "length_km": 0.049}}, {"type": "Feature", "geometry": {"type": "LineString", "coordinates": [[32.56016, 0.24936], [32.56041, 0.24917]]}, "properties": {"link_id": "WAKI02922", "name": "Wakiso - Link 2452", "district": "Wakiso", "pavement": "Paved", "condition": "Good", "length_km": 0.035}}, {"type": "Feature", "geometry": {"type": "LineString", "coordinates": [[32.55813, 0.25074], [32.5587, 0.25112]]}, "properties": {"link_id": "WAKI02923", "name": "Wakiso - Link 2453", "district": "Wakiso", "pavement": "Unpaved", "condition": "Poor", "length_km": 0.096}}, {"type": "Feature", "geometry": {"type": "LineString", "coordinates": [[32.55918, 0.24936], [32.55765, 0.2531]]}, "properties": {"link_id": "WAKI02924", "name": "Wakiso - Link 2454", "district": "Wakiso", "pavement": "Unpaved", "condition": "Fair", "length_km": 0.484}}, {"type": "Feature", "geometry": {"type": "LineString", "coordinates": [[32.55931, 0.25118], [32.55845, 0.25202]]}, "properties": {"link_id": "WAKI02925", "name": "Wakiso - Link 2455", "district": "Wakiso", "pavement": "Paved", "condition": "Good", "length_km": 0.133}}, {"type": "Feature", "geometry": {"type": "LineString", "coordinates": [[32.55761, 0.25188], [32.55759, 0.25112]]}, "properties": {"link_id": "WAKI02926", "name": "Wakiso - Link 2456", "district": "Wakiso", "pavement": "Unpaved", "condition": "Fair", "length_km": 0.085}}, {"type": "Feature", "geometry": {"type": "LineString", "coordinates": [[32.55761, 0.25188], [32.55807, 0.25188]]}, "properties": {"link_id": "WAKI02927", "name": "Wakiso - Link 2457", "district": "Wakiso", "pavement": "Unpaved", "condition": "Fair", "length_km": 0.051}}, {"type": "Feature", "geometry": {"type": "LineString", "coordinates": [[32.55983, 0.25166], [32.55831, 0.25362]]}, "properties": {"link_id": "WAKI02928", "name": "Wakiso - Link 2458", "district": "Wakiso", "pavement": "Unpaved", "condition": "Fair", "length_km": 0.277}}, {"type": "Feature", "geometry": {"type": "LineString", "coordinates": [[32.55869, 0.25382], [32.55929, 0.25311]]}, "properties": {"link_id": "WAKI02929", "name": "Wakiso - Link 2459", "district": "Wakiso", "pavement": "Unpaved", "condition": "Fair", "length_km": 0.152}}, {"type": "Feature", "geometry": {"type": "LineString", "coordinates": [[32.55971, 0.25459], [32.56005, 0.25425]]}, "properties": {"link_id": "WAKI02930", "name": "Wakiso - Link 2460", "district": "Wakiso", "pavement": "Unpaved", "condition": "Fair", "length_km": 0.066}}, {"type": "Feature", "geometry": {"type": "LineString", "coordinates": [[32.5599, 0.25487], [32.56032, 0.25464]]}, "properties": {"link_id": "WAKI02931", "name": "Wakiso - Link 2461", "district": "Wakiso", "pavement": "Unpaved", "condition": "Poor", "length_km": 0.053}}, {"type": "Feature", "geometry": {"type": "LineString", "coordinates": [[32.55998, 0.25572], [32.55909, 0.25446]]}, "properties": {"link_id": "WAKI02932", "name": "Wakiso - Link 2462", "district": "Wakiso", "pavement": "Unpaved", "condition": "Fair", "length_km": 0.172}}, {"type": "Feature", "geometry": {"type": "LineString", "coordinates": [[32.55876, 0.2546], [32.55901, 0.25509]]}, "properties": {"link_id": "WAKI02933", "name": "Wakiso - Link 2463", "district": "Wakiso", "pavement": "Unpaved", "condition": "Fair", "length_km": 0.061}}, {"type": "Feature", "geometry": {"type": "LineString", "coordinates": [[32.55941, 0.25429], [32.55825, 0.255]]}, "properties": {"link_id": "WAKI02934", "name": "Wakiso - Link 2464", "district": "Wakiso", "pavement": "Unpaved", "condition": "Fair", "length_km": 0.153}}, {"type": "Feature", "geometry": {"type": "LineString", "coordinates": [[32.55879, 0.25387], [32.55863, 0.2542]]}, "properties": {"link_id": "WAKI02935", "name": "Wakiso - Link 2465", "district": "Wakiso", "pavement": "Unpaved", "condition": "Poor", "length_km": 0.042}}, {"type": "Feature", "geometry": {"type": "LineString", "coordinates": [[32.55825, 0.255], [32.55825, 0.25528]]}, "properties": {"link_id": "WAKI02936", "name": "Wakiso - Link 2466", "district": "Wakiso", "pavement": "Unpaved", "condition": "Poor", "length_km": 0.031}}, {"type": "Feature", "geometry": {"type": "LineString", "coordinates": [[32.55825, 0.255], [32.55722, 0.2553]]}, "properties": {"link_id": "WAKI02937", "name": "Wakiso - Link 2467", "district": "Wakiso", "pavement": "Unpaved", "condition": "Fair", "length_km": 0.134}}, {"type": "Feature", "geometry": {"type": "LineString", "coordinates": [[32.55839, 0.25638], [32.559, 0.25686]]}, "properties": {"link_id": "WAKI02938", "name": "Wakiso - Link 2468", "district": "Wakiso", "pavement": "Unpaved", "condition": "Fair", "length_km": 0.092}}, {"type": "Feature", "geometry": {"type": "LineString", "coordinates": [[32.55881, 0.25666], [32.55879, 0.25668]]}, "properties": {"link_id": "WAKI02939", "name": "Wakiso - Link 2469", "district": "Wakiso", "pavement": "Unpaved", "condition": "Fair", "length_km": 0.01}}, {"type": "Feature", "geometry": {"type": "LineString", "coordinates": [[32.55823, 0.25739], [32.55842, 0.25701]]}, "properties": {"link_id": "WAKI02940", "name": "Wakiso - Link 2470", "district": "Wakiso", "pavement": "Unpaved", "condition": "Fair", "length_km": 0.047}}, {"type": "Feature", "geometry": {"type": "LineString", "coordinates": [[32.55827, 0.25762], [32.55821, 0.25771]]}, "properties": {"link_id": "WAKI02941", "name": "Wakiso - Link 2471", "district": "Wakiso", "pavement": "Unpaved", "condition": "Poor", "length_km": 0.012}}, {"type": "Feature", "geometry": {"type": "LineString", "coordinates": [[32.55835, 0.25889], [32.55731, 0.25891]]}, "properties": {"link_id": "WAKI02942", "name": "Wakiso - Link 2472", "district": "Wakiso", "pavement": "Unpaved", "condition": "Fair", "length_km": 0.185}}, {"type": "Feature", "geometry": {"type": "LineString", "coordinates": [[32.55929, 0.25925], [32.55835, 0.25889]]}, "properties": {"link_id": "WAKI02943", "name": "Wakiso - Link 2473", "district": "Wakiso", "pavement": "Unpaved", "condition": "Fair", "length_km": 0.113}}, {"type": "Feature", "geometry": {"type": "LineString", "coordinates": [[32.55847, 0.25779], [32.55839, 0.25769]]}, "properties": {"link_id": "WAKI02944", "name": "Wakiso - Link 2474", "district": "Wakiso", "pavement": "Unpaved", "condition": "Poor", "length_km": 0.028}}, {"type": "Feature", "geometry": {"type": "LineString", "coordinates": [[32.55846, 0.25772], [32.55847, 0.25779]]}, "properties": {"link_id": "WAKI02945", "name": "Wakiso - Link 2475", "district": "Wakiso", "pavement": "Unpaved", "condition": "Poor", "length_km": 0.01}}, {"type": "Feature", "geometry": {"type": "LineString", "coordinates": [[32.55847, 0.25779], [32.55861, 0.25784]]}, "properties": {"link_id": "WAKI02946", "name": "Wakiso - Link 2476", "district": "Wakiso", "pavement": "Unpaved", "condition": "Poor", "length_km": 0.017}}, {"type": "Feature", "geometry": {"type": "LineString", "coordinates": [[32.55855, 0.25756], [32.55846, 0.25772]]}, "properties": {"link_id": "WAKI02947", "name": "Wakiso - Link 2477", "district": "Wakiso", "pavement": "Unpaved", "condition": "Poor", "length_km": 0.02}}, {"type": "Feature", "geometry": {"type": "LineString", "coordinates": [[32.55846, 0.25772], [32.55818, 0.25757]]}, "properties": {"link_id": "WAKI02948", "name": "Wakiso - Link 2478", "district": "Wakiso", "pavement": "Unpaved", "condition": "Poor", "length_km": 0.036}}, {"type": "Feature", "geometry": {"type": "LineString", "coordinates": [[32.55997, 0.25784], [32.55889, 0.25729]]}, "properties": {"link_id": "WAKI02949", "name": "Wakiso - Link 2479", "district": "Wakiso", "pavement": "Unpaved", "condition": "Fair", "length_km": 0.136}}, {"type": "Feature", "geometry": {"type": "LineString", "coordinates": [[32.56035, 0.25921], [32.55859, 0.25819]]}, "properties": {"link_id": "WAKI02950", "name": "Wakiso - Link 2480", "district": "Wakiso", "pavement": "Unpaved", "condition": "Fair", "length_km": 0.227}}, {"type": "Feature", "geometry": {"type": "LineString", "coordinates": [[32.56001, 0.25776], [32.5599, 0.25746]]}, "properties": {"link_id": "WAKI02951", "name": "Wakiso - Link 2481", "district": "Wakiso", "pavement": "Unpaved", "condition": "Poor", "length_km": 0.051}}, {"type": "Feature", "geometry": {"type": "LineString", "coordinates": [[32.56049, 0.25688], [32.55936, 0.25597]]}, "properties": {"link_id": "WAKI02952", "name": "Wakiso - Link 2482", "district": "Wakiso", "pavement": "Unpaved", "condition": "Fair", "length_km": 0.164}}, {"type": "Feature", "geometry": {"type": "LineString", "coordinates": [[32.56031, 0.25571], [32.55788, 0.25721]]}, "properties": {"link_id": "WAKI02953", "name": "Wakiso - Link 2483", "district": "Wakiso", "pavement": "Unpaved", "condition": "Fair", "length_km": 0.343}}, {"type": "Feature", "geometry": {"type": "LineString", "coordinates": [[32.56089, 0.25616], [32.561, 0.25598]]}, "properties": {"link_id": "WAKI02954", "name": "Wakiso - Link 2484", "district": "Wakiso", "pavement": "Unpaved", "condition": "Poor", "length_km": 0.048}}, {"type": "Feature", "geometry": {"type": "LineString", "coordinates": [[32.56072, 0.25647], [32.56149, 0.25667]]}, "properties": {"link_id": "WAKI02955", "name": "Wakiso - Link 2485", "district": "Wakiso", "pavement": "Unpaved", "condition": "Fair", "length_km": 0.089}}, {"type": "Feature", "geometry": {"type": "LineString", "coordinates": [[32.56182, 0.25587], [32.56118, 0.25566]]}, "properties": {"link_id": "WAKI02956", "name": "Wakiso - Link 2486", "district": "Wakiso", "pavement": "Unpaved", "condition": "Fair", "length_km": 0.075}}, {"type": "Feature", "geometry": {"type": "LineString", "coordinates": [[32.56193, 0.25628], [32.56249, 0.25646]]}, "properties": {"link_id": "WAKI02957", "name": "Wakiso - Link 2487", "district": "Wakiso", "pavement": "Unpaved", "condition": "Poor", "length_km": 0.076}}, {"type": "Feature", "geometry": {"type": "LineString", "coordinates": [[32.56266, 0.25874], [32.56287, 0.25356]]}, "properties": {"link_id": "WAKI02958", "name": "Wakiso - Link 2488", "district": "Wakiso", "pavement": "Paved", "condition": "Good", "length_km": 0.627}}, {"type": "Feature", "geometry": {"type": "LineString", "coordinates": [[32.56249, 0.25633], [32.56293, 0.2557]]}, "properties": {"link_id": "WAKI02959", "name": "Wakiso - Link 2489", "district": "Wakiso", "pavement": "Unpaved", "condition": "Poor", "length_km": 0.123}}, {"type": "Feature", "geometry": {"type": "LineString", "coordinates": [[32.56216, 0.25646], [32.563, 0.2564]]}, "properties": {"link_id": "WAKI02960", "name": "Wakiso - Link 2490", "district": "Wakiso", "pavement": "Unpaved", "condition": "Fair", "length_km": 0.097}}, {"type": "Feature", "geometry": {"type": "LineString", "coordinates": [[32.56303, 0.2569], [32.56262, 0.25778]]}, "properties": {"link_id": "WAKI02961", "name": "Wakiso - Link 2491", "district": "Wakiso", "pavement": "Unpaved", "condition": "Fair", "length_km": 0.242}}, {"type": "Feature", "geometry": {"type": "LineString", "coordinates": [[32.56277, 0.2585], [32.56237, 0.25828]]}, "properties": {"link_id": "WAKI02962", "name": "Wakiso - Link 2492", "district": "Wakiso", "pavement": "Unpaved", "condition": "Fair", "length_km": 0.051}}, {"type": "Feature", "geometry": {"type": "LineString", "coordinates": [[32.5621, 0.25859], [32.56196, 0.25819]]}, "properties": {"link_id": "WAKI02963", "name": "Wakiso - Link 2493", "district": "Wakiso", "pavement": "Unpaved", "condition": "Fair", "length_km": 0.061}}, {"type": "Feature", "geometry": {"type": "LineString", "coordinates": [[32.56084, 0.25823], [32.56141, 0.25726]]}, "properties": {"link_id": "WAKI02964", "name": "Wakiso - Link 2494", "district": "Wakiso", "pavement": "Unpaved", "condition": "Fair", "length_km": 0.144}}, {"type": "Feature", "geometry": {"type": "LineString", "coordinates": [[32.56266, 0.25874], [32.5601, 0.25759]]}, "properties": {"link_id": "WAKI02965", "name": "Wakiso - Link 2495", "district": "Wakiso", "pavement": "Unpaved", "condition": "Fair", "length_km": 0.322}}, {"type": "Feature", "geometry": {"type": "LineString", "coordinates": [[32.56047, 0.25975], [32.56037, 0.26023]]}, "properties": {"link_id": "WAKI02966", "name": "Wakiso - Link 2496", "district": "Wakiso", "pavement": "Unpaved", "condition": "Poor", "length_km": 0.055}}, {"type": "Feature", "geometry": {"type": "LineString", "coordinates": [[32.56222, 0.26054], [32.55899, 0.25988]]}, "properties": {"link_id": "WAKI02967", "name": "Wakiso - Link 2497", "district": "Wakiso", "pavement": "Unpaved", "condition": "Fair", "length_km": 0.437}}, {"type": "Feature", "geometry": {"type": "LineString", "coordinates": [[32.56035, 0.25921], [32.56182, 0.25955]]}, "properties": {"link_id": "WAKI02968", "name": "Wakiso - Link 2498", "district": "Wakiso", "pavement": "Unpaved", "condition": "Fair", "length_km": 0.189}}, {"type": "Feature", "geometry": {"type": "LineString", "coordinates": [[32.5609, 0.26002], [32.5621, 0.25859]]}, "properties": {"link_id": "WAKI02969", "name": "Wakiso - Link 2499", "district": "Wakiso", "pavement": "Unpaved", "condition": "Fair", "length_km": 0.256}}, {"type": "Feature", "geometry": {"type": "LineString", "coordinates": [[32.56266, 0.25984], [32.56192, 0.25946]]}, "properties": {"link_id": "WAKI02970", "name": "Wakiso - Link 2500", "district": "Wakiso", "pavement": "Unpaved", "condition": "Fair", "length_km": 0.093}}, {"type": "Feature", "geometry": {"type": "LineString", "coordinates": [[32.56273, 0.26275], [32.56314, 0.25896]]}, "properties": {"link_id": "WAKI02971", "name": "Wakiso - Link 2501", "district": "Wakiso", "pavement": "Unpaved", "condition": "Fair", "length_km": 0.469}}, {"type": "Feature", "geometry": {"type": "LineString", "coordinates": [[32.5633, 0.26064], [32.56222, 0.26054]]}, "properties": {"link_id": "WAKI02972", "name": "Wakiso - Link 2502", "district": "Wakiso", "pavement": "Unpaved", "condition": "Fair", "length_km": 0.129}}, {"type": "Feature", "geometry": {"type": "LineString", "coordinates": [[32.56162, 0.26184], [32.56206, 0.26226]]}, "properties": {"link_id": "WAKI02973", "name": "Wakiso - Link 2503", "district": "Wakiso", "pavement": "Unpaved", "condition": "Fair", "length_km": 0.068}}, {"type": "Feature", "geometry": {"type": "LineString", "coordinates": [[32.56089, 0.26214], [32.56162, 0.26184]]}, "properties": {"link_id": "WAKI02974", "name": "Wakiso - Link 2504", "district": "Wakiso", "pavement": "Unpaved", "condition": "Fair", "length_km": 0.092}}, {"type": "Feature", "geometry": {"type": "LineString", "coordinates": [[32.56057, 0.26139], [32.56078, 0.26109]]}, "properties": {"link_id": "WAKI02975", "name": "Wakiso - Link 2505", "district": "Wakiso", "pavement": "Unpaved", "condition": "Fair", "length_km": 0.041}}, {"type": "Feature", "geometry": {"type": "LineString", "coordinates": [[32.55921, 0.26128], [32.56013, 0.2619]]}, "properties": {"link_id": "WAKI02976", "name": "Wakiso - Link 2506", "district": "Wakiso", "pavement": "Unpaved", "condition": "Fair", "length_km": 0.131}}, {"type": "Feature", "geometry": {"type": "LineString", "coordinates": [[32.55939, 0.25902], [32.56126, 0.26022]]}, "properties": {"link_id": "WAKI02977", "name": "Wakiso - Link 2507", "district": "Wakiso", "pavement": "Unpaved", "condition": "Fair", "length_km": 0.248}}, {"type": "Feature", "geometry": {"type": "LineString", "coordinates": [[32.56027, 0.25959], [32.56042, 0.25931]]}, "properties": {"link_id": "WAKI02978", "name": "Wakiso - Link 2508", "district": "Wakiso", "pavement": "Unpaved", "condition": "Fair", "length_km": 0.036}}, {"type": "Feature", "geometry": {"type": "LineString", "coordinates": [[32.55875, 0.26032], [32.55801, 0.26001]]}, "properties": {"link_id": "WAKI02979", "name": "Wakiso - Link 2509", "district": "Wakiso", "pavement": "Unpaved", "condition": "Fair", "length_km": 0.089}}, {"type": "Feature", "geometry": {"type": "LineString", "coordinates": [[32.55888, 0.26009], [32.5583, 0.2598]]}, "properties": {"link_id": "WAKI02980", "name": "Wakiso - Link 2510", "district": "Wakiso", "pavement": "Unpaved", "condition": "Fair", "length_km": 0.072}}, {"type": "Feature", "geometry": {"type": "LineString", "coordinates": [[32.55835, 0.25889], [32.55793, 0.25929]]}, "properties": {"link_id": "WAKI02981", "name": "Wakiso - Link 2511", "district": "Wakiso", "pavement": "Unpaved", "condition": "Fair", "length_km": 0.07}}, {"type": "Feature", "geometry": {"type": "LineString", "coordinates": [[32.55826, 0.26117], [32.5575, 0.26045]]}, "properties": {"link_id": "WAKI02982", "name": "Wakiso - Link 2512", "district": "Wakiso", "pavement": "Unpaved", "condition": "Fair", "length_km": 0.116}}, {"type": "Feature", "geometry": {"type": "LineString", "coordinates": [[32.55787, 0.26165], [32.55734, 0.26102]]}, "properties": {"link_id": "WAKI02983", "name": "Wakiso - Link 2513", "district": "Wakiso", "pavement": "Unpaved", "condition": "Fair", "length_km": 0.092}}, {"type": "Feature", "geometry": {"type": "LineString", "coordinates": [[32.55921, 0.26128], [32.55843, 0.26092]]}, "properties": {"link_id": "WAKI02984", "name": "Wakiso - Link 2514", "district": "Wakiso", "pavement": "Unpaved", "condition": "Fair", "length_km": 0.096}}, {"type": "Feature", "geometry": {"type": "LineString", "coordinates": [[32.55903, 0.26267], [32.55826, 0.26117]]}, "properties": {"link_id": "WAKI02985", "name": "Wakiso - Link 2515", "district": "Wakiso", "pavement": "Unpaved", "condition": "Fair", "length_km": 0.255}}, {"type": "Feature", "geometry": {"type": "LineString", "coordinates": [[32.56209, 0.25243], [32.55556, 0.2726]]}, "properties": {"link_id": "WAKI02986", "name": "Zzana Bunamwaya By - Pass Road", "district": "Wakiso", "pavement": "Paved", "condition": "Good", "length_km": 2.54}}, {"type": "Feature", "geometry": {"type": "LineString", "coordinates": [[32.55768, 0.26182], [32.55838, 0.26266]]}, "properties": {"link_id": "WAKI02987", "name": "Wakiso - Link 2516", "district": "Wakiso", "pavement": "Unpaved", "condition": "Fair", "length_km": 0.122}}, {"type": "Feature", "geometry": {"type": "LineString", "coordinates": [[32.55725, 0.2622], [32.55687, 0.26177]]}, "properties": {"link_id": "WAKI02988", "name": "Wakiso - Link 2517", "district": "Wakiso", "pavement": "Unpaved", "condition": "Fair", "length_km": 0.064}}, {"type": "Feature", "geometry": {"type": "LineString", "coordinates": [[32.55703, 0.26194], [32.55726, 0.26175]]}, "properties": {"link_id": "WAKI02989", "name": "Wakiso - Link 2518", "district": "Wakiso", "pavement": "Unpaved", "condition": "Fair", "length_km": 0.033}}, {"type": "Feature", "geometry": {"type": "LineString", "coordinates": [[32.55653, 0.26213], [32.55611, 0.26241]]}, "properties": {"link_id": "WAKI02990", "name": "Wakiso - Link 2519", "district": "Wakiso", "pavement": "Unpaved", "condition": "Fair", "length_km": 0.056}}, {"type": "Feature", "geometry": {"type": "LineString", "coordinates": [[32.55617, 0.26144], [32.55681, 0.26075]]}, "properties": {"link_id": "WAKI02991", "name": "Wakiso - Link 2520", "district": "Wakiso", "pavement": "Unpaved", "condition": "Fair", "length_km": 0.109}}, {"type": "Feature", "geometry": {"type": "LineString", "coordinates": [[32.55701, 0.25918], [32.55746, 0.25947]]}, "properties": {"link_id": "WAKI02992", "name": "Wakiso - Link 2521", "district": "Wakiso", "pavement": "Unpaved", "condition": "Fair", "length_km": 0.06}}, {"type": "Feature", "geometry": {"type": "LineString", "coordinates": [[32.55731, 0.25891], [32.55621, 0.25979]]}, "properties": {"link_id": "WAKI02993", "name": "Wakiso - Link 2522", "district": "Wakiso", "pavement": "Unpaved", "condition": "Fair", "length_km": 0.158}}, {"type": "Feature", "geometry": {"type": "LineString", "coordinates": [[32.5567, 0.25937], [32.55645, 0.25902]]}, "properties": {"link_id": "WAKI02994", "name": "Wakiso - Link 2523", "district": "Wakiso", "pavement": "Unpaved", "condition": "Fair", "length_km": 0.048}}, {"type": "Feature", "geometry": {"type": "LineString", "coordinates": [[32.55621, 0.25979], [32.55562, 0.2604]]}, "properties": {"link_id": "WAKI02995", "name": "Wakiso - Link 2524", "district": "Wakiso", "pavement": "Unpaved", "condition": "Fair", "length_km": 0.111}}, {"type": "Feature", "geometry": {"type": "LineString", "coordinates": [[32.55492, 0.26015], [32.5552, 0.26108]]}, "properties": {"link_id": "WAKI02996", "name": "Wakiso - Link 2525", "district": "Wakiso", "pavement": "Unpaved", "condition": "Fair", "length_km": 0.111}}, {"type": "Feature", "geometry": {"type": "LineString", "coordinates": [[32.55523, 0.26206], [32.55518, 0.26109]]}, "properties": {"link_id": "WAKI02997", "name": "Wakiso - Link 2526", "district": "Wakiso", "pavement": "Unpaved", "condition": "Fair", "length_km": 0.109}}, {"type": "Feature", "geometry": {"type": "LineString", "coordinates": [[32.55608, 0.26327], [32.55501, 0.26198]]}, "properties": {"link_id": "WAKI02998", "name": "Wakiso - Link 2527", "district": "Wakiso", "pavement": "Unpaved", "condition": "Fair", "length_km": 0.192}}, {"type": "Feature", "geometry": {"type": "LineString", "coordinates": [[32.55489, 0.26257], [32.55487, 0.26223]]}, "properties": {"link_id": "WAKI02999", "name": "Wakiso - Link 2528", "district": "Wakiso", "pavement": "Unpaved", "condition": "Fair", "length_km": 0.038}}, {"type": "Feature", "geometry": {"type": "LineString", "coordinates": [[32.5544, 0.26127], [32.55481, 0.26192]]}, "properties": {"link_id": "WAKI03000", "name": "Wakiso - Link 2529", "district": "Wakiso", "pavement": "Unpaved", "condition": "Fair", "length_km": 0.113}}]}