{"type": "FeatureCollection", "features": [{"type": "Feature", "geometry": {"type": "Point", "coordinates": [34.10254, 0.98743]}, "properties": {"code": "STR-BUTA00035-01", "type": "Steel Composite Bridge / Drift", "span": 18.0, "condition": "Fair", "district": "Butaleja"}}, {"type": "Feature", "geometry": {"type": "Point", "coordinates": [34.10205, 0.99556]}, "properties": {"code": "STR-BUTA00070-01", "type": "Reinforced Concrete Bridge", "span": 24.5, "condition": "Poor", "district": "Butaleja"}}, {"type": "Feature", "geometry": {"type": "Point", "coordinates": [34.11255, 0.99236]}, "properties": {"code": "STR-BUTA00105-01", "type": "Concrete Box Culvert (Twin Cell)", "span": 4.5, "condition": "Good", "district": "Butaleja"}}, {"type": "Feature", "geometry": {"type": "Point", "coordinates": [34.12071, 0.98928]}, "properties": {"code": "STR-BUTA00140-01", "type": "Concrete Box Culvert (Single Cell)", "span": 4.5, "condition": "Poor", "district": "Butaleja"}}, {"type": "Feature", "geometry": {"type": "Point", "coordinates": [34.11711, 0.99964]}, "properties": {"code": "STR-BUTA00175-01", "type": "Steel Composite Bridge / Drift", "span": 18.0, "condition": "Poor", "district": "Butaleja"}}, {"type": "Feature", "geometry": {"type": "Point", "coordinates": [34.11913, 1.00842]}, "properties": {"code": "STR-BUTA00210-01", "type": "Reinforced Concrete Bridge", "span": 24.5, "condition": "Poor", "district": "Butaleja"}}, {"type": "Feature", "geometry": {"type": "Point", "coordinates": [34.10932, 1.01108]}, "properties": {"code": "STR-BUTA00245-01", "type": "Concrete Box Culvert (Twin Cell)", "span": 4.5, "condition": "Fair", "district": "Butaleja"}}, {"type": "Feature", "geometry": {"type": "Point", "coordinates": [34.10603, 1.00477]}, "properties": {"code": "STR-BUTA00280-01", "type": "Concrete Box Culvert (Single Cell)", "span": 4.5, "condition": "Poor", "district": "Butaleja"}}, {"type": "Feature", "geometry": {"type": "Point", "coordinates": [34.10231, 1.01484]}, "properties": {"code": "STR-BUTA00315-01", "type": "Steel Composite Bridge / Drift", "span": 18.0, "condition": "Poor", "district": "Butaleja"}}, {"type": "Feature", "geometry": {"type": "Point", "coordinates": [32.64378, 0.38093]}, "properties": {"code": "STR-WAKI00350-01", "type": "Reinforced Concrete Bridge", "span": 24.5, "condition": "Fair", "district": "Wakiso"}}, {"type": "Feature", "geometry": {"type": "Point", "coordinates": [32.6465, 0.37576]}, "properties": {"code": "STR-WAKI00385-01", "type": "Concrete Box Culvert (Twin Cell)", "span": 4.5, "condition": "Fair", "district": "Wakiso"}}, {"type": "Feature", "geometry": {"type": "Point", "coordinates": [32.64468, 0.37281]}, "properties": {"code": "STR-WAKI00420-01", "type": "Concrete Box Culvert (Single Cell)", "span": 4.5, "condition": "Fair", "district": "Wakiso"}}, {"type": "Feature", "geometry": {"type": "Point", "coordinates": [32.64068, 0.37449]}, "properties": {"code": "STR-WAKI00455-01", "type": "Steel Composite Bridge / Drift", "span": 18.0, "condition": "Fair", "district": "Wakiso"}}, {"type": "Feature", "geometry": {"type": "Point", "coordinates": [32.63809, 0.37087]}, "properties": {"code": "STR-WAKI00490-01", "type": "Reinforced Concrete Bridge", "span": 24.5, "condition": "Fair", "district": "Wakiso"}}, {"type": "Feature", "geometry": {"type": "Point", "coordinates": [32.63995, 0.36645]}, "properties": {"code": "STR-WAKI00525-01", "type": "Concrete Box Culvert (Twin Cell)", "span": 4.5, "condition": "Poor", "district": "Wakiso"}}, {"type": "Feature", "geometry": {"type": "Point", "coordinates": [32.63748, 0.36562]}, "properties": {"code": "STR-WAKI00560-01", "type": "Concrete Box Culvert (Single Cell)", "span": 4.5, "condition": "Poor", "district": "Wakiso"}}, {"type": "Feature", "geometry": {"type": "Point", "coordinates": [32.64216, 0.36474]}, "properties": {"code": "STR-WAKI00595-01", "type": "Steel Composite Bridge / Drift", "span": 18.0, "condition": "Poor", "district": "Wakiso"}}, {"type": "Feature", "geometry": {"type": "Point", "coordinates": [32.64903, 0.36487]}, "properties": {"code": "STR-WAKI00630-01", "type": "Reinforced Concrete Bridge", "span": 24.5, "condition": "Fair", "district": "Wakiso"}}, {"type": "Feature", "geometry": {"type": "Point", "coordinates": [32.64759, 0.37076]}, "properties": {"code": "STR-WAKI00665-01", "type": "Concrete Box Culvert (Twin Cell)", "span": 4.5, "condition": "Poor", "district": "Wakiso"}}, {"type": "Feature", "geometry": {"type": "Point", "coordinates": [32.65232, 0.37644]}, "properties": {"code": "STR-WAKI00700-01", "type": "Concrete Box Culvert (Single Cell)", "span": 4.5, "condition": "Fair", "district": "Wakiso"}}, {"type": "Feature", "geometry": {"type": "Point", "coordinates": [32.65584, 0.37541]}, "properties": {"code": "STR-WAKI00735-01", "type": "Steel Composite Bridge / Drift", "span": 18.0, "condition": "Fair", "district": "Wakiso"}}, {"type": "Feature", "geometry": {"type": "Point", "coordinates": [32.65857, 0.3714]}, "properties": {"code": "STR-WAKI00770-01", "type": "Reinforced Concrete Bridge", "span": 24.5, "condition": "Fair", "district": "Wakiso"}}, {"type": "Feature", "geometry": {"type": "Point", "coordinates": [32.65422, 0.36525]}, "properties": {"code": "STR-WAKI00805-01", "type": "Concrete Box Culvert (Twin Cell)", "span": 4.5, "condition": "Fair", "district": "Wakiso"}}, {"type": "Feature", "geometry": {"type": "Point", "coordinates": [32.6572, 0.3561]}, "properties": {"code": "STR-WAKI00840-01", "type": "Concrete Box Culvert (Single Cell)", "span": 4.5, "condition": "Fair", "district": "Wakiso"}}, {"type": "Feature", "geometry": {"type": "Point", "coordinates": [32.65361, 0.34905]}, "properties": {"code": "STR-WAKI00875-01", "type": "Steel Composite Bridge / Drift", "span": 18.0, "condition": "Good", "district": "Wakiso"}}, {"type": "Feature", "geometry": {"type": "Point", "coordinates": [32.65122, 0.35144]}, "properties": {"code": "STR-WAKI00910-01", "type": "Reinforced Concrete Bridge", "span": 24.5, "condition": "Fair", "district": "Wakiso"}}, {"type": "Feature", "geometry": {"type": "Point", "coordinates": [32.64786, 0.35666]}, "properties": {"code": "STR-WAKI00945-01", "type": "Concrete Box Culvert (Twin Cell)", "span": 4.5, "condition": "Fair", "district": "Wakiso"}}, {"type": "Feature", "geometry": {"type": "Point", "coordinates": [32.64487, 0.35948]}, "properties": {"code": "STR-WAKI00980-01", "type": "Concrete Box Culvert (Single Cell)", "span": 4.5, "condition": "Fair", "district": "Wakiso"}}, {"type": "Feature", "geometry": {"type": "Point", "coordinates": [32.6433, 0.36015]}, "properties": {"code": "STR-WAKI01015-01", "type": "Steel Composite Bridge / Drift", "span": 18.0, "condition": "Fair", "district": "Wakiso"}}, {"type": "Feature", "geometry": {"type": "Point", "coordinates": [32.63702, 0.35743]}, "properties": {"code": "STR-WAKI01050-01", "type": "Reinforced Concrete Bridge", "span": 24.5, "condition": "Fair", "district": "Wakiso"}}, {"type": "Feature", "geometry": {"type": "Point", "coordinates": [32.63748, 0.34964]}, "properties": {"code": "STR-WAKI01085-01", "type": "Concrete Box Culvert (Twin Cell)", "span": 4.5, "condition": "Fair", "district": "Wakiso"}}, {"type": "Feature", "geometry": {"type": "Point", "coordinates": [32.64215, 0.3548]}, "properties": {"code": "STR-WAKI01120-01", "type": "Concrete Box Culvert (Single Cell)", "span": 4.5, "condition": "Fair", "district": "Wakiso"}}, {"type": "Feature", "geometry": {"type": "Point", "coordinates": [32.64751, 0.34961]}, "properties": {"code": "STR-WAKI01155-01", "type": "Steel Composite Bridge / Drift", "span": 18.0, "condition": "Fair", "district": "Wakiso"}}, {"type": "Feature", "geometry": {"type": "Point", "coordinates": [32.64455, 0.34805]}, "properties": {"code": "STR-WAKI01190-01", "type": "Reinforced Concrete Bridge", "span": 24.5, "condition": "Fair", "district": "Wakiso"}}, {"type": "Feature", "geometry": {"type": "Point", "coordinates": [32.63959, 0.34048]}, "properties": {"code": "STR-WAKI01225-01", "type": "Concrete Box Culvert (Twin Cell)", "span": 4.5, "condition": "Fair", "district": "Wakiso"}}, {"type": "Feature", "geometry": {"type": "Point", "coordinates": [32.64203, 0.33358]}, "properties": {"code": "STR-WAKI01260-01", "type": "Concrete Box Culvert (Single Cell)", "span": 4.5, "condition": "Fair", "district": "Wakiso"}}, {"type": "Feature", "geometry": {"type": "Point", "coordinates": [32.64811, 0.33663]}, "properties": {"code": "STR-WAKI01295-01", "type": "Steel Composite Bridge / Drift", "span": 18.0, "condition": "Fair", "district": "Wakiso"}}, {"type": "Feature", "geometry": {"type": "Point", "coordinates": [32.64832, 0.34071]}, "properties": {"code": "STR-WAKI01330-01", "type": "Reinforced Concrete Bridge", "span": 24.5, "condition": "Fair", "district": "Wakiso"}}, {"type": "Feature", "geometry": {"type": "Point", "coordinates": [32.65187, 0.34078]}, "properties": {"code": "STR-WAKI01365-01", "type": "Concrete Box Culvert (Twin Cell)", "span": 4.5, "condition": "Fair", "district": "Wakiso"}}, {"type": "Feature", "geometry": {"type": "Point", "coordinates": [32.65961, 0.33986]}, "properties": {"code": "STR-WAKI01400-01", "type": "Concrete Box Culvert (Single Cell)", "span": 4.5, "condition": "Fair", "district": "Wakiso"}}, {"type": "Feature", "geometry": {"type": "Point", "coordinates": [32.65955, 0.33648]}, "properties": {"code": "STR-WAKI01435-01", "type": "Steel Composite Bridge / Drift", "span": 18.0, "condition": "Fair", "district": "Wakiso"}}, {"type": "Feature", "geometry": {"type": "Point", "coordinates": [32.66397, 0.33638]}, "properties": {"code": "STR-WAKI01470-01", "type": "Reinforced Concrete Bridge", "span": 24.5, "condition": "Fair", "district": "Wakiso"}}, {"type": "Feature", "geometry": {"type": "Point", "coordinates": [32.66717, 0.33856]}, "properties": {"code": "STR-WAKI01505-01", "type": "Concrete Box Culvert (Twin Cell)", "span": 4.5, "condition": "Fair", "district": "Wakiso"}}, {"type": "Feature", "geometry": {"type": "Point", "coordinates": [32.66941, 0.34599]}, "properties": {"code": "STR-WAKI01540-01", "type": "Concrete Box Culvert (Single Cell)", "span": 4.5, "condition": "Fair", "district": "Wakiso"}}, {"type": "Feature", "geometry": {"type": "Point", "coordinates": [32.6609, 0.34434]}, "properties": {"code": "STR-WAKI01575-01", "type": "Steel Composite Bridge / Drift", "span": 18.0, "condition": "Fair", "district": "Wakiso"}}, {"type": "Feature", "geometry": {"type": "Point", "coordinates": [32.66406, 0.35034]}, "properties": {"code": "STR-WAKI01610-01", "type": "Reinforced Concrete Bridge", "span": 24.5, "condition": "Poor", "district": "Wakiso"}}, {"type": "Feature", "geometry": {"type": "Point", "coordinates": [32.66029, 0.36179]}, "properties": {"code": "STR-WAKI01645-01", "type": "Concrete Box Culvert (Twin Cell)", "span": 4.5, "condition": "Fair", "district": "Wakiso"}}, {"type": "Feature", "geometry": {"type": "Point", "coordinates": [32.66859, 0.35629]}, "properties": {"code": "STR-WAKI01680-01", "type": "Concrete Box Culvert (Single Cell)", "span": 4.5, "condition": "Good", "district": "Wakiso"}}, {"type": "Feature", "geometry": {"type": "Point", "coordinates": [32.67123, 0.34888]}, "properties": {"code": "STR-WAKI01715-01", "type": "Steel Composite Bridge / Drift", "span": 18.0, "condition": "Fair", "district": "Wakiso"}}, {"type": "Feature", "geometry": {"type": "Point", "coordinates": [32.67223, 0.35652]}, "properties": {"code": "STR-WAKI01750-01", "type": "Reinforced Concrete Bridge", "span": 24.5, "condition": "Fair", "district": "Wakiso"}}, {"type": "Feature", "geometry": {"type": "Point", "coordinates": [32.67795, 0.36107]}, "properties": {"code": "STR-WAKI01785-01", "type": "Concrete Box Culvert (Twin Cell)", "span": 4.5, "condition": "Good", "district": "Wakiso"}}, {"type": "Feature", "geometry": {"type": "Point", "coordinates": [32.67285, 0.3445]}, "properties": {"code": "STR-WAKI01820-01", "type": "Concrete Box Culvert (Single Cell)", "span": 4.5, "condition": "Fair", "district": "Wakiso"}}, {"type": "Feature", "geometry": {"type": "Point", "coordinates": [32.67188, 0.33894]}, "properties": {"code": "STR-WAKI01855-01", "type": "Steel Composite Bridge / Drift", "span": 18.0, "condition": "Fair", "district": "Wakiso"}}, {"type": "Feature", "geometry": {"type": "Point", "coordinates": [32.67638, 0.33172]}, "properties": {"code": "STR-WAKI01890-01", "type": "Reinforced Concrete Bridge", "span": 24.5, "condition": "Good", "district": "Wakiso"}}, {"type": "Feature", "geometry": {"type": "Point", "coordinates": [32.67425, 0.32993]}, "properties": {"code": "STR-WAKI01925-01", "type": "Concrete Box Culvert (Twin Cell)", "span": 4.5, "condition": "Fair", "district": "Wakiso"}}, {"type": "Feature", "geometry": {"type": "Point", "coordinates": [32.67956, 0.32171]}, "properties": {"code": "STR-WAKI01960-01", "type": "Concrete Box Culvert (Single Cell)", "span": 4.5, "condition": "Fair", "district": "Wakiso"}}, {"type": "Feature", "geometry": {"type": "Point", "coordinates": [32.68121, 0.31524]}, "properties": {"code": "STR-WAKI01995-01", "type": "Steel Composite Bridge / Drift", "span": 18.0, "condition": "Fair", "district": "Wakiso"}}, {"type": "Feature", "geometry": {"type": "Point", "coordinates": [32.67896, 0.30762]}, "properties": {"code": "STR-WAKI02030-01", "type": "Reinforced Concrete Bridge", "span": 24.5, "condition": "Fair", "district": "Wakiso"}}, {"type": "Feature", "geometry": {"type": "Point", "coordinates": [32.58298, 0.26474]}, "properties": {"code": "STR-WAKI02065-01", "type": "Concrete Box Culvert (Twin Cell)", "span": 4.5, "condition": "Fair", "district": "Wakiso"}}, {"type": "Feature", "geometry": {"type": "Point", "coordinates": [32.58082, 0.27669]}, "properties": {"code": "STR-WAKI02100-01", "type": "Concrete Box Culvert (Single Cell)", "span": 4.5, "condition": "Fair", "district": "Wakiso"}}, {"type": "Feature", "geometry": {"type": "Point", "coordinates": [32.59038, 0.27063]}, "properties": {"code": "STR-WAKI02135-01", "type": "Steel Composite Bridge / Drift", "span": 18.0, "condition": "Fair", "district": "Wakiso"}}, {"type": "Feature", "geometry": {"type": "Point", "coordinates": [32.58601, 0.27638]}, "properties": {"code": "STR-KAMP02170-01", "type": "Reinforced Concrete Bridge", "span": 24.5, "condition": "Fair", "district": "Kampala"}}, {"type": "Feature", "geometry": {"type": "Point", "coordinates": [32.5816, 0.27269]}, "properties": {"code": "STR-WAKI02205-01", "type": "Concrete Box Culvert (Twin Cell)", "span": 4.5, "condition": "Poor", "district": "Wakiso"}}, {"type": "Feature", "geometry": {"type": "Point", "coordinates": [32.57497, 0.27365]}, "properties": {"code": "STR-WAKI02240-01", "type": "Concrete Box Culvert (Single Cell)", "span": 4.5, "condition": "Fair", "district": "Wakiso"}}, {"type": "Feature", "geometry": {"type": "Point", "coordinates": [32.57743, 0.26301]}, "properties": {"code": "STR-WAKI02275-01", "type": "Steel Composite Bridge / Drift", "span": 18.0, "condition": "Fair", "district": "Wakiso"}}, {"type": "Feature", "geometry": {"type": "Point", "coordinates": [32.57417, 0.26491]}, "properties": {"code": "STR-WAKI02310-01", "type": "Reinforced Concrete Bridge", "span": 24.5, "condition": "Fair", "district": "Wakiso"}}, {"type": "Feature", "geometry": {"type": "Point", "coordinates": [32.56932, 0.26897]}, "properties": {"code": "STR-WAKI02345-01", "type": "Concrete Box Culvert (Twin Cell)", "span": 4.5, "condition": "Fair", "district": "Wakiso"}}, {"type": "Feature", "geometry": {"type": "Point", "coordinates": [32.57446, 0.27689]}, "properties": {"code": "STR-WAKI02380-01", "type": "Concrete Box Culvert (Single Cell)", "span": 4.5, "condition": "Poor", "district": "Wakiso"}}, {"type": "Feature", "geometry": {"type": "Point", "coordinates": [32.5682, 0.26969]}, "properties": {"code": "STR-WAKI02415-01", "type": "Steel Composite Bridge / Drift", "span": 18.0, "condition": "Fair", "district": "Wakiso"}}, {"type": "Feature", "geometry": {"type": "Point", "coordinates": [32.56441, 0.2701]}, "properties": {"code": "STR-WAKI02450-01", "type": "Reinforced Concrete Bridge", "span": 24.5, "condition": "Poor", "district": "Wakiso"}}, {"type": "Feature", "geometry": {"type": "Point", "coordinates": [32.56481, 0.27384]}, "properties": {"code": "STR-WAKI02485-01", "type": "Concrete Box Culvert (Twin Cell)", "span": 4.5, "condition": "Good", "district": "Wakiso"}}, {"type": "Feature", "geometry": {"type": "Point", "coordinates": [32.56526, 0.27447]}, "properties": {"code": "STR-WAKI02520-01", "type": "Concrete Box Culvert (Single Cell)", "span": 4.5, "condition": "Good", "district": "Wakiso"}}, {"type": "Feature", "geometry": {"type": "Point", "coordinates": [32.55802, 0.27551]}, "properties": {"code": "STR-WAKI02555-01", "type": "Steel Composite Bridge / Drift", "span": 18.0, "condition": "Good", "district": "Wakiso"}}, {"type": "Feature", "geometry": {"type": "Point", "coordinates": [32.56154, 0.2733]}, "properties": {"code": "STR-WAKI02590-01", "type": "Reinforced Concrete Bridge", "span": 24.5, "condition": "Fair", "district": "Wakiso"}}, {"type": "Feature", "geometry": {"type": "Point", "coordinates": [32.55726, 0.26718]}, "properties": {"code": "STR-WAKI02625-01", "type": "Concrete Box Culvert (Twin Cell)", "span": 4.5, "condition": "Fair", "district": "Wakiso"}}, {"type": "Feature", "geometry": {"type": "Point", "coordinates": [32.56332, 0.26435]}, "properties": {"code": "STR-WAKI02660-01", "type": "Concrete Box Culvert (Single Cell)", "span": 4.5, "condition": "Fair", "district": "Wakiso"}}, {"type": "Feature", "geometry": {"type": "Point", "coordinates": [32.56654, 0.26648]}, "properties": {"code": "STR-WAKI02695-01", "type": "Steel Composite Bridge / Drift", "span": 18.0, "condition": "Poor", "district": "Wakiso"}}, {"type": "Feature", "geometry": {"type": "Point", "coordinates": [32.56649, 0.26313]}, "properties": {"code": "STR-WAKI02730-01", "type": "Reinforced Concrete Bridge", "span": 24.5, "condition": "Poor", "district": "Wakiso"}}, {"type": "Feature", "geometry": {"type": "Point", "coordinates": [32.56484, 0.26014]}, "properties": {"code": "STR-WAKI02765-01", "type": "Concrete Box Culvert (Twin Cell)", "span": 4.5, "condition": "Good", "district": "Wakiso"}}, {"type": "Feature", "geometry": {"type": "Point", "coordinates": [32.56707, 0.25637]}, "properties": {"code": "STR-WAKI02800-01", "type": "Concrete Box Culvert (Single Cell)", "span": 4.5, "condition": "Fair", "district": "Wakiso"}}, {"type": "Feature", "geometry": {"type": "Point", "coordinates": [32.56591, 0.24826]}, "properties": {"code": "STR-WAKI02835-01", "type": "Steel Composite Bridge / Drift", "span": 18.0, "condition": "Good", "district": "Wakiso"}}, {"type": "Feature", "geometry": {"type": "Point", "coordinates": [32.56198, 0.25393]}, "properties": {"code": "STR-WAKI02870-01", "type": "Reinforced Concrete Bridge", "span": 24.5, "condition": "Fair", "district": "Wakiso"}}, {"type": "Feature", "geometry": {"type": "Point", "coordinates": [32.56211, 0.24922]}, "properties": {"code": "STR-WAKI02905-01", "type": "Concrete Box Culvert (Twin Cell)", "span": 4.5, "condition": "Good", "district": "Wakiso"}}, {"type": "Feature", "geometry": {"type": "Point", "coordinates": [32.55823, 0.25739]}, "properties": {"code": "STR-WAKI02940-01", "type": "Concrete Box Culvert (Single Cell)", "span": 4.5, "condition": "Fair", "district": "Wakiso"}}, {"type": "Feature", "geometry": {"type": "Point", "coordinates": [32.56057, 0.26139]}, "properties": {"code": "STR-WAKI02975-01", "type": "Steel Composite Bridge / Drift", "span": 18.0, "condition": "Fair", "district": "Wakiso"}}, {"type": "Feature", "geometry": {"type": "Point", "coordinates": [32.55366, 0.25983]}, "properties": {"code": "STR-WAKI03010-01", "type": "Reinforced Concrete Bridge", "span": 24.5, "condition": "Fair", "district": "Wakiso"}}, {"type": "Feature", "geometry": {"type": "Point", "coordinates": [32.55454, 0.24919]}, "properties": {"code": "STR-WAKI03045-01", "type": "Concrete Box Culvert (Twin Cell)", "span": 4.5, "condition": "Fair", "district": "Wakiso"}}, {"type": "Feature", "geometry": {"type": "Point", "coordinates": [32.54779, 0.24944]}, "properties": {"code": "STR-WAKI03080-01", "type": "Concrete Box Culvert (Single Cell)", "span": 4.5, "condition": "Good", "district": "Wakiso"}}, {"type": "Feature", "geometry": {"type": "Point", "coordinates": [32.54889, 0.26022]}, "properties": {"code": "STR-WAKI03115-01", "type": "Steel Composite Bridge / Drift", "span": 18.0, "condition": "Fair", "district": "Wakiso"}}, {"type": "Feature", "geometry": {"type": "Point", "coordinates": [32.54836, 0.26948]}, "properties": {"code": "STR-WAKI03150-01", "type": "Reinforced Concrete Bridge", "span": 24.5, "condition": "Good", "district": "Wakiso"}}, {"type": "Feature", "geometry": {"type": "Point", "coordinates": [32.55091, 0.26453]}, "properties": {"code": "STR-WAKI03185-01", "type": "Concrete Box Culvert (Twin Cell)", "span": 4.5, "condition": "Fair", "district": "Wakiso"}}, {"type": "Feature", "geometry": {"type": "Point", "coordinates": [32.55596, 0.26762]}, "properties": {"code": "STR-WAKI03220-01", "type": "Concrete Box Culvert (Single Cell)", "span": 4.5, "condition": "Poor", "district": "Wakiso"}}, {"type": "Feature", "geometry": {"type": "Point", "coordinates": [32.55291, 0.26643]}, "properties": {"code": "STR-WAKI03255-01", "type": "Steel Composite Bridge / Drift", "span": 18.0, "condition": "Fair", "district": "Wakiso"}}, {"type": "Feature", "geometry": {"type": "Point", "coordinates": [32.55414, 0.27148]}, "properties": {"code": "STR-WAKI03290-01", "type": "Reinforced Concrete Bridge", "span": 24.5, "condition": "Fair", "district": "Wakiso"}}, {"type": "Feature", "geometry": {"type": "Point", "coordinates": [32.55159, 0.27493]}, "properties": {"code": "STR-WAKI03325-01", "type": "Concrete Box Culvert (Twin Cell)", "span": 4.5, "condition": "Fair", "district": "Wakiso"}}, {"type": "Feature", "geometry": {"type": "Point", "coordinates": [32.55148, 0.27207]}, "properties": {"code": "STR-WAKI03360-01", "type": "Concrete Box Culvert (Single Cell)", "span": 4.5, "condition": "Good", "district": "Wakiso"}}, {"type": "Feature", "geometry": {"type": "Point", "coordinates": [32.54949, 0.27245]}, "properties": {"code": "STR-WAKI03395-01", "type": "Steel Composite Bridge / Drift", "span": 18.0, "condition": "Good", "district": "Wakiso"}}, {"type": "Feature", "geometry": {"type": "Point", "coordinates": [32.54702, 0.27134]}, "properties": {"code": "STR-WAKI03430-01", "type": "Reinforced Concrete Bridge", "span": 24.5, "condition": "Fair", "district": "Wakiso"}}, {"type": "Feature", "geometry": {"type": "Point", "coordinates": [32.54691, 0.27568]}, "properties": {"code": "STR-WAKI03465-01", "type": "Concrete Box Culvert (Twin Cell)", "span": 4.5, "condition": "Good", "district": "Wakiso"}}, {"type": "Feature", "geometry": {"type": "Point", "coordinates": [32.54925, 0.27732]}, "properties": {"code": "STR-KAMP03500-01", "type": "Concrete Box Culvert (Single Cell)", "span": 4.5, "condition": "Fair", "district": "Kampala"}}, {"type": "Feature", "geometry": {"type": "Point", "coordinates": [32.55025, 0.2832]}, "properties": {"code": "STR-KAMP03535-01", "type": "Steel Composite Bridge / Drift", "span": 18.0, "condition": "Good", "district": "Kampala"}}, {"type": "Feature", "geometry": {"type": "Point", "coordinates": [32.54759, 0.28648]}, "properties": {"code": "STR-KAMP03570-01", "type": "Reinforced Concrete Bridge", "span": 24.5, "condition": "Good", "district": "Kampala"}}, {"type": "Feature", "geometry": {"type": "Point", "coordinates": [32.54871, 0.28699]}, "properties": {"code": "STR-KAMP03605-01", "type": "Concrete Box Culvert (Twin Cell)", "span": 4.5, "condition": "Good", "district": "Kampala"}}, {"type": "Feature", "geometry": {"type": "Point", "coordinates": [32.54755, 0.28683]}, "properties": {"code": "STR-KAMP03640-01", "type": "Concrete Box Culvert (Single Cell)", "span": 4.5, "condition": "Good", "district": "Kampala"}}, {"type": "Feature", "geometry": {"type": "Point", "coordinates": [32.5476, 0.2856]}, "properties": {"code": "STR-KAMP03675-01", "type": "Steel Composite Bridge / Drift", "span": 18.0, "condition": "Good", "district": "Kampala"}}, {"type": "Feature", "geometry": {"type": "Point", "coordinates": [32.54707, 0.29011]}, "properties": {"code": "STR-KAMP03710-01", "type": "Reinforced Concrete Bridge", "span": 24.5, "condition": "Good", "district": "Kampala"}}, {"type": "Feature", "geometry": {"type": "Point", "coordinates": [32.54896, 0.28817]}, "properties": {"code": "STR-KAMP03745-01", "type": "Concrete Box Culvert (Twin Cell)", "span": 4.5, "condition": "Good", "district": "Kampala"}}, {"type": "Feature", "geometry": {"type": "Point", "coordinates": [32.55106, 0.28923]}, "properties": {"code": "STR-KAMP03780-01", "type": "Concrete Box Culvert (Single Cell)", "span": 4.5, "condition": "Good", "district": "Kampala"}}, {"type": "Feature", "geometry": {"type": "Point", "coordinates": [32.54953, 0.28527]}, "properties": {"code": "STR-KAMP03815-01", "type": "Steel Composite Bridge / Drift", "span": 18.0, "condition": "Good", "district": "Kampala"}}, {"type": "Feature", "geometry": {"type": "Point", "coordinates": [32.55289, 0.28605]}, "properties": {"code": "STR-KAMP03850-01", "type": "Reinforced Concrete Bridge", "span": 24.5, "condition": "Good", "district": "Kampala"}}, {"type": "Feature", "geometry": {"type": "Point", "coordinates": [32.5538, 0.28992]}, "properties": {"code": "STR-KAMP03885-01", "type": "Concrete Box Culvert (Twin Cell)", "span": 4.5, "condition": "Good", "district": "Kampala"}}, {"type": "Feature", "geometry": {"type": "Point", "coordinates": [32.55522, 0.29066]}, "properties": {"code": "STR-KAMP03920-01", "type": "Concrete Box Culvert (Single Cell)", "span": 4.5, "condition": "Fair", "district": "Kampala"}}, {"type": "Feature", "geometry": {"type": "Point", "coordinates": [32.55511, 0.28636]}, "properties": {"code": "STR-KAMP03955-01", "type": "Steel Composite Bridge / Drift", "span": 18.0, "condition": "Fair", "district": "Kampala"}}, {"type": "Feature", "geometry": {"type": "Point", "coordinates": [32.5522, 0.28068]}, "properties": {"code": "STR-KAMP03990-01", "type": "Reinforced Concrete Bridge", "span": 24.5, "condition": "Good", "district": "Kampala"}}, {"type": "Feature", "geometry": {"type": "Point", "coordinates": [31.55933, -0.1294]}, "properties": {"code": "STR-BUKO04025-01", "type": "Concrete Box Culvert (Twin Cell)", "span": 4.5, "condition": "Poor", "district": "Bukomansimbi"}}, {"type": "Feature", "geometry": {"type": "Point", "coordinates": [31.57649, -0.13536]}, "properties": {"code": "STR-BUKO04060-01", "type": "Concrete Box Culvert (Single Cell)", "span": 4.5, "condition": "Fair", "district": "Bukomansimbi"}}, {"type": "Feature", "geometry": {"type": "Point", "coordinates": [31.60119, -0.17627]}, "properties": {"code": "STR-BUKO04095-01", "type": "Steel Composite Bridge / Drift", "span": 18.0, "condition": "Poor", "district": "Bukomansimbi"}}, {"type": "Feature", "geometry": {"type": "Point", "coordinates": [31.65575, -0.16411]}, "properties": {"code": "STR-BUKO04130-01", "type": "Reinforced Concrete Bridge", "span": 24.5, "condition": "Fair", "district": "Bukomansimbi"}}, {"type": "Feature", "geometry": {"type": "Point", "coordinates": [31.61262, -0.10295]}, "properties": {"code": "STR-BUKO04165-01", "type": "Concrete Box Culvert (Twin Cell)", "span": 4.5, "condition": "Fair", "district": "Bukomansimbi"}}, {"type": "Feature", "geometry": {"type": "Point", "coordinates": [31.57055, -0.10053]}, "properties": {"code": "STR-BUKO04200-01", "type": "Concrete Box Culvert (Single Cell)", "span": 4.5, "condition": "Fair", "district": "Bukomansimbi"}}, {"type": "Feature", "geometry": {"type": "Point", "coordinates": [31.56471, -0.08993]}, "properties": {"code": "STR-BUKO04235-01", "type": "Steel Composite Bridge / Drift", "span": 18.0, "condition": "Poor", "district": "Bukomansimbi"}}, {"type": "Feature", "geometry": {"type": "Point", "coordinates": [31.56214, -0.07195]}, "properties": {"code": "STR-BUKO04270-01", "type": "Reinforced Concrete Bridge", "span": 24.5, "condition": "Fair", "district": "Bukomansimbi"}}, {"type": "Feature", "geometry": {"type": "Point", "coordinates": [31.5161, -0.09351]}, "properties": {"code": "STR-SSEM04305-01", "type": "Concrete Box Culvert (Twin Cell)", "span": 4.5, "condition": "Poor", "district": "Ssembabule"}}, {"type": "Feature", "geometry": {"type": "Point", "coordinates": [31.52833, -0.09774]}, "properties": {"code": "STR-SSEM04340-01", "type": "Concrete Box Culvert (Single Cell)", "span": 4.5, "condition": "Fair", "district": "Ssembabule"}}, {"type": "Feature", "geometry": {"type": "Point", "coordinates": [31.51055, -0.09887]}, "properties": {"code": "STR-SSEM04375-01", "type": "Steel Composite Bridge / Drift", "span": 18.0, "condition": "Poor", "district": "Ssembabule"}}, {"type": "Feature", "geometry": {"type": "Point", "coordinates": [31.52319, -0.11409]}, "properties": {"code": "STR-SSEM04410-01", "type": "Reinforced Concrete Bridge", "span": 24.5, "condition": "Poor", "district": "Ssembabule"}}, {"type": "Feature", "geometry": {"type": "Point", "coordinates": [31.53463, -0.10445]}, "properties": {"code": "STR-SSEM04445-01", "type": "Concrete Box Culvert (Twin Cell)", "span": 4.5, "condition": "Poor", "district": "Ssembabule"}}, {"type": "Feature", "geometry": {"type": "Point", "coordinates": [31.55086, -0.12283]}, "properties": {"code": "STR-BUKO04480-01", "type": "Concrete Box Culvert (Single Cell)", "span": 4.5, "condition": "Fair", "district": "Bukomansimbi"}}, {"type": "Feature", "geometry": {"type": "Point", "coordinates": [31.52656, -0.13384]}, "properties": {"code": "STR-SSEM04515-01", "type": "Steel Composite Bridge / Drift", "span": 18.0, "condition": "Fair", "district": "Ssembabule"}}, {"type": "Feature", "geometry": {"type": "Point", "coordinates": [31.50994, -0.12883]}, "properties": {"code": "STR-SSEM04550-01", "type": "Reinforced Concrete Bridge", "span": 24.5, "condition": "Fair", "district": "Ssembabule"}}, {"type": "Feature", "geometry": {"type": "Point", "coordinates": [31.48955, -0.13164]}, "properties": {"code": "STR-SSEM04585-01", "type": "Concrete Box Culvert (Twin Cell)", "span": 4.5, "condition": "Poor", "district": "Ssembabule"}}, {"type": "Feature", "geometry": {"type": "Point", "coordinates": [31.5025, -0.13656]}, "properties": {"code": "STR-SSEM04620-01", "type": "Concrete Box Culvert (Single Cell)", "span": 4.5, "condition": "Poor", "district": "Ssembabule"}}, {"type": "Feature", "geometry": {"type": "Point", "coordinates": [31.47933, -0.15755]}, "properties": {"code": "STR-SSEM04655-01", "type": "Steel Composite Bridge / Drift", "span": 18.0, "condition": "Poor", "district": "Ssembabule"}}, {"type": "Feature", "geometry": {"type": "Point", "coordinates": [31.47744, -0.13348]}, "properties": {"code": "STR-SSEM04690-01", "type": "Reinforced Concrete Bridge", "span": 24.5, "condition": "Fair", "district": "Ssembabule"}}, {"type": "Feature", "geometry": {"type": "Point", "coordinates": [31.47602, -0.11182]}, "properties": {"code": "STR-SSEM04725-01", "type": "Concrete Box Culvert (Twin Cell)", "span": 4.5, "condition": "Poor", "district": "Ssembabule"}}, {"type": "Feature", "geometry": {"type": "Point", "coordinates": [31.48494, -0.09272]}, "properties": {"code": "STR-SSEM04760-01", "type": "Concrete Box Culvert (Single Cell)", "span": 4.5, "condition": "Fair", "district": "Ssembabule"}}, {"type": "Feature", "geometry": {"type": "Point", "coordinates": [31.49584, -0.10061]}, "properties": {"code": "STR-SSEM04795-01", "type": "Steel Composite Bridge / Drift", "span": 18.0, "condition": "Fair", "district": "Ssembabule"}}, {"type": "Feature", "geometry": {"type": "Point", "coordinates": [31.49451, -0.09947]}, "properties": {"code": "STR-SSEM04830-01", "type": "Reinforced Concrete Bridge", "span": 24.5, "condition": "Poor", "district": "Ssembabule"}}, {"type": "Feature", "geometry": {"type": "Point", "coordinates": [31.49885, -0.06588]}, "properties": {"code": "STR-SSEM04865-01", "type": "Concrete Box Culvert (Twin Cell)", "span": 4.5, "condition": "Poor", "district": "Ssembabule"}}, {"type": "Feature", "geometry": {"type": "Point", "coordinates": [31.48734, -0.07217]}, "properties": {"code": "STR-SSEM04900-01", "type": "Concrete Box Culvert (Single Cell)", "span": 4.5, "condition": "Poor", "district": "Ssembabule"}}, {"type": "Feature", "geometry": {"type": "Point", "coordinates": [31.47555, -0.07099]}, "properties": {"code": "STR-SSEM04935-01", "type": "Steel Composite Bridge / Drift", "span": 18.0, "condition": "Poor", "district": "Ssembabule"}}, {"type": "Feature", "geometry": {"type": "Point", "coordinates": [31.47052, -0.0463]}, "properties": {"code": "STR-SSEM04970-01", "type": "Reinforced Concrete Bridge", "span": 24.5, "condition": "Poor", "district": "Ssembabule"}}, {"type": "Feature", "geometry": {"type": "Point", "coordinates": [31.49039, -0.02994]}, "properties": {"code": "STR-SSEM05005-01", "type": "Concrete Box Culvert (Twin Cell)", "span": 4.5, "condition": "Fair", "district": "Ssembabule"}}, {"type": "Feature", "geometry": {"type": "Point", "coordinates": [31.50707, -0.0448]}, "properties": {"code": "STR-SSEM05040-01", "type": "Concrete Box Culvert (Single Cell)", "span": 4.5, "condition": "Fair", "district": "Ssembabule"}}, {"type": "Feature", "geometry": {"type": "Point", "coordinates": [31.53161, -0.05451]}, "properties": {"code": "STR-SSEM05075-01", "type": "Steel Composite Bridge / Drift", "span": 18.0, "condition": "Fair", "district": "Ssembabule"}}, {"type": "Feature", "geometry": {"type": "Point", "coordinates": [31.55361, -0.03749]}, "properties": {"code": "STR-BUKO05110-01", "type": "Reinforced Concrete Bridge", "span": 24.5, "condition": "Fair", "district": "Bukomansimbi"}}, {"type": "Feature", "geometry": {"type": "Point", "coordinates": [31.54537, -0.01449]}, "properties": {"code": "STR-BUKO05145-01", "type": "Concrete Box Culvert (Twin Cell)", "span": 4.5, "condition": "Poor", "district": "Bukomansimbi"}}, {"type": "Feature", "geometry": {"type": "Point", "coordinates": [31.51248, -0.02691]}, "properties": {"code": "STR-SSEM05180-01", "type": "Concrete Box Culvert (Single Cell)", "span": 4.5, "condition": "Poor", "district": "Ssembabule"}}, {"type": "Feature", "geometry": {"type": "Point", "coordinates": [31.50776, 0.02302]}, "properties": {"code": "STR-SSEM05215-01", "type": "Steel Composite Bridge / Drift", "span": 18.0, "condition": "Poor", "district": "Ssembabule"}}, {"type": "Feature", "geometry": {"type": "Point", "coordinates": [31.52108, 0.00239]}, "properties": {"code": "STR-SSEM05250-01", "type": "Reinforced Concrete Bridge", "span": 24.5, "condition": "Fair", "district": "Ssembabule"}}, {"type": "Feature", "geometry": {"type": "Point", "coordinates": [31.54033, 0.02129]}, "properties": {"code": "STR-SSEM05285-01", "type": "Concrete Box Culvert (Twin Cell)", "span": 4.5, "condition": "Poor", "district": "Ssembabule"}}, {"type": "Feature", "geometry": {"type": "Point", "coordinates": [31.52802, 0.03298]}, "properties": {"code": "STR-SSEM05320-01", "type": "Concrete Box Culvert (Single Cell)", "span": 4.5, "condition": "Good", "district": "Ssembabule"}}, {"type": "Feature", "geometry": {"type": "Point", "coordinates": [31.5277, 0.03934]}, "properties": {"code": "STR-SSEM05355-01", "type": "Steel Composite Bridge / Drift", "span": 18.0, "condition": "Poor", "district": "Ssembabule"}}, {"type": "Feature", "geometry": {"type": "Point", "coordinates": [31.48755, 0.04869]}, "properties": {"code": "STR-SSEM05390-01", "type": "Reinforced Concrete Bridge", "span": 24.5, "condition": "Fair", "district": "Ssembabule"}}, {"type": "Feature", "geometry": {"type": "Point", "coordinates": [31.50499, -5e-05]}, "properties": {"code": "STR-SSEM05425-01", "type": "Concrete Box Culvert (Twin Cell)", "span": 4.5, "condition": "Fair", "district": "Ssembabule"}}, {"type": "Feature", "geometry": {"type": "Point", "coordinates": [31.48005, 0.01177]}, "properties": {"code": "STR-SSEM05460-01", "type": "Concrete Box Culvert (Single Cell)", "span": 4.5, "condition": "Fair", "district": "Ssembabule"}}, {"type": "Feature", "geometry": {"type": "Point", "coordinates": [31.4784, 0.0234]}, "properties": {"code": "STR-SSEM05495-01", "type": "Steel Composite Bridge / Drift", "span": 18.0, "condition": "Poor", "district": "Ssembabule"}}, {"type": "Feature", "geometry": {"type": "Point", "coordinates": [31.46346, 0.0388]}, "properties": {"code": "STR-SSEM05530-01", "type": "Reinforced Concrete Bridge", "span": 24.5, "condition": "Poor", "district": "Ssembabule"}}, {"type": "Feature", "geometry": {"type": "Point", "coordinates": [31.47803, 0.06827]}, "properties": {"code": "STR-SSEM05565-01", "type": "Concrete Box Culvert (Twin Cell)", "span": 4.5, "condition": "Poor", "district": "Ssembabule"}}, {"type": "Feature", "geometry": {"type": "Point", "coordinates": [31.49925, 0.0467]}, "properties": {"code": "STR-SSEM05600-01", "type": "Concrete Box Culvert (Single Cell)", "span": 4.5, "condition": "Poor", "district": "Ssembabule"}}, {"type": "Feature", "geometry": {"type": "Point", "coordinates": [31.48763, 0.09032]}, "properties": {"code": "STR-SSEM05635-01", "type": "Steel Composite Bridge / Drift", "span": 18.0, "condition": "Poor", "district": "Ssembabule"}}, {"type": "Feature", "geometry": {"type": "Point", "coordinates": [31.49845, 0.09484]}, "properties": {"code": "STR-SSEM05670-01", "type": "Reinforced Concrete Bridge", "span": 24.5, "condition": "Poor", "district": "Ssembabule"}}, {"type": "Feature", "geometry": {"type": "Point", "coordinates": [31.49615, 0.09687]}, "properties": {"code": "STR-SSEM05705-01", "type": "Concrete Box Culvert (Twin Cell)", "span": 4.5, "condition": "Fair", "district": "Ssembabule"}}, {"type": "Feature", "geometry": {"type": "Point", "coordinates": [31.49083, 0.10244]}, "properties": {"code": "STR-SSEM05740-01", "type": "Concrete Box Culvert (Single Cell)", "span": 4.5, "condition": "Poor", "district": "Ssembabule"}}, {"type": "Feature", "geometry": {"type": "Point", "coordinates": [31.4743, 0.08375]}, "properties": {"code": "STR-SSEM05775-01", "type": "Steel Composite Bridge / Drift", "span": 18.0, "condition": "Poor", "district": "Ssembabule"}}, {"type": "Feature", "geometry": {"type": "Point", "coordinates": [31.47934, 0.11504]}, "properties": {"code": "STR-SSEM05810-01", "type": "Reinforced Concrete Bridge", "span": 24.5, "condition": "Poor", "district": "Ssembabule"}}, {"type": "Feature", "geometry": {"type": "Point", "coordinates": [31.50505, 0.13164]}, "properties": {"code": "STR-GOMB05845-01", "type": "Concrete Box Culvert (Twin Cell)", "span": 4.5, "condition": "Poor", "district": "Gomba"}}, {"type": "Feature", "geometry": {"type": "Point", "coordinates": [31.53003, 0.1552]}, "properties": {"code": "STR-GOMB05880-01", "type": "Concrete Box Culvert (Single Cell)", "span": 4.5, "condition": "Fair", "district": "Gomba"}}, {"type": "Feature", "geometry": {"type": "Point", "coordinates": [31.51967, 0.09146]}, "properties": {"code": "STR-SSEM05915-01", "type": "Steel Composite Bridge / Drift", "span": 18.0, "condition": "Fair", "district": "Ssembabule"}}, {"type": "Feature", "geometry": {"type": "Point", "coordinates": [31.51777, 0.0771]}, "properties": {"code": "STR-SSEM05950-01", "type": "Reinforced Concrete Bridge", "span": 24.5, "condition": "Poor", "district": "Ssembabule"}}, {"type": "Feature", "geometry": {"type": "Point", "coordinates": [31.53453, 0.0518]}, "properties": {"code": "STR-SSEM05985-01", "type": "Concrete Box Culvert (Twin Cell)", "span": 4.5, "condition": "Poor", "district": "Ssembabule"}}, {"type": "Feature", "geometry": {"type": "Point", "coordinates": [31.54672, 0.07183]}, "properties": {"code": "STR-SSEM06020-01", "type": "Concrete Box Culvert (Single Cell)", "span": 4.5, "condition": "Poor", "district": "Ssembabule"}}, {"type": "Feature", "geometry": {"type": "Point", "coordinates": [31.56991, 0.05043]}, "properties": {"code": "STR-SSEM06055-01", "type": "Steel Composite Bridge / Drift", "span": 18.0, "condition": "Poor", "district": "Ssembabule"}}, {"type": "Feature", "geometry": {"type": "Point", "coordinates": [32.06815, 1.16948]}, "properties": {"code": "STR-NAKA06090-01", "type": "Reinforced Concrete Bridge", "span": 24.5, "condition": "Poor", "district": "Nakaseke"}}, {"type": "Feature", "geometry": {"type": "Point", "coordinates": [32.03427, 1.16295]}, "properties": {"code": "STR-NAKA06125-01", "type": "Concrete Box Culvert (Twin Cell)", "span": 4.5, "condition": "Poor", "district": "Nakaseke"}}, {"type": "Feature", "geometry": {"type": "Point", "coordinates": [32.01492, 1.18096]}, "properties": {"code": "STR-NAKA06160-01", "type": "Concrete Box Culvert (Single Cell)", "span": 4.5, "condition": "Fair", "district": "Nakaseke"}}, {"type": "Feature", "geometry": {"type": "Point", "coordinates": [32.01756, 1.17357]}, "properties": {"code": "STR-NAKA06195-01", "type": "Steel Composite Bridge / Drift", "span": 18.0, "condition": "Poor", "district": "Nakaseke"}}, {"type": "Feature", "geometry": {"type": "Point", "coordinates": [32.02621, 1.14387]}, "properties": {"code": "STR-NAKA06230-01", "type": "Reinforced Concrete Bridge", "span": 24.5, "condition": "Poor", "district": "Nakaseke"}}, {"type": "Feature", "geometry": {"type": "Point", "coordinates": [32.03553, 1.12677]}, "properties": {"code": "STR-NAKA06265-01", "type": "Concrete Box Culvert (Twin Cell)", "span": 4.5, "condition": "Poor", "district": "Nakaseke"}}, {"type": "Feature", "geometry": {"type": "Point", "coordinates": [32.06775, 1.07589]}, "properties": {"code": "STR-NAKA06300-01", "type": "Concrete Box Culvert (Single Cell)", "span": 4.5, "condition": "Poor", "district": "Nakaseke"}}, {"type": "Feature", "geometry": {"type": "Point", "coordinates": [32.06454, 1.1271]}, "properties": {"code": "STR-NAKA06335-01", "type": "Steel Composite Bridge / Drift", "span": 18.0, "condition": "Poor", "district": "Nakaseke"}}, {"type": "Feature", "geometry": {"type": "Point", "coordinates": [32.08929, 1.07976]}, "properties": {"code": "STR-NAKA06370-01", "type": "Reinforced Concrete Bridge", "span": 24.5, "condition": "Poor", "district": "Nakaseke"}}, {"type": "Feature", "geometry": {"type": "Point", "coordinates": [32.13334, 1.09882]}, "properties": {"code": "STR-NAKA06405-01", "type": "Concrete Box Culvert (Twin Cell)", "span": 4.5, "condition": "Poor", "district": "Nakaseke"}}, {"type": "Feature", "geometry": {"type": "Point", "coordinates": [32.1237, 1.12996]}, "properties": {"code": "STR-NAKA06440-01", "type": "Concrete Box Culvert (Single Cell)", "span": 4.5, "condition": "Poor", "district": "Nakaseke"}}, {"type": "Feature", "geometry": {"type": "Point", "coordinates": [32.10571, 1.13546]}, "properties": {"code": "STR-NAKA06475-01", "type": "Steel Composite Bridge / Drift", "span": 18.0, "condition": "Poor", "district": "Nakaseke"}}, {"type": "Feature", "geometry": {"type": "Point", "coordinates": [32.09944, 1.15046]}, "properties": {"code": "STR-NAKA06510-01", "type": "Reinforced Concrete Bridge", "span": 24.5, "condition": "Poor", "district": "Nakaseke"}}, {"type": "Feature", "geometry": {"type": "Point", "coordinates": [32.1163, 1.17063]}, "properties": {"code": "STR-NAKA06545-01", "type": "Concrete Box Culvert (Twin Cell)", "span": 4.5, "condition": "Fair", "district": "Nakaseke"}}, {"type": "Feature", "geometry": {"type": "Point", "coordinates": [32.11654, 1.17063]}, "properties": {"code": "STR-NAKA06580-01", "type": "Concrete Box Culvert (Single Cell)", "span": 4.5, "condition": "Poor", "district": "Nakaseke"}}, {"type": "Feature", "geometry": {"type": "Point", "coordinates": [32.14473, 1.13948]}, "properties": {"code": "STR-NAKA06615-01", "type": "Steel Composite Bridge / Drift", "span": 18.0, "condition": "Poor", "district": "Nakaseke"}}, {"type": "Feature", "geometry": {"type": "Point", "coordinates": [32.14279, 1.15893]}, "properties": {"code": "STR-NAKA06650-01", "type": "Reinforced Concrete Bridge", "span": 24.5, "condition": "Poor", "district": "Nakaseke"}}, {"type": "Feature", "geometry": {"type": "Point", "coordinates": [32.16845, 1.1808]}, "properties": {"code": "STR-NAKA06685-01", "type": "Concrete Box Culvert (Twin Cell)", "span": 4.5, "condition": "Poor", "district": "Nakaseke"}}, {"type": "Feature", "geometry": {"type": "Point", "coordinates": [32.17389, 1.14246]}, "properties": {"code": "STR-NAKA06720-01", "type": "Concrete Box Culvert (Single Cell)", "span": 4.5, "condition": "Poor", "district": "Nakaseke"}}, {"type": "Feature", "geometry": {"type": "Point", "coordinates": [32.18427, 1.13202]}, "properties": {"code": "STR-NAKA06755-01", "type": "Steel Composite Bridge / Drift", "span": 18.0, "condition": "Poor", "district": "Nakaseke"}}, {"type": "Feature", "geometry": {"type": "Point", "coordinates": [32.15416, 1.11313]}, "properties": {"code": "STR-NAKA06790-01", "type": "Reinforced Concrete Bridge", "span": 24.5, "condition": "Poor", "district": "Nakaseke"}}, {"type": "Feature", "geometry": {"type": "Point", "coordinates": [32.15753, 1.09407]}, "properties": {"code": "STR-NAKA06825-01", "type": "Concrete Box Culvert (Twin Cell)", "span": 4.5, "condition": "Poor", "district": "Nakaseke"}}, {"type": "Feature", "geometry": {"type": "Point", "coordinates": [32.18013, 1.06192]}, "properties": {"code": "STR-NAKA06860-01", "type": "Concrete Box Culvert (Single Cell)", "span": 4.5, "condition": "Poor", "district": "Nakaseke"}}, {"type": "Feature", "geometry": {"type": "Point", "coordinates": [32.10869, 1.05414]}, "properties": {"code": "STR-NAKA06895-01", "type": "Steel Composite Bridge / Drift", "span": 18.0, "condition": "Fair", "district": "Nakaseke"}}, {"type": "Feature", "geometry": {"type": "Point", "coordinates": [32.01643, 1.00665]}, "properties": {"code": "STR-NAKA06930-01", "type": "Reinforced Concrete Bridge", "span": 24.5, "condition": "Poor", "district": "Nakaseke"}}, {"type": "Feature", "geometry": {"type": "Point", "coordinates": [32.06787, 1.02961]}, "properties": {"code": "STR-NAKA06965-01", "type": "Concrete Box Culvert (Twin Cell)", "span": 4.5, "condition": "Poor", "district": "Nakaseke"}}, {"type": "Feature", "geometry": {"type": "Point", "coordinates": [32.08001, 1.0423]}, "properties": {"code": "STR-NAKA07000-01", "type": "Concrete Box Culvert (Single Cell)", "span": 4.5, "condition": "Poor", "district": "Nakaseke"}}, {"type": "Feature", "geometry": {"type": "Point", "coordinates": [32.08302, 1.07054]}, "properties": {"code": "STR-NAKA07035-01", "type": "Steel Composite Bridge / Drift", "span": 18.0, "condition": "Poor", "district": "Nakaseke"}}, {"type": "Feature", "geometry": {"type": "Point", "coordinates": [32.06117, 1.06916]}, "properties": {"code": "STR-NAKA07070-01", "type": "Reinforced Concrete Bridge", "span": 24.5, "condition": "Poor", "district": "Nakaseke"}}, {"type": "Feature", "geometry": {"type": "Point", "coordinates": [32.03213, 1.05303]}, "properties": {"code": "STR-NAKA07105-01", "type": "Concrete Box Culvert (Twin Cell)", "span": 4.5, "condition": "Fair", "district": "Nakaseke"}}, {"type": "Feature", "geometry": {"type": "Point", "coordinates": [32.0427, 1.04392]}, "properties": {"code": "STR-NAKA07140-01", "type": "Concrete Box Culvert (Single Cell)", "span": 4.5, "condition": "Poor", "district": "Nakaseke"}}, {"type": "Feature", "geometry": {"type": "Point", "coordinates": [32.02541, 1.02568]}, "properties": {"code": "STR-NAKA07175-01", "type": "Steel Composite Bridge / Drift", "span": 18.0, "condition": "Poor", "district": "Nakaseke"}}, {"type": "Feature", "geometry": {"type": "Point", "coordinates": [32.02686, 1.04995]}, "properties": {"code": "STR-NAKA07210-01", "type": "Reinforced Concrete Bridge", "span": 24.5, "condition": "Poor", "district": "Nakaseke"}}, {"type": "Feature", "geometry": {"type": "Point", "coordinates": [32.00946, 1.06689]}, "properties": {"code": "STR-NAKA07245-01", "type": "Concrete Box Culvert (Twin Cell)", "span": 4.5, "condition": "Fair", "district": "Nakaseke"}}, {"type": "Feature", "geometry": {"type": "Point", "coordinates": [32.00187, 1.03299]}, "properties": {"code": "STR-NAKA07280-01", "type": "Concrete Box Culvert (Single Cell)", "span": 4.5, "condition": "Poor", "district": "Nakaseke"}}, {"type": "Feature", "geometry": {"type": "Point", "coordinates": [31.9476, 1.01904]}, "properties": {"code": "STR-KIBO07315-01", "type": "Steel Composite Bridge / Drift", "span": 18.0, "condition": "Poor", "district": "Kiboga"}}, {"type": "Feature", "geometry": {"type": "Point", "coordinates": [31.94404, 1.02398]}, "properties": {"code": "STR-KIBO07350-01", "type": "Reinforced Concrete Bridge", "span": 24.5, "condition": "Poor", "district": "Kiboga"}}, {"type": "Feature", "geometry": {"type": "Point", "coordinates": [31.88042, 0.93339]}, "properties": {"code": "STR-KIBO07385-01", "type": "Concrete Box Culvert (Twin Cell)", "span": 4.5, "condition": "Poor", "district": "Kiboga"}}, {"type": "Feature", "geometry": {"type": "Point", "coordinates": [31.8707, 0.86647]}, "properties": {"code": "STR-KIBO07420-01", "type": "Concrete Box Culvert (Single Cell)", "span": 4.5, "condition": "Fair", "district": "Kiboga"}}, {"type": "Feature", "geometry": {"type": "Point", "coordinates": [31.94918, 0.85579]}, "properties": {"code": "STR-KIBO07455-01", "type": "Steel Composite Bridge / Drift", "span": 18.0, "condition": "Poor", "district": "Kiboga"}}, {"type": "Feature", "geometry": {"type": "Point", "coordinates": [31.9914, 0.75489]}, "properties": {"code": "STR-KIBO07490-01", "type": "Reinforced Concrete Bridge", "span": 24.5, "condition": "Poor", "district": "Kiboga"}}, {"type": "Feature", "geometry": {"type": "Point", "coordinates": [31.90363, 0.84003]}, "properties": {"code": "STR-KIBO07525-01", "type": "Concrete Box Culvert (Twin Cell)", "span": 4.5, "condition": "Fair", "district": "Kiboga"}}, {"type": "Feature", "geometry": {"type": "Point", "coordinates": [31.89221, 0.83571]}, "properties": {"code": "STR-KIBO07560-01", "type": "Concrete Box Culvert (Single Cell)", "span": 4.5, "condition": "Fair", "district": "Kiboga"}}, {"type": "Feature", "geometry": {"type": "Point", "coordinates": [31.88997, 0.75888]}, "properties": {"code": "STR-KIBO07595-01", "type": "Steel Composite Bridge / Drift", "span": 18.0, "condition": "Poor", "district": "Kiboga"}}, {"type": "Feature", "geometry": {"type": "Point", "coordinates": [31.89626, 0.67542]}, "properties": {"code": "STR-KASS07630-01", "type": "Reinforced Concrete Bridge", "span": 24.5, "condition": "Poor", "district": "Kassanda"}}, {"type": "Feature", "geometry": {"type": "Point", "coordinates": [31.87895, 0.68434]}, "properties": {"code": "STR-KASS07665-01", "type": "Concrete Box Culvert (Twin Cell)", "span": 4.5, "condition": "Fair", "district": "Kassanda"}}, {"type": "Feature", "geometry": {"type": "Point", "coordinates": [31.84572, 0.70162]}, "properties": {"code": "STR-KASS07700-01", "type": "Concrete Box Culvert (Single Cell)", "span": 4.5, "condition": "Poor", "district": "Kassanda"}}, {"type": "Feature", "geometry": {"type": "Point", "coordinates": [31.82719, 0.68556]}, "properties": {"code": "STR-KASS07735-01", "type": "Steel Composite Bridge / Drift", "span": 18.0, "condition": "Good", "district": "Kassanda"}}, {"type": "Feature", "geometry": {"type": "Point", "coordinates": [31.83415, 0.6755]}, "properties": {"code": "STR-KASS07770-01", "type": "Reinforced Concrete Bridge", "span": 24.5, "condition": "Good", "district": "Kassanda"}}, {"type": "Feature", "geometry": {"type": "Point", "coordinates": [31.84884, 0.68511]}, "properties": {"code": "STR-KASS07805-01", "type": "Concrete Box Culvert (Twin Cell)", "span": 4.5, "condition": "Good", "district": "Kassanda"}}, {"type": "Feature", "geometry": {"type": "Point", "coordinates": [31.86489, 0.68063]}, "properties": {"code": "STR-KASS07840-01", "type": "Concrete Box Culvert (Single Cell)", "span": 4.5, "condition": "Poor", "district": "Kassanda"}}, {"type": "Feature", "geometry": {"type": "Point", "coordinates": [31.86424, 0.65237]}, "properties": {"code": "STR-KASS07875-01", "type": "Steel Composite Bridge / Drift", "span": 18.0, "condition": "Poor", "district": "Kassanda"}}, {"type": "Feature", "geometry": {"type": "Point", "coordinates": [31.84844, 0.64705]}, "properties": {"code": "STR-KASS07910-01", "type": "Reinforced Concrete Bridge", "span": 24.5, "condition": "Poor", "district": "Kassanda"}}, {"type": "Feature", "geometry": {"type": "Point", "coordinates": [31.84076, 0.66634]}, "properties": {"code": "STR-KASS07945-01", "type": "Concrete Box Culvert (Twin Cell)", "span": 4.5, "condition": "Poor", "district": "Kassanda"}}, {"type": "Feature", "geometry": {"type": "Point", "coordinates": [31.83187, 0.67309]}, "properties": {"code": "STR-KASS07980-01", "type": "Concrete Box Culvert (Single Cell)", "span": 4.5, "condition": "Good", "district": "Kassanda"}}, {"type": "Feature", "geometry": {"type": "Point", "coordinates": [31.82802, 0.66181]}, "properties": {"code": "STR-KASS08015-01", "type": "Steel Composite Bridge / Drift", "span": 18.0, "condition": "Good", "district": "Kassanda"}}, {"type": "Feature", "geometry": {"type": "Point", "coordinates": [31.83861, 0.65316]}, "properties": {"code": "STR-KASS08050-01", "type": "Reinforced Concrete Bridge", "span": 24.5, "condition": "Poor", "district": "Kassanda"}}, {"type": "Feature", "geometry": {"type": "Point", "coordinates": [31.84147, 0.63964]}, "properties": {"code": "STR-KASS08085-01", "type": "Concrete Box Culvert (Twin Cell)", "span": 4.5, "condition": "Fair", "district": "Kassanda"}}, {"type": "Feature", "geometry": {"type": "Point", "coordinates": [32.09016, 2.89764]}, "properties": {"code": "STR-AMUR08120-01", "type": "Concrete Box Culvert (Single Cell)", "span": 4.5, "condition": "Poor", "district": "Amuru"}}, {"type": "Feature", "geometry": {"type": "Point", "coordinates": [32.07796, 2.91058]}, "properties": {"code": "STR-AMUR08155-01", "type": "Steel Composite Bridge / Drift", "span": 18.0, "condition": "Fair", "district": "Amuru"}}, {"type": "Feature", "geometry": {"type": "Point", "coordinates": [32.06665, 2.91938]}, "properties": {"code": "STR-AMUR08190-01", "type": "Reinforced Concrete Bridge", "span": 24.5, "condition": "Poor", "district": "Amuru"}}, {"type": "Feature", "geometry": {"type": "Point", "coordinates": [32.06505, 2.91399]}, "properties": {"code": "STR-AMUR08225-01", "type": "Concrete Box Culvert (Twin Cell)", "span": 4.5, "condition": "Poor", "district": "Amuru"}}, {"type": "Feature", "geometry": {"type": "Point", "coordinates": [32.06941, 2.90793]}, "properties": {"code": "STR-AMUR08260-01", "type": "Concrete Box Culvert (Single Cell)", "span": 4.5, "condition": "Poor", "district": "Amuru"}}, {"type": "Feature", "geometry": {"type": "Point", "coordinates": [32.0612, 2.91458]}, "properties": {"code": "STR-AMUR08295-01", "type": "Steel Composite Bridge / Drift", "span": 18.0, "condition": "Poor", "district": "Amuru"}}, {"type": "Feature", "geometry": {"type": "Point", "coordinates": [32.0616, 2.92822]}, "properties": {"code": "STR-AMUR08330-01", "type": "Reinforced Concrete Bridge", "span": 24.5, "condition": "Poor", "district": "Amuru"}}, {"type": "Feature", "geometry": {"type": "Point", "coordinates": [32.05447, 2.94204]}, "properties": {"code": "STR-AMUR08365-01", "type": "Concrete Box Culvert (Twin Cell)", "span": 4.5, "condition": "Poor", "district": "Amuru"}}, {"type": "Feature", "geometry": {"type": "Point", "coordinates": [32.04242, 2.93965]}, "properties": {"code": "STR-AMUR08400-01", "type": "Concrete Box Culvert (Single Cell)", "span": 4.5, "condition": "Poor", "district": "Amuru"}}, {"type": "Feature", "geometry": {"type": "Point", "coordinates": [32.03396, 2.927]}, "properties": {"code": "STR-AMUR08435-01", "type": "Steel Composite Bridge / Drift", "span": 18.0, "condition": "Poor", "district": "Amuru"}}, {"type": "Feature", "geometry": {"type": "Point", "coordinates": [32.04268, 2.89183]}, "properties": {"code": "STR-AMUR08470-01", "type": "Reinforced Concrete Bridge", "span": 24.5, "condition": "Poor", "district": "Amuru"}}, {"type": "Feature", "geometry": {"type": "Point", "coordinates": [32.00576, 2.92222]}, "properties": {"code": "STR-AMUR08505-01", "type": "Concrete Box Culvert (Twin Cell)", "span": 4.5, "condition": "Poor", "district": "Amuru"}}, {"type": "Feature", "geometry": {"type": "Point", "coordinates": [32.02415, 2.94766]}, "properties": {"code": "STR-AMUR08540-01", "type": "Concrete Box Culvert (Single Cell)", "span": 4.5, "condition": "Poor", "district": "Amuru"}}, {"type": "Feature", "geometry": {"type": "Point", "coordinates": [32.00652, 2.94675]}, "properties": {"code": "STR-AMUR08575-01", "type": "Steel Composite Bridge / Drift", "span": 18.0, "condition": "Poor", "district": "Amuru"}}, {"type": "Feature", "geometry": {"type": "Point", "coordinates": [33.35861, 2.37115]}, "properties": {"code": "STR-OTUK08610-01", "type": "Reinforced Concrete Bridge", "span": 24.5, "condition": "Fair", "district": "Otuke"}}, {"type": "Feature", "geometry": {"type": "Point", "coordinates": [33.33806, 2.41085]}, "properties": {"code": "STR-OTUK08645-01", "type": "Concrete Box Culvert (Twin Cell)", "span": 4.5, "condition": "Poor", "district": "Otuke"}}, {"type": "Feature", "geometry": {"type": "Point", "coordinates": [33.27254, 2.41345]}, "properties": {"code": "STR-OTUK08680-01", "type": "Concrete Box Culvert (Single Cell)", "span": 4.5, "condition": "Fair", "district": "Otuke"}}, {"type": "Feature", "geometry": {"type": "Point", "coordinates": [33.2462, 2.41126]}, "properties": {"code": "STR-OTUK08715-01", "type": "Steel Composite Bridge / Drift", "span": 18.0, "condition": "Poor", "district": "Otuke"}}, {"type": "Feature", "geometry": {"type": "Point", "coordinates": [33.22401, 2.42395]}, "properties": {"code": "STR-OTUK08750-01", "type": "Reinforced Concrete Bridge", "span": 24.5, "condition": "Fair", "district": "Otuke"}}, {"type": "Feature", "geometry": {"type": "Point", "coordinates": [33.23914, 2.40212]}, "properties": {"code": "STR-OTUK08785-01", "type": "Concrete Box Culvert (Twin Cell)", "span": 4.5, "condition": "Poor", "district": "Otuke"}}, {"type": "Feature", "geometry": {"type": "Point", "coordinates": [33.25354, 2.39158]}, "properties": {"code": "STR-OTUK08820-01", "type": "Concrete Box Culvert (Single Cell)", "span": 4.5, "condition": "Poor", "district": "Otuke"}}, {"type": "Feature", "geometry": {"type": "Point", "coordinates": [33.25714, 2.39368]}, "properties": {"code": "STR-OTUK08855-01", "type": "Steel Composite Bridge / Drift", "span": 18.0, "condition": "Poor", "district": "Otuke"}}, {"type": "Feature", "geometry": {"type": "Point", "coordinates": [33.21022, 2.37643]}, "properties": {"code": "STR-ALEB08890-01", "type": "Reinforced Concrete Bridge", "span": 24.5, "condition": "Fair", "district": "Alebtong"}}, {"type": "Feature", "geometry": {"type": "Point", "coordinates": [33.19158, 2.33145]}, "properties": {"code": "STR-ALEB08925-01", "type": "Concrete Box Culvert (Twin Cell)", "span": 4.5, "condition": "Good", "district": "Alebtong"}}, {"type": "Feature", "geometry": {"type": "Point", "coordinates": [33.15138, 2.38704]}, "properties": {"code": "STR-ALEB08960-01", "type": "Concrete Box Culvert (Single Cell)", "span": 4.5, "condition": "Fair", "district": "Alebtong"}}, {"type": "Feature", "geometry": {"type": "Point", "coordinates": [33.11139, 2.35916]}, "properties": {"code": "STR-ALEB08995-01", "type": "Steel Composite Bridge / Drift", "span": 18.0, "condition": "Poor", "district": "Alebtong"}}, {"type": "Feature", "geometry": {"type": "Point", "coordinates": [33.10742, 2.35291]}, "properties": {"code": "STR-ALEB09030-01", "type": "Reinforced Concrete Bridge", "span": 24.5, "condition": "Poor", "district": "Alebtong"}}, {"type": "Feature", "geometry": {"type": "Point", "coordinates": [33.16897, 2.36527]}, "properties": {"code": "STR-ALEB09065-01", "type": "Concrete Box Culvert (Twin Cell)", "span": 4.5, "condition": "Poor", "district": "Alebtong"}}, {"type": "Feature", "geometry": {"type": "Point", "coordinates": [33.17091, 2.27354]}, "properties": {"code": "STR-ALEB09100-01", "type": "Concrete Box Culvert (Single Cell)", "span": 4.5, "condition": "Poor", "district": "Alebtong"}}, {"type": "Feature", "geometry": {"type": "Point", "coordinates": [33.10962, 2.30558]}, "properties": {"code": "STR-ALEB09135-01", "type": "Steel Composite Bridge / Drift", "span": 18.0, "condition": "Poor", "district": "Alebtong"}}, {"type": "Feature", "geometry": {"type": "Point", "coordinates": [33.08651, 2.21464]}, "properties": {"code": "STR-LIRA09170-01", "type": "Reinforced Concrete Bridge", "span": 24.5, "condition": "Fair", "district": "Lira"}}, {"type": "Feature", "geometry": {"type": "Point", "coordinates": [33.18214, 2.27532]}, "properties": {"code": "STR-ALEB09205-01", "type": "Concrete Box Culvert (Twin Cell)", "span": 4.5, "condition": "Poor", "district": "Alebtong"}}, {"type": "Feature", "geometry": {"type": "Point", "coordinates": [33.19025, 2.32404]}, "properties": {"code": "STR-ALEB09240-01", "type": "Concrete Box Culvert (Single Cell)", "span": 4.5, "condition": "Poor", "district": "Alebtong"}}, {"type": "Feature", "geometry": {"type": "Point", "coordinates": [33.19228, 2.30721]}, "properties": {"code": "STR-ALEB09275-01", "type": "Steel Composite Bridge / Drift", "span": 18.0, "condition": "Poor", "district": "Alebtong"}}, {"type": "Feature", "geometry": {"type": "Point", "coordinates": [33.20377, 2.31976]}, "properties": {"code": "STR-ALEB09310-01", "type": "Reinforced Concrete Bridge", "span": 24.5, "condition": "Poor", "district": "Alebtong"}}, {"type": "Feature", "geometry": {"type": "Point", "coordinates": [33.22579, 2.2813]}, "properties": {"code": "STR-ALEB09345-01", "type": "Concrete Box Culvert (Twin Cell)", "span": 4.5, "condition": "Fair", "district": "Alebtong"}}, {"type": "Feature", "geometry": {"type": "Point", "coordinates": [33.24241, 2.25892]}, "properties": {"code": "STR-ALEB09380-01", "type": "Concrete Box Culvert (Single Cell)", "span": 4.5, "condition": "Fair", "district": "Alebtong"}}, {"type": "Feature", "geometry": {"type": "Point", "coordinates": [33.23476, 2.23111]}, "properties": {"code": "STR-ALEB09415-01", "type": "Steel Composite Bridge / Drift", "span": 18.0, "condition": "Fair", "district": "Alebtong"}}, {"type": "Feature", "geometry": {"type": "Point", "coordinates": [33.23328, 2.18102]}, "properties": {"code": "STR-ALEB09450-01", "type": "Reinforced Concrete Bridge", "span": 24.5, "condition": "Poor", "district": "Alebtong"}}, {"type": "Feature", "geometry": {"type": "Point", "coordinates": [33.22325, 2.13757]}, "properties": {"code": "STR-ALEB09485-01", "type": "Concrete Box Culvert (Twin Cell)", "span": 4.5, "condition": "Fair", "district": "Alebtong"}}, {"type": "Feature", "geometry": {"type": "Point", "coordinates": [33.22124, 2.10369]}, "properties": {"code": "STR-ALEB09520-01", "type": "Concrete Box Culvert (Single Cell)", "span": 4.5, "condition": "Poor", "district": "Alebtong"}}, {"type": "Feature", "geometry": {"type": "Point", "coordinates": [33.75544, 1.83974]}, "properties": {"code": "STR-AMUR09555-01", "type": "Steel Composite Bridge / Drift", "span": 18.0, "condition": "Poor", "district": "Amuria"}}, {"type": "Feature", "geometry": {"type": "Point", "coordinates": [33.75805, 1.82832]}, "properties": {"code": "STR-AMUR09590-01", "type": "Reinforced Concrete Bridge", "span": 24.5, "condition": "Fair", "district": "Amuria"}}, {"type": "Feature", "geometry": {"type": "Point", "coordinates": [33.77324, 1.83543]}, "properties": {"code": "STR-AMUR09625-01", "type": "Concrete Box Culvert (Twin Cell)", "span": 4.5, "condition": "Poor", "district": "Amuria"}}, {"type": "Feature", "geometry": {"type": "Point", "coordinates": [33.77197, 1.84112]}, "properties": {"code": "STR-AMUR09660-01", "type": "Concrete Box Culvert (Single Cell)", "span": 4.5, "condition": "Poor", "district": "Amuria"}}, {"type": "Feature", "geometry": {"type": "Point", "coordinates": [33.76659, 1.83777]}, "properties": {"code": "STR-AMUR09695-01", "type": "Steel Composite Bridge / Drift", "span": 18.0, "condition": "Poor", "district": "Amuria"}}, {"type": "Feature", "geometry": {"type": "Point", "coordinates": [33.76275, 1.86738]}, "properties": {"code": "STR-AMUR09730-01", "type": "Reinforced Concrete Bridge", "span": 24.5, "condition": "Fair", "district": "Amuria"}}, {"type": "Feature", "geometry": {"type": "Point", "coordinates": [33.76847, 1.85932]}, "properties": {"code": "STR-AMUR09765-01", "type": "Concrete Box Culvert (Twin Cell)", "span": 4.5, "condition": "Fair", "district": "Amuria"}}, {"type": "Feature", "geometry": {"type": "Point", "coordinates": [33.7742, 1.84303]}, "properties": {"code": "STR-AMUR09800-01", "type": "Concrete Box Culvert (Single Cell)", "span": 4.5, "condition": "Poor", "district": "Amuria"}}, {"type": "Feature", "geometry": {"type": "Point", "coordinates": [33.78937, 1.85523]}, "properties": {"code": "STR-AMUR09835-01", "type": "Steel Composite Bridge / Drift", "span": 18.0, "condition": "Fair", "district": "Amuria"}}, {"type": "Feature", "geometry": {"type": "Point", "coordinates": [33.79532, 1.86835]}, "properties": {"code": "STR-AMUR09870-01", "type": "Reinforced Concrete Bridge", "span": 24.5, "condition": "Fair", "district": "Amuria"}}, {"type": "Feature", "geometry": {"type": "Point", "coordinates": [33.796, 1.86128]}, "properties": {"code": "STR-AMUR09905-01", "type": "Concrete Box Culvert (Twin Cell)", "span": 4.5, "condition": "Fair", "district": "Amuria"}}, {"type": "Feature", "geometry": {"type": "Point", "coordinates": [33.78701, 1.83708]}, "properties": {"code": "STR-AMUR09940-01", "type": "Concrete Box Culvert (Single Cell)", "span": 4.5, "condition": "Poor", "district": "Amuria"}}, {"type": "Feature", "geometry": {"type": "Point", "coordinates": [33.79623, 1.82711]}, "properties": {"code": "STR-AMUR09975-01", "type": "Steel Composite Bridge / Drift", "span": 18.0, "condition": "Poor", "district": "Amuria"}}, {"type": "Feature", "geometry": {"type": "Point", "coordinates": [33.78791, 1.8145]}, "properties": {"code": "STR-AMUR10010-01", "type": "Reinforced Concrete Bridge", "span": 24.5, "condition": "Poor", "district": "Amuria"}}, {"type": "Feature", "geometry": {"type": "Point", "coordinates": [33.79889, 1.82669]}, "properties": {"code": "STR-AMUR10045-01", "type": "Concrete Box Culvert (Twin Cell)", "span": 4.5, "condition": "Poor", "district": "Amuria"}}, {"type": "Feature", "geometry": {"type": "Point", "coordinates": [33.79855, 1.80438]}, "properties": {"code": "STR-AMUR10080-01", "type": "Concrete Box Culvert (Single Cell)", "span": 4.5, "condition": "Poor", "district": "Amuria"}}, {"type": "Feature", "geometry": {"type": "Point", "coordinates": [33.79006, 1.80749]}, "properties": {"code": "STR-AMUR10115-01", "type": "Steel Composite Bridge / Drift", "span": 18.0, "condition": "Poor", "district": "Amuria"}}, {"type": "Feature", "geometry": {"type": "Point", "coordinates": [33.77324, 1.70681]}, "properties": {"code": "STR-SORO10150-01", "type": "Reinforced Concrete Bridge", "span": 24.5, "condition": "Fair", "district": "Soroti"}}, {"type": "Feature", "geometry": {"type": "Point", "coordinates": [33.61, 2.26878]}, "properties": {"code": "STR-KAPE10185-01", "type": "Concrete Box Culvert (Twin Cell)", "span": 4.5, "condition": "Fair", "district": "Kapelebyong"}}, {"type": "Feature", "geometry": {"type": "Point", "coordinates": [33.59148, 2.27626]}, "properties": {"code": "STR-KAPE10220-01", "type": "Concrete Box Culvert (Single Cell)", "span": 4.5, "condition": "Poor", "district": "Kapelebyong"}}, {"type": "Feature", "geometry": {"type": "Point", "coordinates": [33.59101, 2.2869]}, "properties": {"code": "STR-KAPE10255-01", "type": "Steel Composite Bridge / Drift", "span": 18.0, "condition": "Fair", "district": "Kapelebyong"}}, {"type": "Feature", "geometry": {"type": "Point", "coordinates": [33.60328, 2.27649]}, "properties": {"code": "STR-KAPE10290-01", "type": "Reinforced Concrete Bridge", "span": 24.5, "condition": "Poor", "district": "Kapelebyong"}}, {"type": "Feature", "geometry": {"type": "Point", "coordinates": [33.62319, 2.30025]}, "properties": {"code": "STR-KAPE10325-01", "type": "Concrete Box Culvert (Twin Cell)", "span": 4.5, "condition": "Fair", "district": "Kapelebyong"}}, {"type": "Feature", "geometry": {"type": "Point", "coordinates": [33.57375, 2.32554]}, "properties": {"code": "STR-KAPE10360-01", "type": "Concrete Box Culvert (Single Cell)", "span": 4.5, "condition": "Fair", "district": "Kapelebyong"}}, {"type": "Feature", "geometry": {"type": "Point", "coordinates": [33.57182, 2.29205]}, "properties": {"code": "STR-KAPE10395-01", "type": "Steel Composite Bridge / Drift", "span": 18.0, "condition": "Poor", "district": "Kapelebyong"}}, {"type": "Feature", "geometry": {"type": "Point", "coordinates": [33.56315, 2.27461]}, "properties": {"code": "STR-KAPE10430-01", "type": "Reinforced Concrete Bridge", "span": 24.5, "condition": "Fair", "district": "Kapelebyong"}}, {"type": "Feature", "geometry": {"type": "Point", "coordinates": [33.55457, 2.26944]}, "properties": {"code": "STR-KAPE10465-01", "type": "Concrete Box Culvert (Twin Cell)", "span": 4.5, "condition": "Poor", "district": "Kapelebyong"}}, {"type": "Feature", "geometry": {"type": "Point", "coordinates": [33.54914, 2.32244]}, "properties": {"code": "STR-KAPE10500-01", "type": "Concrete Box Culvert (Single Cell)", "span": 4.5, "condition": "Fair", "district": "Kapelebyong"}}, {"type": "Feature", "geometry": {"type": "Point", "coordinates": [33.5515, 2.33695]}, "properties": {"code": "STR-KAPE10535-01", "type": "Steel Composite Bridge / Drift", "span": 18.0, "condition": "Fair", "district": "Kapelebyong"}}, {"type": "Feature", "geometry": {"type": "Point", "coordinates": [33.54064, 2.34314]}, "properties": {"code": "STR-KAPE10570-01", "type": "Reinforced Concrete Bridge", "span": 24.5, "condition": "Poor", "district": "Kapelebyong"}}, {"type": "Feature", "geometry": {"type": "Point", "coordinates": [33.55866, 2.3289]}, "properties": {"code": "STR-KAPE10605-01", "type": "Concrete Box Culvert (Twin Cell)", "span": 4.5, "condition": "Fair", "district": "Kapelebyong"}}, {"type": "Feature", "geometry": {"type": "Point", "coordinates": [33.55089, 2.39898]}, "properties": {"code": "STR-OTUK10640-01", "type": "Concrete Box Culvert (Single Cell)", "span": 4.5, "condition": "Poor", "district": "Otuke"}}, {"type": "Feature", "geometry": {"type": "Point", "coordinates": [33.45319, 2.3324]}, "properties": {"code": "STR-ALEB10675-01", "type": "Steel Composite Bridge / Drift", "span": 18.0, "condition": "Poor", "district": "Alebtong"}}, {"type": "Feature", "geometry": {"type": "Point", "coordinates": [33.50217, 2.4446]}, "properties": {"code": "STR-OTUK10710-01", "type": "Reinforced Concrete Bridge", "span": 24.5, "condition": "Fair", "district": "Otuke"}}, {"type": "Feature", "geometry": {"type": "Point", "coordinates": [33.39478, 2.40584]}, "properties": {"code": "STR-OTUK10745-01", "type": "Concrete Box Culvert (Twin Cell)", "span": 4.5, "condition": "Poor", "district": "Otuke"}}, {"type": "Feature", "geometry": {"type": "Point", "coordinates": [33.40866, 2.31081]}, "properties": {"code": "STR-ALEB10780-01", "type": "Concrete Box Culvert (Single Cell)", "span": 4.5, "condition": "Poor", "district": "Alebtong"}}, {"type": "Feature", "geometry": {"type": "Point", "coordinates": [33.44623, 2.24906]}, "properties": {"code": "STR-ALEB10815-01", "type": "Steel Composite Bridge / Drift", "span": 18.0, "condition": "Fair", "district": "Alebtong"}}, {"type": "Feature", "geometry": {"type": "Point", "coordinates": [33.3835, 2.25859]}, "properties": {"code": "STR-ALEB10850-01", "type": "Reinforced Concrete Bridge", "span": 24.5, "condition": "Fair", "district": "Alebtong"}}, {"type": "Feature", "geometry": {"type": "Point", "coordinates": [33.36435, 2.22534]}, "properties": {"code": "STR-ALEB10885-01", "type": "Concrete Box Culvert (Twin Cell)", "span": 4.5, "condition": "Poor", "district": "Alebtong"}}, {"type": "Feature", "geometry": {"type": "Point", "coordinates": [33.39836, 2.29427]}, "properties": {"code": "STR-ALEB10920-01", "type": "Concrete Box Culvert (Single Cell)", "span": 4.5, "condition": "Good", "district": "Alebtong"}}, {"type": "Feature", "geometry": {"type": "Point", "coordinates": [33.33603, 2.31587]}, "properties": {"code": "STR-ALEB10955-01", "type": "Steel Composite Bridge / Drift", "span": 18.0, "condition": "Poor", "district": "Alebtong"}}, {"type": "Feature", "geometry": {"type": "Point", "coordinates": [33.34261, 2.29244]}, "properties": {"code": "STR-ALEB10990-01", "type": "Reinforced Concrete Bridge", "span": 24.5, "condition": "Fair", "district": "Alebtong"}}, {"type": "Feature", "geometry": {"type": "Point", "coordinates": [33.30111, 2.26141]}, "properties": {"code": "STR-ALEB11025-01", "type": "Concrete Box Culvert (Twin Cell)", "span": 4.5, "condition": "Poor", "district": "Alebtong"}}, {"type": "Feature", "geometry": {"type": "Point", "coordinates": [33.29406, 2.24065]}, "properties": {"code": "STR-ALEB11060-01", "type": "Concrete Box Culvert (Single Cell)", "span": 4.5, "condition": "Poor", "district": "Alebtong"}}, {"type": "Feature", "geometry": {"type": "Point", "coordinates": [33.27783, 2.24169]}, "properties": {"code": "STR-ALEB11095-01", "type": "Steel Composite Bridge / Drift", "span": 18.0, "condition": "Poor", "district": "Alebtong"}}, {"type": "Feature", "geometry": {"type": "Point", "coordinates": [33.28925, 2.24778]}, "properties": {"code": "STR-ALEB11130-01", "type": "Reinforced Concrete Bridge", "span": 24.5, "condition": "Poor", "district": "Alebtong"}}, {"type": "Feature", "geometry": {"type": "Point", "coordinates": [33.29005, 2.31984]}, "properties": {"code": "STR-ALEB11165-01", "type": "Concrete Box Culvert (Twin Cell)", "span": 4.5, "condition": "Poor", "district": "Alebtong"}}, {"type": "Feature", "geometry": {"type": "Point", "coordinates": [33.3532, 2.35091]}, "properties": {"code": "STR-ALEB11200-01", "type": "Concrete Box Culvert (Single Cell)", "span": 4.5, "condition": "Fair", "district": "Alebtong"}}, {"type": "Feature", "geometry": {"type": "Point", "coordinates": [34.32488, 1.29443]}, "properties": {"code": "STR-BULA11235-01", "type": "Steel Composite Bridge / Drift", "span": 18.0, "condition": "Fair", "district": "Bulambuli"}}, {"type": "Feature", "geometry": {"type": "Point", "coordinates": [34.31755, 1.2742]}, "properties": {"code": "STR-SIRO11270-01", "type": "Reinforced Concrete Bridge", "span": 24.5, "condition": "Fair", "district": "Sironko"}}, {"type": "Feature", "geometry": {"type": "Point", "coordinates": [34.27476, 1.27653]}, "properties": {"code": "STR-BULA11305-01", "type": "Concrete Box Culvert (Twin Cell)", "span": 4.5, "condition": "Fair", "district": "Bulambuli"}}, {"type": "Feature", "geometry": {"type": "Point", "coordinates": [34.2626, 1.2663]}, "properties": {"code": "STR-BULA11340-01", "type": "Concrete Box Culvert (Single Cell)", "span": 4.5, "condition": "Fair", "district": "Bulambuli"}}, {"type": "Feature", "geometry": {"type": "Point", "coordinates": [34.28352, 1.21644]}, "properties": {"code": "STR-SIRO11375-01", "type": "Steel Composite Bridge / Drift", "span": 18.0, "condition": "Poor", "district": "Sironko"}}, {"type": "Feature", "geometry": {"type": "Point", "coordinates": [34.27738, 1.21238]}, "properties": {"code": "STR-SIRO11410-01", "type": "Reinforced Concrete Bridge", "span": 24.5, "condition": "Poor", "district": "Sironko"}}, {"type": "Feature", "geometry": {"type": "Point", "coordinates": [34.28076, 1.2042]}, "properties": {"code": "STR-SIRO11445-01", "type": "Concrete Box Culvert (Twin Cell)", "span": 4.5, "condition": "Fair", "district": "Sironko"}}, {"type": "Feature", "geometry": {"type": "Point", "coordinates": [34.31832, 1.21561]}, "properties": {"code": "STR-SIRO11480-01", "type": "Concrete Box Culvert (Single Cell)", "span": 4.5, "condition": "Poor", "district": "Sironko"}}, {"type": "Feature", "geometry": {"type": "Point", "coordinates": [34.33878, 1.22704]}, "properties": {"code": "STR-SIRO11515-01", "type": "Steel Composite Bridge / Drift", "span": 18.0, "condition": "Fair", "district": "Sironko"}}, {"type": "Feature", "geometry": {"type": "Point", "coordinates": [34.33526, 1.17072]}, "properties": {"code": "STR-SIRO11550-01", "type": "Reinforced Concrete Bridge", "span": 24.5, "condition": "Fair", "district": "Sironko"}}, {"type": "Feature", "geometry": {"type": "Point", "coordinates": [34.30484, 1.17188]}, "properties": {"code": "STR-SIRO11585-01", "type": "Concrete Box Culvert (Twin Cell)", "span": 4.5, "condition": "Poor", "district": "Sironko"}}, {"type": "Feature", "geometry": {"type": "Point", "coordinates": [34.32604, 1.14732]}, "properties": {"code": "STR-SIRO11620-01", "type": "Concrete Box Culvert (Single Cell)", "span": 4.5, "condition": "Poor", "district": "Sironko"}}, {"type": "Feature", "geometry": {"type": "Point", "coordinates": [34.32989, 1.10147]}, "properties": {"code": "STR-SIRO11655-01", "type": "Steel Composite Bridge / Drift", "span": 18.0, "condition": "Good", "district": "Sironko"}}, {"type": "Feature", "geometry": {"type": "Point", "coordinates": [34.31555, 1.10814]}, "properties": {"code": "STR-MBAL11690-01", "type": "Reinforced Concrete Bridge", "span": 24.5, "condition": "Fair", "district": "Mbale"}}, {"type": "Feature", "geometry": {"type": "Point", "coordinates": [34.28178, 1.07275]}, "properties": {"code": "STR-MBAL11725-01", "type": "Concrete Box Culvert (Twin Cell)", "span": 4.5, "condition": "Fair", "district": "Mbale"}}, {"type": "Feature", "geometry": {"type": "Point", "coordinates": [34.25753, 1.07331]}, "properties": {"code": "STR-MBAL11760-01", "type": "Concrete Box Culvert (Single Cell)", "span": 4.5, "condition": "Good", "district": "Mbale"}}, {"type": "Feature", "geometry": {"type": "Point", "coordinates": [34.25915, 1.12522]}, "properties": {"code": "STR-SIRO11795-01", "type": "Steel Composite Bridge / Drift", "span": 18.0, "condition": "Poor", "district": "Sironko"}}, {"type": "Feature", "geometry": {"type": "Point", "coordinates": [34.27481, 1.15196]}, "properties": {"code": "STR-SIRO11830-01", "type": "Reinforced Concrete Bridge", "span": 24.5, "condition": "Poor", "district": "Sironko"}}, {"type": "Feature", "geometry": {"type": "Point", "coordinates": [34.30154, 1.16502]}, "properties": {"code": "STR-SIRO11865-01", "type": "Concrete Box Culvert (Twin Cell)", "span": 4.5, "condition": "Poor", "district": "Sironko"}}, {"type": "Feature", "geometry": {"type": "Point", "coordinates": [34.24054, 1.1689]}, "properties": {"code": "STR-SIRO11900-01", "type": "Concrete Box Culvert (Single Cell)", "span": 4.5, "condition": "Fair", "district": "Sironko"}}, {"type": "Feature", "geometry": {"type": "Point", "coordinates": [34.2137, 1.1614]}, "properties": {"code": "STR-MBAL11935-01", "type": "Steel Composite Bridge / Drift", "span": 18.0, "condition": "Poor", "district": "Mbale"}}, {"type": "Feature", "geometry": {"type": "Point", "coordinates": [34.22364, 1.15766]}, "properties": {"code": "STR-MBAL11970-01", "type": "Reinforced Concrete Bridge", "span": 24.5, "condition": "Poor", "district": "Mbale"}}, {"type": "Feature", "geometry": {"type": "Point", "coordinates": [34.22152, 1.15143]}, "properties": {"code": "STR-MBAL12005-01", "type": "Concrete Box Culvert (Twin Cell)", "span": 4.5, "condition": "Poor", "district": "Mbale"}}, {"type": "Feature", "geometry": {"type": "Point", "coordinates": [34.22503, 1.13624]}, "properties": {"code": "STR-MBAL12040-01", "type": "Concrete Box Culvert (Single Cell)", "span": 4.5, "condition": "Poor", "district": "Mbale"}}, {"type": "Feature", "geometry": {"type": "Point", "coordinates": [34.2361, 1.13869]}, "properties": {"code": "STR-SIRO12075-01", "type": "Steel Composite Bridge / Drift", "span": 18.0, "condition": "Poor", "district": "Sironko"}}, {"type": "Feature", "geometry": {"type": "Point", "coordinates": [34.25224, 1.12476]}, "properties": {"code": "STR-SIRO12110-01", "type": "Reinforced Concrete Bridge", "span": 24.5, "condition": "Good", "district": "Sironko"}}, {"type": "Feature", "geometry": {"type": "Point", "coordinates": [34.24555, 1.12758]}, "properties": {"code": "STR-MBAL12145-01", "type": "Concrete Box Culvert (Twin Cell)", "span": 4.5, "condition": "Poor", "district": "Mbale"}}, {"type": "Feature", "geometry": {"type": "Point", "coordinates": [34.24664, 1.11355]}, "properties": {"code": "STR-MBAL12180-01", "type": "Concrete Box Culvert (Single Cell)", "span": 4.5, "condition": "Poor", "district": "Mbale"}}, {"type": "Feature", "geometry": {"type": "Point", "coordinates": [32.67193, 0.30895]}, "properties": {"code": "STR-WAKI12215-01", "type": "Steel Composite Bridge / Drift", "span": 18.0, "condition": "Fair", "district": "Wakiso"}}, {"type": "Feature", "geometry": {"type": "Point", "coordinates": [32.6712, 0.31886]}, "properties": {"code": "STR-WAKI12250-01", "type": "Reinforced Concrete Bridge", "span": 24.5, "condition": "Fair", "district": "Wakiso"}}, {"type": "Feature", "geometry": {"type": "Point", "coordinates": [32.65965, 0.31359]}, "properties": {"code": "STR-WAKI12285-01", "type": "Concrete Box Culvert (Twin Cell)", "span": 4.5, "condition": "Poor", "district": "Wakiso"}}, {"type": "Feature", "geometry": {"type": "Point", "coordinates": [32.65884, 0.32105]}, "properties": {"code": "STR-KAMP12320-01", "type": "Concrete Box Culvert (Single Cell)", "span": 4.5, "condition": "Fair", "district": "Kampala"}}, {"type": "Feature", "geometry": {"type": "Point", "coordinates": [32.6699, 0.327]}, "properties": {"code": "STR-WAKI12355-01", "type": "Steel Composite Bridge / Drift", "span": 18.0, "condition": "Fair", "district": "Wakiso"}}, {"type": "Feature", "geometry": {"type": "Point", "coordinates": [32.6629, 0.33208]}, "properties": {"code": "STR-WAKI12390-01", "type": "Reinforced Concrete Bridge", "span": 24.5, "condition": "Fair", "district": "Wakiso"}}, {"type": "Feature", "geometry": {"type": "Point", "coordinates": [32.65966, 0.33086]}, "properties": {"code": "STR-WAKI12425-01", "type": "Concrete Box Culvert (Twin Cell)", "span": 4.5, "condition": "Fair", "district": "Wakiso"}}, {"type": "Feature", "geometry": {"type": "Point", "coordinates": [32.65512, 0.32732]}, "properties": {"code": "STR-WAKI12460-01", "type": "Concrete Box Culvert (Single Cell)", "span": 4.5, "condition": "Fair", "district": "Wakiso"}}, {"type": "Feature", "geometry": {"type": "Point", "coordinates": [32.65488, 0.32722]}, "properties": {"code": "STR-WAKI12495-01", "type": "Steel Composite Bridge / Drift", "span": 18.0, "condition": "Fair", "district": "Wakiso"}}, {"type": "Feature", "geometry": {"type": "Point", "coordinates": [32.65049, 0.32297]}, "properties": {"code": "STR-WAKI12530-01", "type": "Reinforced Concrete Bridge", "span": 24.5, "condition": "Fair", "district": "Wakiso"}}, {"type": "Feature", "geometry": {"type": "Point", "coordinates": [32.64888, 0.32504]}, "properties": {"code": "STR-WAKI12565-01", "type": "Concrete Box Culvert (Twin Cell)", "span": 4.5, "condition": "Fair", "district": "Wakiso"}}, {"type": "Feature", "geometry": {"type": "Point", "coordinates": [32.65245, 0.33203]}, "properties": {"code": "STR-WAKI12600-01", "type": "Concrete Box Culvert (Single Cell)", "span": 4.5, "condition": "Fair", "district": "Wakiso"}}, {"type": "Feature", "geometry": {"type": "Point", "coordinates": [32.6437, 0.32995]}, "properties": {"code": "STR-WAKI12635-01", "type": "Steel Composite Bridge / Drift", "span": 18.0, "condition": "Fair", "district": "Wakiso"}}, {"type": "Feature", "geometry": {"type": "Point", "coordinates": [32.63555, 0.32132]}, "properties": {"code": "STR-KAMP12670-01", "type": "Reinforced Concrete Bridge", "span": 24.5, "condition": "Fair", "district": "Kampala"}}, {"type": "Feature", "geometry": {"type": "Point", "coordinates": [32.64042, 0.32731]}, "properties": {"code": "STR-WAKI12705-01", "type": "Concrete Box Culvert (Twin Cell)", "span": 4.5, "condition": "Good", "district": "Wakiso"}}, {"type": "Feature", "geometry": {"type": "Point", "coordinates": [32.63842, 0.32477]}, "properties": {"code": "STR-WAKI12740-01", "type": "Concrete Box Culvert (Single Cell)", "span": 4.5, "condition": "Poor", "district": "Wakiso"}}, {"type": "Feature", "geometry": {"type": "Point", "coordinates": [32.64086, 0.32096]}, "properties": {"code": "STR-KAMP12775-01", "type": "Steel Composite Bridge / Drift", "span": 18.0, "condition": "Poor", "district": "Kampala"}}, {"type": "Feature", "geometry": {"type": "Point", "coordinates": [32.64579, 0.32318]}, "properties": {"code": "STR-WAKI12810-01", "type": "Reinforced Concrete Bridge", "span": 24.5, "condition": "Fair", "district": "Wakiso"}}, {"type": "Feature", "geometry": {"type": "Point", "coordinates": [32.64551, 0.31752]}, "properties": {"code": "STR-KAMP12845-01", "type": "Concrete Box Culvert (Twin Cell)", "span": 4.5, "condition": "Fair", "district": "Kampala"}}, {"type": "Feature", "geometry": {"type": "Point", "coordinates": [32.64293, 0.3188]}, "properties": {"code": "STR-KAMP12880-01", "type": "Concrete Box Culvert (Single Cell)", "span": 4.5, "condition": "Poor", "district": "Kampala"}}, {"type": "Feature", "geometry": {"type": "Point", "coordinates": [32.63969, 0.31645]}, "properties": {"code": "STR-KAMP12915-01", "type": "Steel Composite Bridge / Drift", "span": 18.0, "condition": "Poor", "district": "Kampala"}}, {"type": "Feature", "geometry": {"type": "Point", "coordinates": [32.64095, 0.30948]}, "properties": {"code": "STR-KAMP12950-01", "type": "Reinforced Concrete Bridge", "span": 24.5, "condition": "Fair", "district": "Kampala"}}, {"type": "Feature", "geometry": {"type": "Point", "coordinates": [32.64239, 0.30627]}, "properties": {"code": "STR-KAMP12985-01", "type": "Concrete Box Culvert (Twin Cell)", "span": 4.5, "condition": "Fair", "district": "Kampala"}}, {"type": "Feature", "geometry": {"type": "Point", "coordinates": [32.64473, 0.30964]}, "properties": {"code": "STR-KAMP13020-01", "type": "Concrete Box Culvert (Single Cell)", "span": 4.5, "condition": "Fair", "district": "Kampala"}}, {"type": "Feature", "geometry": {"type": "Point", "coordinates": [32.65129, 0.30514]}, "properties": {"code": "STR-KAMP13055-01", "type": "Steel Composite Bridge / Drift", "span": 18.0, "condition": "Fair", "district": "Kampala"}}, {"type": "Feature", "geometry": {"type": "Point", "coordinates": [32.64944, 0.31467]}, "properties": {"code": "STR-KAMP13090-01", "type": "Reinforced Concrete Bridge", "span": 24.5, "condition": "Fair", "district": "Kampala"}}, {"type": "Feature", "geometry": {"type": "Point", "coordinates": [32.65023, 0.31492]}, "properties": {"code": "STR-KAMP13125-01", "type": "Concrete Box Culvert (Twin Cell)", "span": 4.5, "condition": "Fair", "district": "Kampala"}}, {"type": "Feature", "geometry": {"type": "Point", "coordinates": [32.65824, 0.31035]}, "properties": {"code": "STR-WAKI13160-01", "type": "Concrete Box Culvert (Single Cell)", "span": 4.5, "condition": "Poor", "district": "Wakiso"}}, {"type": "Feature", "geometry": {"type": "Point", "coordinates": [32.65757, 0.30872]}, "properties": {"code": "STR-WAKI13195-01", "type": "Steel Composite Bridge / Drift", "span": 18.0, "condition": "Fair", "district": "Wakiso"}}, {"type": "Feature", "geometry": {"type": "Point", "coordinates": [32.65643, 0.30184]}, "properties": {"code": "STR-KAMP13230-01", "type": "Reinforced Concrete Bridge", "span": 24.5, "condition": "Fair", "district": "Kampala"}}, {"type": "Feature", "geometry": {"type": "Point", "coordinates": [32.6516, 0.29611]}, "properties": {"code": "STR-KAMP13265-01", "type": "Concrete Box Culvert (Twin Cell)", "span": 4.5, "condition": "Fair", "district": "Kampala"}}, {"type": "Feature", "geometry": {"type": "Point", "coordinates": [32.64911, 0.29891]}, "properties": {"code": "STR-KAMP13300-01", "type": "Concrete Box Culvert (Single Cell)", "span": 4.5, "condition": "Fair", "district": "Kampala"}}, {"type": "Feature", "geometry": {"type": "Point", "coordinates": [32.64634, 0.30439]}, "properties": {"code": "STR-KAMP13335-01", "type": "Steel Composite Bridge / Drift", "span": 18.0, "condition": "Fair", "district": "Kampala"}}, {"type": "Feature", "geometry": {"type": "Point", "coordinates": [32.6392, 0.30552]}, "properties": {"code": "STR-KAMP13370-01", "type": "Reinforced Concrete Bridge", "span": 24.5, "condition": "Poor", "district": "Kampala"}}, {"type": "Feature", "geometry": {"type": "Point", "coordinates": [32.64332, 0.29251]}, "properties": {"code": "STR-KAMP13405-01", "type": "Concrete Box Culvert (Twin Cell)", "span": 4.5, "condition": "Poor", "district": "Kampala"}}, {"type": "Feature", "geometry": {"type": "Point", "coordinates": [32.63951, 0.27844]}, "properties": {"code": "STR-KAMP13440-01", "type": "Concrete Box Culvert (Single Cell)", "span": 4.5, "condition": "Poor", "district": "Kampala"}}, {"type": "Feature", "geometry": {"type": "Point", "coordinates": [32.6595, 0.29267]}, "properties": {"code": "STR-KAMP13475-01", "type": "Steel Composite Bridge / Drift", "span": 18.0, "condition": "Fair", "district": "Kampala"}}, {"type": "Feature", "geometry": {"type": "Point", "coordinates": [32.67544, 0.29921]}, "properties": {"code": "STR-WAKI13510-01", "type": "Reinforced Concrete Bridge", "span": 24.5, "condition": "Fair", "district": "Wakiso"}}, {"type": "Feature", "geometry": {"type": "Point", "coordinates": [32.69155, 0.32433]}, "properties": {"code": "STR-MUKO13545-01", "type": "Concrete Box Culvert (Twin Cell)", "span": 4.5, "condition": "Poor", "district": "Mukono"}}, {"type": "Feature", "geometry": {"type": "Point", "coordinates": [32.70519, 0.33492]}, "properties": {"code": "STR-MUKO13580-01", "type": "Concrete Box Culvert (Single Cell)", "span": 4.5, "condition": "Fair", "district": "Mukono"}}, {"type": "Feature", "geometry": {"type": "Point", "coordinates": [32.72321, 0.32422]}, "properties": {"code": "STR-MUKO13615-01", "type": "Steel Composite Bridge / Drift", "span": 18.0, "condition": "Fair", "district": "Mukono"}}, {"type": "Feature", "geometry": {"type": "Point", "coordinates": [32.72275, 0.29811]}, "properties": {"code": "STR-MUKO13650-01", "type": "Reinforced Concrete Bridge", "span": 24.5, "condition": "Fair", "district": "Mukono"}}, {"type": "Feature", "geometry": {"type": "Point", "coordinates": [32.71744, 0.28088]}, "properties": {"code": "STR-MUKO13685-01", "type": "Concrete Box Culvert (Twin Cell)", "span": 4.5, "condition": "Fair", "district": "Mukono"}}, {"type": "Feature", "geometry": {"type": "Point", "coordinates": [32.68902, 0.25971]}, "properties": {"code": "STR-MUKO13720-01", "type": "Concrete Box Culvert (Single Cell)", "span": 4.5, "condition": "Poor", "district": "Mukono"}}, {"type": "Feature", "geometry": {"type": "Point", "coordinates": [32.70182, 0.23048]}, "properties": {"code": "STR-MUKO13755-01", "type": "Steel Composite Bridge / Drift", "span": 18.0, "condition": "Poor", "district": "Mukono"}}, {"type": "Feature", "geometry": {"type": "Point", "coordinates": [32.72228, 0.23566]}, "properties": {"code": "STR-MUKO13790-01", "type": "Reinforced Concrete Bridge", "span": 24.5, "condition": "Fair", "district": "Mukono"}}, {"type": "Feature", "geometry": {"type": "Point", "coordinates": [32.71656, 0.20885]}, "properties": {"code": "STR-MUKO13825-01", "type": "Concrete Box Culvert (Twin Cell)", "span": 4.5, "condition": "Poor", "district": "Mukono"}}, {"type": "Feature", "geometry": {"type": "Point", "coordinates": [32.6832, 0.19077]}, "properties": {"code": "STR-MUKO13860-01", "type": "Concrete Box Culvert (Single Cell)", "span": 4.5, "condition": "Fair", "district": "Mukono"}}, {"type": "Feature", "geometry": {"type": "Point", "coordinates": [32.68847, 0.21887]}, "properties": {"code": "STR-MUKO13895-01", "type": "Steel Composite Bridge / Drift", "span": 18.0, "condition": "Poor", "district": "Mukono"}}, {"type": "Feature", "geometry": {"type": "Point", "coordinates": [32.64765, 0.22916]}, "properties": {"code": "STR-MUKO13930-01", "type": "Reinforced Concrete Bridge", "span": 24.5, "condition": "Fair", "district": "Mukono"}}, {"type": "Feature", "geometry": {"type": "Point", "coordinates": [32.66027, 0.22356]}, "properties": {"code": "STR-MUKO13965-01", "type": "Concrete Box Culvert (Twin Cell)", "span": 4.5, "condition": "Fair", "district": "Mukono"}}, {"type": "Feature", "geometry": {"type": "Point", "coordinates": [32.63798, 0.2505]}, "properties": {"code": "STR-KAMP14000-01", "type": "Concrete Box Culvert (Single Cell)", "span": 4.5, "condition": "Poor", "district": "Kampala"}}, {"type": "Feature", "geometry": {"type": "Point", "coordinates": [32.63292, 0.27089]}, "properties": {"code": "STR-KAMP14035-01", "type": "Steel Composite Bridge / Drift", "span": 18.0, "condition": "Fair", "district": "Kampala"}}, {"type": "Feature", "geometry": {"type": "Point", "coordinates": [32.62607, 0.27291]}, "properties": {"code": "STR-KAMP14070-01", "type": "Reinforced Concrete Bridge", "span": 24.5, "condition": "Fair", "district": "Kampala"}}, {"type": "Feature", "geometry": {"type": "Point", "coordinates": [32.62702, 0.26851]}, "properties": {"code": "STR-KAMP14105-01", "type": "Concrete Box Culvert (Twin Cell)", "span": 4.5, "condition": "Fair", "district": "Kampala"}}, {"type": "Feature", "geometry": {"type": "Point", "coordinates": [32.63199, 0.26426]}, "properties": {"code": "STR-KAMP14140-01", "type": "Concrete Box Culvert (Single Cell)", "span": 4.5, "condition": "Fair", "district": "Kampala"}}, {"type": "Feature", "geometry": {"type": "Point", "coordinates": [32.63451, 0.26642]}, "properties": {"code": "STR-KAMP14175-01", "type": "Steel Composite Bridge / Drift", "span": 18.0, "condition": "Poor", "district": "Kampala"}}, {"type": "Feature", "geometry": {"type": "Point", "coordinates": [32.55216, 0.27939]}, "properties": {"code": "STR-KAMP14210-01", "type": "Reinforced Concrete Bridge", "span": 24.5, "condition": "Good", "district": "Kampala"}}, {"type": "Feature", "geometry": {"type": "Point", "coordinates": [32.56108, 0.28373]}, "properties": {"code": "STR-KAMP14245-01", "type": "Concrete Box Culvert (Twin Cell)", "span": 4.5, "condition": "Fair", "district": "Kampala"}}, {"type": "Feature", "geometry": {"type": "Point", "coordinates": [32.56326, 0.27998]}, "properties": {"code": "STR-KAMP14280-01", "type": "Concrete Box Culvert (Single Cell)", "span": 4.5, "condition": "Fair", "district": "Kampala"}}, {"type": "Feature", "geometry": {"type": "Point", "coordinates": [32.56689, 0.28206]}, "properties": {"code": "STR-KAMP14315-01", "type": "Steel Composite Bridge / Drift", "span": 18.0, "condition": "Fair", "district": "Kampala"}}, {"type": "Feature", "geometry": {"type": "Point", "coordinates": [32.56599, 0.28474]}, "properties": {"code": "STR-KAMP14350-01", "type": "Reinforced Concrete Bridge", "span": 24.5, "condition": "Fair", "district": "Kampala"}}, {"type": "Feature", "geometry": {"type": "Point", "coordinates": [32.56863, 0.29114]}, "properties": {"code": "STR-KAMP14385-01", "type": "Concrete Box Culvert (Twin Cell)", "span": 4.5, "condition": "Fair", "district": "Kampala"}}, {"type": "Feature", "geometry": {"type": "Point", "coordinates": [32.56338, 0.29072]}, "properties": {"code": "STR-KAMP14420-01", "type": "Concrete Box Culvert (Single Cell)", "span": 4.5, "condition": "Good", "district": "Kampala"}}, {"type": "Feature", "geometry": {"type": "Point", "coordinates": [32.55913, 0.2867]}, "properties": {"code": "STR-KAMP14455-01", "type": "Steel Composite Bridge / Drift", "span": 18.0, "condition": "Good", "district": "Kampala"}}, {"type": "Feature", "geometry": {"type": "Point", "coordinates": [32.55933, 0.28987]}, "properties": {"code": "STR-KAMP14490-01", "type": "Reinforced Concrete Bridge", "span": 24.5, "condition": "Good", "district": "Kampala"}}, {"type": "Feature", "geometry": {"type": "Point", "coordinates": [32.55773, 0.29423]}, "properties": {"code": "STR-KAMP14525-01", "type": "Concrete Box Culvert (Twin Cell)", "span": 4.5, "condition": "Poor", "district": "Kampala"}}, {"type": "Feature", "geometry": {"type": "Point", "coordinates": [32.56105, 0.29292]}, "properties": {"code": "STR-KAMP14560-01", "type": "Concrete Box Culvert (Single Cell)", "span": 4.5, "condition": "Fair", "district": "Kampala"}}, {"type": "Feature", "geometry": {"type": "Point", "coordinates": [32.56468, 0.29164]}, "properties": {"code": "STR-KAMP14595-01", "type": "Steel Composite Bridge / Drift", "span": 18.0, "condition": "Poor", "district": "Kampala"}}, {"type": "Feature", "geometry": {"type": "Point", "coordinates": [32.56756, 0.29182]}, "properties": {"code": "STR-KAMP14630-01", "type": "Reinforced Concrete Bridge", "span": 24.5, "condition": "Poor", "district": "Kampala"}}, {"type": "Feature", "geometry": {"type": "Point", "coordinates": [32.56427, 0.30168]}, "properties": {"code": "STR-KAMP14665-01", "type": "Concrete Box Culvert (Twin Cell)", "span": 4.5, "condition": "Poor", "district": "Kampala"}}, {"type": "Feature", "geometry": {"type": "Point", "coordinates": [32.56472, 0.303]}, "properties": {"code": "STR-KAMP14700-01", "type": "Concrete Box Culvert (Single Cell)", "span": 4.5, "condition": "Poor", "district": "Kampala"}}, {"type": "Feature", "geometry": {"type": "Point", "coordinates": [32.56299, 0.29984]}, "properties": {"code": "STR-KAMP14735-01", "type": "Steel Composite Bridge / Drift", "span": 18.0, "condition": "Fair", "district": "Kampala"}}, {"type": "Feature", "geometry": {"type": "Point", "coordinates": [32.56033, 0.30357]}, "properties": {"code": "STR-KAMP14770-01", "type": "Reinforced Concrete Bridge", "span": 24.5, "condition": "Poor", "district": "Kampala"}}, {"type": "Feature", "geometry": {"type": "Point", "coordinates": [32.55212, 0.30297]}, "properties": {"code": "STR-KAMP14805-01", "type": "Concrete Box Culvert (Twin Cell)", "span": 4.5, "condition": "Poor", "district": "Kampala"}}, {"type": "Feature", "geometry": {"type": "Point", "coordinates": [32.55378, 0.29953]}, "properties": {"code": "STR-KAMP14840-01", "type": "Concrete Box Culvert (Single Cell)", "span": 4.5, "condition": "Good", "district": "Kampala"}}, {"type": "Feature", "geometry": {"type": "Point", "coordinates": [32.55585, 0.29203]}, "properties": {"code": "STR-KAMP14875-01", "type": "Steel Composite Bridge / Drift", "span": 18.0, "condition": "Good", "district": "Kampala"}}, {"type": "Feature", "geometry": {"type": "Point", "coordinates": [32.553, 0.29544]}, "properties": {"code": "STR-KAMP14910-01", "type": "Reinforced Concrete Bridge", "span": 24.5, "condition": "Poor", "district": "Kampala"}}, {"type": "Feature", "geometry": {"type": "Point", "coordinates": [32.54995, 0.29729]}, "properties": {"code": "STR-KAMP14945-01", "type": "Concrete Box Culvert (Twin Cell)", "span": 4.5, "condition": "Good", "district": "Kampala"}}, {"type": "Feature", "geometry": {"type": "Point", "coordinates": [32.55137, 0.29326]}, "properties": {"code": "STR-KAMP14980-01", "type": "Concrete Box Culvert (Single Cell)", "span": 4.5, "condition": "Good", "district": "Kampala"}}, {"type": "Feature", "geometry": {"type": "Point", "coordinates": [32.54889, 0.29153]}, "properties": {"code": "STR-KAMP15015-01", "type": "Steel Composite Bridge / Drift", "span": 18.0, "condition": "Good", "district": "Kampala"}}, {"type": "Feature", "geometry": {"type": "Point", "coordinates": [32.54749, 0.29681]}, "properties": {"code": "STR-KAMP15050-01", "type": "Reinforced Concrete Bridge", "span": 24.5, "condition": "Good", "district": "Kampala"}}, {"type": "Feature", "geometry": {"type": "Point", "coordinates": [32.54807, 0.29821]}, "properties": {"code": "STR-KAMP15085-01", "type": "Concrete Box Culvert (Twin Cell)", "span": 4.5, "condition": "Poor", "district": "Kampala"}}, {"type": "Feature", "geometry": {"type": "Point", "coordinates": [32.55083, 0.30497]}, "properties": {"code": "STR-KAMP15120-01", "type": "Concrete Box Culvert (Single Cell)", "span": 4.5, "condition": "Good", "district": "Kampala"}}, {"type": "Feature", "geometry": {"type": "Point", "coordinates": [32.54701, 0.31063]}, "properties": {"code": "STR-KAMP15155-01", "type": "Steel Composite Bridge / Drift", "span": 18.0, "condition": "Poor", "district": "Kampala"}}, {"type": "Feature", "geometry": {"type": "Point", "coordinates": [32.55063, 0.30523]}, "properties": {"code": "STR-KAMP15190-01", "type": "Reinforced Concrete Bridge", "span": 24.5, "condition": "Fair", "district": "Kampala"}}, {"type": "Feature", "geometry": {"type": "Point", "coordinates": [32.55597, 0.30895]}, "properties": {"code": "STR-KAMP15225-01", "type": "Concrete Box Culvert (Twin Cell)", "span": 4.5, "condition": "Fair", "district": "Kampala"}}, {"type": "Feature", "geometry": {"type": "Point", "coordinates": [32.55352, 0.30931]}, "properties": {"code": "STR-KAMP15260-01", "type": "Concrete Box Culvert (Single Cell)", "span": 4.5, "condition": "Fair", "district": "Kampala"}}, {"type": "Feature", "geometry": {"type": "Point", "coordinates": [32.55503, 0.31732]}, "properties": {"code": "STR-KAMP15295-01", "type": "Steel Composite Bridge / Drift", "span": 18.0, "condition": "Fair", "district": "Kampala"}}, {"type": "Feature", "geometry": {"type": "Point", "coordinates": [32.55028, 0.31717]}, "properties": {"code": "STR-KAMP15330-01", "type": "Reinforced Concrete Bridge", "span": 24.5, "condition": "Fair", "district": "Kampala"}}, {"type": "Feature", "geometry": {"type": "Point", "coordinates": [32.54763, 0.31912]}, "properties": {"code": "STR-KAMP15365-01", "type": "Concrete Box Culvert (Twin Cell)", "span": 4.5, "condition": "Fair", "district": "Kampala"}}, {"type": "Feature", "geometry": {"type": "Point", "coordinates": [32.54615, 0.32445]}, "properties": {"code": "STR-KAMP15400-01", "type": "Concrete Box Culvert (Single Cell)", "span": 4.5, "condition": "Fair", "district": "Kampala"}}, {"type": "Feature", "geometry": {"type": "Point", "coordinates": [32.55013, 0.33156]}, "properties": {"code": "STR-KAMP15435-01", "type": "Steel Composite Bridge / Drift", "span": 18.0, "condition": "Fair", "district": "Kampala"}}, {"type": "Feature", "geometry": {"type": "Point", "coordinates": [32.55388, 0.33354]}, "properties": {"code": "STR-KAMP15470-01", "type": "Reinforced Concrete Bridge", "span": 24.5, "condition": "Fair", "district": "Kampala"}}, {"type": "Feature", "geometry": {"type": "Point", "coordinates": [32.55232, 0.32013]}, "properties": {"code": "STR-KAMP15505-01", "type": "Concrete Box Culvert (Twin Cell)", "span": 4.5, "condition": "Fair", "district": "Kampala"}}, {"type": "Feature", "geometry": {"type": "Point", "coordinates": [32.56336, 0.32243]}, "properties": {"code": "STR-KAMP15540-01", "type": "Concrete Box Culvert (Single Cell)", "span": 4.5, "condition": "Fair", "district": "Kampala"}}, {"type": "Feature", "geometry": {"type": "Point", "coordinates": [32.56296, 0.32658]}, "properties": {"code": "STR-KAMP15575-01", "type": "Steel Composite Bridge / Drift", "span": 18.0, "condition": "Poor", "district": "Kampala"}}, {"type": "Feature", "geometry": {"type": "Point", "coordinates": [32.56005, 0.32808]}, "properties": {"code": "STR-KAMP15610-01", "type": "Reinforced Concrete Bridge", "span": 24.5, "condition": "Poor", "district": "Kampala"}}, {"type": "Feature", "geometry": {"type": "Point", "coordinates": [32.56318, 0.3316]}, "properties": {"code": "STR-KAMP15645-01", "type": "Concrete Box Culvert (Twin Cell)", "span": 4.5, "condition": "Poor", "district": "Kampala"}}, {"type": "Feature", "geometry": {"type": "Point", "coordinates": [32.56519, 0.32786]}, "properties": {"code": "STR-KAMP15680-01", "type": "Concrete Box Culvert (Single Cell)", "span": 4.5, "condition": "Good", "district": "Kampala"}}, {"type": "Feature", "geometry": {"type": "Point", "coordinates": [32.56605, 0.33029]}, "properties": {"code": "STR-KAMP15715-01", "type": "Steel Composite Bridge / Drift", "span": 18.0, "condition": "Poor", "district": "Kampala"}}, {"type": "Feature", "geometry": {"type": "Point", "coordinates": [32.56608, 0.33034]}, "properties": {"code": "STR-KAMP15750-01", "type": "Reinforced Concrete Bridge", "span": 24.5, "condition": "Poor", "district": "Kampala"}}, {"type": "Feature", "geometry": {"type": "Point", "coordinates": [32.56484, 0.3235]}, "properties": {"code": "STR-KAMP15785-01", "type": "Concrete Box Culvert (Twin Cell)", "span": 4.5, "condition": "Fair", "district": "Kampala"}}, {"type": "Feature", "geometry": {"type": "Point", "coordinates": [32.5654, 0.32049]}, "properties": {"code": "STR-KAMP15820-01", "type": "Concrete Box Culvert (Single Cell)", "span": 4.5, "condition": "Poor", "district": "Kampala"}}, {"type": "Feature", "geometry": {"type": "Point", "coordinates": [32.56651, 0.31858]}, "properties": {"code": "STR-KAMP15855-01", "type": "Steel Composite Bridge / Drift", "span": 18.0, "condition": "Fair", "district": "Kampala"}}, {"type": "Feature", "geometry": {"type": "Point", "coordinates": [32.56804, 0.31341]}, "properties": {"code": "STR-KAMP15890-01", "type": "Reinforced Concrete Bridge", "span": 24.5, "condition": "Poor", "district": "Kampala"}}, {"type": "Feature", "geometry": {"type": "Point", "coordinates": [32.56432, 0.31587]}, "properties": {"code": "STR-KAMP15925-01", "type": "Concrete Box Culvert (Twin Cell)", "span": 4.5, "condition": "Fair", "district": "Kampala"}}, {"type": "Feature", "geometry": {"type": "Point", "coordinates": [32.5626, 0.31716]}, "properties": {"code": "STR-KAMP15960-01", "type": "Concrete Box Culvert (Single Cell)", "span": 4.5, "condition": "Poor", "district": "Kampala"}}, {"type": "Feature", "geometry": {"type": "Point", "coordinates": [32.55743, 0.31383]}, "properties": {"code": "STR-KAMP15995-01", "type": "Steel Composite Bridge / Drift", "span": 18.0, "condition": "Fair", "district": "Kampala"}}, {"type": "Feature", "geometry": {"type": "Point", "coordinates": [32.55989, 0.31178]}, "properties": {"code": "STR-KAMP16030-01", "type": "Reinforced Concrete Bridge", "span": 24.5, "condition": "Poor", "district": "Kampala"}}, {"type": "Feature", "geometry": {"type": "Point", "coordinates": [32.55922, 0.30669]}, "properties": {"code": "STR-KAMP16065-01", "type": "Concrete Box Culvert (Twin Cell)", "span": 4.5, "condition": "Fair", "district": "Kampala"}}, {"type": "Feature", "geometry": {"type": "Point", "coordinates": [31.59077, 0.06923]}, "properties": {"code": "STR-GOMB16100-01", "type": "Concrete Box Culvert (Single Cell)", "span": 4.5, "condition": "Fair", "district": "Gomba"}}, {"type": "Feature", "geometry": {"type": "Point", "coordinates": [31.5984, 0.08333]}, "properties": {"code": "STR-GOMB16135-01", "type": "Steel Composite Bridge / Drift", "span": 18.0, "condition": "Good", "district": "Gomba"}}, {"type": "Feature", "geometry": {"type": "Point", "coordinates": [31.56435, 0.04557]}, "properties": {"code": "STR-SSEM16170-01", "type": "Reinforced Concrete Bridge", "span": 24.5, "condition": "Fair", "district": "Ssembabule"}}, {"type": "Feature", "geometry": {"type": "Point", "coordinates": [31.5679, 0.00881]}, "properties": {"code": "STR-BUKO16205-01", "type": "Concrete Box Culvert (Twin Cell)", "span": 4.5, "condition": "Poor", "district": "Bukomansimbi"}}, {"type": "Feature", "geometry": {"type": "Point", "coordinates": [31.55711, -0.00165]}, "properties": {"code": "STR-BUKO16240-01", "type": "Concrete Box Culvert (Single Cell)", "span": 4.5, "condition": "Poor", "district": "Bukomansimbi"}}, {"type": "Feature", "geometry": {"type": "Point", "coordinates": [31.55852, -0.0222]}, "properties": {"code": "STR-BUKO16275-01", "type": "Steel Composite Bridge / Drift", "span": 18.0, "condition": "Fair", "district": "Bukomansimbi"}}, {"type": "Feature", "geometry": {"type": "Point", "coordinates": [31.5598, -0.05438]}, "properties": {"code": "STR-BUKO16310-01", "type": "Reinforced Concrete Bridge", "span": 24.5, "condition": "Poor", "district": "Bukomansimbi"}}, {"type": "Feature", "geometry": {"type": "Point", "coordinates": [31.65158, -0.04431]}, "properties": {"code": "STR-BUKO16345-01", "type": "Concrete Box Culvert (Twin Cell)", "span": 4.5, "condition": "Fair", "district": "Bukomansimbi"}}, {"type": "Feature", "geometry": {"type": "Point", "coordinates": [31.69986, 0.00066]}, "properties": {"code": "STR-KALU16380-01", "type": "Concrete Box Culvert (Single Cell)", "span": 4.5, "condition": "Fair", "district": "Kalungu"}}, {"type": "Feature", "geometry": {"type": "Point", "coordinates": [31.80022, 0.119]}, "properties": {"code": "STR-GOMB16415-01", "type": "Steel Composite Bridge / Drift", "span": 18.0, "condition": "Fair", "district": "Gomba"}}, {"type": "Feature", "geometry": {"type": "Point", "coordinates": [31.82145, 0.07543]}, "properties": {"code": "STR-GOMB16450-01", "type": "Reinforced Concrete Bridge", "span": 24.5, "condition": "Fair", "district": "Gomba"}}, {"type": "Feature", "geometry": {"type": "Point", "coordinates": [31.78389, -0.03099]}, "properties": {"code": "STR-KALU16485-01", "type": "Concrete Box Culvert (Twin Cell)", "span": 4.5, "condition": "Poor", "district": "Kalungu"}}, {"type": "Feature", "geometry": {"type": "Point", "coordinates": [31.82381, -0.15533]}, "properties": {"code": "STR-KALU16520-01", "type": "Concrete Box Culvert (Single Cell)", "span": 4.5, "condition": "Fair", "district": "Kalungu"}}, {"type": "Feature", "geometry": {"type": "Point", "coordinates": [31.76665, -0.15795]}, "properties": {"code": "STR-KALU16555-01", "type": "Steel Composite Bridge / Drift", "span": 18.0, "condition": "Poor", "district": "Kalungu"}}, {"type": "Feature", "geometry": {"type": "Point", "coordinates": [31.75867, -0.16998]}, "properties": {"code": "STR-KALU16590-01", "type": "Reinforced Concrete Bridge", "span": 24.5, "condition": "Poor", "district": "Kalungu"}}, {"type": "Feature", "geometry": {"type": "Point", "coordinates": [31.75559, -0.15811]}, "properties": {"code": "STR-KALU16625-01", "type": "Concrete Box Culvert (Twin Cell)", "span": 4.5, "condition": "Poor", "district": "Kalungu"}}, {"type": "Feature", "geometry": {"type": "Point", "coordinates": [31.74226, -0.16104]}, "properties": {"code": "STR-KALU16660-01", "type": "Concrete Box Culvert (Single Cell)", "span": 4.5, "condition": "Poor", "district": "Kalungu"}}, {"type": "Feature", "geometry": {"type": "Point", "coordinates": [31.75418, -0.14072]}, "properties": {"code": "STR-KALU16695-01", "type": "Steel Composite Bridge / Drift", "span": 18.0, "condition": "Poor", "district": "Kalungu"}}, {"type": "Feature", "geometry": {"type": "Point", "coordinates": [31.7625, -0.10678]}, "properties": {"code": "STR-KALU16730-01", "type": "Reinforced Concrete Bridge", "span": 24.5, "condition": "Fair", "district": "Kalungu"}}, {"type": "Feature", "geometry": {"type": "Point", "coordinates": [31.76142, -0.08125]}, "properties": {"code": "STR-KALU16765-01", "type": "Concrete Box Culvert (Twin Cell)", "span": 4.5, "condition": "Poor", "district": "Kalungu"}}, {"type": "Feature", "geometry": {"type": "Point", "coordinates": [31.75139, -0.07088]}, "properties": {"code": "STR-KALU16800-01", "type": "Concrete Box Culvert (Single Cell)", "span": 4.5, "condition": "Fair", "district": "Kalungu"}}, {"type": "Feature", "geometry": {"type": "Point", "coordinates": [31.74653, -0.08972]}, "properties": {"code": "STR-KALU16835-01", "type": "Steel Composite Bridge / Drift", "span": 18.0, "condition": "Fair", "district": "Kalungu"}}, {"type": "Feature", "geometry": {"type": "Point", "coordinates": [31.7251, -0.11498]}, "properties": {"code": "STR-KALU16870-01", "type": "Reinforced Concrete Bridge", "span": 24.5, "condition": "Good", "district": "Kalungu"}}, {"type": "Feature", "geometry": {"type": "Point", "coordinates": [31.7136, -0.13892]}, "properties": {"code": "STR-KALU16905-01", "type": "Concrete Box Culvert (Twin Cell)", "span": 4.5, "condition": "Poor", "district": "Kalungu"}}, {"type": "Feature", "geometry": {"type": "Point", "coordinates": [31.73197, -0.18493]}, "properties": {"code": "STR-KALU16940-01", "type": "Concrete Box Culvert (Single Cell)", "span": 4.5, "condition": "Poor", "district": "Kalungu"}}, {"type": "Feature", "geometry": {"type": "Point", "coordinates": [31.70091, -0.23371]}, "properties": {"code": "STR-BUKO16975-01", "type": "Steel Composite Bridge / Drift", "span": 18.0, "condition": "Fair", "district": "Bukomansimbi"}}, {"type": "Feature", "geometry": {"type": "Point", "coordinates": [31.67195, -0.1902]}, "properties": {"code": "STR-BUKO17010-01", "type": "Reinforced Concrete Bridge", "span": 24.5, "condition": "Fair", "district": "Bukomansimbi"}}, {"type": "Feature", "geometry": {"type": "Point", "coordinates": [31.67317, -0.22018]}, "properties": {"code": "STR-BUKO17045-01", "type": "Concrete Box Culvert (Twin Cell)", "span": 4.5, "condition": "Poor", "district": "Bukomansimbi"}}, {"type": "Feature", "geometry": {"type": "Point", "coordinates": [31.68645, -0.25989]}, "properties": {"code": "STR-BUKO17080-01", "type": "Concrete Box Culvert (Single Cell)", "span": 4.5, "condition": "Fair", "district": "Bukomansimbi"}}, {"type": "Feature", "geometry": {"type": "Point", "coordinates": [31.66136, -0.23633]}, "properties": {"code": "STR-BUKO17115-01", "type": "Steel Composite Bridge / Drift", "span": 18.0, "condition": "Fair", "district": "Bukomansimbi"}}, {"type": "Feature", "geometry": {"type": "Point", "coordinates": [31.67145, -0.27617]}, "properties": {"code": "STR-BUKO17150-01", "type": "Reinforced Concrete Bridge", "span": 24.5, "condition": "Fair", "district": "Bukomansimbi"}}, {"type": "Feature", "geometry": {"type": "Point", "coordinates": [31.68196, -0.26668]}, "properties": {"code": "STR-BUKO17185-01", "type": "Concrete Box Culvert (Twin Cell)", "span": 4.5, "condition": "Poor", "district": "Bukomansimbi"}}, {"type": "Feature", "geometry": {"type": "Point", "coordinates": [31.6924, -0.28602]}, "properties": {"code": "STR-BUKO17220-01", "type": "Concrete Box Culvert (Single Cell)", "span": 4.5, "condition": "Fair", "district": "Bukomansimbi"}}, {"type": "Feature", "geometry": {"type": "Point", "coordinates": [31.69635, -0.27079]}, "properties": {"code": "STR-BUKO17255-01", "type": "Steel Composite Bridge / Drift", "span": 18.0, "condition": "Fair", "district": "Bukomansimbi"}}, {"type": "Feature", "geometry": {"type": "Point", "coordinates": [31.70083, -0.24885]}, "properties": {"code": "STR-BUKO17290-01", "type": "Reinforced Concrete Bridge", "span": 24.5, "condition": "Fair", "district": "Bukomansimbi"}}, {"type": "Feature", "geometry": {"type": "Point", "coordinates": [31.70881, -0.23742]}, "properties": {"code": "STR-BUKO17325-01", "type": "Concrete Box Culvert (Twin Cell)", "span": 4.5, "condition": "Poor", "district": "Bukomansimbi"}}, {"type": "Feature", "geometry": {"type": "Point", "coordinates": [31.7131, -0.25274]}, "properties": {"code": "STR-BUKO17360-01", "type": "Concrete Box Culvert (Single Cell)", "span": 4.5, "condition": "Fair", "district": "Bukomansimbi"}}, {"type": "Feature", "geometry": {"type": "Point", "coordinates": [31.73214, -0.27468]}, "properties": {"code": "STR-MASA17395-01", "type": "Steel Composite Bridge / Drift", "span": 18.0, "condition": "Poor", "district": "Masaka"}}, {"type": "Feature", "geometry": {"type": "Point", "coordinates": [31.71462, -0.27862]}, "properties": {"code": "STR-MASA17430-01", "type": "Reinforced Concrete Bridge", "span": 24.5, "condition": "Poor", "district": "Masaka"}}, {"type": "Feature", "geometry": {"type": "Point", "coordinates": [31.72228, -0.28629]}, "properties": {"code": "STR-MASA17465-01", "type": "Concrete Box Culvert (Twin Cell)", "span": 4.5, "condition": "Poor", "district": "Masaka"}}, {"type": "Feature", "geometry": {"type": "Point", "coordinates": [31.733, -0.27724]}, "properties": {"code": "STR-MASA17500-01", "type": "Concrete Box Culvert (Single Cell)", "span": 4.5, "condition": "Poor", "district": "Masaka"}}, {"type": "Feature", "geometry": {"type": "Point", "coordinates": [31.73863, -0.29013]}, "properties": {"code": "STR-MASA17535-01", "type": "Steel Composite Bridge / Drift", "span": 18.0, "condition": "Fair", "district": "Masaka"}}, {"type": "Feature", "geometry": {"type": "Point", "coordinates": [31.75426, -0.27081]}, "properties": {"code": "STR-MASA17570-01", "type": "Reinforced Concrete Bridge", "span": 24.5, "condition": "Fair", "district": "Masaka"}}, {"type": "Feature", "geometry": {"type": "Point", "coordinates": [31.75287, -0.29061]}, "properties": {"code": "STR-MASA17605-01", "type": "Concrete Box Culvert (Twin Cell)", "span": 4.5, "condition": "Fair", "district": "Masaka"}}, {"type": "Feature", "geometry": {"type": "Point", "coordinates": [31.765, -0.28204]}, "properties": {"code": "STR-MASA17640-01", "type": "Concrete Box Culvert (Single Cell)", "span": 4.5, "condition": "Fair", "district": "Masaka"}}, {"type": "Feature", "geometry": {"type": "Point", "coordinates": [31.77614, -0.27132]}, "properties": {"code": "STR-MASA17675-01", "type": "Steel Composite Bridge / Drift", "span": 18.0, "condition": "Fair", "district": "Masaka"}}, {"type": "Feature", "geometry": {"type": "Point", "coordinates": [31.76406, -0.25495]}, "properties": {"code": "STR-KALU17710-01", "type": "Reinforced Concrete Bridge", "span": 24.5, "condition": "Fair", "district": "Kalungu"}}, {"type": "Feature", "geometry": {"type": "Point", "coordinates": [31.74572, -0.24796]}, "properties": {"code": "STR-KALU17745-01", "type": "Concrete Box Culvert (Twin Cell)", "span": 4.5, "condition": "Poor", "district": "Kalungu"}}, {"type": "Feature", "geometry": {"type": "Point", "coordinates": [31.7529, -0.20744]}, "properties": {"code": "STR-KALU17780-01", "type": "Concrete Box Culvert (Single Cell)", "span": 4.5, "condition": "Poor", "district": "Kalungu"}}, {"type": "Feature", "geometry": {"type": "Point", "coordinates": [31.73827, -0.186]}, "properties": {"code": "STR-KALU17815-01", "type": "Steel Composite Bridge / Drift", "span": 18.0, "condition": "Poor", "district": "Kalungu"}}, {"type": "Feature", "geometry": {"type": "Point", "coordinates": [31.75196, -0.19935]}, "properties": {"code": "STR-KALU17850-01", "type": "Reinforced Concrete Bridge", "span": 24.5, "condition": "Poor", "district": "Kalungu"}}, {"type": "Feature", "geometry": {"type": "Point", "coordinates": [31.76551, -0.18096]}, "properties": {"code": "STR-KALU17885-01", "type": "Concrete Box Culvert (Twin Cell)", "span": 4.5, "condition": "Poor", "district": "Kalungu"}}, {"type": "Feature", "geometry": {"type": "Point", "coordinates": [31.76673, -0.20588]}, "properties": {"code": "STR-KALU17920-01", "type": "Concrete Box Culvert (Single Cell)", "span": 4.5, "condition": "Poor", "district": "Kalungu"}}, {"type": "Feature", "geometry": {"type": "Point", "coordinates": [31.81408, -0.24853]}, "properties": {"code": "STR-MASA17955-01", "type": "Steel Composite Bridge / Drift", "span": 18.0, "condition": "Fair", "district": "Masaka"}}, {"type": "Feature", "geometry": {"type": "Point", "coordinates": [31.80342, -0.25258]}, "properties": {"code": "STR-MASA17990-01", "type": "Reinforced Concrete Bridge", "span": 24.5, "condition": "Fair", "district": "Masaka"}}, {"type": "Feature", "geometry": {"type": "Point", "coordinates": [31.78122, -0.29261]}, "properties": {"code": "STR-MASA18025-01", "type": "Concrete Box Culvert (Twin Cell)", "span": 4.5, "condition": "Fair", "district": "Masaka"}}, {"type": "Feature", "geometry": {"type": "Point", "coordinates": [31.81451, -0.2693]}, "properties": {"code": "STR-MASA18060-01", "type": "Concrete Box Culvert (Single Cell)", "span": 4.5, "condition": "Fair", "district": "Masaka"}}, {"type": "Feature", "geometry": {"type": "Point", "coordinates": [31.82628, -0.25754]}, "properties": {"code": "STR-MASA18095-01", "type": "Steel Composite Bridge / Drift", "span": 18.0, "condition": "Fair", "district": "Masaka"}}, {"type": "Feature", "geometry": {"type": "Point", "coordinates": [31.85477, -0.23335]}, "properties": {"code": "STR-KALU18130-01", "type": "Reinforced Concrete Bridge", "span": 24.5, "condition": "Fair", "district": "Kalungu"}}, {"type": "Feature", "geometry": {"type": "Point", "coordinates": [31.83097, 0.62399]}, "properties": {"code": "STR-KASS18165-01", "type": "Concrete Box Culvert (Twin Cell)", "span": 4.5, "condition": "Good", "district": "Kassanda"}}, {"type": "Feature", "geometry": {"type": "Point", "coordinates": [31.85701, 0.62017]}, "properties": {"code": "STR-KASS18200-01", "type": "Concrete Box Culvert (Single Cell)", "span": 4.5, "condition": "Fair", "district": "Kassanda"}}, {"type": "Feature", "geometry": {"type": "Point", "coordinates": [31.85303, 0.64405]}, "properties": {"code": "STR-KASS18235-01", "type": "Steel Composite Bridge / Drift", "span": 18.0, "condition": "Poor", "district": "Kassanda"}}, {"type": "Feature", "geometry": {"type": "Point", "coordinates": [31.86639, 0.64698]}, "properties": {"code": "STR-KASS18270-01", "type": "Reinforced Concrete Bridge", "span": 24.5, "condition": "Poor", "district": "Kassanda"}}, {"type": "Feature", "geometry": {"type": "Point", "coordinates": [31.86212, 0.6209]}, "properties": {"code": "STR-KASS18305-01", "type": "Concrete Box Culvert (Twin Cell)", "span": 4.5, "condition": "Poor", "district": "Kassanda"}}, {"type": "Feature", "geometry": {"type": "Point", "coordinates": [31.87898, 0.62729]}, "properties": {"code": "STR-KASS18340-01", "type": "Concrete Box Culvert (Single Cell)", "span": 4.5, "condition": "Fair", "district": "Kassanda"}}, {"type": "Feature", "geometry": {"type": "Point", "coordinates": [31.88561, 0.62368]}, "properties": {"code": "STR-KASS18375-01", "type": "Steel Composite Bridge / Drift", "span": 18.0, "condition": "Fair", "district": "Kassanda"}}, {"type": "Feature", "geometry": {"type": "Point", "coordinates": [31.88283, 0.62992]}, "properties": {"code": "STR-KASS18410-01", "type": "Reinforced Concrete Bridge", "span": 24.5, "condition": "Poor", "district": "Kassanda"}}, {"type": "Feature", "geometry": {"type": "Point", "coordinates": [31.88833, 0.63382]}, "properties": {"code": "STR-KASS18445-01", "type": "Concrete Box Culvert (Twin Cell)", "span": 4.5, "condition": "Poor", "district": "Kassanda"}}, {"type": "Feature", "geometry": {"type": "Point", "coordinates": [31.88284, 0.63529]}, "properties": {"code": "STR-KASS18480-01", "type": "Concrete Box Culvert (Single Cell)", "span": 4.5, "condition": "Poor", "district": "Kassanda"}}, {"type": "Feature", "geometry": {"type": "Point", "coordinates": [31.88101, 0.65477]}, "properties": {"code": "STR-KASS18515-01", "type": "Steel Composite Bridge / Drift", "span": 18.0, "condition": "Poor", "district": "Kassanda"}}, {"type": "Feature", "geometry": {"type": "Point", "coordinates": [31.88727, 0.66513]}, "properties": {"code": "STR-KASS18550-01", "type": "Reinforced Concrete Bridge", "span": 24.5, "condition": "Poor", "district": "Kassanda"}}, {"type": "Feature", "geometry": {"type": "Point", "coordinates": [31.88258, 0.64782]}, "properties": {"code": "STR-KASS18585-01", "type": "Concrete Box Culvert (Twin Cell)", "span": 4.5, "condition": "Fair", "district": "Kassanda"}}, {"type": "Feature", "geometry": {"type": "Point", "coordinates": [31.89864, 0.65439]}, "properties": {"code": "STR-KASS18620-01", "type": "Concrete Box Culvert (Single Cell)", "span": 4.5, "condition": "Poor", "district": "Kassanda"}}, {"type": "Feature", "geometry": {"type": "Point", "coordinates": [31.90329, 0.67128]}, "properties": {"code": "STR-KASS18655-01", "type": "Steel Composite Bridge / Drift", "span": 18.0, "condition": "Fair", "district": "Kassanda"}}, {"type": "Feature", "geometry": {"type": "Point", "coordinates": [31.91102, 0.64728]}, "properties": {"code": "STR-KASS18690-01", "type": "Reinforced Concrete Bridge", "span": 24.5, "condition": "Poor", "district": "Kassanda"}}, {"type": "Feature", "geometry": {"type": "Point", "coordinates": [31.89202, 0.63913]}, "properties": {"code": "STR-KASS18725-01", "type": "Concrete Box Culvert (Twin Cell)", "span": 4.5, "condition": "Poor", "district": "Kassanda"}}, {"type": "Feature", "geometry": {"type": "Point", "coordinates": [31.91124, 0.62903]}, "properties": {"code": "STR-MITY18760-01", "type": "Concrete Box Culvert (Single Cell)", "span": 4.5, "condition": "Fair", "district": "Mityana"}}, {"type": "Feature", "geometry": {"type": "Point", "coordinates": [31.91716, 0.65475]}, "properties": {"code": "STR-KASS18795-01", "type": "Steel Composite Bridge / Drift", "span": 18.0, "condition": "Poor", "district": "Kassanda"}}, {"type": "Feature", "geometry": {"type": "Point", "coordinates": [31.96046, 0.70376]}, "properties": {"code": "STR-KIBO18830-01", "type": "Reinforced Concrete Bridge", "span": 24.5, "condition": "Poor", "district": "Kiboga"}}, {"type": "Feature", "geometry": {"type": "Point", "coordinates": [31.97701, 0.66532]}, "properties": {"code": "STR-MITY18865-01", "type": "Concrete Box Culvert (Twin Cell)", "span": 4.5, "condition": "Fair", "district": "Mityana"}}, {"type": "Feature", "geometry": {"type": "Point", "coordinates": [32.02577, 0.63832]}, "properties": {"code": "STR-MITY18900-01", "type": "Concrete Box Culvert (Single Cell)", "span": 4.5, "condition": "Poor", "district": "Mityana"}}, {"type": "Feature", "geometry": {"type": "Point", "coordinates": [32.05796, 0.62543]}, "properties": {"code": "STR-MITY18935-01", "type": "Steel Composite Bridge / Drift", "span": 18.0, "condition": "Fair", "district": "Mityana"}}, {"type": "Feature", "geometry": {"type": "Point", "coordinates": [32.08931, 0.62551]}, "properties": {"code": "STR-MITY18970-01", "type": "Reinforced Concrete Bridge", "span": 24.5, "condition": "Fair", "district": "Mityana"}}, {"type": "Feature", "geometry": {"type": "Point", "coordinates": [32.09062, 0.65509]}, "properties": {"code": "STR-MITY19005-01", "type": "Concrete Box Culvert (Twin Cell)", "span": 4.5, "condition": "Fair", "district": "Mityana"}}, {"type": "Feature", "geometry": {"type": "Point", "coordinates": [32.07409, 0.67061]}, "properties": {"code": "STR-MITY19040-01", "type": "Concrete Box Culvert (Single Cell)", "span": 4.5, "condition": "Fair", "district": "Mityana"}}, {"type": "Feature", "geometry": {"type": "Point", "coordinates": [32.06551, 0.69073]}, "properties": {"code": "STR-KIBO19075-01", "type": "Steel Composite Bridge / Drift", "span": 18.0, "condition": "Fair", "district": "Kiboga"}}, {"type": "Feature", "geometry": {"type": "Point", "coordinates": [32.05019, 0.6852]}, "properties": {"code": "STR-KIBO19110-01", "type": "Reinforced Concrete Bridge", "span": 24.5, "condition": "Fair", "district": "Kiboga"}}, {"type": "Feature", "geometry": {"type": "Point", "coordinates": [32.00924, 0.69278]}, "properties": {"code": "STR-KIBO19145-01", "type": "Concrete Box Culvert (Twin Cell)", "span": 4.5, "condition": "Poor", "district": "Kiboga"}}, {"type": "Feature", "geometry": {"type": "Point", "coordinates": [32.03113, 0.73963]}, "properties": {"code": "STR-KIBO19180-01", "type": "Concrete Box Culvert (Single Cell)", "span": 4.5, "condition": "Fair", "district": "Kiboga"}}, {"type": "Feature", "geometry": {"type": "Point", "coordinates": [32.01724, 0.79527]}, "properties": {"code": "STR-KIBO19215-01", "type": "Steel Composite Bridge / Drift", "span": 18.0, "condition": "Poor", "district": "Kiboga"}}, {"type": "Feature", "geometry": {"type": "Point", "coordinates": [32.17917, 0.68149]}, "properties": {"code": "STR-KIBO19250-01", "type": "Reinforced Concrete Bridge", "span": 24.5, "condition": "Fair", "district": "Kiboga"}}, {"type": "Feature", "geometry": {"type": "Point", "coordinates": [32.11258, 0.6812]}, "properties": {"code": "STR-MITY19285-01", "type": "Concrete Box Culvert (Twin Cell)", "span": 4.5, "condition": "Fair", "district": "Mityana"}}, {"type": "Feature", "geometry": {"type": "Point", "coordinates": [32.12481, 0.64767]}, "properties": {"code": "STR-MITY19320-01", "type": "Concrete Box Culvert (Single Cell)", "span": 4.5, "condition": "Fair", "district": "Mityana"}}, {"type": "Feature", "geometry": {"type": "Point", "coordinates": [32.10968, 0.65326]}, "properties": {"code": "STR-MITY19355-01", "type": "Steel Composite Bridge / Drift", "span": 18.0, "condition": "Fair", "district": "Mityana"}}, {"type": "Feature", "geometry": {"type": "Point", "coordinates": [32.09932, 0.62458]}, "properties": {"code": "STR-MITY19390-01", "type": "Reinforced Concrete Bridge", "span": 24.5, "condition": "Fair", "district": "Mityana"}}, {"type": "Feature", "geometry": {"type": "Point", "coordinates": [32.13589, 0.63719]}, "properties": {"code": "STR-MITY19425-01", "type": "Concrete Box Culvert (Twin Cell)", "span": 4.5, "condition": "Poor", "district": "Mityana"}}, {"type": "Feature", "geometry": {"type": "Point", "coordinates": [32.14194, 0.66271]}, "properties": {"code": "STR-MITY19460-01", "type": "Concrete Box Culvert (Single Cell)", "span": 4.5, "condition": "Poor", "district": "Mityana"}}, {"type": "Feature", "geometry": {"type": "Point", "coordinates": [32.17547, 0.63815]}, "properties": {"code": "STR-MITY19495-01", "type": "Steel Composite Bridge / Drift", "span": 18.0, "condition": "Fair", "district": "Mityana"}}, {"type": "Feature", "geometry": {"type": "Point", "coordinates": [32.19781, 0.62301]}, "properties": {"code": "STR-MITY19530-01", "type": "Reinforced Concrete Bridge", "span": 24.5, "condition": "Fair", "district": "Mityana"}}, {"type": "Feature", "geometry": {"type": "Point", "coordinates": [32.20814, 0.63663]}, "properties": {"code": "STR-NAKA19565-01", "type": "Concrete Box Culvert (Twin Cell)", "span": 4.5, "condition": "Fair", "district": "Nakaseke"}}, {"type": "Feature", "geometry": {"type": "Point", "coordinates": [32.27147, 0.63523]}, "properties": {"code": "STR-NAKA19600-01", "type": "Concrete Box Culvert (Single Cell)", "span": 4.5, "condition": "Fair", "district": "Nakaseke"}}, {"type": "Feature", "geometry": {"type": "Point", "coordinates": [32.24665, 0.68206]}, "properties": {"code": "STR-NAKA19635-01", "type": "Steel Composite Bridge / Drift", "span": 18.0, "condition": "Fair", "district": "Nakaseke"}}, {"type": "Feature", "geometry": {"type": "Point", "coordinates": [32.2601, 0.69298]}, "properties": {"code": "STR-NAKA19670-01", "type": "Reinforced Concrete Bridge", "span": 24.5, "condition": "Fair", "district": "Nakaseke"}}, {"type": "Feature", "geometry": {"type": "Point", "coordinates": [32.1894, 0.67903]}, "properties": {"code": "STR-NAKA19705-01", "type": "Concrete Box Culvert (Twin Cell)", "span": 4.5, "condition": "Fair", "district": "Nakaseke"}}, {"type": "Feature", "geometry": {"type": "Point", "coordinates": [32.24421, 0.82674]}, "properties": {"code": "STR-NAKA19740-01", "type": "Concrete Box Culvert (Single Cell)", "span": 4.5, "condition": "Fair", "district": "Nakaseke"}}, {"type": "Feature", "geometry": {"type": "Point", "coordinates": [32.31454, 0.73231]}, "properties": {"code": "STR-NAKA19775-01", "type": "Steel Composite Bridge / Drift", "span": 18.0, "condition": "Fair", "district": "Nakaseke"}}, {"type": "Feature", "geometry": {"type": "Point", "coordinates": [32.30952, 0.76596]}, "properties": {"code": "STR-NAKA19810-01", "type": "Reinforced Concrete Bridge", "span": 24.5, "condition": "Poor", "district": "Nakaseke"}}, {"type": "Feature", "geometry": {"type": "Point", "coordinates": [32.2898, 0.79444]}, "properties": {"code": "STR-NAKA19845-01", "type": "Concrete Box Culvert (Twin Cell)", "span": 4.5, "condition": "Fair", "district": "Nakaseke"}}, {"type": "Feature", "geometry": {"type": "Point", "coordinates": [32.36062, 0.83979]}, "properties": {"code": "STR-NAKA19880-01", "type": "Concrete Box Culvert (Single Cell)", "span": 4.5, "condition": "Poor", "district": "Nakaseke"}}, {"type": "Feature", "geometry": {"type": "Point", "coordinates": [32.3493, 0.78499]}, "properties": {"code": "STR-NAKA19915-01", "type": "Steel Composite Bridge / Drift", "span": 18.0, "condition": "Fair", "district": "Nakaseke"}}, {"type": "Feature", "geometry": {"type": "Point", "coordinates": [32.33211, 0.69047]}, "properties": {"code": "STR-NAKA19950-01", "type": "Reinforced Concrete Bridge", "span": 24.5, "condition": "Fair", "district": "Nakaseke"}}, {"type": "Feature", "geometry": {"type": "Point", "coordinates": [32.31477, 0.70052]}, "properties": {"code": "STR-NAKA19985-01", "type": "Concrete Box Culvert (Twin Cell)", "span": 4.5, "condition": "Fair", "district": "Nakaseke"}}, {"type": "Feature", "geometry": {"type": "Point", "coordinates": [32.2874, 0.62028]}, "properties": {"code": "STR-NAKA20020-01", "type": "Concrete Box Culvert (Single Cell)", "span": 4.5, "condition": "Fair", "district": "Nakaseke"}}, {"type": "Feature", "geometry": {"type": "Point", "coordinates": [32.33095, 0.62657]}, "properties": {"code": "STR-NAKA20055-01", "type": "Steel Composite Bridge / Drift", "span": 18.0, "condition": "Fair", "district": "Nakaseke"}}, {"type": "Feature", "geometry": {"type": "Point", "coordinates": [32.3305, 0.61999]}, "properties": {"code": "STR-NAKA20090-01", "type": "Reinforced Concrete Bridge", "span": 24.5, "condition": "Fair", "district": "Nakaseke"}}, {"type": "Feature", "geometry": {"type": "Point", "coordinates": [32.32581, 0.63787]}, "properties": {"code": "STR-NAKA20125-01", "type": "Concrete Box Culvert (Twin Cell)", "span": 4.5, "condition": "Fair", "district": "Nakaseke"}}, {"type": "Feature", "geometry": {"type": "Point", "coordinates": [32.37081, 0.62845]}, "properties": {"code": "STR-LUWE20160-01", "type": "Concrete Box Culvert (Single Cell)", "span": 4.5, "condition": "Fair", "district": "Luwero"}}, {"type": "Feature", "geometry": {"type": "Point", "coordinates": [33.77611, 1.6627]}, "properties": {"code": "STR-NGOR20195-01", "type": "Steel Composite Bridge / Drift", "span": 18.0, "condition": "Fair", "district": "Ngora"}}, {"type": "Feature", "geometry": {"type": "Point", "coordinates": [33.72086, 1.67015]}, "properties": {"code": "STR-SORO20230-01", "type": "Reinforced Concrete Bridge", "span": 24.5, "condition": "Fair", "district": "Soroti"}}, {"type": "Feature", "geometry": {"type": "Point", "coordinates": [33.75034, 1.71076]}, "properties": {"code": "STR-SORO20265-01", "type": "Concrete Box Culvert (Twin Cell)", "span": 4.5, "condition": "Poor", "district": "Soroti"}}, {"type": "Feature", "geometry": {"type": "Point", "coordinates": [33.70867, 1.72328]}, "properties": {"code": "STR-SORO20300-01", "type": "Concrete Box Culvert (Single Cell)", "span": 4.5, "condition": "Poor", "district": "Soroti"}}, {"type": "Feature", "geometry": {"type": "Point", "coordinates": [33.67582, 1.71894]}, "properties": {"code": "STR-SORO20335-01", "type": "Steel Composite Bridge / Drift", "span": 18.0, "condition": "Poor", "district": "Soroti"}}, {"type": "Feature", "geometry": {"type": "Point", "coordinates": [33.67854, 1.72051]}, "properties": {"code": "STR-SORO20370-01", "type": "Reinforced Concrete Bridge", "span": 24.5, "condition": "Poor", "district": "Soroti"}}, {"type": "Feature", "geometry": {"type": "Point", "coordinates": [33.6744, 1.73423]}, "properties": {"code": "STR-SORO20405-01", "type": "Concrete Box Culvert (Twin Cell)", "span": 4.5, "condition": "Fair", "district": "Soroti"}}, {"type": "Feature", "geometry": {"type": "Point", "coordinates": [33.64092, 1.75188]}, "properties": {"code": "STR-SORO20440-01", "type": "Concrete Box Culvert (Single Cell)", "span": 4.5, "condition": "Fair", "district": "Soroti"}}, {"type": "Feature", "geometry": {"type": "Point", "coordinates": [33.64723, 1.71889]}, "properties": {"code": "STR-SORO20475-01", "type": "Steel Composite Bridge / Drift", "span": 18.0, "condition": "Fair", "district": "Soroti"}}, {"type": "Feature", "geometry": {"type": "Point", "coordinates": [33.63546, 1.70738]}, "properties": {"code": "STR-SORO20510-01", "type": "Reinforced Concrete Bridge", "span": 24.5, "condition": "Good", "district": "Soroti"}}, {"type": "Feature", "geometry": {"type": "Point", "coordinates": [33.64628, 1.70359]}, "properties": {"code": "STR-SORO20545-01", "type": "Concrete Box Culvert (Twin Cell)", "span": 4.5, "condition": "Fair", "district": "Soroti"}}, {"type": "Feature", "geometry": {"type": "Point", "coordinates": [33.66801, 1.71504]}, "properties": {"code": "STR-SORO20580-01", "type": "Concrete Box Culvert (Single Cell)", "span": 4.5, "condition": "Poor", "district": "Soroti"}}, {"type": "Feature", "geometry": {"type": "Point", "coordinates": [33.64632, 1.69394]}, "properties": {"code": "STR-SORO20615-01", "type": "Steel Composite Bridge / Drift", "span": 18.0, "condition": "Fair", "district": "Soroti"}}, {"type": "Feature", "geometry": {"type": "Point", "coordinates": [33.64346, 1.68096]}, "properties": {"code": "STR-SORO20650-01", "type": "Reinforced Concrete Bridge", "span": 24.5, "condition": "Fair", "district": "Soroti"}}, {"type": "Feature", "geometry": {"type": "Point", "coordinates": [33.67632, 1.67986]}, "properties": {"code": "STR-SORO20685-01", "type": "Concrete Box Culvert (Twin Cell)", "span": 4.5, "condition": "Fair", "district": "Soroti"}}, {"type": "Feature", "geometry": {"type": "Point", "coordinates": [33.69168, 1.67413]}, "properties": {"code": "STR-SORO20720-01", "type": "Concrete Box Culvert (Single Cell)", "span": 4.5, "condition": "Fair", "district": "Soroti"}}, {"type": "Feature", "geometry": {"type": "Point", "coordinates": [33.69651, 1.60184]}, "properties": {"code": "STR-SORO20755-01", "type": "Steel Composite Bridge / Drift", "span": 18.0, "condition": "Fair", "district": "Soroti"}}, {"type": "Feature", "geometry": {"type": "Point", "coordinates": [33.6791, 1.59469]}, "properties": {"code": "STR-SORO20790-01", "type": "Reinforced Concrete Bridge", "span": 24.5, "condition": "Poor", "district": "Soroti"}}, {"type": "Feature", "geometry": {"type": "Point", "coordinates": [33.68604, 1.6194]}, "properties": {"code": "STR-SORO20825-01", "type": "Concrete Box Culvert (Twin Cell)", "span": 4.5, "condition": "Poor", "district": "Soroti"}}, {"type": "Feature", "geometry": {"type": "Point", "coordinates": [33.64592, 1.55549]}, "properties": {"code": "STR-SERE20860-01", "type": "Concrete Box Culvert (Single Cell)", "span": 4.5, "condition": "Fair", "district": "Serere"}}, {"type": "Feature", "geometry": {"type": "Point", "coordinates": [33.74849, 1.52772]}, "properties": {"code": "STR-NGOR20895-01", "type": "Steel Composite Bridge / Drift", "span": 18.0, "condition": "Fair", "district": "Ngora"}}, {"type": "Feature", "geometry": {"type": "Point", "coordinates": [33.80495, 1.61509]}, "properties": {"code": "STR-NGOR20930-01", "type": "Reinforced Concrete Bridge", "span": 24.5, "condition": "Fair", "district": "Ngora"}}, {"type": "Feature", "geometry": {"type": "Point", "coordinates": [33.8043, 1.58773]}, "properties": {"code": "STR-NGOR20965-01", "type": "Concrete Box Culvert (Twin Cell)", "span": 4.5, "condition": "Fair", "district": "Ngora"}}, {"type": "Feature", "geometry": {"type": "Point", "coordinates": [33.76971, 1.57286]}, "properties": {"code": "STR-NGOR21000-01", "type": "Concrete Box Culvert (Single Cell)", "span": 4.5, "condition": "Poor", "district": "Ngora"}}, {"type": "Feature", "geometry": {"type": "Point", "coordinates": [33.82228, 1.53384]}, "properties": {"code": "STR-NGOR21035-01", "type": "Steel Composite Bridge / Drift", "span": 18.0, "condition": "Fair", "district": "Ngora"}}, {"type": "Feature", "geometry": {"type": "Point", "coordinates": [33.83937, 1.57913]}, "properties": {"code": "STR-NGOR21070-01", "type": "Reinforced Concrete Bridge", "span": 24.5, "condition": "Poor", "district": "Ngora"}}, {"type": "Feature", "geometry": {"type": "Point", "coordinates": [33.82946, 1.54108]}, "properties": {"code": "STR-NGOR21105-01", "type": "Concrete Box Culvert (Twin Cell)", "span": 4.5, "condition": "Fair", "district": "Ngora"}}, {"type": "Feature", "geometry": {"type": "Point", "coordinates": [33.86544, 1.54137]}, "properties": {"code": "STR-NGOR21140-01", "type": "Concrete Box Culvert (Single Cell)", "span": 4.5, "condition": "Fair", "district": "Ngora"}}, {"type": "Feature", "geometry": {"type": "Point", "coordinates": [33.88819, 1.56539]}, "properties": {"code": "STR-KUMI21175-01", "type": "Steel Composite Bridge / Drift", "span": 18.0, "condition": "Fair", "district": "Kumi"}}, {"type": "Feature", "geometry": {"type": "Point", "coordinates": [33.8602, 1.56965]}, "properties": {"code": "STR-NGOR21210-01", "type": "Reinforced Concrete Bridge", "span": 24.5, "condition": "Fair", "district": "Ngora"}}, {"type": "Feature", "geometry": {"type": "Point", "coordinates": [33.86247, 1.6052]}, "properties": {"code": "STR-NGOR21245-01", "type": "Concrete Box Culvert (Twin Cell)", "span": 4.5, "condition": "Poor", "district": "Ngora"}}, {"type": "Feature", "geometry": {"type": "Point", "coordinates": [33.87745, 1.59995]}, "properties": {"code": "STR-NGOR21280-01", "type": "Concrete Box Culvert (Single Cell)", "span": 4.5, "condition": "Poor", "district": "Ngora"}}, {"type": "Feature", "geometry": {"type": "Point", "coordinates": [33.87118, 1.63521]}, "properties": {"code": "STR-NGOR21315-01", "type": "Steel Composite Bridge / Drift", "span": 18.0, "condition": "Fair", "district": "Ngora"}}, {"type": "Feature", "geometry": {"type": "Point", "coordinates": [33.83148, 1.64162]}, "properties": {"code": "STR-NGOR21350-01", "type": "Reinforced Concrete Bridge", "span": 24.5, "condition": "Fair", "district": "Ngora"}}, {"type": "Feature", "geometry": {"type": "Point", "coordinates": [33.83932, 1.61549]}, "properties": {"code": "STR-NGOR21385-01", "type": "Concrete Box Culvert (Twin Cell)", "span": 4.5, "condition": "Poor", "district": "Ngora"}}, {"type": "Feature", "geometry": {"type": "Point", "coordinates": [33.84798, 1.62189]}, "properties": {"code": "STR-NGOR21420-01", "type": "Concrete Box Culvert (Single Cell)", "span": 4.5, "condition": "Fair", "district": "Ngora"}}, {"type": "Feature", "geometry": {"type": "Point", "coordinates": [33.84513, 1.60947]}, "properties": {"code": "STR-NGOR21455-01", "type": "Steel Composite Bridge / Drift", "span": 18.0, "condition": "Fair", "district": "Ngora"}}, {"type": "Feature", "geometry": {"type": "Point", "coordinates": [33.8156, 1.604]}, "properties": {"code": "STR-NGOR21490-01", "type": "Reinforced Concrete Bridge", "span": 24.5, "condition": "Fair", "district": "Ngora"}}, {"type": "Feature", "geometry": {"type": "Point", "coordinates": [33.8284, 1.63913]}, "properties": {"code": "STR-NGOR21525-01", "type": "Concrete Box Culvert (Twin Cell)", "span": 4.5, "condition": "Fair", "district": "Ngora"}}, {"type": "Feature", "geometry": {"type": "Point", "coordinates": [33.83056, 1.64338]}, "properties": {"code": "STR-NGOR21560-01", "type": "Concrete Box Culvert (Single Cell)", "span": 4.5, "condition": "Fair", "district": "Ngora"}}, {"type": "Feature", "geometry": {"type": "Point", "coordinates": [33.83978, 1.65119]}, "properties": {"code": "STR-NGOR21595-01", "type": "Steel Composite Bridge / Drift", "span": 18.0, "condition": "Fair", "district": "Ngora"}}, {"type": "Feature", "geometry": {"type": "Point", "coordinates": [33.85229, 1.71642]}, "properties": {"code": "STR-KATA21630-01", "type": "Reinforced Concrete Bridge", "span": 24.5, "condition": "Poor", "district": "Katakwi"}}, {"type": "Feature", "geometry": {"type": "Point", "coordinates": [33.85686, 1.6518]}, "properties": {"code": "STR-NGOR21665-01", "type": "Concrete Box Culvert (Twin Cell)", "span": 4.5, "condition": "Fair", "district": "Ngora"}}, {"type": "Feature", "geometry": {"type": "Point", "coordinates": [33.96282, 1.75199]}, "properties": {"code": "STR-KATA21700-01", "type": "Concrete Box Culvert (Single Cell)", "span": 4.5, "condition": "Fair", "district": "Katakwi"}}, {"type": "Feature", "geometry": {"type": "Point", "coordinates": [33.96134, 1.59911]}, "properties": {"code": "STR-KUMI21735-01", "type": "Steel Composite Bridge / Drift", "span": 18.0, "condition": "Fair", "district": "Kumi"}}, {"type": "Feature", "geometry": {"type": "Point", "coordinates": [33.91593, 1.60286]}, "properties": {"code": "STR-KUMI21770-01", "type": "Reinforced Concrete Bridge", "span": 24.5, "condition": "Fair", "district": "Kumi"}}, {"type": "Feature", "geometry": {"type": "Point", "coordinates": [33.92598, 1.59755]}, "properties": {"code": "STR-KUMI21805-01", "type": "Concrete Box Culvert (Twin Cell)", "span": 4.5, "condition": "Fair", "district": "Kumi"}}, {"type": "Feature", "geometry": {"type": "Point", "coordinates": [33.94361, 1.58011]}, "properties": {"code": "STR-KUMI21840-01", "type": "Concrete Box Culvert (Single Cell)", "span": 4.5, "condition": "Fair", "district": "Kumi"}}, {"type": "Feature", "geometry": {"type": "Point", "coordinates": [33.90118, 1.5586]}, "properties": {"code": "STR-KUMI21875-01", "type": "Steel Composite Bridge / Drift", "span": 18.0, "condition": "Fair", "district": "Kumi"}}, {"type": "Feature", "geometry": {"type": "Point", "coordinates": [33.94774, 1.54523]}, "properties": {"code": "STR-KUMI21910-01", "type": "Reinforced Concrete Bridge", "span": 24.5, "condition": "Fair", "district": "Kumi"}}, {"type": "Feature", "geometry": {"type": "Point", "coordinates": [33.95401, 1.57231]}, "properties": {"code": "STR-KUMI21945-01", "type": "Concrete Box Culvert (Twin Cell)", "span": 4.5, "condition": "Fair", "district": "Kumi"}}, {"type": "Feature", "geometry": {"type": "Point", "coordinates": [33.95629, 1.56875]}, "properties": {"code": "STR-KUMI21980-01", "type": "Concrete Box Culvert (Single Cell)", "span": 4.5, "condition": "Fair", "district": "Kumi"}}, {"type": "Feature", "geometry": {"type": "Point", "coordinates": [33.96772, 1.57845]}, "properties": {"code": "STR-KUMI22015-01", "type": "Steel Composite Bridge / Drift", "span": 18.0, "condition": "Fair", "district": "Kumi"}}, {"type": "Feature", "geometry": {"type": "Point", "coordinates": [33.97628, 1.52876]}, "properties": {"code": "STR-KUMI22050-01", "type": "Reinforced Concrete Bridge", "span": 24.5, "condition": "Fair", "district": "Kumi"}}, {"type": "Feature", "geometry": {"type": "Point", "coordinates": [33.99008, 1.5824]}, "properties": {"code": "STR-KUMI22085-01", "type": "Concrete Box Culvert (Twin Cell)", "span": 4.5, "condition": "Fair", "district": "Kumi"}}, {"type": "Feature", "geometry": {"type": "Point", "coordinates": [34.04491, 1.58603]}, "properties": {"code": "STR-KUMI22120-01", "type": "Concrete Box Culvert (Single Cell)", "span": 4.5, "condition": "Fair", "district": "Kumi"}}, {"type": "Feature", "geometry": {"type": "Point", "coordinates": [34.06394, 1.53128]}, "properties": {"code": "STR-KUMI22155-01", "type": "Steel Composite Bridge / Drift", "span": 18.0, "condition": "Fair", "district": "Kumi"}}, {"type": "Feature", "geometry": {"type": "Point", "coordinates": [34.00352, 1.75267]}, "properties": {"code": "STR-KATA22190-01", "type": "Reinforced Concrete Bridge", "span": 24.5, "condition": "Poor", "district": "Katakwi"}}, {"type": "Feature", "geometry": {"type": "Point", "coordinates": [33.9945, 1.82154]}, "properties": {"code": "STR-KATA22225-01", "type": "Concrete Box Culvert (Twin Cell)", "span": 4.5, "condition": "Poor", "district": "Katakwi"}}, {"type": "Feature", "geometry": {"type": "Point", "coordinates": [34.24708, 1.1122]}, "properties": {"code": "STR-MBAL22260-01", "type": "Concrete Box Culvert (Single Cell)", "span": 4.5, "condition": "Poor", "district": "Mbale"}}, {"type": "Feature", "geometry": {"type": "Point", "coordinates": [34.24976, 1.09346]}, "properties": {"code": "STR-MBAL22295-01", "type": "Steel Composite Bridge / Drift", "span": 18.0, "condition": "Fair", "district": "Mbale"}}, {"type": "Feature", "geometry": {"type": "Point", "coordinates": [34.24643, 1.09854]}, "properties": {"code": "STR-MBAL22330-01", "type": "Reinforced Concrete Bridge", "span": 24.5, "condition": "Fair", "district": "Mbale"}}, {"type": "Feature", "geometry": {"type": "Point", "coordinates": [34.21639, 1.09006]}, "properties": {"code": "STR-MBAL22365-01", "type": "Concrete Box Culvert (Twin Cell)", "span": 4.5, "condition": "Fair", "district": "Mbale"}}, {"type": "Feature", "geometry": {"type": "Point", "coordinates": [34.22105, 1.11284]}, "properties": {"code": "STR-MBAL22400-01", "type": "Concrete Box Culvert (Single Cell)", "span": 4.5, "condition": "Poor", "district": "Mbale"}}, {"type": "Feature", "geometry": {"type": "Point", "coordinates": [34.22625, 1.10483]}, "properties": {"code": "STR-MBAL22435-01", "type": "Steel Composite Bridge / Drift", "span": 18.0, "condition": "Poor", "district": "Mbale"}}, {"type": "Feature", "geometry": {"type": "Point", "coordinates": [34.22107, 1.12447]}, "properties": {"code": "STR-MBAL22470-01", "type": "Reinforced Concrete Bridge", "span": 24.5, "condition": "Fair", "district": "Mbale"}}, {"type": "Feature", "geometry": {"type": "Point", "coordinates": [34.20889, 1.12249]}, "properties": {"code": "STR-MBAL22505-01", "type": "Concrete Box Culvert (Twin Cell)", "span": 4.5, "condition": "Poor", "district": "Mbale"}}, {"type": "Feature", "geometry": {"type": "Point", "coordinates": [34.19536, 1.12913]}, "properties": {"code": "STR-MBAL22540-01", "type": "Concrete Box Culvert (Single Cell)", "span": 4.5, "condition": "Poor", "district": "Mbale"}}, {"type": "Feature", "geometry": {"type": "Point", "coordinates": [34.19509, 1.11676]}, "properties": {"code": "STR-MBAL22575-01", "type": "Steel Composite Bridge / Drift", "span": 18.0, "condition": "Good", "district": "Mbale"}}, {"type": "Feature", "geometry": {"type": "Point", "coordinates": [34.19494, 1.10595]}, "properties": {"code": "STR-MBAL22610-01", "type": "Reinforced Concrete Bridge", "span": 24.5, "condition": "Fair", "district": "Mbale"}}, {"type": "Feature", "geometry": {"type": "Point", "coordinates": [34.2016, 1.10998]}, "properties": {"code": "STR-MBAL22645-01", "type": "Concrete Box Culvert (Twin Cell)", "span": 4.5, "condition": "Good", "district": "Mbale"}}, {"type": "Feature", "geometry": {"type": "Point", "coordinates": [34.20362, 1.09295]}, "properties": {"code": "STR-MBAL22680-01", "type": "Concrete Box Culvert (Single Cell)", "span": 4.5, "condition": "Fair", "district": "Mbale"}}, {"type": "Feature", "geometry": {"type": "Point", "coordinates": [34.19925, 1.08648]}, "properties": {"code": "STR-MBAL22715-01", "type": "Steel Composite Bridge / Drift", "span": 18.0, "condition": "Fair", "district": "Mbale"}}, {"type": "Feature", "geometry": {"type": "Point", "coordinates": [34.1917, 1.08681]}, "properties": {"code": "STR-MBAL22750-01", "type": "Reinforced Concrete Bridge", "span": 24.5, "condition": "Fair", "district": "Mbale"}}, {"type": "Feature", "geometry": {"type": "Point", "coordinates": [34.19995, 1.09721]}, "properties": {"code": "STR-MBAL22785-01", "type": "Concrete Box Culvert (Twin Cell)", "span": 4.5, "condition": "Fair", "district": "Mbale"}}, {"type": "Feature", "geometry": {"type": "Point", "coordinates": [34.17891, 1.0949]}, "properties": {"code": "STR-MBAL22820-01", "type": "Concrete Box Culvert (Single Cell)", "span": 4.5, "condition": "Good", "district": "Mbale"}}, {"type": "Feature", "geometry": {"type": "Point", "coordinates": [34.18619, 1.08798]}, "properties": {"code": "STR-MBAL22855-01", "type": "Steel Composite Bridge / Drift", "span": 18.0, "condition": "Fair", "district": "Mbale"}}, {"type": "Feature", "geometry": {"type": "Point", "coordinates": [34.18476, 1.07999]}, "properties": {"code": "STR-MBAL22890-01", "type": "Reinforced Concrete Bridge", "span": 24.5, "condition": "Fair", "district": "Mbale"}}, {"type": "Feature", "geometry": {"type": "Point", "coordinates": [34.18059, 1.08564]}, "properties": {"code": "STR-MBAL22925-01", "type": "Concrete Box Culvert (Twin Cell)", "span": 4.5, "condition": "Poor", "district": "Mbale"}}, {"type": "Feature", "geometry": {"type": "Point", "coordinates": [34.17807, 1.07831]}, "properties": {"code": "STR-MBAL22960-01", "type": "Concrete Box Culvert (Single Cell)", "span": 4.5, "condition": "Fair", "district": "Mbale"}}, {"type": "Feature", "geometry": {"type": "Point", "coordinates": [34.17601, 1.07604]}, "properties": {"code": "STR-MBAL22995-01", "type": "Steel Composite Bridge / Drift", "span": 18.0, "condition": "Poor", "district": "Mbale"}}, {"type": "Feature", "geometry": {"type": "Point", "coordinates": [34.17017, 1.08081]}, "properties": {"code": "STR-MBAL23030-01", "type": "Reinforced Concrete Bridge", "span": 24.5, "condition": "Poor", "district": "Mbale"}}, {"type": "Feature", "geometry": {"type": "Point", "coordinates": [34.17733, 1.09024]}, "properties": {"code": "STR-MBAL23065-01", "type": "Concrete Box Culvert (Twin Cell)", "span": 4.5, "condition": "Fair", "district": "Mbale"}}, {"type": "Feature", "geometry": {"type": "Point", "coordinates": [34.17792, 1.10144]}, "properties": {"code": "STR-MBAL23100-01", "type": "Concrete Box Culvert (Single Cell)", "span": 4.5, "condition": "Fair", "district": "Mbale"}}, {"type": "Feature", "geometry": {"type": "Point", "coordinates": [34.17001, 1.11532]}, "properties": {"code": "STR-MBAL23135-01", "type": "Steel Composite Bridge / Drift", "span": 18.0, "condition": "Poor", "district": "Mbale"}}, {"type": "Feature", "geometry": {"type": "Point", "coordinates": [34.1744, 1.10912]}, "properties": {"code": "STR-MBAL23170-01", "type": "Reinforced Concrete Bridge", "span": 24.5, "condition": "Fair", "district": "Mbale"}}, {"type": "Feature", "geometry": {"type": "Point", "coordinates": [34.18516, 1.12544]}, "properties": {"code": "STR-MBAL23205-01", "type": "Concrete Box Culvert (Twin Cell)", "span": 4.5, "condition": "Fair", "district": "Mbale"}}, {"type": "Feature", "geometry": {"type": "Point", "coordinates": [34.16875, 1.11587]}, "properties": {"code": "STR-MBAL23240-01", "type": "Concrete Box Culvert (Single Cell)", "span": 4.5, "condition": "Good", "district": "Mbale"}}, {"type": "Feature", "geometry": {"type": "Point", "coordinates": [34.16873, 1.13983]}, "properties": {"code": "STR-MBAL23275-01", "type": "Steel Composite Bridge / Drift", "span": 18.0, "condition": "Fair", "district": "Mbale"}}, {"type": "Feature", "geometry": {"type": "Point", "coordinates": [34.19032, 1.13389]}, "properties": {"code": "STR-MBAL23310-01", "type": "Reinforced Concrete Bridge", "span": 24.5, "condition": "Poor", "district": "Mbale"}}, {"type": "Feature", "geometry": {"type": "Point", "coordinates": [34.19174, 1.13878]}, "properties": {"code": "STR-MBAL23345-01", "type": "Concrete Box Culvert (Twin Cell)", "span": 4.5, "condition": "Poor", "district": "Mbale"}}, {"type": "Feature", "geometry": {"type": "Point", "coordinates": [34.19719, 1.14117]}, "properties": {"code": "STR-MBAL23380-01", "type": "Concrete Box Culvert (Single Cell)", "span": 4.5, "condition": "Fair", "district": "Mbale"}}, {"type": "Feature", "geometry": {"type": "Point", "coordinates": [34.20385, 1.1323]}, "properties": {"code": "STR-MBAL23415-01", "type": "Steel Composite Bridge / Drift", "span": 18.0, "condition": "Poor", "district": "Mbale"}}, {"type": "Feature", "geometry": {"type": "Point", "coordinates": [34.21085, 1.14599]}, "properties": {"code": "STR-MBAL23450-01", "type": "Reinforced Concrete Bridge", "span": 24.5, "condition": "Fair", "district": "Mbale"}}, {"type": "Feature", "geometry": {"type": "Point", "coordinates": [34.19093, 1.14921]}, "properties": {"code": "STR-MBAL23485-01", "type": "Concrete Box Culvert (Twin Cell)", "span": 4.5, "condition": "Poor", "district": "Mbale"}}, {"type": "Feature", "geometry": {"type": "Point", "coordinates": [34.20095, 1.15932]}, "properties": {"code": "STR-MBAL23520-01", "type": "Concrete Box Culvert (Single Cell)", "span": 4.5, "condition": "Fair", "district": "Mbale"}}, {"type": "Feature", "geometry": {"type": "Point", "coordinates": [34.17319, 1.16433]}, "properties": {"code": "STR-MBAL23555-01", "type": "Steel Composite Bridge / Drift", "span": 18.0, "condition": "Poor", "district": "Mbale"}}, {"type": "Feature", "geometry": {"type": "Point", "coordinates": [34.19464, 1.24345]}, "properties": {"code": "STR-BUKE23590-01", "type": "Reinforced Concrete Bridge", "span": 24.5, "condition": "Poor", "district": "Bukedea"}}, {"type": "Feature", "geometry": {"type": "Point", "coordinates": [34.20338, 1.22014]}, "properties": {"code": "STR-SIRO23625-01", "type": "Concrete Box Culvert (Twin Cell)", "span": 4.5, "condition": "Poor", "district": "Sironko"}}, {"type": "Feature", "geometry": {"type": "Point", "coordinates": [34.19692, 1.21354]}, "properties": {"code": "STR-SIRO23660-01", "type": "Concrete Box Culvert (Single Cell)", "span": 4.5, "condition": "Poor", "district": "Sironko"}}, {"type": "Feature", "geometry": {"type": "Point", "coordinates": [34.21753, 1.20521]}, "properties": {"code": "STR-SIRO23695-01", "type": "Steel Composite Bridge / Drift", "span": 18.0, "condition": "Poor", "district": "Sironko"}}, {"type": "Feature", "geometry": {"type": "Point", "coordinates": [34.2324, 1.18789]}, "properties": {"code": "STR-SIRO23730-01", "type": "Reinforced Concrete Bridge", "span": 24.5, "condition": "Poor", "district": "Sironko"}}, {"type": "Feature", "geometry": {"type": "Point", "coordinates": [34.25093, 1.23015]}, "properties": {"code": "STR-SIRO23765-01", "type": "Concrete Box Culvert (Twin Cell)", "span": 4.5, "condition": "Fair", "district": "Sironko"}}, {"type": "Feature", "geometry": {"type": "Point", "coordinates": [34.25903, 1.23538]}, "properties": {"code": "STR-SIRO23800-01", "type": "Concrete Box Culvert (Single Cell)", "span": 4.5, "condition": "Poor", "district": "Sironko"}}, {"type": "Feature", "geometry": {"type": "Point", "coordinates": [34.24213, 1.23059]}, "properties": {"code": "STR-SIRO23835-01", "type": "Steel Composite Bridge / Drift", "span": 18.0, "condition": "Poor", "district": "Sironko"}}, {"type": "Feature", "geometry": {"type": "Point", "coordinates": [34.23507, 1.22715]}, "properties": {"code": "STR-SIRO23870-01", "type": "Reinforced Concrete Bridge", "span": 24.5, "condition": "Poor", "district": "Sironko"}}, {"type": "Feature", "geometry": {"type": "Point", "coordinates": [34.21543, 1.24784]}, "properties": {"code": "STR-SIRO23905-01", "type": "Concrete Box Culvert (Twin Cell)", "span": 4.5, "condition": "Poor", "district": "Sironko"}}, {"type": "Feature", "geometry": {"type": "Point", "coordinates": [34.23649, 1.24887]}, "properties": {"code": "STR-SIRO23940-01", "type": "Concrete Box Culvert (Single Cell)", "span": 4.5, "condition": "Poor", "district": "Sironko"}}, {"type": "Feature", "geometry": {"type": "Point", "coordinates": [34.20804, 1.2582]}, "properties": {"code": "STR-BUKE23975-01", "type": "Steel Composite Bridge / Drift", "span": 18.0, "condition": "Poor", "district": "Bukedea"}}, {"type": "Feature", "geometry": {"type": "Point", "coordinates": [34.19703, 1.25686]}, "properties": {"code": "STR-BUKE24010-01", "type": "Reinforced Concrete Bridge", "span": 24.5, "condition": "Poor", "district": "Bukedea"}}, {"type": "Feature", "geometry": {"type": "Point", "coordinates": [34.19144, 1.24675]}, "properties": {"code": "STR-BUKE24045-01", "type": "Concrete Box Culvert (Twin Cell)", "span": 4.5, "condition": "Poor", "district": "Bukedea"}}, {"type": "Feature", "geometry": {"type": "Point", "coordinates": [34.19223, 1.25423]}, "properties": {"code": "STR-BUKE24080-01", "type": "Concrete Box Culvert (Single Cell)", "span": 4.5, "condition": "Poor", "district": "Bukedea"}}, {"type": "Feature", "geometry": {"type": "Point", "coordinates": [34.19419, 1.25693]}, "properties": {"code": "STR-BUKE24115-01", "type": "Steel Composite Bridge / Drift", "span": 18.0, "condition": "Poor", "district": "Bukedea"}}, {"type": "Feature", "geometry": {"type": "Point", "coordinates": [34.19832, 1.26472]}, "properties": {"code": "STR-BUKE24150-01", "type": "Reinforced Concrete Bridge", "span": 24.5, "condition": "Poor", "district": "Bukedea"}}, {"type": "Feature", "geometry": {"type": "Point", "coordinates": [34.18932, 1.26015]}, "properties": {"code": "STR-BUKE24185-01", "type": "Concrete Box Culvert (Twin Cell)", "span": 4.5, "condition": "Poor", "district": "Bukedea"}}, {"type": "Feature", "geometry": {"type": "Point", "coordinates": [34.13393, 1.30093]}, "properties": {"code": "STR-BUKE24220-01", "type": "Concrete Box Culvert (Single Cell)", "span": 4.5, "condition": "Fair", "district": "Bukedea"}}, {"type": "Feature", "geometry": {"type": "Point", "coordinates": [34.12015, 1.2134]}, "properties": {"code": "STR-BUKE24255-01", "type": "Steel Composite Bridge / Drift", "span": 18.0, "condition": "Fair", "district": "Bukedea"}}, {"type": "Feature", "geometry": {"type": "Point", "coordinates": [32.63126, 0.25858]}, "properties": {"code": "STR-KAMP24290-01", "type": "Reinforced Concrete Bridge", "span": 24.5, "condition": "Poor", "district": "Kampala"}}, {"type": "Feature", "geometry": {"type": "Point", "coordinates": [32.63124, 0.2565]}, "properties": {"code": "STR-KAMP24325-01", "type": "Concrete Box Culvert (Twin Cell)", "span": 4.5, "condition": "Poor", "district": "Kampala"}}, {"type": "Feature", "geometry": {"type": "Point", "coordinates": [32.63468, 0.25562]}, "properties": {"code": "STR-KAMP24360-01", "type": "Concrete Box Culvert (Single Cell)", "span": 4.5, "condition": "Fair", "district": "Kampala"}}, {"type": "Feature", "geometry": {"type": "Point", "coordinates": [32.63137, 0.25411]}, "properties": {"code": "STR-KAMP24395-01", "type": "Steel Composite Bridge / Drift", "span": 18.0, "condition": "Good", "district": "Kampala"}}, {"type": "Feature", "geometry": {"type": "Point", "coordinates": [32.63091, 0.25389]}, "properties": {"code": "STR-KAMP24430-01", "type": "Reinforced Concrete Bridge", "span": 24.5, "condition": "Poor", "district": "Kampala"}}, {"type": "Feature", "geometry": {"type": "Point", "coordinates": [32.63061, 0.25504]}, "properties": {"code": "STR-KAMP24465-01", "type": "Concrete Box Culvert (Twin Cell)", "span": 4.5, "condition": "Poor", "district": "Kampala"}}, {"type": "Feature", "geometry": {"type": "Point", "coordinates": [32.6261, 0.24888]}, "properties": {"code": "STR-KAMP24500-01", "type": "Concrete Box Culvert (Single Cell)", "span": 4.5, "condition": "Fair", "district": "Kampala"}}, {"type": "Feature", "geometry": {"type": "Point", "coordinates": [32.62674, 0.25748]}, "properties": {"code": "STR-KAMP24535-01", "type": "Steel Composite Bridge / Drift", "span": 18.0, "condition": "Poor", "district": "Kampala"}}, {"type": "Feature", "geometry": {"type": "Point", "coordinates": [32.62919, 0.25583]}, "properties": {"code": "STR-KAMP24570-01", "type": "Reinforced Concrete Bridge", "span": 24.5, "condition": "Poor", "district": "Kampala"}}, {"type": "Feature", "geometry": {"type": "Point", "coordinates": [32.62988, 0.25805]}, "properties": {"code": "STR-KAMP24605-01", "type": "Concrete Box Culvert (Twin Cell)", "span": 4.5, "condition": "Poor", "district": "Kampala"}}, {"type": "Feature", "geometry": {"type": "Point", "coordinates": [32.62802, 0.25874]}, "properties": {"code": "STR-KAMP24640-01", "type": "Concrete Box Culvert (Single Cell)", "span": 4.5, "condition": "Poor", "district": "Kampala"}}, {"type": "Feature", "geometry": {"type": "Point", "coordinates": [32.62178, 0.25995]}, "properties": {"code": "STR-KAMP24675-01", "type": "Steel Composite Bridge / Drift", "span": 18.0, "condition": "Fair", "district": "Kampala"}}, {"type": "Feature", "geometry": {"type": "Point", "coordinates": [32.62312, 0.25463]}, "properties": {"code": "STR-KAMP24710-01", "type": "Reinforced Concrete Bridge", "span": 24.5, "condition": "Fair", "district": "Kampala"}}, {"type": "Feature", "geometry": {"type": "Point", "coordinates": [32.61968, 0.25161]}, "properties": {"code": "STR-KAMP24745-01", "type": "Concrete Box Culvert (Twin Cell)", "span": 4.5, "condition": "Fair", "district": "Kampala"}}, {"type": "Feature", "geometry": {"type": "Point", "coordinates": [32.61577, 0.2497]}, "properties": {"code": "STR-KAMP24780-01", "type": "Concrete Box Culvert (Single Cell)", "span": 4.5, "condition": "Poor", "district": "Kampala"}}, {"type": "Feature", "geometry": {"type": "Point", "coordinates": [32.61682, 0.26001]}, "properties": {"code": "STR-KAMP24815-01", "type": "Steel Composite Bridge / Drift", "span": 18.0, "condition": "Poor", "district": "Kampala"}}, {"type": "Feature", "geometry": {"type": "Point", "coordinates": [32.61386, 0.26585]}, "properties": {"code": "STR-KAMP24850-01", "type": "Reinforced Concrete Bridge", "span": 24.5, "condition": "Fair", "district": "Kampala"}}, {"type": "Feature", "geometry": {"type": "Point", "coordinates": [32.61965, 0.26492]}, "properties": {"code": "STR-KAMP24885-01", "type": "Concrete Box Culvert (Twin Cell)", "span": 4.5, "condition": "Fair", "district": "Kampala"}}, {"type": "Feature", "geometry": {"type": "Point", "coordinates": [32.6234, 0.26678]}, "properties": {"code": "STR-KAMP24920-01", "type": "Concrete Box Culvert (Single Cell)", "span": 4.5, "condition": "Good", "district": "Kampala"}}, {"type": "Feature", "geometry": {"type": "Point", "coordinates": [32.62091, 0.27034]}, "properties": {"code": "STR-KAMP24955-01", "type": "Steel Composite Bridge / Drift", "span": 18.0, "condition": "Poor", "district": "Kampala"}}, {"type": "Feature", "geometry": {"type": "Point", "coordinates": [32.62027, 0.27662]}, "properties": {"code": "STR-KAMP24990-01", "type": "Reinforced Concrete Bridge", "span": 24.5, "condition": "Fair", "district": "Kampala"}}, {"type": "Feature", "geometry": {"type": "Point", "coordinates": [32.61731, 0.27314]}, "properties": {"code": "STR-KAMP25025-01", "type": "Concrete Box Culvert (Twin Cell)", "span": 4.5, "condition": "Good", "district": "Kampala"}}, {"type": "Feature", "geometry": {"type": "Point", "coordinates": [32.61639, 0.27451]}, "properties": {"code": "STR-KAMP25060-01", "type": "Concrete Box Culvert (Single Cell)", "span": 4.5, "condition": "Good", "district": "Kampala"}}, {"type": "Feature", "geometry": {"type": "Point", "coordinates": [32.61036, 0.27462]}, "properties": {"code": "STR-KAMP25095-01", "type": "Steel Composite Bridge / Drift", "span": 18.0, "condition": "Fair", "district": "Kampala"}}, {"type": "Feature", "geometry": {"type": "Point", "coordinates": [32.61197, 0.26784]}, "properties": {"code": "STR-KAMP25130-01", "type": "Reinforced Concrete Bridge", "span": 24.5, "condition": "Fair", "district": "Kampala"}}, {"type": "Feature", "geometry": {"type": "Point", "coordinates": [32.61107, 0.26726]}, "properties": {"code": "STR-KAMP25165-01", "type": "Concrete Box Culvert (Twin Cell)", "span": 4.5, "condition": "Fair", "district": "Kampala"}}, {"type": "Feature", "geometry": {"type": "Point", "coordinates": [32.6036, 0.26424]}, "properties": {"code": "STR-KAMP25200-01", "type": "Concrete Box Culvert (Single Cell)", "span": 4.5, "condition": "Fair", "district": "Kampala"}}, {"type": "Feature", "geometry": {"type": "Point", "coordinates": [32.60645, 0.27099]}, "properties": {"code": "STR-KAMP25235-01", "type": "Steel Composite Bridge / Drift", "span": 18.0, "condition": "Fair", "district": "Kampala"}}, {"type": "Feature", "geometry": {"type": "Point", "coordinates": [32.60158, 0.27527]}, "properties": {"code": "STR-KAMP25270-01", "type": "Reinforced Concrete Bridge", "span": 24.5, "condition": "Fair", "district": "Kampala"}}, {"type": "Feature", "geometry": {"type": "Point", "coordinates": [32.60031, 0.27316]}, "properties": {"code": "STR-KAMP25305-01", "type": "Concrete Box Culvert (Twin Cell)", "span": 4.5, "condition": "Fair", "district": "Kampala"}}, {"type": "Feature", "geometry": {"type": "Point", "coordinates": [32.59475, 0.27252]}, "properties": {"code": "STR-KAMP25340-01", "type": "Concrete Box Culvert (Single Cell)", "span": 4.5, "condition": "Fair", "district": "Kampala"}}, {"type": "Feature", "geometry": {"type": "Point", "coordinates": [32.59548, 0.2717]}, "properties": {"code": "STR-KAMP25375-01", "type": "Steel Composite Bridge / Drift", "span": 18.0, "condition": "Fair", "district": "Kampala"}}, {"type": "Feature", "geometry": {"type": "Point", "coordinates": [32.27618, -0.02237]}, "properties": {"code": "STR-WAKI25410-01", "type": "Reinforced Concrete Bridge", "span": 24.5, "condition": "Poor", "district": "Wakiso"}}, {"type": "Feature", "geometry": {"type": "Point", "coordinates": [32.29228, -0.01484]}, "properties": {"code": "STR-WAKI25445-01", "type": "Concrete Box Culvert (Twin Cell)", "span": 4.5, "condition": "Poor", "district": "Wakiso"}}, {"type": "Feature", "geometry": {"type": "Point", "coordinates": [32.29416, -0.01588]}, "properties": {"code": "STR-WAKI25480-01", "type": "Concrete Box Culvert (Single Cell)", "span": 4.5, "condition": "Good", "district": "Wakiso"}}, {"type": "Feature", "geometry": {"type": "Point", "coordinates": [32.2789, -0.02665]}, "properties": {"code": "STR-WAKI25515-01", "type": "Steel Composite Bridge / Drift", "span": 18.0, "condition": "Poor", "district": "Wakiso"}}, {"type": "Feature", "geometry": {"type": "Point", "coordinates": [32.28612, 0.00326]}, "properties": {"code": "STR-WAKI25550-01", "type": "Reinforced Concrete Bridge", "span": 24.5, "condition": "Poor", "district": "Wakiso"}}, {"type": "Feature", "geometry": {"type": "Point", "coordinates": [32.27518, 0.02906]}, "properties": {"code": "STR-WAKI25585-01", "type": "Concrete Box Culvert (Twin Cell)", "span": 4.5, "condition": "Poor", "district": "Wakiso"}}, {"type": "Feature", "geometry": {"type": "Point", "coordinates": [32.29992, 0.04423]}, "properties": {"code": "STR-WAKI25620-01", "type": "Concrete Box Culvert (Single Cell)", "span": 4.5, "condition": "Fair", "district": "Wakiso"}}, {"type": "Feature", "geometry": {"type": "Point", "coordinates": [32.31466, 0.02982]}, "properties": {"code": "STR-WAKI25655-01", "type": "Steel Composite Bridge / Drift", "span": 18.0, "condition": "Poor", "district": "Wakiso"}}, {"type": "Feature", "geometry": {"type": "Point", "coordinates": [32.32563, 0.04913]}, "properties": {"code": "STR-WAKI25690-01", "type": "Reinforced Concrete Bridge", "span": 24.5, "condition": "Fair", "district": "Wakiso"}}, {"type": "Feature", "geometry": {"type": "Point", "coordinates": [32.34338, 0.03069]}, "properties": {"code": "STR-WAKI25725-01", "type": "Concrete Box Culvert (Twin Cell)", "span": 4.5, "condition": "Fair", "district": "Wakiso"}}, {"type": "Feature", "geometry": {"type": "Point", "coordinates": [32.34449, 0.01901]}, "properties": {"code": "STR-WAKI25760-01", "type": "Concrete Box Culvert (Single Cell)", "span": 4.5, "condition": "Good", "district": "Wakiso"}}, {"type": "Feature", "geometry": {"type": "Point", "coordinates": [32.35095, 0.02742]}, "properties": {"code": "STR-WAKI25795-01", "type": "Steel Composite Bridge / Drift", "span": 18.0, "condition": "Poor", "district": "Wakiso"}}, {"type": "Feature", "geometry": {"type": "Point", "coordinates": [32.34448, 0.01901]}, "properties": {"code": "STR-WAKI25830-01", "type": "Reinforced Concrete Bridge", "span": 24.5, "condition": "Good", "district": "Wakiso"}}, {"type": "Feature", "geometry": {"type": "Point", "coordinates": [32.25887, -0.19087]}, "properties": {"code": "STR-KALA25865-01", "type": "Concrete Box Culvert (Twin Cell)", "span": 4.5, "condition": "Fair", "district": "Kalangala"}}, {"type": "Feature", "geometry": {"type": "Point", "coordinates": [32.29039, -0.18009]}, "properties": {"code": "STR-KALA25900-01", "type": "Concrete Box Culvert (Single Cell)", "span": 4.5, "condition": "Fair", "district": "Kalangala"}}, {"type": "Feature", "geometry": {"type": "Point", "coordinates": [32.30616, -0.19351]}, "properties": {"code": "STR-KALA25935-01", "type": "Steel Composite Bridge / Drift", "span": 18.0, "condition": "Fair", "district": "Kalangala"}}, {"type": "Feature", "geometry": {"type": "Point", "coordinates": [32.33178, -0.21]}, "properties": {"code": "STR-KALA25970-01", "type": "Reinforced Concrete Bridge", "span": 24.5, "condition": "Fair", "district": "Kalangala"}}, {"type": "Feature", "geometry": {"type": "Point", "coordinates": [32.35596, -0.24051]}, "properties": {"code": "STR-KALA26005-01", "type": "Concrete Box Culvert (Twin Cell)", "span": 4.5, "condition": "Fair", "district": "Kalangala"}}, {"type": "Feature", "geometry": {"type": "Point", "coordinates": [32.56015, -0.2286]}, "properties": {"code": "STR-KALA26040-01", "type": "Concrete Box Culvert (Single Cell)", "span": 4.5, "condition": "Fair", "district": "Kalangala"}}, {"type": "Feature", "geometry": {"type": "Point", "coordinates": [32.57951, -0.23034]}, "properties": {"code": "STR-KALA26075-01", "type": "Steel Composite Bridge / Drift", "span": 18.0, "condition": "Fair", "district": "Kalangala"}}, {"type": "Feature", "geometry": {"type": "Point", "coordinates": [32.57194, 0.0468]}, "properties": {"code": "STR-WAKI26110-01", "type": "Reinforced Concrete Bridge", "span": 24.5, "condition": "Poor", "district": "Wakiso"}}, {"type": "Feature", "geometry": {"type": "Point", "coordinates": [32.55562, 0.06938]}, "properties": {"code": "STR-WAKI26145-01", "type": "Concrete Box Culvert (Twin Cell)", "span": 4.5, "condition": "Fair", "district": "Wakiso"}}, {"type": "Feature", "geometry": {"type": "Point", "coordinates": [32.56493, 0.05548]}, "properties": {"code": "STR-WAKI26180-01", "type": "Concrete Box Culvert (Single Cell)", "span": 4.5, "condition": "Poor", "district": "Wakiso"}}, {"type": "Feature", "geometry": {"type": "Point", "coordinates": [32.57201, 0.1016]}, "properties": {"code": "STR-WAKI26215-01", "type": "Steel Composite Bridge / Drift", "span": 18.0, "condition": "Fair", "district": "Wakiso"}}, {"type": "Feature", "geometry": {"type": "Point", "coordinates": [32.54972, 0.08462]}, "properties": {"code": "STR-WAKI26250-01", "type": "Reinforced Concrete Bridge", "span": 24.5, "condition": "Fair", "district": "Wakiso"}}, {"type": "Feature", "geometry": {"type": "Point", "coordinates": [32.56101, 0.12057]}, "properties": {"code": "STR-WAKI26285-01", "type": "Concrete Box Culvert (Twin Cell)", "span": 4.5, "condition": "Fair", "district": "Wakiso"}}, {"type": "Feature", "geometry": {"type": "Point", "coordinates": [32.56258, 0.3056]}, "properties": {"code": "STR-KAMP26320-01", "type": "Concrete Box Culvert (Single Cell)", "span": 4.5, "condition": "Poor", "district": "Kampala"}}, {"type": "Feature", "geometry": {"type": "Point", "coordinates": [32.56517, 0.31086]}, "properties": {"code": "STR-KAMP26355-01", "type": "Steel Composite Bridge / Drift", "span": 18.0, "condition": "Fair", "district": "Kampala"}}, {"type": "Feature", "geometry": {"type": "Point", "coordinates": [32.56793, 0.30965]}, "properties": {"code": "STR-KAMP26390-01", "type": "Reinforced Concrete Bridge", "span": 24.5, "condition": "Poor", "district": "Kampala"}}, {"type": "Feature", "geometry": {"type": "Point", "coordinates": [32.57069, 0.30632]}, "properties": {"code": "STR-KAMP26425-01", "type": "Concrete Box Culvert (Twin Cell)", "span": 4.5, "condition": "Poor", "district": "Kampala"}}, {"type": "Feature", "geometry": {"type": "Point", "coordinates": [32.57093, 0.30931]}, "properties": {"code": "STR-KAMP26460-01", "type": "Concrete Box Culvert (Single Cell)", "span": 4.5, "condition": "Poor", "district": "Kampala"}}, {"type": "Feature", "geometry": {"type": "Point", "coordinates": [32.57708, 0.30693]}, "properties": {"code": "STR-KAMP26495-01", "type": "Steel Composite Bridge / Drift", "span": 18.0, "condition": "Fair", "district": "Kampala"}}, {"type": "Feature", "geometry": {"type": "Point", "coordinates": [32.57855, 0.30729]}, "properties": {"code": "STR-KAMP26530-01", "type": "Reinforced Concrete Bridge", "span": 24.5, "condition": "Good", "district": "Kampala"}}, {"type": "Feature", "geometry": {"type": "Point", "coordinates": [32.57748, 0.31]}, "properties": {"code": "STR-KAMP26565-01", "type": "Concrete Box Culvert (Twin Cell)", "span": 4.5, "condition": "Poor", "district": "Kampala"}}, {"type": "Feature", "geometry": {"type": "Point", "coordinates": [32.57733, 0.31225]}, "properties": {"code": "STR-KAMP26600-01", "type": "Concrete Box Culvert (Single Cell)", "span": 4.5, "condition": "Poor", "district": "Kampala"}}, {"type": "Feature", "geometry": {"type": "Point", "coordinates": [32.5746, 0.315]}, "properties": {"code": "STR-KAMP26635-01", "type": "Steel Composite Bridge / Drift", "span": 18.0, "condition": "Good", "district": "Kampala"}}, {"type": "Feature", "geometry": {"type": "Point", "coordinates": [32.57903, 0.31407]}, "properties": {"code": "STR-KAMP26670-01", "type": "Reinforced Concrete Bridge", "span": 24.5, "condition": "Fair", "district": "Kampala"}}, {"type": "Feature", "geometry": {"type": "Point", "coordinates": [32.57844, 0.31781]}, "properties": {"code": "STR-KAMP26705-01", "type": "Concrete Box Culvert (Twin Cell)", "span": 4.5, "condition": "Poor", "district": "Kampala"}}, {"type": "Feature", "geometry": {"type": "Point", "coordinates": [32.57794, 0.3179]}, "properties": {"code": "STR-KAMP26740-01", "type": "Concrete Box Culvert (Single Cell)", "span": 4.5, "condition": "Poor", "district": "Kampala"}}, {"type": "Feature", "geometry": {"type": "Point", "coordinates": [32.57505, 0.31632]}, "properties": {"code": "STR-KAMP26775-01", "type": "Steel Composite Bridge / Drift", "span": 18.0, "condition": "Poor", "district": "Kampala"}}, {"type": "Feature", "geometry": {"type": "Point", "coordinates": [32.5719, 0.32154]}, "properties": {"code": "STR-KAMP26810-01", "type": "Reinforced Concrete Bridge", "span": 24.5, "condition": "Fair", "district": "Kampala"}}, {"type": "Feature", "geometry": {"type": "Point", "coordinates": [32.57321, 0.31473]}, "properties": {"code": "STR-KAMP26845-01", "type": "Concrete Box Culvert (Twin Cell)", "span": 4.5, "condition": "Poor", "district": "Kampala"}}, {"type": "Feature", "geometry": {"type": "Point", "coordinates": [32.57033, 0.31456]}, "properties": {"code": "STR-KAMP26880-01", "type": "Concrete Box Culvert (Single Cell)", "span": 4.5, "condition": "Poor", "district": "Kampala"}}, {"type": "Feature", "geometry": {"type": "Point", "coordinates": [32.57109, 0.31907]}, "properties": {"code": "STR-KAMP26915-01", "type": "Steel Composite Bridge / Drift", "span": 18.0, "condition": "Poor", "district": "Kampala"}}, {"type": "Feature", "geometry": {"type": "Point", "coordinates": [32.57394, 0.31971]}, "properties": {"code": "STR-KAMP26950-01", "type": "Reinforced Concrete Bridge", "span": 24.5, "condition": "Good", "district": "Kampala"}}, {"type": "Feature", "geometry": {"type": "Point", "coordinates": [32.57326, 0.32552]}, "properties": {"code": "STR-KAMP26985-01", "type": "Concrete Box Culvert (Twin Cell)", "span": 4.5, "condition": "Poor", "district": "Kampala"}}, {"type": "Feature", "geometry": {"type": "Point", "coordinates": [32.57003, 0.32672]}, "properties": {"code": "STR-KAMP27020-01", "type": "Concrete Box Culvert (Single Cell)", "span": 4.5, "condition": "Poor", "district": "Kampala"}}, {"type": "Feature", "geometry": {"type": "Point", "coordinates": [32.56993, 0.33332]}, "properties": {"code": "STR-KAMP27055-01", "type": "Steel Composite Bridge / Drift", "span": 18.0, "condition": "Poor", "district": "Kampala"}}, {"type": "Feature", "geometry": {"type": "Point", "coordinates": [32.57276, 0.33204]}, "properties": {"code": "STR-KAMP27090-01", "type": "Reinforced Concrete Bridge", "span": 24.5, "condition": "Good", "district": "Kampala"}}, {"type": "Feature", "geometry": {"type": "Point", "coordinates": [32.57376, 0.32996]}, "properties": {"code": "STR-KAMP27125-01", "type": "Concrete Box Culvert (Twin Cell)", "span": 4.5, "condition": "Good", "district": "Kampala"}}, {"type": "Feature", "geometry": {"type": "Point", "coordinates": [32.57588, 0.32742]}, "properties": {"code": "STR-KAMP27160-01", "type": "Concrete Box Culvert (Single Cell)", "span": 4.5, "condition": "Poor", "district": "Kampala"}}, {"type": "Feature", "geometry": {"type": "Point", "coordinates": [32.57486, 0.33301]}, "properties": {"code": "STR-KAMP27195-01", "type": "Steel Composite Bridge / Drift", "span": 18.0, "condition": "Poor", "district": "Kampala"}}, {"type": "Feature", "geometry": {"type": "Point", "coordinates": [32.57815, 0.33075]}, "properties": {"code": "STR-KAMP27230-01", "type": "Reinforced Concrete Bridge", "span": 24.5, "condition": "Poor", "district": "Kampala"}}, {"type": "Feature", "geometry": {"type": "Point", "coordinates": [32.57906, 0.3294]}, "properties": {"code": "STR-KAMP27265-01", "type": "Concrete Box Culvert (Twin Cell)", "span": 4.5, "condition": "Poor", "district": "Kampala"}}, {"type": "Feature", "geometry": {"type": "Point", "coordinates": [32.57843, 0.32488]}, "properties": {"code": "STR-KAMP27300-01", "type": "Concrete Box Culvert (Single Cell)", "span": 4.5, "condition": "Poor", "district": "Kampala"}}, {"type": "Feature", "geometry": {"type": "Point", "coordinates": [32.57496, 0.32306]}, "properties": {"code": "STR-KAMP27335-01", "type": "Steel Composite Bridge / Drift", "span": 18.0, "condition": "Poor", "district": "Kampala"}}, {"type": "Feature", "geometry": {"type": "Point", "coordinates": [32.57483, 0.31979]}, "properties": {"code": "STR-KAMP27370-01", "type": "Reinforced Concrete Bridge", "span": 24.5, "condition": "Poor", "district": "Kampala"}}, {"type": "Feature", "geometry": {"type": "Point", "coordinates": [32.57876, 0.32276]}, "properties": {"code": "STR-KAMP27405-01", "type": "Concrete Box Culvert (Twin Cell)", "span": 4.5, "condition": "Poor", "district": "Kampala"}}, {"type": "Feature", "geometry": {"type": "Point", "coordinates": [32.58021, 0.32166]}, "properties": {"code": "STR-KAMP27440-01", "type": "Concrete Box Culvert (Single Cell)", "span": 4.5, "condition": "Poor", "district": "Kampala"}}, {"type": "Feature", "geometry": {"type": "Point", "coordinates": [32.5838, 0.32115]}, "properties": {"code": "STR-KAMP27475-01", "type": "Steel Composite Bridge / Drift", "span": 18.0, "condition": "Fair", "district": "Kampala"}}, {"type": "Feature", "geometry": {"type": "Point", "coordinates": [32.58429, 0.32471]}, "properties": {"code": "STR-KAMP27510-01", "type": "Reinforced Concrete Bridge", "span": 24.5, "condition": "Poor", "district": "Kampala"}}, {"type": "Feature", "geometry": {"type": "Point", "coordinates": [32.58258, 0.32493]}, "properties": {"code": "STR-KAMP27545-01", "type": "Concrete Box Culvert (Twin Cell)", "span": 4.5, "condition": "Poor", "district": "Kampala"}}, {"type": "Feature", "geometry": {"type": "Point", "coordinates": [32.57704, 0.3338]}, "properties": {"code": "STR-KAMP27580-01", "type": "Concrete Box Culvert (Single Cell)", "span": 4.5, "condition": "Good", "district": "Kampala"}}, {"type": "Feature", "geometry": {"type": "Point", "coordinates": [32.583, 0.32829]}, "properties": {"code": "STR-KAMP27615-01", "type": "Steel Composite Bridge / Drift", "span": 18.0, "condition": "Poor", "district": "Kampala"}}, {"type": "Feature", "geometry": {"type": "Point", "coordinates": [32.58618, 0.33277]}, "properties": {"code": "STR-KAMP27650-01", "type": "Reinforced Concrete Bridge", "span": 24.5, "condition": "Poor", "district": "Kampala"}}, {"type": "Feature", "geometry": {"type": "Point", "coordinates": [32.58867, 0.33242]}, "properties": {"code": "STR-KAMP27685-01", "type": "Concrete Box Culvert (Twin Cell)", "span": 4.5, "condition": "Poor", "district": "Kampala"}}, {"type": "Feature", "geometry": {"type": "Point", "coordinates": [32.59135, 0.32493]}, "properties": {"code": "STR-KAMP27720-01", "type": "Concrete Box Culvert (Single Cell)", "span": 4.5, "condition": "Poor", "district": "Kampala"}}, {"type": "Feature", "geometry": {"type": "Point", "coordinates": [32.58734, 0.32213]}, "properties": {"code": "STR-KAMP27755-01", "type": "Steel Composite Bridge / Drift", "span": 18.0, "condition": "Poor", "district": "Kampala"}}, {"type": "Feature", "geometry": {"type": "Point", "coordinates": [32.58853, 0.32112]}, "properties": {"code": "STR-KAMP27790-01", "type": "Reinforced Concrete Bridge", "span": 24.5, "condition": "Fair", "district": "Kampala"}}, {"type": "Feature", "geometry": {"type": "Point", "coordinates": [32.58983, 0.31766]}, "properties": {"code": "STR-KAMP27825-01", "type": "Concrete Box Culvert (Twin Cell)", "span": 4.5, "condition": "Poor", "district": "Kampala"}}, {"type": "Feature", "geometry": {"type": "Point", "coordinates": [32.58897, 0.31381]}, "properties": {"code": "STR-KAMP27860-01", "type": "Concrete Box Culvert (Single Cell)", "span": 4.5, "condition": "Poor", "district": "Kampala"}}, {"type": "Feature", "geometry": {"type": "Point", "coordinates": [32.58763, 0.31355]}, "properties": {"code": "STR-KAMP27895-01", "type": "Steel Composite Bridge / Drift", "span": 18.0, "condition": "Poor", "district": "Kampala"}}, {"type": "Feature", "geometry": {"type": "Point", "coordinates": [32.58568, 0.31734]}, "properties": {"code": "STR-KAMP27930-01", "type": "Reinforced Concrete Bridge", "span": 24.5, "condition": "Good", "district": "Kampala"}}, {"type": "Feature", "geometry": {"type": "Point", "coordinates": [32.58853, 0.31906]}, "properties": {"code": "STR-KAMP27965-01", "type": "Concrete Box Culvert (Twin Cell)", "span": 4.5, "condition": "Poor", "district": "Kampala"}}, {"type": "Feature", "geometry": {"type": "Point", "coordinates": [32.58296, 0.31649]}, "properties": {"code": "STR-KAMP28000-01", "type": "Concrete Box Culvert (Single Cell)", "span": 4.5, "condition": "Poor", "district": "Kampala"}}, {"type": "Feature", "geometry": {"type": "Point", "coordinates": [32.58115, 0.31814]}, "properties": {"code": "STR-KAMP28035-01", "type": "Steel Composite Bridge / Drift", "span": 18.0, "condition": "Poor", "district": "Kampala"}}, {"type": "Feature", "geometry": {"type": "Point", "coordinates": [32.58153, 0.31518]}, "properties": {"code": "STR-KAMP28070-01", "type": "Reinforced Concrete Bridge", "span": 24.5, "condition": "Poor", "district": "Kampala"}}, {"type": "Feature", "geometry": {"type": "Point", "coordinates": [32.58261, 0.31283]}, "properties": {"code": "STR-KAMP28105-01", "type": "Concrete Box Culvert (Twin Cell)", "span": 4.5, "condition": "Good", "district": "Kampala"}}, {"type": "Feature", "geometry": {"type": "Point", "coordinates": [32.58248, 0.315]}, "properties": {"code": "STR-KAMP28140-01", "type": "Concrete Box Culvert (Single Cell)", "span": 4.5, "condition": "Good", "district": "Kampala"}}, {"type": "Feature", "geometry": {"type": "Point", "coordinates": [32.58781, 0.31214]}, "properties": {"code": "STR-KAMP28175-01", "type": "Steel Composite Bridge / Drift", "span": 18.0, "condition": "Good", "district": "Kampala"}}, {"type": "Feature", "geometry": {"type": "Point", "coordinates": [31.86142, -0.18685]}, "properties": {"code": "STR-KALU28210-01", "type": "Reinforced Concrete Bridge", "span": 24.5, "condition": "Poor", "district": "Kalungu"}}, {"type": "Feature", "geometry": {"type": "Point", "coordinates": [31.85106, -0.22743]}, "properties": {"code": "STR-KALU28245-01", "type": "Concrete Box Culvert (Twin Cell)", "span": 4.5, "condition": "Fair", "district": "Kalungu"}}, {"type": "Feature", "geometry": {"type": "Point", "coordinates": [31.82994, -0.21269]}, "properties": {"code": "STR-KALU28280-01", "type": "Concrete Box Culvert (Single Cell)", "span": 4.5, "condition": "Fair", "district": "Kalungu"}}, {"type": "Feature", "geometry": {"type": "Point", "coordinates": [31.85153, -0.16763]}, "properties": {"code": "STR-KALU28315-01", "type": "Steel Composite Bridge / Drift", "span": 18.0, "condition": "Poor", "district": "Kalungu"}}, {"type": "Feature", "geometry": {"type": "Point", "coordinates": [31.8659, -0.17271]}, "properties": {"code": "STR-KALU28350-01", "type": "Reinforced Concrete Bridge", "span": 24.5, "condition": "Fair", "district": "Kalungu"}}, {"type": "Feature", "geometry": {"type": "Point", "coordinates": [31.85486, -0.1528]}, "properties": {"code": "STR-KALU28385-01", "type": "Concrete Box Culvert (Twin Cell)", "span": 4.5, "condition": "Fair", "district": "Kalungu"}}, {"type": "Feature", "geometry": {"type": "Point", "coordinates": [31.86674, -0.14858]}, "properties": {"code": "STR-KALU28420-01", "type": "Concrete Box Culvert (Single Cell)", "span": 4.5, "condition": "Fair", "district": "Kalungu"}}, {"type": "Feature", "geometry": {"type": "Point", "coordinates": [31.86458, -0.1288]}, "properties": {"code": "STR-KALU28455-01", "type": "Steel Composite Bridge / Drift", "span": 18.0, "condition": "Fair", "district": "Kalungu"}}, {"type": "Feature", "geometry": {"type": "Point", "coordinates": [31.8493, -0.13272]}, "properties": {"code": "STR-KALU28490-01", "type": "Reinforced Concrete Bridge", "span": 24.5, "condition": "Poor", "district": "Kalungu"}}, {"type": "Feature", "geometry": {"type": "Point", "coordinates": [31.86207, -0.08924]}, "properties": {"code": "STR-KALU28525-01", "type": "Concrete Box Culvert (Twin Cell)", "span": 4.5, "condition": "Poor", "district": "Kalungu"}}, {"type": "Feature", "geometry": {"type": "Point", "coordinates": [31.86697, -0.11537]}, "properties": {"code": "STR-KALU28560-01", "type": "Concrete Box Culvert (Single Cell)", "span": 4.5, "condition": "Fair", "district": "Kalungu"}}, {"type": "Feature", "geometry": {"type": "Point", "coordinates": [31.88985, -0.11303]}, "properties": {"code": "STR-KALU28595-01", "type": "Steel Composite Bridge / Drift", "span": 18.0, "condition": "Poor", "district": "Kalungu"}}, {"type": "Feature", "geometry": {"type": "Point", "coordinates": [31.88946, -0.138]}, "properties": {"code": "STR-KALU28630-01", "type": "Reinforced Concrete Bridge", "span": 24.5, "condition": "Poor", "district": "Kalungu"}}, {"type": "Feature", "geometry": {"type": "Point", "coordinates": [31.87232, -0.1337]}, "properties": {"code": "STR-KALU28665-01", "type": "Concrete Box Culvert (Twin Cell)", "span": 4.5, "condition": "Fair", "district": "Kalungu"}}, {"type": "Feature", "geometry": {"type": "Point", "coordinates": [31.87928, -0.13551]}, "properties": {"code": "STR-KALU28700-01", "type": "Concrete Box Culvert (Single Cell)", "span": 4.5, "condition": "Fair", "district": "Kalungu"}}, {"type": "Feature", "geometry": {"type": "Point", "coordinates": [31.87915, -0.138]}, "properties": {"code": "STR-KALU28735-01", "type": "Steel Composite Bridge / Drift", "span": 18.0, "condition": "Fair", "district": "Kalungu"}}, {"type": "Feature", "geometry": {"type": "Point", "coordinates": [31.87558, -0.13496]}, "properties": {"code": "STR-KALU28770-01", "type": "Reinforced Concrete Bridge", "span": 24.5, "condition": "Poor", "district": "Kalungu"}}, {"type": "Feature", "geometry": {"type": "Point", "coordinates": [31.87408, -0.14358]}, "properties": {"code": "STR-KALU28805-01", "type": "Concrete Box Culvert (Twin Cell)", "span": 4.5, "condition": "Poor", "district": "Kalungu"}}, {"type": "Feature", "geometry": {"type": "Point", "coordinates": [31.87689, -0.14282]}, "properties": {"code": "STR-KALU28840-01", "type": "Concrete Box Culvert (Single Cell)", "span": 4.5, "condition": "Fair", "district": "Kalungu"}}, {"type": "Feature", "geometry": {"type": "Point", "coordinates": [31.88625, -0.16266]}, "properties": {"code": "STR-KALU28875-01", "type": "Steel Composite Bridge / Drift", "span": 18.0, "condition": "Poor", "district": "Kalungu"}}, {"type": "Feature", "geometry": {"type": "Point", "coordinates": [31.87248, -0.15083]}, "properties": {"code": "STR-KALU28910-01", "type": "Reinforced Concrete Bridge", "span": 24.5, "condition": "Fair", "district": "Kalungu"}}, {"type": "Feature", "geometry": {"type": "Point", "coordinates": [31.8772, -0.16558]}, "properties": {"code": "STR-KALU28945-01", "type": "Concrete Box Culvert (Twin Cell)", "span": 4.5, "condition": "Fair", "district": "Kalungu"}}, {"type": "Feature", "geometry": {"type": "Point", "coordinates": [32.00724, -0.0343]}, "properties": {"code": "STR-KALU28980-01", "type": "Concrete Box Culvert (Single Cell)", "span": 4.5, "condition": "Good", "district": "Kalungu"}}, {"type": "Feature", "geometry": {"type": "Point", "coordinates": [31.95365, -0.07754]}, "properties": {"code": "STR-MPIG29015-01", "type": "Steel Composite Bridge / Drift", "span": 18.0, "condition": "Poor", "district": "Mpigi"}}, {"type": "Feature", "geometry": {"type": "Point", "coordinates": [31.96044, -0.08996]}, "properties": {"code": "STR-MPIG29050-01", "type": "Reinforced Concrete Bridge", "span": 24.5, "condition": "Fair", "district": "Mpigi"}}, {"type": "Feature", "geometry": {"type": "Point", "coordinates": [31.97013, -0.07329]}, "properties": {"code": "STR-MPIG29085-01", "type": "Concrete Box Culvert (Twin Cell)", "span": 4.5, "condition": "Poor", "district": "Mpigi"}}, {"type": "Feature", "geometry": {"type": "Point", "coordinates": [31.98396, -0.06638]}, "properties": {"code": "STR-MPIG29120-01", "type": "Concrete Box Culvert (Single Cell)", "span": 4.5, "condition": "Poor", "district": "Mpigi"}}, {"type": "Feature", "geometry": {"type": "Point", "coordinates": [31.99429, -0.06576]}, "properties": {"code": "STR-MPIG29155-01", "type": "Steel Composite Bridge / Drift", "span": 18.0, "condition": "Fair", "district": "Mpigi"}}, {"type": "Feature", "geometry": {"type": "Point", "coordinates": [31.99461, -0.08386]}, "properties": {"code": "STR-MPIG29190-01", "type": "Reinforced Concrete Bridge", "span": 24.5, "condition": "Fair", "district": "Mpigi"}}, {"type": "Feature", "geometry": {"type": "Point", "coordinates": [32.07251, -0.23226]}, "properties": {"code": "STR-KALA29225-01", "type": "Concrete Box Culvert (Twin Cell)", "span": 4.5, "condition": "Fair", "district": "Kalangala"}}, {"type": "Feature", "geometry": {"type": "Point", "coordinates": [32.09309, -0.24403]}, "properties": {"code": "STR-KALA29260-01", "type": "Concrete Box Culvert (Single Cell)", "span": 4.5, "condition": "Fair", "district": "Kalangala"}}, {"type": "Feature", "geometry": {"type": "Point", "coordinates": [32.0672, -0.25733]}, "properties": {"code": "STR-KALA29295-01", "type": "Steel Composite Bridge / Drift", "span": 18.0, "condition": "Fair", "district": "Kalangala"}}, {"type": "Feature", "geometry": {"type": "Point", "coordinates": [32.10199, -0.24775]}, "properties": {"code": "STR-KALA29330-01", "type": "Reinforced Concrete Bridge", "span": 24.5, "condition": "Fair", "district": "Kalangala"}}, {"type": "Feature", "geometry": {"type": "Point", "coordinates": [32.11509, -0.24563]}, "properties": {"code": "STR-KALA29365-01", "type": "Concrete Box Culvert (Twin Cell)", "span": 4.5, "condition": "Fair", "district": "Kalangala"}}, {"type": "Feature", "geometry": {"type": "Point", "coordinates": [32.13528, -0.25441]}, "properties": {"code": "STR-KALA29400-01", "type": "Concrete Box Culvert (Single Cell)", "span": 4.5, "condition": "Fair", "district": "Kalangala"}}, {"type": "Feature", "geometry": {"type": "Point", "coordinates": [32.17796, -0.24758]}, "properties": {"code": "STR-KALA29435-01", "type": "Steel Composite Bridge / Drift", "span": 18.0, "condition": "Fair", "district": "Kalangala"}}, {"type": "Feature", "geometry": {"type": "Point", "coordinates": [32.15395, -0.26346]}, "properties": {"code": "STR-KALA29470-01", "type": "Reinforced Concrete Bridge", "span": 24.5, "condition": "Fair", "district": "Kalangala"}}, {"type": "Feature", "geometry": {"type": "Point", "coordinates": [32.15232, -0.06402]}, "properties": {"code": "STR-MPIG29505-01", "type": "Concrete Box Culvert (Twin Cell)", "span": 4.5, "condition": "Fair", "district": "Mpigi"}}, {"type": "Feature", "geometry": {"type": "Point", "coordinates": [32.0612, -0.08244]}, "properties": {"code": "STR-MPIG29540-01", "type": "Concrete Box Culvert (Single Cell)", "span": 4.5, "condition": "Poor", "district": "Mpigi"}}, {"type": "Feature", "geometry": {"type": "Point", "coordinates": [32.06406, -0.08122]}, "properties": {"code": "STR-MPIG29575-01", "type": "Steel Composite Bridge / Drift", "span": 18.0, "condition": "Fair", "district": "Mpigi"}}, {"type": "Feature", "geometry": {"type": "Point", "coordinates": [32.06031, -0.09514]}, "properties": {"code": "STR-MPIG29610-01", "type": "Reinforced Concrete Bridge", "span": 24.5, "condition": "Fair", "district": "Mpigi"}}, {"type": "Feature", "geometry": {"type": "Point", "coordinates": [32.01384, -0.08236]}, "properties": {"code": "STR-MPIG29645-01", "type": "Concrete Box Culvert (Twin Cell)", "span": 4.5, "condition": "Fair", "district": "Mpigi"}}, {"type": "Feature", "geometry": {"type": "Point", "coordinates": [32.01154, -0.0603]}, "properties": {"code": "STR-MPIG29680-01", "type": "Concrete Box Culvert (Single Cell)", "span": 4.5, "condition": "Poor", "district": "Mpigi"}}, {"type": "Feature", "geometry": {"type": "Point", "coordinates": [32.03626, -0.02295]}, "properties": {"code": "STR-MPIG29715-01", "type": "Steel Composite Bridge / Drift", "span": 18.0, "condition": "Fair", "district": "Mpigi"}}, {"type": "Feature", "geometry": {"type": "Point", "coordinates": [32.03362, -0.00906]}, "properties": {"code": "STR-MPIG29750-01", "type": "Reinforced Concrete Bridge", "span": 24.5, "condition": "Fair", "district": "Mpigi"}}, {"type": "Feature", "geometry": {"type": "Point", "coordinates": [32.02959, -0.01479]}, "properties": {"code": "STR-MPIG29785-01", "type": "Concrete Box Culvert (Twin Cell)", "span": 4.5, "condition": "Good", "district": "Mpigi"}}, {"type": "Feature", "geometry": {"type": "Point", "coordinates": [32.02523, -0.02095]}, "properties": {"code": "STR-MPIG29820-01", "type": "Concrete Box Culvert (Single Cell)", "span": 4.5, "condition": "Fair", "district": "Mpigi"}}, {"type": "Feature", "geometry": {"type": "Point", "coordinates": [32.01169, -0.00323]}, "properties": {"code": "STR-MPIG29855-01", "type": "Steel Composite Bridge / Drift", "span": 18.0, "condition": "Fair", "district": "Mpigi"}}, {"type": "Feature", "geometry": {"type": "Point", "coordinates": [32.01423, 0.00413]}, "properties": {"code": "STR-MPIG29890-01", "type": "Reinforced Concrete Bridge", "span": 24.5, "condition": "Good", "district": "Mpigi"}}, {"type": "Feature", "geometry": {"type": "Point", "coordinates": [32.01534, 0.00138]}, "properties": {"code": "STR-MPIG29925-01", "type": "Concrete Box Culvert (Twin Cell)", "span": 4.5, "condition": "Poor", "district": "Mpigi"}}, {"type": "Feature", "geometry": {"type": "Point", "coordinates": [32.01354, -0.00317]}, "properties": {"code": "STR-MPIG29960-01", "type": "Concrete Box Culvert (Single Cell)", "span": 4.5, "condition": "Poor", "district": "Mpigi"}}, {"type": "Feature", "geometry": {"type": "Point", "coordinates": [32.02609, 0.0009]}, "properties": {"code": "STR-MPIG29995-01", "type": "Steel Composite Bridge / Drift", "span": 18.0, "condition": "Fair", "district": "Mpigi"}}, {"type": "Feature", "geometry": {"type": "Point", "coordinates": [32.02135, 0.00565]}, "properties": {"code": "STR-MPIG30030-01", "type": "Reinforced Concrete Bridge", "span": 24.5, "condition": "Poor", "district": "Mpigi"}}, {"type": "Feature", "geometry": {"type": "Point", "coordinates": [32.02497, 0.00641]}, "properties": {"code": "STR-MPIG30065-01", "type": "Concrete Box Culvert (Twin Cell)", "span": 4.5, "condition": "Poor", "district": "Mpigi"}}, {"type": "Feature", "geometry": {"type": "Point", "coordinates": [32.01683, 0.01853]}, "properties": {"code": "STR-MPIG30100-01", "type": "Concrete Box Culvert (Single Cell)", "span": 4.5, "condition": "Fair", "district": "Mpigi"}}, {"type": "Feature", "geometry": {"type": "Point", "coordinates": [32.01019, 0.03048]}, "properties": {"code": "STR-MPIG30135-01", "type": "Steel Composite Bridge / Drift", "span": 18.0, "condition": "Poor", "district": "Mpigi"}}, {"type": "Feature", "geometry": {"type": "Point", "coordinates": [32.01315, 0.03548]}, "properties": {"code": "STR-MPIG30170-01", "type": "Reinforced Concrete Bridge", "span": 24.5, "condition": "Poor", "district": "Mpigi"}}, {"type": "Feature", "geometry": {"type": "Point", "coordinates": [32.04582, 0.04162]}, "properties": {"code": "STR-MPIG30205-01", "type": "Concrete Box Culvert (Twin Cell)", "span": 4.5, "condition": "Fair", "district": "Mpigi"}}, {"type": "Feature", "geometry": {"type": "Point", "coordinates": [32.39608, 0.71953]}, "properties": {"code": "STR-NAKA30240-01", "type": "Concrete Box Culvert (Single Cell)", "span": 4.5, "condition": "Poor", "district": "Nakaseke"}}, {"type": "Feature", "geometry": {"type": "Point", "coordinates": [32.42541, 0.654]}, "properties": {"code": "STR-LUWE30275-01", "type": "Steel Composite Bridge / Drift", "span": 18.0, "condition": "Fair", "district": "Luwero"}}, {"type": "Feature", "geometry": {"type": "Point", "coordinates": [32.47695, 0.62847]}, "properties": {"code": "STR-LUWE30310-01", "type": "Reinforced Concrete Bridge", "span": 24.5, "condition": "Fair", "district": "Luwero"}}, {"type": "Feature", "geometry": {"type": "Point", "coordinates": [32.52648, 0.6396]}, "properties": {"code": "STR-LUWE30345-01", "type": "Concrete Box Culvert (Twin Cell)", "span": 4.5, "condition": "Fair", "district": "Luwero"}}, {"type": "Feature", "geometry": {"type": "Point", "coordinates": [32.54331, 0.6708]}, "properties": {"code": "STR-LUWE30380-01", "type": "Concrete Box Culvert (Single Cell)", "span": 4.5, "condition": "Fair", "district": "Luwero"}}, {"type": "Feature", "geometry": {"type": "Point", "coordinates": [32.52875, 0.67023]}, "properties": {"code": "STR-LUWE30415-01", "type": "Steel Composite Bridge / Drift", "span": 18.0, "condition": "Fair", "district": "Luwero"}}, {"type": "Feature", "geometry": {"type": "Point", "coordinates": [32.50055, 0.68586]}, "properties": {"code": "STR-LUWE30450-01", "type": "Reinforced Concrete Bridge", "span": 24.5, "condition": "Fair", "district": "Luwero"}}, {"type": "Feature", "geometry": {"type": "Point", "coordinates": [32.52294, 0.68796]}, "properties": {"code": "STR-LUWE30485-01", "type": "Concrete Box Culvert (Twin Cell)", "span": 4.5, "condition": "Fair", "district": "Luwero"}}, {"type": "Feature", "geometry": {"type": "Point", "coordinates": [32.5229, 0.68912]}, "properties": {"code": "STR-LUWE30520-01", "type": "Concrete Box Culvert (Single Cell)", "span": 4.5, "condition": "Good", "district": "Luwero"}}, {"type": "Feature", "geometry": {"type": "Point", "coordinates": [32.53486, 0.68753]}, "properties": {"code": "STR-LUWE30555-01", "type": "Steel Composite Bridge / Drift", "span": 18.0, "condition": "Fair", "district": "Luwero"}}, {"type": "Feature", "geometry": {"type": "Point", "coordinates": [32.53199, 0.69294]}, "properties": {"code": "STR-LUWE30590-01", "type": "Reinforced Concrete Bridge", "span": 24.5, "condition": "Good", "district": "Luwero"}}, {"type": "Feature", "geometry": {"type": "Point", "coordinates": [32.53203, 0.71661]}, "properties": {"code": "STR-LUWE30625-01", "type": "Concrete Box Culvert (Twin Cell)", "span": 4.5, "condition": "Poor", "district": "Luwero"}}, {"type": "Feature", "geometry": {"type": "Point", "coordinates": [32.54676, 0.72155]}, "properties": {"code": "STR-LUWE30660-01", "type": "Concrete Box Culvert (Single Cell)", "span": 4.5, "condition": "Fair", "district": "Luwero"}}, {"type": "Feature", "geometry": {"type": "Point", "coordinates": [32.53921, 0.72656]}, "properties": {"code": "STR-LUWE30695-01", "type": "Steel Composite Bridge / Drift", "span": 18.0, "condition": "Poor", "district": "Luwero"}}, {"type": "Feature", "geometry": {"type": "Point", "coordinates": [32.5256, 0.72016]}, "properties": {"code": "STR-LUWE30730-01", "type": "Reinforced Concrete Bridge", "span": 24.5, "condition": "Good", "district": "Luwero"}}, {"type": "Feature", "geometry": {"type": "Point", "coordinates": [32.51823, 0.70688]}, "properties": {"code": "STR-LUWE30765-01", "type": "Concrete Box Culvert (Twin Cell)", "span": 4.5, "condition": "Fair", "district": "Luwero"}}, {"type": "Feature", "geometry": {"type": "Point", "coordinates": [32.47688, 0.76008]}, "properties": {"code": "STR-LUWE30800-01", "type": "Concrete Box Culvert (Single Cell)", "span": 4.5, "condition": "Fair", "district": "Luwero"}}, {"type": "Feature", "geometry": {"type": "Point", "coordinates": [32.47066, 0.77714]}, "properties": {"code": "STR-LUWE30835-01", "type": "Steel Composite Bridge / Drift", "span": 18.0, "condition": "Fair", "district": "Luwero"}}, {"type": "Feature", "geometry": {"type": "Point", "coordinates": [32.48387, 0.7789]}, "properties": {"code": "STR-LUWE30870-01", "type": "Reinforced Concrete Bridge", "span": 24.5, "condition": "Fair", "district": "Luwero"}}, {"type": "Feature", "geometry": {"type": "Point", "coordinates": [32.49152, 0.76369]}, "properties": {"code": "STR-LUWE30905-01", "type": "Concrete Box Culvert (Twin Cell)", "span": 4.5, "condition": "Poor", "district": "Luwero"}}, {"type": "Feature", "geometry": {"type": "Point", "coordinates": [32.48605, 0.75738]}, "properties": {"code": "STR-LUWE30940-01", "type": "Concrete Box Culvert (Single Cell)", "span": 4.5, "condition": "Poor", "district": "Luwero"}}, {"type": "Feature", "geometry": {"type": "Point", "coordinates": [32.48133, 0.73956]}, "properties": {"code": "STR-NAKA30975-01", "type": "Steel Composite Bridge / Drift", "span": 18.0, "condition": "Poor", "district": "Nakaseke"}}, {"type": "Feature", "geometry": {"type": "Point", "coordinates": [32.50586, 0.74429]}, "properties": {"code": "STR-LUWE31010-01", "type": "Reinforced Concrete Bridge", "span": 24.5, "condition": "Fair", "district": "Luwero"}}, {"type": "Feature", "geometry": {"type": "Point", "coordinates": [32.51396, 0.7529]}, "properties": {"code": "STR-LUWE31045-01", "type": "Concrete Box Culvert (Twin Cell)", "span": 4.5, "condition": "Fair", "district": "Luwero"}}, {"type": "Feature", "geometry": {"type": "Point", "coordinates": [32.52376, 0.74486]}, "properties": {"code": "STR-LUWE31080-01", "type": "Concrete Box Culvert (Single Cell)", "span": 4.5, "condition": "Fair", "district": "Luwero"}}, {"type": "Feature", "geometry": {"type": "Point", "coordinates": [32.5356, 0.74157]}, "properties": {"code": "STR-LUWE31115-01", "type": "Steel Composite Bridge / Drift", "span": 18.0, "condition": "Fair", "district": "Luwero"}}, {"type": "Feature", "geometry": {"type": "Point", "coordinates": [32.53978, 0.75336]}, "properties": {"code": "STR-LUWE31150-01", "type": "Reinforced Concrete Bridge", "span": 24.5, "condition": "Fair", "district": "Luwero"}}, {"type": "Feature", "geometry": {"type": "Point", "coordinates": [32.52696, 0.75051]}, "properties": {"code": "STR-LUWE31185-01", "type": "Concrete Box Culvert (Twin Cell)", "span": 4.5, "condition": "Fair", "district": "Luwero"}}, {"type": "Feature", "geometry": {"type": "Point", "coordinates": [32.54049, 0.76299]}, "properties": {"code": "STR-LUWE31220-01", "type": "Concrete Box Culvert (Single Cell)", "span": 4.5, "condition": "Fair", "district": "Luwero"}}, {"type": "Feature", "geometry": {"type": "Point", "coordinates": [32.54238, 0.78631]}, "properties": {"code": "STR-LUWE31255-01", "type": "Steel Composite Bridge / Drift", "span": 18.0, "condition": "Fair", "district": "Luwero"}}, {"type": "Feature", "geometry": {"type": "Point", "coordinates": [32.51599, 0.78105]}, "properties": {"code": "STR-LUWE31290-01", "type": "Reinforced Concrete Bridge", "span": 24.5, "condition": "Fair", "district": "Luwero"}}, {"type": "Feature", "geometry": {"type": "Point", "coordinates": [32.51348, 0.76804]}, "properties": {"code": "STR-LUWE31325-01", "type": "Concrete Box Culvert (Twin Cell)", "span": 4.5, "condition": "Fair", "district": "Luwero"}}, {"type": "Feature", "geometry": {"type": "Point", "coordinates": [32.50906, 0.77719]}, "properties": {"code": "STR-LUWE31360-01", "type": "Concrete Box Culvert (Single Cell)", "span": 4.5, "condition": "Fair", "district": "Luwero"}}, {"type": "Feature", "geometry": {"type": "Point", "coordinates": [32.54664, 0.81649]}, "properties": {"code": "STR-LUWE31395-01", "type": "Steel Composite Bridge / Drift", "span": 18.0, "condition": "Fair", "district": "Luwero"}}, {"type": "Feature", "geometry": {"type": "Point", "coordinates": [32.50391, 0.83094]}, "properties": {"code": "STR-LUWE31430-01", "type": "Reinforced Concrete Bridge", "span": 24.5, "condition": "Poor", "district": "Luwero"}}, {"type": "Feature", "geometry": {"type": "Point", "coordinates": [32.50041, 0.8326]}, "properties": {"code": "STR-LUWE31465-01", "type": "Concrete Box Culvert (Twin Cell)", "span": 4.5, "condition": "Fair", "district": "Luwero"}}, {"type": "Feature", "geometry": {"type": "Point", "coordinates": [32.48987, 0.83797]}, "properties": {"code": "STR-LUWE31500-01", "type": "Concrete Box Culvert (Single Cell)", "span": 4.5, "condition": "Fair", "district": "Luwero"}}, {"type": "Feature", "geometry": {"type": "Point", "coordinates": [32.48814, 0.84153]}, "properties": {"code": "STR-LUWE31535-01", "type": "Steel Composite Bridge / Drift", "span": 18.0, "condition": "Fair", "district": "Luwero"}}, {"type": "Feature", "geometry": {"type": "Point", "coordinates": [32.49772, 0.82174]}, "properties": {"code": "STR-LUWE31570-01", "type": "Reinforced Concrete Bridge", "span": 24.5, "condition": "Poor", "district": "Luwero"}}, {"type": "Feature", "geometry": {"type": "Point", "coordinates": [32.47421, 0.79187]}, "properties": {"code": "STR-LUWE31605-01", "type": "Concrete Box Culvert (Twin Cell)", "span": 4.5, "condition": "Fair", "district": "Luwero"}}, {"type": "Feature", "geometry": {"type": "Point", "coordinates": [32.4211, 0.82871]}, "properties": {"code": "STR-NAKA31640-01", "type": "Concrete Box Culvert (Single Cell)", "span": 4.5, "condition": "Poor", "district": "Nakaseke"}}, {"type": "Feature", "geometry": {"type": "Point", "coordinates": [32.37547, 0.73326]}, "properties": {"code": "STR-NAKA31675-01", "type": "Steel Composite Bridge / Drift", "span": 18.0, "condition": "Poor", "district": "Nakaseke"}}, {"type": "Feature", "geometry": {"type": "Point", "coordinates": [32.39039, 0.78972]}, "properties": {"code": "STR-NAKA31710-01", "type": "Reinforced Concrete Bridge", "span": 24.5, "condition": "Poor", "district": "Nakaseke"}}, {"type": "Feature", "geometry": {"type": "Point", "coordinates": [32.38675, 0.87732]}, "properties": {"code": "STR-NAKA31745-01", "type": "Concrete Box Culvert (Twin Cell)", "span": 4.5, "condition": "Fair", "district": "Nakaseke"}}, {"type": "Feature", "geometry": {"type": "Point", "coordinates": [32.45422, 0.86858]}, "properties": {"code": "STR-LUWE31780-01", "type": "Concrete Box Culvert (Single Cell)", "span": 4.5, "condition": "Fair", "district": "Luwero"}}, {"type": "Feature", "geometry": {"type": "Point", "coordinates": [32.47698, 0.90056]}, "properties": {"code": "STR-LUWE31815-01", "type": "Steel Composite Bridge / Drift", "span": 18.0, "condition": "Fair", "district": "Luwero"}}, {"type": "Feature", "geometry": {"type": "Point", "coordinates": [32.48259, 0.88953]}, "properties": {"code": "STR-LUWE31850-01", "type": "Reinforced Concrete Bridge", "span": 24.5, "condition": "Fair", "district": "Luwero"}}, {"type": "Feature", "geometry": {"type": "Point", "coordinates": [32.48128, 0.86055]}, "properties": {"code": "STR-LUWE31885-01", "type": "Concrete Box Culvert (Twin Cell)", "span": 4.5, "condition": "Fair", "district": "Luwero"}}, {"type": "Feature", "geometry": {"type": "Point", "coordinates": [32.48689, 0.85001]}, "properties": {"code": "STR-LUWE31920-01", "type": "Concrete Box Culvert (Single Cell)", "span": 4.5, "condition": "Poor", "district": "Luwero"}}, {"type": "Feature", "geometry": {"type": "Point", "coordinates": [32.49068, 0.85708]}, "properties": {"code": "STR-LUWE31955-01", "type": "Steel Composite Bridge / Drift", "span": 18.0, "condition": "Poor", "district": "Luwero"}}, {"type": "Feature", "geometry": {"type": "Point", "coordinates": [32.50218, 0.85059]}, "properties": {"code": "STR-LUWE31990-01", "type": "Reinforced Concrete Bridge", "span": 24.5, "condition": "Fair", "district": "Luwero"}}, {"type": "Feature", "geometry": {"type": "Point", "coordinates": [32.50024, 0.89743]}, "properties": {"code": "STR-LUWE32025-01", "type": "Concrete Box Culvert (Twin Cell)", "span": 4.5, "condition": "Fair", "district": "Luwero"}}, {"type": "Feature", "geometry": {"type": "Point", "coordinates": [32.47343, 0.91035]}, "properties": {"code": "STR-LUWE32060-01", "type": "Concrete Box Culvert (Single Cell)", "span": 4.5, "condition": "Good", "district": "Luwero"}}, {"type": "Feature", "geometry": {"type": "Point", "coordinates": [32.47086, 0.92796]}, "properties": {"code": "STR-LUWE32095-01", "type": "Steel Composite Bridge / Drift", "span": 18.0, "condition": "Fair", "district": "Luwero"}}, {"type": "Feature", "geometry": {"type": "Point", "coordinates": [32.48097, 1.03626]}, "properties": {"code": "STR-NAKA32130-01", "type": "Reinforced Concrete Bridge", "span": 24.5, "condition": "Fair", "district": "Nakasongola"}}, {"type": "Feature", "geometry": {"type": "Point", "coordinates": [32.46509, 1.05201]}, "properties": {"code": "STR-NAKA32165-01", "type": "Concrete Box Culvert (Twin Cell)", "span": 4.5, "condition": "Good", "district": "Nakasongola"}}, {"type": "Feature", "geometry": {"type": "Point", "coordinates": [32.35586, 0.94962]}, "properties": {"code": "STR-NAKA32200-01", "type": "Concrete Box Culvert (Single Cell)", "span": 4.5, "condition": "Fair", "district": "Nakaseke"}}, {"type": "Feature", "geometry": {"type": "Point", "coordinates": [32.34239, 0.85448]}, "properties": {"code": "STR-NAKA32235-01", "type": "Steel Composite Bridge / Drift", "span": 18.0, "condition": "Fair", "district": "Nakaseke"}}, {"type": "Feature", "geometry": {"type": "Point", "coordinates": [34.00423, 1.94498]}, "properties": {"code": "STR-KATA32270-01", "type": "Reinforced Concrete Bridge", "span": 24.5, "condition": "Poor", "district": "Katakwi"}}, {"type": "Feature", "geometry": {"type": "Point", "coordinates": [34.03852, 1.91193]}, "properties": {"code": "STR-KATA32305-01", "type": "Concrete Box Culvert (Twin Cell)", "span": 4.5, "condition": "Fair", "district": "Katakwi"}}, {"type": "Feature", "geometry": {"type": "Point", "coordinates": [34.08441, 1.94592]}, "properties": {"code": "STR-KATA32340-01", "type": "Concrete Box Culvert (Single Cell)", "span": 4.5, "condition": "Poor", "district": "Katakwi"}}, {"type": "Feature", "geometry": {"type": "Point", "coordinates": [34.08425, 1.75835]}, "properties": {"code": "STR-KATA32375-01", "type": "Steel Composite Bridge / Drift", "span": 18.0, "condition": "Poor", "district": "Katakwi"}}, {"type": "Feature", "geometry": {"type": "Point", "coordinates": [34.16569, 1.4689]}, "properties": {"code": "STR-BUKE32410-01", "type": "Reinforced Concrete Bridge", "span": 24.5, "condition": "Fair", "district": "Bukedea"}}, {"type": "Feature", "geometry": {"type": "Point", "coordinates": [34.19816, 1.46187]}, "properties": {"code": "STR-BUKE32445-01", "type": "Concrete Box Culvert (Twin Cell)", "span": 4.5, "condition": "Poor", "district": "Bukedea"}}, {"type": "Feature", "geometry": {"type": "Point", "coordinates": [34.23133, 1.45109]}, "properties": {"code": "STR-BUKE32480-01", "type": "Concrete Box Culvert (Single Cell)", "span": 4.5, "condition": "Poor", "district": "Bukedea"}}, {"type": "Feature", "geometry": {"type": "Point", "coordinates": [34.17462, 1.37046]}, "properties": {"code": "STR-BUKE32515-01", "type": "Steel Composite Bridge / Drift", "span": 18.0, "condition": "Fair", "district": "Bukedea"}}, {"type": "Feature", "geometry": {"type": "Point", "coordinates": [34.17846, 1.32311]}, "properties": {"code": "STR-BUKE32550-01", "type": "Reinforced Concrete Bridge", "span": 24.5, "condition": "Fair", "district": "Bukedea"}}, {"type": "Feature", "geometry": {"type": "Point", "coordinates": [34.1707, 1.32567]}, "properties": {"code": "STR-BUKE32585-01", "type": "Concrete Box Culvert (Twin Cell)", "span": 4.5, "condition": "Fair", "district": "Bukedea"}}, {"type": "Feature", "geometry": {"type": "Point", "coordinates": [34.17704, 1.31499]}, "properties": {"code": "STR-BUKE32620-01", "type": "Concrete Box Culvert (Single Cell)", "span": 4.5, "condition": "Poor", "district": "Bukedea"}}, {"type": "Feature", "geometry": {"type": "Point", "coordinates": [34.16854, 1.30764]}, "properties": {"code": "STR-BUKE32655-01", "type": "Steel Composite Bridge / Drift", "span": 18.0, "condition": "Poor", "district": "Bukedea"}}, {"type": "Feature", "geometry": {"type": "Point", "coordinates": [34.25221, 1.31752]}, "properties": {"code": "STR-BULA32690-01", "type": "Reinforced Concrete Bridge", "span": 24.5, "condition": "Fair", "district": "Bulambuli"}}, {"type": "Feature", "geometry": {"type": "Point", "coordinates": [34.29778, 1.30206]}, "properties": {"code": "STR-BULA32725-01", "type": "Concrete Box Culvert (Twin Cell)", "span": 4.5, "condition": "Fair", "district": "Bulambuli"}}, {"type": "Feature", "geometry": {"type": "Point", "coordinates": [34.3025, 1.32757]}, "properties": {"code": "STR-BULA32760-01", "type": "Concrete Box Culvert (Single Cell)", "span": 4.5, "condition": "Fair", "district": "Bulambuli"}}, {"type": "Feature", "geometry": {"type": "Point", "coordinates": [34.29127, 1.32501]}, "properties": {"code": "STR-BULA32795-01", "type": "Steel Composite Bridge / Drift", "span": 18.0, "condition": "Good", "district": "Bulambuli"}}, {"type": "Feature", "geometry": {"type": "Point", "coordinates": [34.28486, 1.3421]}, "properties": {"code": "STR-BULA32830-01", "type": "Reinforced Concrete Bridge", "span": 24.5, "condition": "Fair", "district": "Bulambuli"}}, {"type": "Feature", "geometry": {"type": "Point", "coordinates": [34.28987, 1.32864]}, "properties": {"code": "STR-BULA32865-01", "type": "Concrete Box Culvert (Twin Cell)", "span": 4.5, "condition": "Fair", "district": "Bulambuli"}}, {"type": "Feature", "geometry": {"type": "Point", "coordinates": [34.29907, 1.33164]}, "properties": {"code": "STR-BULA32900-01", "type": "Concrete Box Culvert (Single Cell)", "span": 4.5, "condition": "Fair", "district": "Bulambuli"}}, {"type": "Feature", "geometry": {"type": "Point", "coordinates": [34.29759, 1.33672]}, "properties": {"code": "STR-BULA32935-01", "type": "Steel Composite Bridge / Drift", "span": 18.0, "condition": "Fair", "district": "Bulambuli"}}, {"type": "Feature", "geometry": {"type": "Point", "coordinates": [34.29828, 1.35013]}, "properties": {"code": "STR-BULA32970-01", "type": "Reinforced Concrete Bridge", "span": 24.5, "condition": "Fair", "district": "Bulambuli"}}, {"type": "Feature", "geometry": {"type": "Point", "coordinates": [34.29507, 1.35804]}, "properties": {"code": "STR-BULA33005-01", "type": "Concrete Box Culvert (Twin Cell)", "span": 4.5, "condition": "Fair", "district": "Bulambuli"}}, {"type": "Feature", "geometry": {"type": "Point", "coordinates": [34.27872, 1.34319]}, "properties": {"code": "STR-BULA33040-01", "type": "Concrete Box Culvert (Single Cell)", "span": 4.5, "condition": "Fair", "district": "Bulambuli"}}, {"type": "Feature", "geometry": {"type": "Point", "coordinates": [34.29769, 1.37098]}, "properties": {"code": "STR-BULA33075-01", "type": "Steel Composite Bridge / Drift", "span": 18.0, "condition": "Fair", "district": "Bulambuli"}}, {"type": "Feature", "geometry": {"type": "Point", "coordinates": [34.30695, 1.36286]}, "properties": {"code": "STR-KAPC33110-01", "type": "Reinforced Concrete Bridge", "span": 24.5, "condition": "Fair", "district": "Kapchorwa"}}, {"type": "Feature", "geometry": {"type": "Point", "coordinates": [34.31659, 1.38798]}, "properties": {"code": "STR-BULA33145-01", "type": "Concrete Box Culvert (Twin Cell)", "span": 4.5, "condition": "Fair", "district": "Bulambuli"}}, {"type": "Feature", "geometry": {"type": "Point", "coordinates": [34.34031, 1.40757]}, "properties": {"code": "STR-BULA33180-01", "type": "Concrete Box Culvert (Single Cell)", "span": 4.5, "condition": "Fair", "district": "Bulambuli"}}, {"type": "Feature", "geometry": {"type": "Point", "coordinates": [34.31495, 1.35376]}, "properties": {"code": "STR-KAPC33215-01", "type": "Steel Composite Bridge / Drift", "span": 18.0, "condition": "Fair", "district": "Kapchorwa"}}, {"type": "Feature", "geometry": {"type": "Point", "coordinates": [34.30227, 1.35003]}, "properties": {"code": "STR-KAPC33250-01", "type": "Reinforced Concrete Bridge", "span": 24.5, "condition": "Fair", "district": "Kapchorwa"}}, {"type": "Feature", "geometry": {"type": "Point", "coordinates": [34.30438, 1.33462]}, "properties": {"code": "STR-BULA33285-01", "type": "Concrete Box Culvert (Twin Cell)", "span": 4.5, "condition": "Good", "district": "Bulambuli"}}, {"type": "Feature", "geometry": {"type": "Point", "coordinates": [34.31592, 1.31706]}, "properties": {"code": "STR-KAPC33320-01", "type": "Concrete Box Culvert (Single Cell)", "span": 4.5, "condition": "Fair", "district": "Kapchorwa"}}, {"type": "Feature", "geometry": {"type": "Point", "coordinates": [34.30623, 1.32952]}, "properties": {"code": "STR-KAPC33355-01", "type": "Steel Composite Bridge / Drift", "span": 18.0, "condition": "Good", "district": "Kapchorwa"}}, {"type": "Feature", "geometry": {"type": "Point", "coordinates": [32.56967, 0.36065]}, "properties": {"code": "STR-KAMP33390-01", "type": "Reinforced Concrete Bridge", "span": 24.5, "condition": "Poor", "district": "Kampala"}}, {"type": "Feature", "geometry": {"type": "Point", "coordinates": [32.56576, 0.35604]}, "properties": {"code": "STR-KAMP33425-01", "type": "Concrete Box Culvert (Twin Cell)", "span": 4.5, "condition": "Poor", "district": "Kampala"}}, {"type": "Feature", "geometry": {"type": "Point", "coordinates": [32.56143, 0.36218]}, "properties": {"code": "STR-KAMP33460-01", "type": "Concrete Box Culvert (Single Cell)", "span": 4.5, "condition": "Poor", "district": "Kampala"}}, {"type": "Feature", "geometry": {"type": "Point", "coordinates": [32.55869, 0.35791]}, "properties": {"code": "STR-WAKI33495-01", "type": "Steel Composite Bridge / Drift", "span": 18.0, "condition": "Poor", "district": "Wakiso"}}, {"type": "Feature", "geometry": {"type": "Point", "coordinates": [32.56307, 0.3581]}, "properties": {"code": "STR-KAMP33530-01", "type": "Reinforced Concrete Bridge", "span": 24.5, "condition": "Fair", "district": "Kampala"}}, {"type": "Feature", "geometry": {"type": "Point", "coordinates": [32.56114, 0.3527]}, "properties": {"code": "STR-KAMP33565-01", "type": "Concrete Box Culvert (Twin Cell)", "span": 4.5, "condition": "Poor", "district": "Kampala"}}, {"type": "Feature", "geometry": {"type": "Point", "coordinates": [32.55994, 0.35167]}, "properties": {"code": "STR-KAMP33600-01", "type": "Concrete Box Culvert (Single Cell)", "span": 4.5, "condition": "Poor", "district": "Kampala"}}, {"type": "Feature", "geometry": {"type": "Point", "coordinates": [32.56287, 0.35056]}, "properties": {"code": "STR-KAMP33635-01", "type": "Steel Composite Bridge / Drift", "span": 18.0, "condition": "Poor", "district": "Kampala"}}, {"type": "Feature", "geometry": {"type": "Point", "coordinates": [32.56395, 0.35295]}, "properties": {"code": "STR-KAMP33670-01", "type": "Reinforced Concrete Bridge", "span": 24.5, "condition": "Good", "district": "Kampala"}}, {"type": "Feature", "geometry": {"type": "Point", "coordinates": [32.56812, 0.34774]}, "properties": {"code": "STR-KAMP33705-01", "type": "Concrete Box Culvert (Twin Cell)", "span": 4.5, "condition": "Fair", "district": "Kampala"}}, {"type": "Feature", "geometry": {"type": "Point", "coordinates": [32.56413, 0.34696]}, "properties": {"code": "STR-KAMP33740-01", "type": "Concrete Box Culvert (Single Cell)", "span": 4.5, "condition": "Good", "district": "Kampala"}}, {"type": "Feature", "geometry": {"type": "Point", "coordinates": [32.56757, 0.33833]}, "properties": {"code": "STR-KAMP33775-01", "type": "Steel Composite Bridge / Drift", "span": 18.0, "condition": "Poor", "district": "Kampala"}}, {"type": "Feature", "geometry": {"type": "Point", "coordinates": [32.56678, 0.33702]}, "properties": {"code": "STR-KAMP33810-01", "type": "Reinforced Concrete Bridge", "span": 24.5, "condition": "Poor", "district": "Kampala"}}, {"type": "Feature", "geometry": {"type": "Point", "coordinates": [32.56318, 0.3399]}, "properties": {"code": "STR-KAMP33845-01", "type": "Concrete Box Culvert (Twin Cell)", "span": 4.5, "condition": "Poor", "district": "Kampala"}}, {"type": "Feature", "geometry": {"type": "Point", "coordinates": [32.561, 0.3356]}, "properties": {"code": "STR-KAMP33880-01", "type": "Concrete Box Culvert (Single Cell)", "span": 4.5, "condition": "Good", "district": "Kampala"}}, {"type": "Feature", "geometry": {"type": "Point", "coordinates": [32.5584, 0.33952]}, "properties": {"code": "STR-KAMP33915-01", "type": "Steel Composite Bridge / Drift", "span": 18.0, "condition": "Poor", "district": "Kampala"}}, {"type": "Feature", "geometry": {"type": "Point", "coordinates": [32.56287, 0.34789]}, "properties": {"code": "STR-KAMP33950-01", "type": "Reinforced Concrete Bridge", "span": 24.5, "condition": "Poor", "district": "Kampala"}}, {"type": "Feature", "geometry": {"type": "Point", "coordinates": [32.55366, 0.34701]}, "properties": {"code": "STR-WAKI33985-01", "type": "Concrete Box Culvert (Twin Cell)", "span": 4.5, "condition": "Good", "district": "Wakiso"}}, {"type": "Feature", "geometry": {"type": "Point", "coordinates": [32.5519, 0.34557]}, "properties": {"code": "STR-WAKI34020-01", "type": "Concrete Box Culvert (Single Cell)", "span": 4.5, "condition": "Good", "district": "Wakiso"}}, {"type": "Feature", "geometry": {"type": "Point", "coordinates": [32.55649, 0.34047]}, "properties": {"code": "STR-KAMP34055-01", "type": "Steel Composite Bridge / Drift", "span": 18.0, "condition": "Poor", "district": "Kampala"}}, {"type": "Feature", "geometry": {"type": "Point", "coordinates": [32.55195, 0.33596]}, "properties": {"code": "STR-KAMP34090-01", "type": "Reinforced Concrete Bridge", "span": 24.5, "condition": "Fair", "district": "Kampala"}}, {"type": "Feature", "geometry": {"type": "Point", "coordinates": [32.54877, 0.33493]}, "properties": {"code": "STR-KAMP34125-01", "type": "Concrete Box Culvert (Twin Cell)", "span": 4.5, "condition": "Fair", "district": "Kampala"}}, {"type": "Feature", "geometry": {"type": "Point", "coordinates": [32.54948, 0.3433]}, "properties": {"code": "STR-KAMP34160-01", "type": "Concrete Box Culvert (Single Cell)", "span": 4.5, "condition": "Good", "district": "Kampala"}}, {"type": "Feature", "geometry": {"type": "Point", "coordinates": [34.13769, 1.19396]}, "properties": {"code": "STR-BUKE34195-01", "type": "Steel Composite Bridge / Drift", "span": 18.0, "condition": "Poor", "district": "Bukedea"}}, {"type": "Feature", "geometry": {"type": "Point", "coordinates": [34.1475, 1.23043]}, "properties": {"code": "STR-BUKE34230-01", "type": "Reinforced Concrete Bridge", "span": 24.5, "condition": "Fair", "district": "Bukedea"}}, {"type": "Feature", "geometry": {"type": "Point", "coordinates": [34.15744, 1.21104]}, "properties": {"code": "STR-BUKE34265-01", "type": "Concrete Box Culvert (Twin Cell)", "span": 4.5, "condition": "Poor", "district": "Bukedea"}}, {"type": "Feature", "geometry": {"type": "Point", "coordinates": [34.13513, 1.19412]}, "properties": {"code": "STR-BUKE34300-01", "type": "Concrete Box Culvert (Single Cell)", "span": 4.5, "condition": "Fair", "district": "Bukedea"}}, {"type": "Feature", "geometry": {"type": "Point", "coordinates": [34.15893, 1.16031]}, "properties": {"code": "STR-MBAL34335-01", "type": "Steel Composite Bridge / Drift", "span": 18.0, "condition": "Poor", "district": "Mbale"}}, {"type": "Feature", "geometry": {"type": "Point", "coordinates": [34.13255, 1.1563]}, "properties": {"code": "STR-MBAL34370-01", "type": "Reinforced Concrete Bridge", "span": 24.5, "condition": "Poor", "district": "Mbale"}}, {"type": "Feature", "geometry": {"type": "Point", "coordinates": [34.13973, 1.15704]}, "properties": {"code": "STR-MBAL34405-01", "type": "Concrete Box Culvert (Twin Cell)", "span": 4.5, "condition": "Poor", "district": "Mbale"}}, {"type": "Feature", "geometry": {"type": "Point", "coordinates": [34.13506, 1.13647]}, "properties": {"code": "STR-MBAL34440-01", "type": "Concrete Box Culvert (Single Cell)", "span": 4.5, "condition": "Fair", "district": "Mbale"}}, {"type": "Feature", "geometry": {"type": "Point", "coordinates": [34.14896, 1.13708]}, "properties": {"code": "STR-MBAL34475-01", "type": "Steel Composite Bridge / Drift", "span": 18.0, "condition": "Poor", "district": "Mbale"}}, {"type": "Feature", "geometry": {"type": "Point", "coordinates": [34.14785, 1.13732]}, "properties": {"code": "STR-MBAL34510-01", "type": "Reinforced Concrete Bridge", "span": 24.5, "condition": "Poor", "district": "Mbale"}}, {"type": "Feature", "geometry": {"type": "Point", "coordinates": [34.15195, 1.14661]}, "properties": {"code": "STR-MBAL34545-01", "type": "Concrete Box Culvert (Twin Cell)", "span": 4.5, "condition": "Fair", "district": "Mbale"}}, {"type": "Feature", "geometry": {"type": "Point", "coordinates": [34.16373, 1.1471]}, "properties": {"code": "STR-MBAL34580-01", "type": "Concrete Box Culvert (Single Cell)", "span": 4.5, "condition": "Fair", "district": "Mbale"}}, {"type": "Feature", "geometry": {"type": "Point", "coordinates": [34.16527, 1.13771]}, "properties": {"code": "STR-MBAL34615-01", "type": "Steel Composite Bridge / Drift", "span": 18.0, "condition": "Fair", "district": "Mbale"}}, {"type": "Feature", "geometry": {"type": "Point", "coordinates": [34.1634, 1.12145]}, "properties": {"code": "STR-MBAL34650-01", "type": "Reinforced Concrete Bridge", "span": 24.5, "condition": "Fair", "district": "Mbale"}}, {"type": "Feature", "geometry": {"type": "Point", "coordinates": [34.15185, 1.11504]}, "properties": {"code": "STR-MBAL34685-01", "type": "Concrete Box Culvert (Twin Cell)", "span": 4.5, "condition": "Poor", "district": "Mbale"}}, {"type": "Feature", "geometry": {"type": "Point", "coordinates": [34.16609, 1.11205]}, "properties": {"code": "STR-MBAL34720-01", "type": "Concrete Box Culvert (Single Cell)", "span": 4.5, "condition": "Good", "district": "Mbale"}}, {"type": "Feature", "geometry": {"type": "Point", "coordinates": [34.16225, 1.08531]}, "properties": {"code": "STR-MBAL34755-01", "type": "Steel Composite Bridge / Drift", "span": 18.0, "condition": "Good", "district": "Mbale"}}, {"type": "Feature", "geometry": {"type": "Point", "coordinates": [34.16146, 1.08019]}, "properties": {"code": "STR-MBAL34790-01", "type": "Reinforced Concrete Bridge", "span": 24.5, "condition": "Poor", "district": "Mbale"}}, {"type": "Feature", "geometry": {"type": "Point", "coordinates": [34.15648, 1.07857]}, "properties": {"code": "STR-MBAL34825-01", "type": "Concrete Box Culvert (Twin Cell)", "span": 4.5, "condition": "Poor", "district": "Mbale"}}, {"type": "Feature", "geometry": {"type": "Point", "coordinates": [34.1296, 1.09417]}, "properties": {"code": "STR-MBAL34860-01", "type": "Concrete Box Culvert (Single Cell)", "span": 4.5, "condition": "Fair", "district": "Mbale"}}, {"type": "Feature", "geometry": {"type": "Point", "coordinates": [34.12979, 1.11214]}, "properties": {"code": "STR-MBAL34895-01", "type": "Steel Composite Bridge / Drift", "span": 18.0, "condition": "Poor", "district": "Mbale"}}, {"type": "Feature", "geometry": {"type": "Point", "coordinates": [33.13852, 0.50533]}, "properties": {"code": "STR-BUIK34930-01", "type": "Reinforced Concrete Bridge", "span": 24.5, "condition": "Poor", "district": "Buikwe"}}, {"type": "Feature", "geometry": {"type": "Point", "coordinates": [33.14626, 0.54508]}, "properties": {"code": "STR-JINJ34965-01", "type": "Concrete Box Culvert (Twin Cell)", "span": 4.5, "condition": "Poor", "district": "Jinja"}}, {"type": "Feature", "geometry": {"type": "Point", "coordinates": [33.11255, 0.54452]}, "properties": {"code": "STR-JINJ35000-01", "type": "Concrete Box Culvert (Single Cell)", "span": 4.5, "condition": "Poor", "district": "Jinja"}}, {"type": "Feature", "geometry": {"type": "Point", "coordinates": [33.11654, 0.50971]}, "properties": {"code": "STR-BUIK35035-01", "type": "Steel Composite Bridge / Drift", "span": 18.0, "condition": "Fair", "district": "Buikwe"}}, {"type": "Feature", "geometry": {"type": "Point", "coordinates": [33.08987, 0.51455]}, "properties": {"code": "STR-BUIK35070-01", "type": "Reinforced Concrete Bridge", "span": 24.5, "condition": "Fair", "district": "Buikwe"}}, {"type": "Feature", "geometry": {"type": "Point", "coordinates": [33.09453, 0.55283]}, "properties": {"code": "STR-JINJ35105-01", "type": "Concrete Box Culvert (Twin Cell)", "span": 4.5, "condition": "Fair", "district": "Jinja"}}, {"type": "Feature", "geometry": {"type": "Point", "coordinates": [33.09534, 0.59286]}, "properties": {"code": "STR-JINJ35140-01", "type": "Concrete Box Culvert (Single Cell)", "span": 4.5, "condition": "Poor", "district": "Jinja"}}, {"type": "Feature", "geometry": {"type": "Point", "coordinates": [33.06889, 0.57682]}, "properties": {"code": "STR-JINJ35175-01", "type": "Steel Composite Bridge / Drift", "span": 18.0, "condition": "Fair", "district": "Jinja"}}, {"type": "Feature", "geometry": {"type": "Point", "coordinates": [33.05378, 0.58596]}, "properties": {"code": "STR-KAYU35210-01", "type": "Reinforced Concrete Bridge", "span": 24.5, "condition": "Poor", "district": "Kayunga"}}, {"type": "Feature", "geometry": {"type": "Point", "coordinates": [33.05312, 0.59398]}, "properties": {"code": "STR-JINJ35245-01", "type": "Concrete Box Culvert (Twin Cell)", "span": 4.5, "condition": "Poor", "district": "Jinja"}}, {"type": "Feature", "geometry": {"type": "Point", "coordinates": [33.03732, 0.60718]}, "properties": {"code": "STR-KAYU35280-01", "type": "Concrete Box Culvert (Single Cell)", "span": 4.5, "condition": "Fair", "district": "Kayunga"}}, {"type": "Feature", "geometry": {"type": "Point", "coordinates": [33.02788, 0.59206]}, "properties": {"code": "STR-KAYU35315-01", "type": "Steel Composite Bridge / Drift", "span": 18.0, "condition": "Poor", "district": "Kayunga"}}, {"type": "Feature", "geometry": {"type": "Point", "coordinates": [33.00085, 0.56262]}, "properties": {"code": "STR-KAYU35350-01", "type": "Reinforced Concrete Bridge", "span": 24.5, "condition": "Fair", "district": "Kayunga"}}, {"type": "Feature", "geometry": {"type": "Point", "coordinates": [33.02465, 0.58297]}, "properties": {"code": "STR-KAYU35385-01", "type": "Concrete Box Culvert (Twin Cell)", "span": 4.5, "condition": "Fair", "district": "Kayunga"}}, {"type": "Feature", "geometry": {"type": "Point", "coordinates": [33.03522, 0.58229]}, "properties": {"code": "STR-KAYU35420-01", "type": "Concrete Box Culvert (Single Cell)", "span": 4.5, "condition": "Fair", "district": "Kayunga"}}, {"type": "Feature", "geometry": {"type": "Point", "coordinates": [33.032, 0.53436]}, "properties": {"code": "STR-KAYU35455-01", "type": "Steel Composite Bridge / Drift", "span": 18.0, "condition": "Fair", "district": "Kayunga"}}, {"type": "Feature", "geometry": {"type": "Point", "coordinates": [33.02194, 0.5154]}, "properties": {"code": "STR-BUIK35490-01", "type": "Reinforced Concrete Bridge", "span": 24.5, "condition": "Fair", "district": "Buikwe"}}, {"type": "Feature", "geometry": {"type": "Point", "coordinates": [33.05802, 0.52981]}, "properties": {"code": "STR-KAYU35525-01", "type": "Concrete Box Culvert (Twin Cell)", "span": 4.5, "condition": "Fair", "district": "Kayunga"}}, {"type": "Feature", "geometry": {"type": "Point", "coordinates": [33.0486, 0.55833]}, "properties": {"code": "STR-KAYU35560-01", "type": "Concrete Box Culvert (Single Cell)", "span": 4.5, "condition": "Fair", "district": "Kayunga"}}, {"type": "Feature", "geometry": {"type": "Point", "coordinates": [33.06302, 0.54941]}, "properties": {"code": "STR-KAYU35595-01", "type": "Steel Composite Bridge / Drift", "span": 18.0, "condition": "Fair", "district": "Kayunga"}}, {"type": "Feature", "geometry": {"type": "Point", "coordinates": [33.07427, 0.55414]}, "properties": {"code": "STR-JINJ35630-01", "type": "Reinforced Concrete Bridge", "span": 24.5, "condition": "Fair", "district": "Jinja"}}, {"type": "Feature", "geometry": {"type": "Point", "coordinates": [33.08245, 0.51339]}, "properties": {"code": "STR-BUIK35665-01", "type": "Concrete Box Culvert (Twin Cell)", "span": 4.5, "condition": "Fair", "district": "Buikwe"}}, {"type": "Feature", "geometry": {"type": "Point", "coordinates": [33.00896, 0.39575]}, "properties": {"code": "STR-BUIK35700-01", "type": "Concrete Box Culvert (Single Cell)", "span": 4.5, "condition": "Poor", "district": "Buikwe"}}, {"type": "Feature", "geometry": {"type": "Point", "coordinates": [32.95044, 0.43628]}, "properties": {"code": "STR-MUKO35735-01", "type": "Steel Composite Bridge / Drift", "span": 18.0, "condition": "Poor", "district": "Mukono"}}, {"type": "Feature", "geometry": {"type": "Point", "coordinates": [32.95136, 0.4303]}, "properties": {"code": "STR-MUKO35770-01", "type": "Reinforced Concrete Bridge", "span": 24.5, "condition": "Poor", "district": "Mukono"}}, {"type": "Feature", "geometry": {"type": "Point", "coordinates": [32.92913, 0.40187]}, "properties": {"code": "STR-BUIK35805-01", "type": "Concrete Box Culvert (Twin Cell)", "span": 4.5, "condition": "Fair", "district": "Buikwe"}}, {"type": "Feature", "geometry": {"type": "Point", "coordinates": [32.93153, 0.41455]}, "properties": {"code": "STR-MUKO35840-01", "type": "Concrete Box Culvert (Single Cell)", "span": 4.5, "condition": "Fair", "district": "Mukono"}}, {"type": "Feature", "geometry": {"type": "Point", "coordinates": [32.91908, 0.41759]}, "properties": {"code": "STR-MUKO35875-01", "type": "Steel Composite Bridge / Drift", "span": 18.0, "condition": "Fair", "district": "Mukono"}}, {"type": "Feature", "geometry": {"type": "Point", "coordinates": [32.93257, 0.39982]}, "properties": {"code": "STR-BUIK35910-01", "type": "Reinforced Concrete Bridge", "span": 24.5, "condition": "Poor", "district": "Buikwe"}}, {"type": "Feature", "geometry": {"type": "Point", "coordinates": [32.91318, 0.40649]}, "properties": {"code": "STR-BUIK35945-01", "type": "Concrete Box Culvert (Twin Cell)", "span": 4.5, "condition": "Fair", "district": "Buikwe"}}, {"type": "Feature", "geometry": {"type": "Point", "coordinates": [32.92973, 0.42685]}, "properties": {"code": "STR-MUKO35980-01", "type": "Concrete Box Culvert (Single Cell)", "span": 4.5, "condition": "Poor", "district": "Mukono"}}, {"type": "Feature", "geometry": {"type": "Point", "coordinates": [32.9202, 0.47567]}, "properties": {"code": "STR-MUKO36015-01", "type": "Steel Composite Bridge / Drift", "span": 18.0, "condition": "Fair", "district": "Mukono"}}, {"type": "Feature", "geometry": {"type": "Point", "coordinates": [32.9212, 0.54941]}, "properties": {"code": "STR-MUKO36050-01", "type": "Reinforced Concrete Bridge", "span": 24.5, "condition": "Fair", "district": "Mukono"}}, {"type": "Feature", "geometry": {"type": "Point", "coordinates": [32.99119, 0.61318]}, "properties": {"code": "STR-KAYU36085-01", "type": "Concrete Box Culvert (Twin Cell)", "span": 4.5, "condition": "Poor", "district": "Kayunga"}}, {"type": "Feature", "geometry": {"type": "Point", "coordinates": [32.93701, 0.60519]}, "properties": {"code": "STR-MUKO36120-01", "type": "Concrete Box Culvert (Single Cell)", "span": 4.5, "condition": "Fair", "district": "Mukono"}}, {"type": "Feature", "geometry": {"type": "Point", "coordinates": [32.93587, 0.58811]}, "properties": {"code": "STR-MUKO36155-01", "type": "Steel Composite Bridge / Drift", "span": 18.0, "condition": "Fair", "district": "Mukono"}}, {"type": "Feature", "geometry": {"type": "Point", "coordinates": [32.91398, 0.57754]}, "properties": {"code": "STR-MUKO36190-01", "type": "Reinforced Concrete Bridge", "span": 24.5, "condition": "Fair", "district": "Mukono"}}, {"type": "Feature", "geometry": {"type": "Point", "coordinates": [32.5629, 0.13389]}, "properties": {"code": "STR-WAKI36225-01", "type": "Concrete Box Culvert (Twin Cell)", "span": 4.5, "condition": "Fair", "district": "Wakiso"}}, {"type": "Feature", "geometry": {"type": "Point", "coordinates": [32.54731, 0.13389]}, "properties": {"code": "STR-WAKI36260-01", "type": "Concrete Box Culvert (Single Cell)", "span": 4.5, "condition": "Fair", "district": "Wakiso"}}, {"type": "Feature", "geometry": {"type": "Point", "coordinates": [32.54868, 0.13616]}, "properties": {"code": "STR-WAKI36295-01", "type": "Steel Composite Bridge / Drift", "span": 18.0, "condition": "Fair", "district": "Wakiso"}}, {"type": "Feature", "geometry": {"type": "Point", "coordinates": [32.55522, 0.14758]}, "properties": {"code": "STR-WAKI36330-01", "type": "Reinforced Concrete Bridge", "span": 24.5, "condition": "Good", "district": "Wakiso"}}, {"type": "Feature", "geometry": {"type": "Point", "coordinates": [32.54653, 0.14846]}, "properties": {"code": "STR-WAKI36365-01", "type": "Concrete Box Culvert (Twin Cell)", "span": 4.5, "condition": "Poor", "district": "Wakiso"}}, {"type": "Feature", "geometry": {"type": "Point", "coordinates": [32.54806, 0.15246]}, "properties": {"code": "STR-WAKI36400-01", "type": "Concrete Box Culvert (Single Cell)", "span": 4.5, "condition": "Fair", "district": "Wakiso"}}, {"type": "Feature", "geometry": {"type": "Point", "coordinates": [32.54707, 0.16128]}, "properties": {"code": "STR-WAKI36435-01", "type": "Steel Composite Bridge / Drift", "span": 18.0, "condition": "Good", "district": "Wakiso"}}, {"type": "Feature", "geometry": {"type": "Point", "coordinates": [32.5539, 0.16257]}, "properties": {"code": "STR-WAKI36470-01", "type": "Reinforced Concrete Bridge", "span": 24.5, "condition": "Poor", "district": "Wakiso"}}, {"type": "Feature", "geometry": {"type": "Point", "coordinates": [32.5595, 0.15767]}, "properties": {"code": "STR-WAKI36505-01", "type": "Concrete Box Culvert (Twin Cell)", "span": 4.5, "condition": "Poor", "district": "Wakiso"}}, {"type": "Feature", "geometry": {"type": "Point", "coordinates": [32.56703, 0.14342]}, "properties": {"code": "STR-WAKI36540-01", "type": "Concrete Box Culvert (Single Cell)", "span": 4.5, "condition": "Fair", "district": "Wakiso"}}, {"type": "Feature", "geometry": {"type": "Point", "coordinates": [32.56025, 0.13979]}, "properties": {"code": "STR-WAKI36575-01", "type": "Steel Composite Bridge / Drift", "span": 18.0, "condition": "Good", "district": "Wakiso"}}, {"type": "Feature", "geometry": {"type": "Point", "coordinates": [32.56466, 0.1357]}, "properties": {"code": "STR-WAKI36610-01", "type": "Reinforced Concrete Bridge", "span": 24.5, "condition": "Fair", "district": "Wakiso"}}, {"type": "Feature", "geometry": {"type": "Point", "coordinates": [32.57205, 0.136]}, "properties": {"code": "STR-WAKI36645-01", "type": "Concrete Box Culvert (Twin Cell)", "span": 4.5, "condition": "Good", "district": "Wakiso"}}, {"type": "Feature", "geometry": {"type": "Point", "coordinates": [32.57677, 0.13753]}, "properties": {"code": "STR-WAKI36680-01", "type": "Concrete Box Culvert (Single Cell)", "span": 4.5, "condition": "Poor", "district": "Wakiso"}}, {"type": "Feature", "geometry": {"type": "Point", "coordinates": [32.57205, 0.14281]}, "properties": {"code": "STR-WAKI36715-01", "type": "Steel Composite Bridge / Drift", "span": 18.0, "condition": "Fair", "district": "Wakiso"}}, {"type": "Feature", "geometry": {"type": "Point", "coordinates": [32.57613, 0.13318]}, "properties": {"code": "STR-WAKI36750-01", "type": "Reinforced Concrete Bridge", "span": 24.5, "condition": "Poor", "district": "Wakiso"}}, {"type": "Feature", "geometry": {"type": "Point", "coordinates": [32.66726, 0.15938]}, "properties": {"code": "STR-MUKO36785-01", "type": "Concrete Box Culvert (Twin Cell)", "span": 4.5, "condition": "Poor", "district": "Mukono"}}, {"type": "Feature", "geometry": {"type": "Point", "coordinates": [32.72284, 0.1218]}, "properties": {"code": "STR-MUKO36820-01", "type": "Concrete Box Culvert (Single Cell)", "span": 4.5, "condition": "Poor", "district": "Mukono"}}, {"type": "Feature", "geometry": {"type": "Point", "coordinates": [32.69097, 0.10499]}, "properties": {"code": "STR-MUKO36855-01", "type": "Steel Composite Bridge / Drift", "span": 18.0, "condition": "Fair", "district": "Mukono"}}, {"type": "Feature", "geometry": {"type": "Point", "coordinates": [32.6626, -0.02401]}, "properties": {"code": "STR-MUKO36890-01", "type": "Reinforced Concrete Bridge", "span": 24.5, "condition": "Good", "district": "Mukono"}}, {"type": "Feature", "geometry": {"type": "Point", "coordinates": [32.74815, -0.03243]}, "properties": {"code": "STR-MUKO36925-01", "type": "Concrete Box Culvert (Twin Cell)", "span": 4.5, "condition": "Fair", "district": "Mukono"}}, {"type": "Feature", "geometry": {"type": "Point", "coordinates": [32.78478, -0.02139]}, "properties": {"code": "STR-MUKO36960-01", "type": "Concrete Box Culvert (Single Cell)", "span": 4.5, "condition": "Fair", "district": "Mukono"}}, {"type": "Feature", "geometry": {"type": "Point", "coordinates": [32.75693, -0.00563]}, "properties": {"code": "STR-MUKO36995-01", "type": "Steel Composite Bridge / Drift", "span": 18.0, "condition": "Fair", "district": "Mukono"}}, {"type": "Feature", "geometry": {"type": "Point", "coordinates": [32.728, 0.12686]}, "properties": {"code": "STR-MUKO37030-01", "type": "Reinforced Concrete Bridge", "span": 24.5, "condition": "Poor", "district": "Mukono"}}, {"type": "Feature", "geometry": {"type": "Point", "coordinates": [32.75773, 0.14231]}, "properties": {"code": "STR-MUKO37065-01", "type": "Concrete Box Culvert (Twin Cell)", "span": 4.5, "condition": "Good", "district": "Mukono"}}, {"type": "Feature", "geometry": {"type": "Point", "coordinates": [32.77006, 0.14788]}, "properties": {"code": "STR-MUKO37100-01", "type": "Concrete Box Culvert (Single Cell)", "span": 4.5, "condition": "Good", "district": "Mukono"}}, {"type": "Feature", "geometry": {"type": "Point", "coordinates": [32.77229, 0.12835]}, "properties": {"code": "STR-MUKO37135-01", "type": "Steel Composite Bridge / Drift", "span": 18.0, "condition": "Good", "district": "Mukono"}}, {"type": "Feature", "geometry": {"type": "Point", "coordinates": [32.77895, 0.12061]}, "properties": {"code": "STR-MUKO37170-01", "type": "Reinforced Concrete Bridge", "span": 24.5, "condition": "Poor", "district": "Mukono"}}, {"type": "Feature", "geometry": {"type": "Point", "coordinates": [32.77467, 0.14103]}, "properties": {"code": "STR-MUKO37205-01", "type": "Concrete Box Culvert (Twin Cell)", "span": 4.5, "condition": "Poor", "district": "Mukono"}}, {"type": "Feature", "geometry": {"type": "Point", "coordinates": [32.77661, 0.15449]}, "properties": {"code": "STR-MUKO37240-01", "type": "Concrete Box Culvert (Single Cell)", "span": 4.5, "condition": "Good", "district": "Mukono"}}, {"type": "Feature", "geometry": {"type": "Point", "coordinates": [32.78791, 0.16146]}, "properties": {"code": "STR-MUKO37275-01", "type": "Steel Composite Bridge / Drift", "span": 18.0, "condition": "Poor", "district": "Mukono"}}, {"type": "Feature", "geometry": {"type": "Point", "coordinates": [32.80027, 0.15054]}, "properties": {"code": "STR-MUKO37310-01", "type": "Reinforced Concrete Bridge", "span": 24.5, "condition": "Good", "district": "Mukono"}}, {"type": "Feature", "geometry": {"type": "Point", "coordinates": [32.79517, 0.15293]}, "properties": {"code": "STR-MUKO37345-01", "type": "Concrete Box Culvert (Twin Cell)", "span": 4.5, "condition": "Poor", "district": "Mukono"}}, {"type": "Feature", "geometry": {"type": "Point", "coordinates": [32.80172, 0.15275]}, "properties": {"code": "STR-MUKO37380-01", "type": "Concrete Box Culvert (Single Cell)", "span": 4.5, "condition": "Poor", "district": "Mukono"}}, {"type": "Feature", "geometry": {"type": "Point", "coordinates": [32.80734, 0.16114]}, "properties": {"code": "STR-MUKO37415-01", "type": "Steel Composite Bridge / Drift", "span": 18.0, "condition": "Poor", "district": "Mukono"}}, {"type": "Feature", "geometry": {"type": "Point", "coordinates": [32.81662, 0.14749]}, "properties": {"code": "STR-MUKO37450-01", "type": "Reinforced Concrete Bridge", "span": 24.5, "condition": "Fair", "district": "Mukono"}}, {"type": "Feature", "geometry": {"type": "Point", "coordinates": [32.81851, 0.15595]}, "properties": {"code": "STR-MUKO37485-01", "type": "Concrete Box Culvert (Twin Cell)", "span": 4.5, "condition": "Fair", "district": "Mukono"}}, {"type": "Feature", "geometry": {"type": "Point", "coordinates": [32.90441, 0.0055]}, "properties": {"code": "STR-BUVU37520-01", "type": "Concrete Box Culvert (Single Cell)", "span": 4.5, "condition": "Poor", "district": "Buvuma"}}, {"type": "Feature", "geometry": {"type": "Point", "coordinates": [32.7756, -0.10803]}, "properties": {"code": "STR-MUKO37555-01", "type": "Steel Composite Bridge / Drift", "span": 18.0, "condition": "Fair", "district": "Mukono"}}, {"type": "Feature", "geometry": {"type": "Point", "coordinates": [32.75968, -0.09918]}, "properties": {"code": "STR-MUKO37590-01", "type": "Reinforced Concrete Bridge", "span": 24.5, "condition": "Poor", "district": "Mukono"}}, {"type": "Feature", "geometry": {"type": "Point", "coordinates": [32.57081, -0.33311]}, "properties": {"code": "STR-KALA37625-01", "type": "Concrete Box Culvert (Twin Cell)", "span": 4.5, "condition": "Fair", "district": "Kalangala"}}, {"type": "Feature", "geometry": {"type": "Point", "coordinates": [32.51447, -0.3805]}, "properties": {"code": "STR-KALA37660-01", "type": "Concrete Box Culvert (Single Cell)", "span": 4.5, "condition": "Fair", "district": "Kalangala"}}, {"type": "Feature", "geometry": {"type": "Point", "coordinates": [32.51601, -0.37497]}, "properties": {"code": "STR-KALA37695-01", "type": "Steel Composite Bridge / Drift", "span": 18.0, "condition": "Fair", "district": "Kalangala"}}, {"type": "Feature", "geometry": {"type": "Point", "coordinates": [32.50465, -0.42931]}, "properties": {"code": "STR-KALA37730-01", "type": "Reinforced Concrete Bridge", "span": 24.5, "condition": "Fair", "district": "Kalangala"}}, {"type": "Feature", "geometry": {"type": "Point", "coordinates": [32.47495, -0.47614]}, "properties": {"code": "STR-KALA37765-01", "type": "Concrete Box Culvert (Twin Cell)", "span": 4.5, "condition": "Fair", "district": "Kalangala"}}, {"type": "Feature", "geometry": {"type": "Point", "coordinates": [32.45131, -0.48961]}, "properties": {"code": "STR-KALA37800-01", "type": "Concrete Box Culvert (Single Cell)", "span": 4.5, "condition": "Fair", "district": "Kalangala"}}, {"type": "Feature", "geometry": {"type": "Point", "coordinates": [32.40395, -0.40367]}, "properties": {"code": "STR-KALA37835-01", "type": "Steel Composite Bridge / Drift", "span": 18.0, "condition": "Fair", "district": "Kalangala"}}, {"type": "Feature", "geometry": {"type": "Point", "coordinates": [32.41115, -0.3643]}, "properties": {"code": "STR-KALA37870-01", "type": "Reinforced Concrete Bridge", "span": 24.5, "condition": "Fair", "district": "Kalangala"}}, {"type": "Feature", "geometry": {"type": "Point", "coordinates": [32.37973, -0.33696]}, "properties": {"code": "STR-KALA37905-01", "type": "Concrete Box Culvert (Twin Cell)", "span": 4.5, "condition": "Fair", "district": "Kalangala"}}, {"type": "Feature", "geometry": {"type": "Point", "coordinates": [32.30423, -0.40007]}, "properties": {"code": "STR-KALA37940-01", "type": "Concrete Box Culvert (Single Cell)", "span": 4.5, "condition": "Fair", "district": "Kalangala"}}, {"type": "Feature", "geometry": {"type": "Point", "coordinates": [32.27789, -0.34944]}, "properties": {"code": "STR-KALA37975-01", "type": "Steel Composite Bridge / Drift", "span": 18.0, "condition": "Fair", "district": "Kalangala"}}, {"type": "Feature", "geometry": {"type": "Point", "coordinates": [32.28566, -0.32584]}, "properties": {"code": "STR-KALA38010-01", "type": "Reinforced Concrete Bridge", "span": 24.5, "condition": "Fair", "district": "Kalangala"}}, {"type": "Feature", "geometry": {"type": "Point", "coordinates": [32.29323, -0.32137]}, "properties": {"code": "STR-KALA38045-01", "type": "Concrete Box Culvert (Twin Cell)", "span": 4.5, "condition": "Fair", "district": "Kalangala"}}, {"type": "Feature", "geometry": {"type": "Point", "coordinates": [32.31485, -0.33029]}, "properties": {"code": "STR-KALA38080-01", "type": "Concrete Box Culvert (Single Cell)", "span": 4.5, "condition": "Fair", "district": "Kalangala"}}, {"type": "Feature", "geometry": {"type": "Point", "coordinates": [32.29298, -0.31159]}, "properties": {"code": "STR-KALA38115-01", "type": "Steel Composite Bridge / Drift", "span": 18.0, "condition": "Poor", "district": "Kalangala"}}, {"type": "Feature", "geometry": {"type": "Point", "coordinates": [32.25622, -0.30801]}, "properties": {"code": "STR-KALA38150-01", "type": "Reinforced Concrete Bridge", "span": 24.5, "condition": "Fair", "district": "Kalangala"}}, {"type": "Feature", "geometry": {"type": "Point", "coordinates": [32.27016, -0.32649]}, "properties": {"code": "STR-KALA38185-01", "type": "Concrete Box Culvert (Twin Cell)", "span": 4.5, "condition": "Fair", "district": "Kalangala"}}, {"type": "Feature", "geometry": {"type": "Point", "coordinates": [32.23657, -0.32223]}, "properties": {"code": "STR-KALA38220-01", "type": "Concrete Box Culvert (Single Cell)", "span": 4.5, "condition": "Fair", "district": "Kalangala"}}, {"type": "Feature", "geometry": {"type": "Point", "coordinates": [32.24165, -0.31026]}, "properties": {"code": "STR-KALA38255-01", "type": "Steel Composite Bridge / Drift", "span": 18.0, "condition": "Fair", "district": "Kalangala"}}, {"type": "Feature", "geometry": {"type": "Point", "coordinates": [32.58038, 0.31022]}, "properties": {"code": "STR-KAMP38290-01", "type": "Reinforced Concrete Bridge", "span": 24.5, "condition": "Poor", "district": "Kampala"}}, {"type": "Feature", "geometry": {"type": "Point", "coordinates": [32.58327, 0.30846]}, "properties": {"code": "STR-KAMP38325-01", "type": "Concrete Box Culvert (Twin Cell)", "span": 4.5, "condition": "Poor", "district": "Kampala"}}, {"type": "Feature", "geometry": {"type": "Point", "coordinates": [32.58888, 0.30975]}, "properties": {"code": "STR-KAMP38360-01", "type": "Concrete Box Culvert (Single Cell)", "span": 4.5, "condition": "Poor", "district": "Kampala"}}, {"type": "Feature", "geometry": {"type": "Point", "coordinates": [32.58708, 0.30205]}, "properties": {"code": "STR-KAMP38395-01", "type": "Steel Composite Bridge / Drift", "span": 18.0, "condition": "Poor", "district": "Kampala"}}, {"type": "Feature", "geometry": {"type": "Point", "coordinates": [32.59074, 0.30032]}, "properties": {"code": "STR-KAMP38430-01", "type": "Reinforced Concrete Bridge", "span": 24.5, "condition": "Poor", "district": "Kampala"}}, {"type": "Feature", "geometry": {"type": "Point", "coordinates": [32.58685, 0.29105]}, "properties": {"code": "STR-KAMP38465-01", "type": "Concrete Box Culvert (Twin Cell)", "span": 4.5, "condition": "Fair", "district": "Kampala"}}, {"type": "Feature", "geometry": {"type": "Point", "coordinates": [32.58462, 0.29088]}, "properties": {"code": "STR-KAMP38500-01", "type": "Concrete Box Culvert (Single Cell)", "span": 4.5, "condition": "Fair", "district": "Kampala"}}, {"type": "Feature", "geometry": {"type": "Point", "coordinates": [32.58053, 0.29756]}, "properties": {"code": "STR-KAMP38535-01", "type": "Steel Composite Bridge / Drift", "span": 18.0, "condition": "Fair", "district": "Kampala"}}, {"type": "Feature", "geometry": {"type": "Point", "coordinates": [32.58249, 0.30277]}, "properties": {"code": "STR-KAMP38570-01", "type": "Reinforced Concrete Bridge", "span": 24.5, "condition": "Fair", "district": "Kampala"}}, {"type": "Feature", "geometry": {"type": "Point", "coordinates": [32.5756, 0.29945]}, "properties": {"code": "STR-KAMP38605-01", "type": "Concrete Box Culvert (Twin Cell)", "span": 4.5, "condition": "Poor", "district": "Kampala"}}, {"type": "Feature", "geometry": {"type": "Point", "coordinates": [32.57243, 0.30392]}, "properties": {"code": "STR-KAMP38640-01", "type": "Concrete Box Culvert (Single Cell)", "span": 4.5, "condition": "Poor", "district": "Kampala"}}, {"type": "Feature", "geometry": {"type": "Point", "coordinates": [30.06585, 0.16518]}, "properties": {"code": "STR-KASE38675-01", "type": "Steel Composite Bridge / Drift", "span": 18.0, "condition": "Good", "district": "Kasese"}}, {"type": "Feature", "geometry": {"type": "Point", "coordinates": [30.06648, 0.16932]}, "properties": {"code": "STR-KASE38710-01", "type": "Reinforced Concrete Bridge", "span": 24.5, "condition": "Poor", "district": "Kasese"}}, {"type": "Feature", "geometry": {"type": "Point", "coordinates": [30.06989, 0.16563]}, "properties": {"code": "STR-KASE38745-01", "type": "Concrete Box Culvert (Twin Cell)", "span": 4.5, "condition": "Good", "district": "Kasese"}}, {"type": "Feature", "geometry": {"type": "Point", "coordinates": [30.06973, 0.16788]}, "properties": {"code": "STR-KASE38780-01", "type": "Concrete Box Culvert (Single Cell)", "span": 4.5, "condition": "Poor", "district": "Kasese"}}, {"type": "Feature", "geometry": {"type": "Point", "coordinates": [30.07392, 0.17689]}, "properties": {"code": "STR-KASE38815-01", "type": "Steel Composite Bridge / Drift", "span": 18.0, "condition": "Poor", "district": "Kasese"}}, {"type": "Feature", "geometry": {"type": "Point", "coordinates": [30.07602, 0.17696]}, "properties": {"code": "STR-KASE38850-01", "type": "Reinforced Concrete Bridge", "span": 24.5, "condition": "Good", "district": "Kasese"}}, {"type": "Feature", "geometry": {"type": "Point", "coordinates": [30.07913, 0.17654]}, "properties": {"code": "STR-KASE38885-01", "type": "Concrete Box Culvert (Twin Cell)", "span": 4.5, "condition": "Poor", "district": "Kasese"}}, {"type": "Feature", "geometry": {"type": "Point", "coordinates": [30.07861, 0.17313]}, "properties": {"code": "STR-KASE38920-01", "type": "Concrete Box Culvert (Single Cell)", "span": 4.5, "condition": "Poor", "district": "Kasese"}}, {"type": "Feature", "geometry": {"type": "Point", "coordinates": [30.07921, 0.16802]}, "properties": {"code": "STR-KASE38955-01", "type": "Steel Composite Bridge / Drift", "span": 18.0, "condition": "Poor", "district": "Kasese"}}, {"type": "Feature", "geometry": {"type": "Point", "coordinates": [30.07819, 0.16468]}, "properties": {"code": "STR-KASE38990-01", "type": "Reinforced Concrete Bridge", "span": 24.5, "condition": "Good", "district": "Kasese"}}, {"type": "Feature", "geometry": {"type": "Point", "coordinates": [30.08063, 0.1691]}, "properties": {"code": "STR-KASE39025-01", "type": "Concrete Box Culvert (Twin Cell)", "span": 4.5, "condition": "Poor", "district": "Kasese"}}, {"type": "Feature", "geometry": {"type": "Point", "coordinates": [30.08441, 0.16829]}, "properties": {"code": "STR-KASE39060-01", "type": "Concrete Box Culvert (Single Cell)", "span": 4.5, "condition": "Good", "district": "Kasese"}}, {"type": "Feature", "geometry": {"type": "Point", "coordinates": [30.08502, 0.16574]}, "properties": {"code": "STR-KASE39095-01", "type": "Steel Composite Bridge / Drift", "span": 18.0, "condition": "Poor", "district": "Kasese"}}, {"type": "Feature", "geometry": {"type": "Point", "coordinates": [30.09222, 0.16631]}, "properties": {"code": "STR-KASE39130-01", "type": "Reinforced Concrete Bridge", "span": 24.5, "condition": "Good", "district": "Kasese"}}, {"type": "Feature", "geometry": {"type": "Point", "coordinates": [30.09006, 0.16975]}, "properties": {"code": "STR-KASE39165-01", "type": "Concrete Box Culvert (Twin Cell)", "span": 4.5, "condition": "Poor", "district": "Kasese"}}, {"type": "Feature", "geometry": {"type": "Point", "coordinates": [30.08727, 0.16837]}, "properties": {"code": "STR-KASE39200-01", "type": "Concrete Box Culvert (Single Cell)", "span": 4.5, "condition": "Poor", "district": "Kasese"}}, {"type": "Feature", "geometry": {"type": "Point", "coordinates": [30.08811, 0.17204]}, "properties": {"code": "STR-KASE39235-01", "type": "Steel Composite Bridge / Drift", "span": 18.0, "condition": "Poor", "district": "Kasese"}}, {"type": "Feature", "geometry": {"type": "Point", "coordinates": [30.0903, 0.17322]}, "properties": {"code": "STR-KASE39270-01", "type": "Reinforced Concrete Bridge", "span": 24.5, "condition": "Good", "district": "Kasese"}}, {"type": "Feature", "geometry": {"type": "Point", "coordinates": [30.08864, 0.17601]}, "properties": {"code": "STR-KASE39305-01", "type": "Concrete Box Culvert (Twin Cell)", "span": 4.5, "condition": "Poor", "district": "Kasese"}}, {"type": "Feature", "geometry": {"type": "Point", "coordinates": [30.08406, 0.17667]}, "properties": {"code": "STR-KASE39340-01", "type": "Concrete Box Culvert (Single Cell)", "span": 4.5, "condition": "Good", "district": "Kasese"}}, {"type": "Feature", "geometry": {"type": "Point", "coordinates": [30.08573, 0.17277]}, "properties": {"code": "STR-KASE39375-01", "type": "Steel Composite Bridge / Drift", "span": 18.0, "condition": "Poor", "district": "Kasese"}}, {"type": "Feature", "geometry": {"type": "Point", "coordinates": [30.08272, 0.17294]}, "properties": {"code": "STR-KASE39410-01", "type": "Reinforced Concrete Bridge", "span": 24.5, "condition": "Good", "district": "Kasese"}}, {"type": "Feature", "geometry": {"type": "Point", "coordinates": [30.08199, 0.17414]}, "properties": {"code": "STR-KASE39445-01", "type": "Concrete Box Culvert (Twin Cell)", "span": 4.5, "condition": "Good", "district": "Kasese"}}, {"type": "Feature", "geometry": {"type": "Point", "coordinates": [30.08511, 0.17379]}, "properties": {"code": "STR-KASE39480-01", "type": "Concrete Box Culvert (Single Cell)", "span": 4.5, "condition": "Good", "district": "Kasese"}}, {"type": "Feature", "geometry": {"type": "Point", "coordinates": [30.08132, 0.17993]}, "properties": {"code": "STR-KASE39515-01", "type": "Steel Composite Bridge / Drift", "span": 18.0, "condition": "Good", "district": "Kasese"}}, {"type": "Feature", "geometry": {"type": "Point", "coordinates": [30.08129, 0.17902]}, "properties": {"code": "STR-KASE39550-01", "type": "Reinforced Concrete Bridge", "span": 24.5, "condition": "Poor", "district": "Kasese"}}, {"type": "Feature", "geometry": {"type": "Point", "coordinates": [30.08286, 0.18364]}, "properties": {"code": "STR-KASE39585-01", "type": "Concrete Box Culvert (Twin Cell)", "span": 4.5, "condition": "Poor", "district": "Kasese"}}, {"type": "Feature", "geometry": {"type": "Point", "coordinates": [30.08417, 0.18176]}, "properties": {"code": "STR-KASE39620-01", "type": "Concrete Box Culvert (Single Cell)", "span": 4.5, "condition": "Poor", "district": "Kasese"}}, {"type": "Feature", "geometry": {"type": "Point", "coordinates": [30.0844, 0.18187]}, "properties": {"code": "STR-KASE39655-01", "type": "Steel Composite Bridge / Drift", "span": 18.0, "condition": "Poor", "district": "Kasese"}}, {"type": "Feature", "geometry": {"type": "Point", "coordinates": [30.08356, 0.17795]}, "properties": {"code": "STR-KASE39690-01", "type": "Reinforced Concrete Bridge", "span": 24.5, "condition": "Poor", "district": "Kasese"}}, {"type": "Feature", "geometry": {"type": "Point", "coordinates": [30.08857, 0.18129]}, "properties": {"code": "STR-KASE39725-01", "type": "Concrete Box Culvert (Twin Cell)", "span": 4.5, "condition": "Good", "district": "Kasese"}}, {"type": "Feature", "geometry": {"type": "Point", "coordinates": [30.08927, 0.17905]}, "properties": {"code": "STR-KASE39760-01", "type": "Concrete Box Culvert (Single Cell)", "span": 4.5, "condition": "Poor", "district": "Kasese"}}, {"type": "Feature", "geometry": {"type": "Point", "coordinates": [30.08685, 0.18183]}, "properties": {"code": "STR-KASE39795-01", "type": "Steel Composite Bridge / Drift", "span": 18.0, "condition": "Poor", "district": "Kasese"}}, {"type": "Feature", "geometry": {"type": "Point", "coordinates": [30.08977, 0.18861]}, "properties": {"code": "STR-KASE39830-01", "type": "Reinforced Concrete Bridge", "span": 24.5, "condition": "Good", "district": "Kasese"}}, {"type": "Feature", "geometry": {"type": "Point", "coordinates": [30.08573, 0.18627]}, "properties": {"code": "STR-KASE39865-01", "type": "Concrete Box Culvert (Twin Cell)", "span": 4.5, "condition": "Poor", "district": "Kasese"}}, {"type": "Feature", "geometry": {"type": "Point", "coordinates": [30.07953, 0.18989]}, "properties": {"code": "STR-KASE39900-01", "type": "Concrete Box Culvert (Single Cell)", "span": 4.5, "condition": "Poor", "district": "Kasese"}}, {"type": "Feature", "geometry": {"type": "Point", "coordinates": [30.07534, 0.18572]}, "properties": {"code": "STR-KASE39935-01", "type": "Steel Composite Bridge / Drift", "span": 18.0, "condition": "Poor", "district": "Kasese"}}, {"type": "Feature", "geometry": {"type": "Point", "coordinates": [30.0784, 0.18229]}, "properties": {"code": "STR-KASE39970-01", "type": "Reinforced Concrete Bridge", "span": 24.5, "condition": "Poor", "district": "Kasese"}}, {"type": "Feature", "geometry": {"type": "Point", "coordinates": [30.08002, 0.17776]}, "properties": {"code": "STR-KASE40005-01", "type": "Concrete Box Culvert (Twin Cell)", "span": 4.5, "condition": "Good", "district": "Kasese"}}, {"type": "Feature", "geometry": {"type": "Point", "coordinates": [30.07514, 0.17964]}, "properties": {"code": "STR-KASE40040-01", "type": "Concrete Box Culvert (Single Cell)", "span": 4.5, "condition": "Poor", "district": "Kasese"}}, {"type": "Feature", "geometry": {"type": "Point", "coordinates": [30.0741, 0.18227]}, "properties": {"code": "STR-KASE40075-01", "type": "Steel Composite Bridge / Drift", "span": 18.0, "condition": "Poor", "district": "Kasese"}}, {"type": "Feature", "geometry": {"type": "Point", "coordinates": [30.07142, 0.18252]}, "properties": {"code": "STR-KASE40110-01", "type": "Reinforced Concrete Bridge", "span": 24.5, "condition": "Good", "district": "Kasese"}}, {"type": "Feature", "geometry": {"type": "Point", "coordinates": [30.07085, 0.1896]}, "properties": {"code": "STR-KASE40145-01", "type": "Concrete Box Culvert (Twin Cell)", "span": 4.5, "condition": "Good", "district": "Kasese"}}, {"type": "Feature", "geometry": {"type": "Point", "coordinates": [30.10632, 0.20873]}, "properties": {"code": "STR-KASE40180-01", "type": "Concrete Box Culvert (Single Cell)", "span": 4.5, "condition": "Poor", "district": "Kasese"}}, {"type": "Feature", "geometry": {"type": "Point", "coordinates": [30.10753, 0.19903]}, "properties": {"code": "STR-KASE40215-01", "type": "Steel Composite Bridge / Drift", "span": 18.0, "condition": "Good", "district": "Kasese"}}, {"type": "Feature", "geometry": {"type": "Point", "coordinates": [30.11073, 0.1983]}, "properties": {"code": "STR-KASE40250-01", "type": "Reinforced Concrete Bridge", "span": 24.5, "condition": "Poor", "district": "Kasese"}}, {"type": "Feature", "geometry": {"type": "Point", "coordinates": [30.10932, 0.17977]}, "properties": {"code": "STR-KASE40285-01", "type": "Concrete Box Culvert (Twin Cell)", "span": 4.5, "condition": "Poor", "district": "Kasese"}}, {"type": "Feature", "geometry": {"type": "Point", "coordinates": [32.04533, 0.00932]}, "properties": {"code": "STR-MPIG40320-01", "type": "Concrete Box Culvert (Single Cell)", "span": 4.5, "condition": "Fair", "district": "Mpigi"}}, {"type": "Feature", "geometry": {"type": "Point", "coordinates": [32.03044, 0.01358]}, "properties": {"code": "STR-MPIG40355-01", "type": "Steel Composite Bridge / Drift", "span": 18.0, "condition": "Fair", "district": "Mpigi"}}, {"type": "Feature", "geometry": {"type": "Point", "coordinates": [32.03508, 0.00475]}, "properties": {"code": "STR-MPIG40390-01", "type": "Reinforced Concrete Bridge", "span": 24.5, "condition": "Fair", "district": "Mpigi"}}, {"type": "Feature", "geometry": {"type": "Point", "coordinates": [32.03362, -0.00067]}, "properties": {"code": "STR-MPIG40425-01", "type": "Concrete Box Culvert (Twin Cell)", "span": 4.5, "condition": "Good", "district": "Mpigi"}}, {"type": "Feature", "geometry": {"type": "Point", "coordinates": [32.04965, 3e-05]}, "properties": {"code": "STR-MPIG40460-01", "type": "Concrete Box Culvert (Single Cell)", "span": 4.5, "condition": "Fair", "district": "Mpigi"}}, {"type": "Feature", "geometry": {"type": "Point", "coordinates": [32.05712, 0.01382]}, "properties": {"code": "STR-MPIG40495-01", "type": "Steel Composite Bridge / Drift", "span": 18.0, "condition": "Poor", "district": "Mpigi"}}, {"type": "Feature", "geometry": {"type": "Point", "coordinates": [32.0579, 0.03092]}, "properties": {"code": "STR-MPIG40530-01", "type": "Reinforced Concrete Bridge", "span": 24.5, "condition": "Fair", "district": "Mpigi"}}, {"type": "Feature", "geometry": {"type": "Point", "coordinates": [32.07794, 0.03253]}, "properties": {"code": "STR-MPIG40565-01", "type": "Concrete Box Culvert (Twin Cell)", "span": 4.5, "condition": "Fair", "district": "Mpigi"}}, {"type": "Feature", "geometry": {"type": "Point", "coordinates": [32.0872, 0.04692]}, "properties": {"code": "STR-MPIG40600-01", "type": "Concrete Box Culvert (Single Cell)", "span": 4.5, "condition": "Fair", "district": "Mpigi"}}, {"type": "Feature", "geometry": {"type": "Point", "coordinates": [32.077, -0.00852]}, "properties": {"code": "STR-MPIG40635-01", "type": "Steel Composite Bridge / Drift", "span": 18.0, "condition": "Fair", "district": "Mpigi"}}, {"type": "Feature", "geometry": {"type": "Point", "coordinates": [32.08489, -0.02056]}, "properties": {"code": "STR-MPIG40670-01", "type": "Reinforced Concrete Bridge", "span": 24.5, "condition": "Fair", "district": "Mpigi"}}, {"type": "Feature", "geometry": {"type": "Point", "coordinates": [32.07434, -0.03263]}, "properties": {"code": "STR-MPIG40705-01", "type": "Concrete Box Culvert (Twin Cell)", "span": 4.5, "condition": "Fair", "district": "Mpigi"}}, {"type": "Feature", "geometry": {"type": "Point", "coordinates": [32.13986, -0.03203]}, "properties": {"code": "STR-MPIG40740-01", "type": "Concrete Box Culvert (Single Cell)", "span": 4.5, "condition": "Fair", "district": "Mpigi"}}, {"type": "Feature", "geometry": {"type": "Point", "coordinates": [32.15031, -0.03905]}, "properties": {"code": "STR-MPIG40775-01", "type": "Steel Composite Bridge / Drift", "span": 18.0, "condition": "Fair", "district": "Mpigi"}}, {"type": "Feature", "geometry": {"type": "Point", "coordinates": [32.1577, -0.03846]}, "properties": {"code": "STR-MPIG40810-01", "type": "Reinforced Concrete Bridge", "span": 24.5, "condition": "Fair", "district": "Mpigi"}}, {"type": "Feature", "geometry": {"type": "Point", "coordinates": [32.17979, -0.00582]}, "properties": {"code": "STR-MPIG40845-01", "type": "Concrete Box Culvert (Twin Cell)", "span": 4.5, "condition": "Poor", "district": "Mpigi"}}, {"type": "Feature", "geometry": {"type": "Point", "coordinates": [32.16857, 0.00699]}, "properties": {"code": "STR-MPIG40880-01", "type": "Concrete Box Culvert (Single Cell)", "span": 4.5, "condition": "Good", "district": "Mpigi"}}, {"type": "Feature", "geometry": {"type": "Point", "coordinates": [32.12275, 0.04209]}, "properties": {"code": "STR-MPIG40915-01", "type": "Steel Composite Bridge / Drift", "span": 18.0, "condition": "Poor", "district": "Mpigi"}}, {"type": "Feature", "geometry": {"type": "Point", "coordinates": [32.10214, -0.00429]}, "properties": {"code": "STR-MPIG40950-01", "type": "Reinforced Concrete Bridge", "span": 24.5, "condition": "Fair", "district": "Mpigi"}}, {"type": "Feature", "geometry": {"type": "Point", "coordinates": [32.10615, 0.02405]}, "properties": {"code": "STR-MPIG40985-01", "type": "Concrete Box Culvert (Twin Cell)", "span": 4.5, "condition": "Poor", "district": "Mpigi"}}, {"type": "Feature", "geometry": {"type": "Point", "coordinates": [32.1098, 0.0454]}, "properties": {"code": "STR-MPIG41020-01", "type": "Concrete Box Culvert (Single Cell)", "span": 4.5, "condition": "Fair", "district": "Mpigi"}}, {"type": "Feature", "geometry": {"type": "Point", "coordinates": [32.09706, 0.06351]}, "properties": {"code": "STR-MPIG41055-01", "type": "Steel Composite Bridge / Drift", "span": 18.0, "condition": "Fair", "district": "Mpigi"}}, {"type": "Feature", "geometry": {"type": "Point", "coordinates": [32.11293, 0.0496]}, "properties": {"code": "STR-MPIG41090-01", "type": "Reinforced Concrete Bridge", "span": 24.5, "condition": "Fair", "district": "Mpigi"}}, {"type": "Feature", "geometry": {"type": "Point", "coordinates": [32.10785, 0.06371]}, "properties": {"code": "STR-MPIG41125-01", "type": "Concrete Box Culvert (Twin Cell)", "span": 4.5, "condition": "Fair", "district": "Mpigi"}}, {"type": "Feature", "geometry": {"type": "Point", "coordinates": [32.11309, 0.07066]}, "properties": {"code": "STR-MPIG41160-01", "type": "Concrete Box Culvert (Single Cell)", "span": 4.5, "condition": "Fair", "district": "Mpigi"}}, {"type": "Feature", "geometry": {"type": "Point", "coordinates": [32.10711, 0.06587]}, "properties": {"code": "STR-MPIG41195-01", "type": "Steel Composite Bridge / Drift", "span": 18.0, "condition": "Fair", "district": "Mpigi"}}, {"type": "Feature", "geometry": {"type": "Point", "coordinates": [32.12338, 0.07832]}, "properties": {"code": "STR-MPIG41230-01", "type": "Reinforced Concrete Bridge", "span": 24.5, "condition": "Fair", "district": "Mpigi"}}, {"type": "Feature", "geometry": {"type": "Point", "coordinates": [32.13143, 0.06845]}, "properties": {"code": "STR-MPIG41265-01", "type": "Concrete Box Culvert (Twin Cell)", "span": 4.5, "condition": "Fair", "district": "Mpigi"}}, {"type": "Feature", "geometry": {"type": "Point", "coordinates": [32.12348, 0.07457]}, "properties": {"code": "STR-MPIG41300-01", "type": "Concrete Box Culvert (Single Cell)", "span": 4.5, "condition": "Fair", "district": "Mpigi"}}, {"type": "Feature", "geometry": {"type": "Point", "coordinates": [32.12459, 0.06456]}, "properties": {"code": "STR-MPIG41335-01", "type": "Steel Composite Bridge / Drift", "span": 18.0, "condition": "Poor", "district": "Mpigi"}}, {"type": "Feature", "geometry": {"type": "Point", "coordinates": [32.14366, 0.07731]}, "properties": {"code": "STR-MPIG41370-01", "type": "Reinforced Concrete Bridge", "span": 24.5, "condition": "Poor", "district": "Mpigi"}}, {"type": "Feature", "geometry": {"type": "Point", "coordinates": [32.18292, 0.07173]}, "properties": {"code": "STR-MPIG41405-01", "type": "Concrete Box Culvert (Twin Cell)", "span": 4.5, "condition": "Poor", "district": "Mpigi"}}, {"type": "Feature", "geometry": {"type": "Point", "coordinates": [32.15368, 0.10085]}, "properties": {"code": "STR-MPIG41440-01", "type": "Concrete Box Culvert (Single Cell)", "span": 4.5, "condition": "Poor", "district": "Mpigi"}}, {"type": "Feature", "geometry": {"type": "Point", "coordinates": [32.14598, 0.10905]}, "properties": {"code": "STR-MPIG41475-01", "type": "Steel Composite Bridge / Drift", "span": 18.0, "condition": "Poor", "district": "Mpigi"}}, {"type": "Feature", "geometry": {"type": "Point", "coordinates": [32.14518, 0.12833]}, "properties": {"code": "STR-MPIG41510-01", "type": "Reinforced Concrete Bridge", "span": 24.5, "condition": "Fair", "district": "Mpigi"}}, {"type": "Feature", "geometry": {"type": "Point", "coordinates": [32.17711, 0.12473]}, "properties": {"code": "STR-BUTA41545-01", "type": "Concrete Box Culvert (Twin Cell)", "span": 4.5, "condition": "Fair", "district": "Butambala"}}, {"type": "Feature", "geometry": {"type": "Point", "coordinates": [32.18053, 0.13689]}, "properties": {"code": "STR-BUTA41580-01", "type": "Concrete Box Culvert (Single Cell)", "span": 4.5, "condition": "Poor", "district": "Butambala"}}, {"type": "Feature", "geometry": {"type": "Point", "coordinates": [32.1597, 0.16405]}, "properties": {"code": "STR-BUTA41615-01", "type": "Steel Composite Bridge / Drift", "span": 18.0, "condition": "Fair", "district": "Butambala"}}, {"type": "Feature", "geometry": {"type": "Point", "coordinates": [32.12751, 0.15214]}, "properties": {"code": "STR-BUTA41650-01", "type": "Reinforced Concrete Bridge", "span": 24.5, "condition": "Fair", "district": "Butambala"}}, {"type": "Feature", "geometry": {"type": "Point", "coordinates": [32.13072, 0.11049]}, "properties": {"code": "STR-MPIG41685-01", "type": "Concrete Box Culvert (Twin Cell)", "span": 4.5, "condition": "Poor", "district": "Mpigi"}}, {"type": "Feature", "geometry": {"type": "Point", "coordinates": [32.1076, 0.12914]}, "properties": {"code": "STR-MPIG41720-01", "type": "Concrete Box Culvert (Single Cell)", "span": 4.5, "condition": "Fair", "district": "Mpigi"}}, {"type": "Feature", "geometry": {"type": "Point", "coordinates": [32.1185, 0.16555]}, "properties": {"code": "STR-BUTA41755-01", "type": "Steel Composite Bridge / Drift", "span": 18.0, "condition": "Fair", "district": "Butambala"}}, {"type": "Feature", "geometry": {"type": "Point", "coordinates": [32.04849, 0.15969]}, "properties": {"code": "STR-GOMB41790-01", "type": "Reinforced Concrete Bridge", "span": 24.5, "condition": "Poor", "district": "Gomba"}}, {"type": "Feature", "geometry": {"type": "Point", "coordinates": [32.08283, 0.11905]}, "properties": {"code": "STR-MPIG41825-01", "type": "Concrete Box Culvert (Twin Cell)", "span": 4.5, "condition": "Fair", "district": "Mpigi"}}, {"type": "Feature", "geometry": {"type": "Point", "coordinates": [32.07359, 0.08221]}, "properties": {"code": "STR-MPIG41860-01", "type": "Concrete Box Culvert (Single Cell)", "span": 4.5, "condition": "Fair", "district": "Mpigi"}}, {"type": "Feature", "geometry": {"type": "Point", "coordinates": [32.08844, 0.05176]}, "properties": {"code": "STR-MPIG41895-01", "type": "Steel Composite Bridge / Drift", "span": 18.0, "condition": "Fair", "district": "Mpigi"}}, {"type": "Feature", "geometry": {"type": "Point", "coordinates": [32.05762, 0.07469]}, "properties": {"code": "STR-MPIG41930-01", "type": "Reinforced Concrete Bridge", "span": 24.5, "condition": "Fair", "district": "Mpigi"}}, {"type": "Feature", "geometry": {"type": "Point", "coordinates": [32.02989, 0.09223]}, "properties": {"code": "STR-MPIG41965-01", "type": "Concrete Box Culvert (Twin Cell)", "span": 4.5, "condition": "Poor", "district": "Mpigi"}}, {"type": "Feature", "geometry": {"type": "Point", "coordinates": [32.0442, 0.05578]}, "properties": {"code": "STR-MPIG42000-01", "type": "Concrete Box Culvert (Single Cell)", "span": 4.5, "condition": "Fair", "district": "Mpigi"}}, {"type": "Feature", "geometry": {"type": "Point", "coordinates": [32.02936, 0.06564]}, "properties": {"code": "STR-MPIG42035-01", "type": "Steel Composite Bridge / Drift", "span": 18.0, "condition": "Fair", "district": "Mpigi"}}, {"type": "Feature", "geometry": {"type": "Point", "coordinates": [32.02824, 0.06355]}, "properties": {"code": "STR-MPIG42070-01", "type": "Reinforced Concrete Bridge", "span": 24.5, "condition": "Fair", "district": "Mpigi"}}, {"type": "Feature", "geometry": {"type": "Point", "coordinates": [32.01079, 0.04901]}, "properties": {"code": "STR-MPIG42105-01", "type": "Concrete Box Culvert (Twin Cell)", "span": 4.5, "condition": "Poor", "district": "Mpigi"}}, {"type": "Feature", "geometry": {"type": "Point", "coordinates": [32.00589, 0.10715]}, "properties": {"code": "STR-BUTA42140-01", "type": "Concrete Box Culvert (Single Cell)", "span": 4.5, "condition": "Fair", "district": "Butambala"}}, {"type": "Feature", "geometry": {"type": "Point", "coordinates": [32.02978, 0.10613]}, "properties": {"code": "STR-BUTA42175-01", "type": "Steel Composite Bridge / Drift", "span": 18.0, "condition": "Fair", "district": "Butambala"}}, {"type": "Feature", "geometry": {"type": "Point", "coordinates": [32.02841, 0.13177]}, "properties": {"code": "STR-BUTA42210-01", "type": "Reinforced Concrete Bridge", "span": 24.5, "condition": "Fair", "district": "Butambala"}}, {"type": "Feature", "geometry": {"type": "Point", "coordinates": [32.00508, 0.14155]}, "properties": {"code": "STR-GOMB42245-01", "type": "Concrete Box Culvert (Twin Cell)", "span": 4.5, "condition": "Fair", "district": "Gomba"}}, {"type": "Feature", "geometry": {"type": "Point", "coordinates": [31.99353, 0.11706]}, "properties": {"code": "STR-BUTA42280-01", "type": "Concrete Box Culvert (Single Cell)", "span": 4.5, "condition": "Fair", "district": "Butambala"}}, {"type": "Feature", "geometry": {"type": "Point", "coordinates": [31.95953, 0.11024]}, "properties": {"code": "STR-BUTA42315-01", "type": "Steel Composite Bridge / Drift", "span": 18.0, "condition": "Poor", "district": "Butambala"}}, {"type": "Feature", "geometry": {"type": "Point", "coordinates": [32.33567, 0.85217]}, "properties": {"code": "STR-NAKA42350-01", "type": "Reinforced Concrete Bridge", "span": 24.5, "condition": "Poor", "district": "Nakaseke"}}, {"type": "Feature", "geometry": {"type": "Point", "coordinates": [32.29717, 0.85951]}, "properties": {"code": "STR-NAKA42385-01", "type": "Concrete Box Culvert (Twin Cell)", "span": 4.5, "condition": "Poor", "district": "Nakaseke"}}, {"type": "Feature", "geometry": {"type": "Point", "coordinates": [32.26971, 0.8526]}, "properties": {"code": "STR-NAKA42420-01", "type": "Concrete Box Culvert (Single Cell)", "span": 4.5, "condition": "Fair", "district": "Nakaseke"}}, {"type": "Feature", "geometry": {"type": "Point", "coordinates": [32.19668, 1.0835]}, "properties": {"code": "STR-NAKA42455-01", "type": "Steel Composite Bridge / Drift", "span": 18.0, "condition": "Poor", "district": "Nakaseke"}}, {"type": "Feature", "geometry": {"type": "Point", "coordinates": [32.2135, 1.12768]}, "properties": {"code": "STR-NAKA42490-01", "type": "Reinforced Concrete Bridge", "span": 24.5, "condition": "Fair", "district": "Nakaseke"}}, {"type": "Feature", "geometry": {"type": "Point", "coordinates": [32.18379, 1.12886]}, "properties": {"code": "STR-NAKA42525-01", "type": "Concrete Box Culvert (Twin Cell)", "span": 4.5, "condition": "Poor", "district": "Nakaseke"}}, {"type": "Feature", "geometry": {"type": "Point", "coordinates": [32.1891, 1.16805]}, "properties": {"code": "STR-NAKA42560-01", "type": "Concrete Box Culvert (Single Cell)", "span": 4.5, "condition": "Poor", "district": "Nakaseke"}}, {"type": "Feature", "geometry": {"type": "Point", "coordinates": [32.20648, 1.16004]}, "properties": {"code": "STR-NAKA42595-01", "type": "Steel Composite Bridge / Drift", "span": 18.0, "condition": "Fair", "district": "Nakaseke"}}, {"type": "Feature", "geometry": {"type": "Point", "coordinates": [32.2274, 1.17056]}, "properties": {"code": "STR-NAKA42630-01", "type": "Reinforced Concrete Bridge", "span": 24.5, "condition": "Poor", "district": "Nakaseke"}}, {"type": "Feature", "geometry": {"type": "Point", "coordinates": [32.20936, 1.15349]}, "properties": {"code": "STR-NAKA42665-01", "type": "Concrete Box Culvert (Twin Cell)", "span": 4.5, "condition": "Fair", "district": "Nakaseke"}}, {"type": "Feature", "geometry": {"type": "Point", "coordinates": [32.23134, 1.13142]}, "properties": {"code": "STR-NAKA42700-01", "type": "Concrete Box Culvert (Single Cell)", "span": 4.5, "condition": "Poor", "district": "Nakaseke"}}, {"type": "Feature", "geometry": {"type": "Point", "coordinates": [32.23391, 1.18005]}, "properties": {"code": "STR-NAKA42735-01", "type": "Steel Composite Bridge / Drift", "span": 18.0, "condition": "Poor", "district": "Nakaseke"}}, {"type": "Feature", "geometry": {"type": "Point", "coordinates": [32.24299, 1.16791]}, "properties": {"code": "STR-NAKA42770-01", "type": "Reinforced Concrete Bridge", "span": 24.5, "condition": "Poor", "district": "Nakaseke"}}, {"type": "Feature", "geometry": {"type": "Point", "coordinates": [32.25634, 1.17348]}, "properties": {"code": "STR-NAKA42805-01", "type": "Concrete Box Culvert (Twin Cell)", "span": 4.5, "condition": "Poor", "district": "Nakaseke"}}, {"type": "Feature", "geometry": {"type": "Point", "coordinates": [32.25789, 1.18674]}, "properties": {"code": "STR-NAKA42840-01", "type": "Concrete Box Culvert (Single Cell)", "span": 4.5, "condition": "Poor", "district": "Nakaseke"}}, {"type": "Feature", "geometry": {"type": "Point", "coordinates": [32.25484, 1.15548]}, "properties": {"code": "STR-NAKA42875-01", "type": "Steel Composite Bridge / Drift", "span": 18.0, "condition": "Poor", "district": "Nakaseke"}}, {"type": "Feature", "geometry": {"type": "Point", "coordinates": [32.28026, 1.16263]}, "properties": {"code": "STR-NAKA42910-01", "type": "Reinforced Concrete Bridge", "span": 24.5, "condition": "Poor", "district": "Nakaseke"}}, {"type": "Feature", "geometry": {"type": "Point", "coordinates": [32.28216, 1.19973]}, "properties": {"code": "STR-NAKA42945-01", "type": "Concrete Box Culvert (Twin Cell)", "span": 4.5, "condition": "Poor", "district": "Nakaseke"}}, {"type": "Feature", "geometry": {"type": "Point", "coordinates": [32.28524, 1.20297]}, "properties": {"code": "STR-NAKA42980-01", "type": "Concrete Box Culvert (Single Cell)", "span": 4.5, "condition": "Poor", "district": "Nakaseke"}}, {"type": "Feature", "geometry": {"type": "Point", "coordinates": [32.31627, 1.23233]}, "properties": {"code": "STR-NAKA43015-01", "type": "Steel Composite Bridge / Drift", "span": 18.0, "condition": "Poor", "district": "Nakaseke"}}, {"type": "Feature", "geometry": {"type": "Point", "coordinates": [32.30906, 1.19151]}, "properties": {"code": "STR-NAKA43050-01", "type": "Reinforced Concrete Bridge", "span": 24.5, "condition": "Poor", "district": "Nakaseke"}}, {"type": "Feature", "geometry": {"type": "Point", "coordinates": [32.33591, 1.21313]}, "properties": {"code": "STR-NAKA43085-01", "type": "Concrete Box Culvert (Twin Cell)", "span": 4.5, "condition": "Fair", "district": "Nakaseke"}}, {"type": "Feature", "geometry": {"type": "Point", "coordinates": [32.3146, 1.21509]}, "properties": {"code": "STR-NAKA43120-01", "type": "Concrete Box Culvert (Single Cell)", "span": 4.5, "condition": "Poor", "district": "Nakaseke"}}, {"type": "Feature", "geometry": {"type": "Point", "coordinates": [32.33898, 1.28932]}, "properties": {"code": "STR-NAKA43155-01", "type": "Steel Composite Bridge / Drift", "span": 18.0, "condition": "Poor", "district": "Nakasongola"}}, {"type": "Feature", "geometry": {"type": "Point", "coordinates": [32.27204, 1.24797]}, "properties": {"code": "STR-NAKA43190-01", "type": "Reinforced Concrete Bridge", "span": 24.5, "condition": "Poor", "district": "Nakaseke"}}, {"type": "Feature", "geometry": {"type": "Point", "coordinates": [32.27088, 1.20462]}, "properties": {"code": "STR-NAKA43225-01", "type": "Concrete Box Culvert (Twin Cell)", "span": 4.5, "condition": "Poor", "district": "Nakaseke"}}, {"type": "Feature", "geometry": {"type": "Point", "coordinates": [32.25957, 1.20742]}, "properties": {"code": "STR-NAKA43260-01", "type": "Concrete Box Culvert (Single Cell)", "span": 4.5, "condition": "Poor", "district": "Nakaseke"}}, {"type": "Feature", "geometry": {"type": "Point", "coordinates": [32.24752, 1.20198]}, "properties": {"code": "STR-NAKA43295-01", "type": "Steel Composite Bridge / Drift", "span": 18.0, "condition": "Fair", "district": "Nakaseke"}}, {"type": "Feature", "geometry": {"type": "Point", "coordinates": [32.24172, 1.19321]}, "properties": {"code": "STR-NAKA43330-01", "type": "Reinforced Concrete Bridge", "span": 24.5, "condition": "Poor", "district": "Nakaseke"}}, {"type": "Feature", "geometry": {"type": "Point", "coordinates": [32.23425, 1.19142]}, "properties": {"code": "STR-NAKA43365-01", "type": "Concrete Box Culvert (Twin Cell)", "span": 4.5, "condition": "Poor", "district": "Nakaseke"}}, {"type": "Feature", "geometry": {"type": "Point", "coordinates": [32.23921, 1.20373]}, "properties": {"code": "STR-NAKA43400-01", "type": "Concrete Box Culvert (Single Cell)", "span": 4.5, "condition": "Fair", "district": "Nakaseke"}}, {"type": "Feature", "geometry": {"type": "Point", "coordinates": [32.20829, 1.23414]}, "properties": {"code": "STR-NAKA43435-01", "type": "Steel Composite Bridge / Drift", "span": 18.0, "condition": "Poor", "district": "Nakaseke"}}, {"type": "Feature", "geometry": {"type": "Point", "coordinates": [32.20967, 1.19173]}, "properties": {"code": "STR-NAKA43470-01", "type": "Reinforced Concrete Bridge", "span": 24.5, "condition": "Poor", "district": "Nakaseke"}}, {"type": "Feature", "geometry": {"type": "Point", "coordinates": [32.20397, 1.23834]}, "properties": {"code": "STR-NAKA43505-01", "type": "Concrete Box Culvert (Twin Cell)", "span": 4.5, "condition": "Poor", "district": "Nakaseke"}}, {"type": "Feature", "geometry": {"type": "Point", "coordinates": [32.21002, 1.26137]}, "properties": {"code": "STR-NAKA43540-01", "type": "Concrete Box Culvert (Single Cell)", "span": 4.5, "condition": "Poor", "district": "Nakaseke"}}, {"type": "Feature", "geometry": {"type": "Point", "coordinates": [32.22256, 1.27393]}, "properties": {"code": "STR-NAKA43575-01", "type": "Steel Composite Bridge / Drift", "span": 18.0, "condition": "Poor", "district": "Nakaseke"}}, {"type": "Feature", "geometry": {"type": "Point", "coordinates": [32.20118, 1.28437]}, "properties": {"code": "STR-NAKA43610-01", "type": "Reinforced Concrete Bridge", "span": 24.5, "condition": "Poor", "district": "Nakaseke"}}, {"type": "Feature", "geometry": {"type": "Point", "coordinates": [32.26657, 1.40056]}, "properties": {"code": "STR-NAKA43645-01", "type": "Concrete Box Culvert (Twin Cell)", "span": 4.5, "condition": "Fair", "district": "Nakasongola"}}, {"type": "Feature", "geometry": {"type": "Point", "coordinates": [32.26801, 1.40895]}, "properties": {"code": "STR-NAKA43680-01", "type": "Concrete Box Culvert (Single Cell)", "span": 4.5, "condition": "Fair", "district": "Nakasongola"}}, {"type": "Feature", "geometry": {"type": "Point", "coordinates": [32.19624, 1.41905]}, "properties": {"code": "STR-NAKA43715-01", "type": "Steel Composite Bridge / Drift", "span": 18.0, "condition": "Fair", "district": "Nakasongola"}}, {"type": "Feature", "geometry": {"type": "Point", "coordinates": [32.30335, 1.40099]}, "properties": {"code": "STR-NAKA43750-01", "type": "Reinforced Concrete Bridge", "span": 24.5, "condition": "Fair", "district": "Nakasongola"}}, {"type": "Feature", "geometry": {"type": "Point", "coordinates": [32.42199, 1.31283]}, "properties": {"code": "STR-NAKA43785-01", "type": "Concrete Box Culvert (Twin Cell)", "span": 4.5, "condition": "Poor", "district": "Nakasongola"}}, {"type": "Feature", "geometry": {"type": "Point", "coordinates": [32.44586, 1.32705]}, "properties": {"code": "STR-NAKA43820-01", "type": "Concrete Box Culvert (Single Cell)", "span": 4.5, "condition": "Good", "district": "Nakasongola"}}, {"type": "Feature", "geometry": {"type": "Point", "coordinates": [32.38821, 1.50781]}, "properties": {"code": "STR-NAKA43855-01", "type": "Steel Composite Bridge / Drift", "span": 18.0, "condition": "Fair", "district": "Nakasongola"}}, {"type": "Feature", "geometry": {"type": "Point", "coordinates": [32.41371, 1.51963]}, "properties": {"code": "STR-NAKA43890-01", "type": "Reinforced Concrete Bridge", "span": 24.5, "condition": "Fair", "district": "Nakasongola"}}, {"type": "Feature", "geometry": {"type": "Point", "coordinates": [32.51073, 1.50354]}, "properties": {"code": "STR-NAKA43925-01", "type": "Concrete Box Culvert (Twin Cell)", "span": 4.5, "condition": "Good", "district": "Nakasongola"}}, {"type": "Feature", "geometry": {"type": "Point", "coordinates": [32.53213, 1.41386]}, "properties": {"code": "STR-NAKA43960-01", "type": "Concrete Box Culvert (Single Cell)", "span": 4.5, "condition": "Poor", "district": "Nakasongola"}}, {"type": "Feature", "geometry": {"type": "Point", "coordinates": [32.50055, 1.33682]}, "properties": {"code": "STR-NAKA43995-01", "type": "Steel Composite Bridge / Drift", "span": 18.0, "condition": "Fair", "district": "Nakasongola"}}, {"type": "Feature", "geometry": {"type": "Point", "coordinates": [32.46345, 1.31522]}, "properties": {"code": "STR-NAKA44030-01", "type": "Reinforced Concrete Bridge", "span": 24.5, "condition": "Fair", "district": "Nakasongola"}}, {"type": "Feature", "geometry": {"type": "Point", "coordinates": [32.46505, 1.30251]}, "properties": {"code": "STR-NAKA44065-01", "type": "Concrete Box Culvert (Twin Cell)", "span": 4.5, "condition": "Fair", "district": "Nakasongola"}}, {"type": "Feature", "geometry": {"type": "Point", "coordinates": [32.47612, 1.30958]}, "properties": {"code": "STR-NAKA44100-01", "type": "Concrete Box Culvert (Single Cell)", "span": 4.5, "condition": "Fair", "district": "Nakasongola"}}, {"type": "Feature", "geometry": {"type": "Point", "coordinates": [32.45703, 1.25126]}, "properties": {"code": "STR-NAKA44135-01", "type": "Steel Composite Bridge / Drift", "span": 18.0, "condition": "Fair", "district": "Nakasongola"}}, {"type": "Feature", "geometry": {"type": "Point", "coordinates": [32.48042, 1.25512]}, "properties": {"code": "STR-NAKA44170-01", "type": "Reinforced Concrete Bridge", "span": 24.5, "condition": "Fair", "district": "Nakasongola"}}, {"type": "Feature", "geometry": {"type": "Point", "coordinates": [32.36501, 1.25471]}, "properties": {"code": "STR-NAKA44205-01", "type": "Concrete Box Culvert (Twin Cell)", "span": 4.5, "condition": "Fair", "district": "Nakasongola"}}, {"type": "Feature", "geometry": {"type": "Point", "coordinates": [32.45, 1.20338]}, "properties": {"code": "STR-NAKA44240-01", "type": "Concrete Box Culvert (Single Cell)", "span": 4.5, "condition": "Fair", "district": "Nakasongola"}}, {"type": "Feature", "geometry": {"type": "Point", "coordinates": [32.42221, 1.13449]}, "properties": {"code": "STR-NAKA44275-01", "type": "Steel Composite Bridge / Drift", "span": 18.0, "condition": "Fair", "district": "Nakasongola"}}, {"type": "Feature", "geometry": {"type": "Point", "coordinates": [32.3954, 1.14473]}, "properties": {"code": "STR-NAKA44310-01", "type": "Reinforced Concrete Bridge", "span": 24.5, "condition": "Fair", "district": "Nakasongola"}}, {"type": "Feature", "geometry": {"type": "Point", "coordinates": [32.39367, 1.12492]}, "properties": {"code": "STR-NAKA44345-01", "type": "Concrete Box Culvert (Twin Cell)", "span": 4.5, "condition": "Fair", "district": "Nakasongola"}}, {"type": "Feature", "geometry": {"type": "Point", "coordinates": [32.46397, 1.16257]}, "properties": {"code": "STR-NAKA44380-01", "type": "Concrete Box Culvert (Single Cell)", "span": 4.5, "condition": "Good", "district": "Nakasongola"}}, {"type": "Feature", "geometry": {"type": "Point", "coordinates": [32.54722, 0.34795]}, "properties": {"code": "STR-WAKI44415-01", "type": "Steel Composite Bridge / Drift", "span": 18.0, "condition": "Good", "district": "Wakiso"}}, {"type": "Feature", "geometry": {"type": "Point", "coordinates": [32.55359, 0.34993]}, "properties": {"code": "STR-WAKI44450-01", "type": "Reinforced Concrete Bridge", "span": 24.5, "condition": "Poor", "district": "Wakiso"}}, {"type": "Feature", "geometry": {"type": "Point", "coordinates": [32.55481, 0.35212]}, "properties": {"code": "STR-WAKI44485-01", "type": "Concrete Box Culvert (Twin Cell)", "span": 4.5, "condition": "Good", "district": "Wakiso"}}, {"type": "Feature", "geometry": {"type": "Point", "coordinates": [32.55349, 0.35885]}, "properties": {"code": "STR-WAKI44520-01", "type": "Concrete Box Culvert (Single Cell)", "span": 4.5, "condition": "Fair", "district": "Wakiso"}}, {"type": "Feature", "geometry": {"type": "Point", "coordinates": [32.55477, 0.36147]}, "properties": {"code": "STR-WAKI44555-01", "type": "Steel Composite Bridge / Drift", "span": 18.0, "condition": "Fair", "district": "Wakiso"}}, {"type": "Feature", "geometry": {"type": "Point", "coordinates": [32.55161, 0.35872]}, "properties": {"code": "STR-WAKI44590-01", "type": "Reinforced Concrete Bridge", "span": 24.5, "condition": "Fair", "district": "Wakiso"}}, {"type": "Feature", "geometry": {"type": "Point", "coordinates": [32.54926, 0.3671]}, "properties": {"code": "STR-WAKI44625-01", "type": "Concrete Box Culvert (Twin Cell)", "span": 4.5, "condition": "Fair", "district": "Wakiso"}}, {"type": "Feature", "geometry": {"type": "Point", "coordinates": [32.54795, 0.37065]}, "properties": {"code": "STR-WAKI44660-01", "type": "Concrete Box Culvert (Single Cell)", "span": 4.5, "condition": "Fair", "district": "Wakiso"}}, {"type": "Feature", "geometry": {"type": "Point", "coordinates": [32.5525, 0.37107]}, "properties": {"code": "STR-WAKI44695-01", "type": "Steel Composite Bridge / Drift", "span": 18.0, "condition": "Fair", "district": "Wakiso"}}, {"type": "Feature", "geometry": {"type": "Point", "coordinates": [32.55423, 0.37444]}, "properties": {"code": "STR-WAKI44730-01", "type": "Reinforced Concrete Bridge", "span": 24.5, "condition": "Poor", "district": "Wakiso"}}, {"type": "Feature", "geometry": {"type": "Point", "coordinates": [32.55416, 0.37458]}, "properties": {"code": "STR-WAKI44765-01", "type": "Concrete Box Culvert (Twin Cell)", "span": 4.5, "condition": "Poor", "district": "Wakiso"}}, {"type": "Feature", "geometry": {"type": "Point", "coordinates": [32.55705, 0.37212]}, "properties": {"code": "STR-WAKI44800-01", "type": "Concrete Box Culvert (Single Cell)", "span": 4.5, "condition": "Fair", "district": "Wakiso"}}, {"type": "Feature", "geometry": {"type": "Point", "coordinates": [32.55221, 0.36605]}, "properties": {"code": "STR-WAKI44835-01", "type": "Steel Composite Bridge / Drift", "span": 18.0, "condition": "Fair", "district": "Wakiso"}}, {"type": "Feature", "geometry": {"type": "Point", "coordinates": [32.55823, 0.36387]}, "properties": {"code": "STR-WAKI44870-01", "type": "Reinforced Concrete Bridge", "span": 24.5, "condition": "Poor", "district": "Wakiso"}}, {"type": "Feature", "geometry": {"type": "Point", "coordinates": [32.5584, 0.36626]}, "properties": {"code": "STR-WAKI44905-01", "type": "Concrete Box Culvert (Twin Cell)", "span": 4.5, "condition": "Poor", "district": "Wakiso"}}, {"type": "Feature", "geometry": {"type": "Point", "coordinates": [32.56278, 0.36577]}, "properties": {"code": "STR-KAMP44940-01", "type": "Concrete Box Culvert (Single Cell)", "span": 4.5, "condition": "Good", "district": "Kampala"}}, {"type": "Feature", "geometry": {"type": "Point", "coordinates": [32.56585, 0.36634]}, "properties": {"code": "STR-KAMP44975-01", "type": "Steel Composite Bridge / Drift", "span": 18.0, "condition": "Good", "district": "Kampala"}}, {"type": "Feature", "geometry": {"type": "Point", "coordinates": [32.56392, 0.37117]}, "properties": {"code": "STR-KAMP45010-01", "type": "Reinforced Concrete Bridge", "span": 24.5, "condition": "Good", "district": "Kampala"}}, {"type": "Feature", "geometry": {"type": "Point", "coordinates": [32.56706, 0.37616]}, "properties": {"code": "STR-KAMP45045-01", "type": "Concrete Box Culvert (Twin Cell)", "span": 4.5, "condition": "Good", "district": "Kampala"}}, {"type": "Feature", "geometry": {"type": "Point", "coordinates": [32.56003, 0.37184]}, "properties": {"code": "STR-KAMP45080-01", "type": "Concrete Box Culvert (Single Cell)", "span": 4.5, "condition": "Fair", "district": "Kampala"}}, {"type": "Feature", "geometry": {"type": "Point", "coordinates": [32.55805, 0.38062]}, "properties": {"code": "STR-WAKI45115-01", "type": "Steel Composite Bridge / Drift", "span": 18.0, "condition": "Poor", "district": "Wakiso"}}, {"type": "Feature", "geometry": {"type": "Point", "coordinates": [32.55971, 0.38129]}, "properties": {"code": "STR-WAKI45150-01", "type": "Reinforced Concrete Bridge", "span": 24.5, "condition": "Good", "district": "Wakiso"}}, {"type": "Feature", "geometry": {"type": "Point", "coordinates": [32.56622, 0.3824]}, "properties": {"code": "STR-KAMP45185-01", "type": "Concrete Box Culvert (Twin Cell)", "span": 4.5, "condition": "Poor", "district": "Kampala"}}, {"type": "Feature", "geometry": {"type": "Point", "coordinates": [32.56381, 0.38831]}, "properties": {"code": "STR-WAKI45220-01", "type": "Concrete Box Culvert (Single Cell)", "span": 4.5, "condition": "Fair", "district": "Wakiso"}}, {"type": "Feature", "geometry": {"type": "Point", "coordinates": [32.55768, 0.38972]}, "properties": {"code": "STR-WAKI45255-01", "type": "Steel Composite Bridge / Drift", "span": 18.0, "condition": "Fair", "district": "Wakiso"}}, {"type": "Feature", "geometry": {"type": "Point", "coordinates": [32.55573, 0.38441]}, "properties": {"code": "STR-WAKI45290-01", "type": "Reinforced Concrete Bridge", "span": 24.5, "condition": "Fair", "district": "Wakiso"}}, {"type": "Feature", "geometry": {"type": "Point", "coordinates": [32.55661, 0.38005]}, "properties": {"code": "STR-WAKI45325-01", "type": "Concrete Box Culvert (Twin Cell)", "span": 4.5, "condition": "Poor", "district": "Wakiso"}}, {"type": "Feature", "geometry": {"type": "Point", "coordinates": [32.55634, 0.38169]}, "properties": {"code": "STR-WAKI45360-01", "type": "Concrete Box Culvert (Single Cell)", "span": 4.5, "condition": "Poor", "district": "Wakiso"}}, {"type": "Feature", "geometry": {"type": "Point", "coordinates": [32.54643, 0.37712]}, "properties": {"code": "STR-WAKI45395-01", "type": "Steel Composite Bridge / Drift", "span": 18.0, "condition": "Fair", "district": "Wakiso"}}, {"type": "Feature", "geometry": {"type": "Point", "coordinates": [32.54863, 0.3871]}, "properties": {"code": "STR-WAKI45430-01", "type": "Reinforced Concrete Bridge", "span": 24.5, "condition": "Fair", "district": "Wakiso"}}, {"type": "Feature", "geometry": {"type": "Point", "coordinates": [32.55111, 0.39498]}, "properties": {"code": "STR-WAKI45465-01", "type": "Concrete Box Culvert (Twin Cell)", "span": 4.5, "condition": "Fair", "district": "Wakiso"}}, {"type": "Feature", "geometry": {"type": "Point", "coordinates": [32.55736, 0.39682]}, "properties": {"code": "STR-WAKI45500-01", "type": "Concrete Box Culvert (Single Cell)", "span": 4.5, "condition": "Poor", "district": "Wakiso"}}, {"type": "Feature", "geometry": {"type": "Point", "coordinates": [32.55661, 0.4015]}, "properties": {"code": "STR-WAKI45535-01", "type": "Steel Composite Bridge / Drift", "span": 18.0, "condition": "Fair", "district": "Wakiso"}}, {"type": "Feature", "geometry": {"type": "Point", "coordinates": [32.54923, 0.40707]}, "properties": {"code": "STR-WAKI45570-01", "type": "Reinforced Concrete Bridge", "span": 24.5, "condition": "Fair", "district": "Wakiso"}}, {"type": "Feature", "geometry": {"type": "Point", "coordinates": [32.55109, 0.41728]}, "properties": {"code": "STR-WAKI45605-01", "type": "Concrete Box Culvert (Twin Cell)", "span": 4.5, "condition": "Fair", "district": "Wakiso"}}, {"type": "Feature", "geometry": {"type": "Point", "coordinates": [32.55198, 0.41536]}, "properties": {"code": "STR-WAKI45640-01", "type": "Concrete Box Culvert (Single Cell)", "span": 4.5, "condition": "Fair", "district": "Wakiso"}}, {"type": "Feature", "geometry": {"type": "Point", "coordinates": [32.55879, 0.40563]}, "properties": {"code": "STR-WAKI45675-01", "type": "Steel Composite Bridge / Drift", "span": 18.0, "condition": "Fair", "district": "Wakiso"}}, {"type": "Feature", "geometry": {"type": "Point", "coordinates": [32.55873, 0.41331]}, "properties": {"code": "STR-WAKI45710-01", "type": "Reinforced Concrete Bridge", "span": 24.5, "condition": "Fair", "district": "Wakiso"}}, {"type": "Feature", "geometry": {"type": "Point", "coordinates": [32.56295, 0.41821]}, "properties": {"code": "STR-WAKI45745-01", "type": "Concrete Box Culvert (Twin Cell)", "span": 4.5, "condition": "Poor", "district": "Wakiso"}}, {"type": "Feature", "geometry": {"type": "Point", "coordinates": [32.56465, 0.41792]}, "properties": {"code": "STR-WAKI45780-01", "type": "Concrete Box Culvert (Single Cell)", "span": 4.5, "condition": "Fair", "district": "Wakiso"}}, {"type": "Feature", "geometry": {"type": "Point", "coordinates": [32.56692, 0.41052]}, "properties": {"code": "STR-WAKI45815-01", "type": "Steel Composite Bridge / Drift", "span": 18.0, "condition": "Fair", "district": "Wakiso"}}, {"type": "Feature", "geometry": {"type": "Point", "coordinates": [32.56776, 0.40176]}, "properties": {"code": "STR-WAKI45850-01", "type": "Reinforced Concrete Bridge", "span": 24.5, "condition": "Fair", "district": "Wakiso"}}, {"type": "Feature", "geometry": {"type": "Point", "coordinates": [32.55863, 0.39842]}, "properties": {"code": "STR-WAKI45885-01", "type": "Concrete Box Culvert (Twin Cell)", "span": 4.5, "condition": "Fair", "district": "Wakiso"}}, {"type": "Feature", "geometry": {"type": "Point", "coordinates": [32.55787, 0.39145]}, "properties": {"code": "STR-WAKI45920-01", "type": "Concrete Box Culvert (Single Cell)", "span": 4.5, "condition": "Good", "district": "Wakiso"}}, {"type": "Feature", "geometry": {"type": "Point", "coordinates": [32.57015, 0.39208]}, "properties": {"code": "STR-KAMP45955-01", "type": "Steel Composite Bridge / Drift", "span": 18.0, "condition": "Fair", "district": "Kampala"}}, {"type": "Feature", "geometry": {"type": "Point", "coordinates": [32.56945, 0.39622]}, "properties": {"code": "STR-WAKI45990-01", "type": "Reinforced Concrete Bridge", "span": 24.5, "condition": "Fair", "district": "Wakiso"}}, {"type": "Feature", "geometry": {"type": "Point", "coordinates": [32.57401, 0.40134]}, "properties": {"code": "STR-WAKI46025-01", "type": "Concrete Box Culvert (Twin Cell)", "span": 4.5, "condition": "Fair", "district": "Wakiso"}}, {"type": "Feature", "geometry": {"type": "Point", "coordinates": [32.57702, 0.40328]}, "properties": {"code": "STR-WAKI46060-01", "type": "Concrete Box Culvert (Single Cell)", "span": 4.5, "condition": "Fair", "district": "Wakiso"}}, {"type": "Feature", "geometry": {"type": "Point", "coordinates": [32.57822, 0.39726]}, "properties": {"code": "STR-WAKI46095-01", "type": "Steel Composite Bridge / Drift", "span": 18.0, "condition": "Fair", "district": "Wakiso"}}, {"type": "Feature", "geometry": {"type": "Point", "coordinates": [32.58542, 0.39407]}, "properties": {"code": "STR-KAMP46130-01", "type": "Reinforced Concrete Bridge", "span": 24.5, "condition": "Fair", "district": "Kampala"}}, {"type": "Feature", "geometry": {"type": "Point", "coordinates": [32.58923, 0.39627]}, "properties": {"code": "STR-KAMP46165-01", "type": "Concrete Box Culvert (Twin Cell)", "span": 4.5, "condition": "Fair", "district": "Kampala"}}, {"type": "Feature", "geometry": {"type": "Point", "coordinates": [32.58144, 0.40538]}, "properties": {"code": "STR-WAKI46200-01", "type": "Concrete Box Culvert (Single Cell)", "span": 4.5, "condition": "Fair", "district": "Wakiso"}}, {"type": "Feature", "geometry": {"type": "Point", "coordinates": [32.58894, 0.40944]}, "properties": {"code": "STR-WAKI46235-01", "type": "Steel Composite Bridge / Drift", "span": 18.0, "condition": "Fair", "district": "Wakiso"}}, {"type": "Feature", "geometry": {"type": "Point", "coordinates": [32.58084, 0.41309]}, "properties": {"code": "STR-WAKI46270-01", "type": "Reinforced Concrete Bridge", "span": 24.5, "condition": "Fair", "district": "Wakiso"}}, {"type": "Feature", "geometry": {"type": "Point", "coordinates": [32.57839, 0.40712]}, "properties": {"code": "STR-WAKI46305-01", "type": "Concrete Box Culvert (Twin Cell)", "span": 4.5, "condition": "Fair", "district": "Wakiso"}}, {"type": "Feature", "geometry": {"type": "Point", "coordinates": [32.88602, 0.59858]}, "properties": {"code": "STR-MUKO46340-01", "type": "Concrete Box Culvert (Single Cell)", "span": 4.5, "condition": "Fair", "district": "Mukono"}}, {"type": "Feature", "geometry": {"type": "Point", "coordinates": [32.87502, 0.61383]}, "properties": {"code": "STR-MUKO46375-01", "type": "Steel Composite Bridge / Drift", "span": 18.0, "condition": "Fair", "district": "Mukono"}}, {"type": "Feature", "geometry": {"type": "Point", "coordinates": [32.87681, 0.60196]}, "properties": {"code": "STR-MUKO46410-01", "type": "Reinforced Concrete Bridge", "span": 24.5, "condition": "Fair", "district": "Mukono"}}, {"type": "Feature", "geometry": {"type": "Point", "coordinates": [32.87422, 0.58847]}, "properties": {"code": "STR-MUKO46445-01", "type": "Concrete Box Culvert (Twin Cell)", "span": 4.5, "condition": "Fair", "district": "Mukono"}}, {"type": "Feature", "geometry": {"type": "Point", "coordinates": [32.8654, 0.57355]}, "properties": {"code": "STR-MUKO46480-01", "type": "Concrete Box Culvert (Single Cell)", "span": 4.5, "condition": "Fair", "district": "Mukono"}}, {"type": "Feature", "geometry": {"type": "Point", "coordinates": [32.88999, 0.56346]}, "properties": {"code": "STR-MUKO46515-01", "type": "Steel Composite Bridge / Drift", "span": 18.0, "condition": "Fair", "district": "Mukono"}}, {"type": "Feature", "geometry": {"type": "Point", "coordinates": [32.89316, 0.56261]}, "properties": {"code": "STR-MUKO46550-01", "type": "Reinforced Concrete Bridge", "span": 24.5, "condition": "Fair", "district": "Mukono"}}, {"type": "Feature", "geometry": {"type": "Point", "coordinates": [32.88324, 0.52535]}, "properties": {"code": "STR-MUKO46585-01", "type": "Concrete Box Culvert (Twin Cell)", "span": 4.5, "condition": "Fair", "district": "Mukono"}}, {"type": "Feature", "geometry": {"type": "Point", "coordinates": [32.87325, 0.53236]}, "properties": {"code": "STR-MUKO46620-01", "type": "Concrete Box Culvert (Single Cell)", "span": 4.5, "condition": "Fair", "district": "Mukono"}}, {"type": "Feature", "geometry": {"type": "Point", "coordinates": [32.87601, 0.55763]}, "properties": {"code": "STR-MUKO46655-01", "type": "Steel Composite Bridge / Drift", "span": 18.0, "condition": "Fair", "district": "Mukono"}}, {"type": "Feature", "geometry": {"type": "Point", "coordinates": [32.85164, 0.56024]}, "properties": {"code": "STR-MUKO46690-01", "type": "Reinforced Concrete Bridge", "span": 24.5, "condition": "Fair", "district": "Mukono"}}, {"type": "Feature", "geometry": {"type": "Point", "coordinates": [32.84672, 0.54963]}, "properties": {"code": "STR-MUKO46725-01", "type": "Concrete Box Culvert (Twin Cell)", "span": 4.5, "condition": "Fair", "district": "Mukono"}}, {"type": "Feature", "geometry": {"type": "Point", "coordinates": [32.85989, 0.52712]}, "properties": {"code": "STR-MUKO46760-01", "type": "Concrete Box Culvert (Single Cell)", "span": 4.5, "condition": "Fair", "district": "Mukono"}}, {"type": "Feature", "geometry": {"type": "Point", "coordinates": [32.82963, 0.52844]}, "properties": {"code": "STR-MUKO46795-01", "type": "Steel Composite Bridge / Drift", "span": 18.0, "condition": "Fair", "district": "Mukono"}}, {"type": "Feature", "geometry": {"type": "Point", "coordinates": [32.81727, 0.5131]}, "properties": {"code": "STR-MUKO46830-01", "type": "Reinforced Concrete Bridge", "span": 24.5, "condition": "Fair", "district": "Mukono"}}, {"type": "Feature", "geometry": {"type": "Point", "coordinates": [32.82889, 0.54369]}, "properties": {"code": "STR-MUKO46865-01", "type": "Concrete Box Culvert (Twin Cell)", "span": 4.5, "condition": "Fair", "district": "Mukono"}}, {"type": "Feature", "geometry": {"type": "Point", "coordinates": [32.81941, 0.55512]}, "properties": {"code": "STR-MUKO46900-01", "type": "Concrete Box Culvert (Single Cell)", "span": 4.5, "condition": "Fair", "district": "Mukono"}}, {"type": "Feature", "geometry": {"type": "Point", "coordinates": [32.82319, 0.58488]}, "properties": {"code": "STR-MUKO46935-01", "type": "Steel Composite Bridge / Drift", "span": 18.0, "condition": "Fair", "district": "Mukono"}}, {"type": "Feature", "geometry": {"type": "Point", "coordinates": [32.83323, 0.56064]}, "properties": {"code": "STR-MUKO46970-01", "type": "Reinforced Concrete Bridge", "span": 24.5, "condition": "Fair", "district": "Mukono"}}, {"type": "Feature", "geometry": {"type": "Point", "coordinates": [32.85682, 0.56767]}, "properties": {"code": "STR-MUKO47005-01", "type": "Concrete Box Culvert (Twin Cell)", "span": 4.5, "condition": "Fair", "district": "Mukono"}}, {"type": "Feature", "geometry": {"type": "Point", "coordinates": [32.8602, 0.58216]}, "properties": {"code": "STR-MUKO47040-01", "type": "Concrete Box Culvert (Single Cell)", "span": 4.5, "condition": "Fair", "district": "Mukono"}}, {"type": "Feature", "geometry": {"type": "Point", "coordinates": [32.84149, 0.59558]}, "properties": {"code": "STR-MUKO47075-01", "type": "Steel Composite Bridge / Drift", "span": 18.0, "condition": "Fair", "district": "Mukono"}}, {"type": "Feature", "geometry": {"type": "Point", "coordinates": [32.84038, 0.60934]}, "properties": {"code": "STR-MUKO47110-01", "type": "Reinforced Concrete Bridge", "span": 24.5, "condition": "Fair", "district": "Mukono"}}, {"type": "Feature", "geometry": {"type": "Point", "coordinates": [32.82265, 0.60417]}, "properties": {"code": "STR-MUKO47145-01", "type": "Concrete Box Culvert (Twin Cell)", "span": 4.5, "condition": "Fair", "district": "Mukono"}}, {"type": "Feature", "geometry": {"type": "Point", "coordinates": [32.82713, 0.61163]}, "properties": {"code": "STR-MUKO47180-01", "type": "Concrete Box Culvert (Single Cell)", "span": 4.5, "condition": "Poor", "district": "Mukono"}}, {"type": "Feature", "geometry": {"type": "Point", "coordinates": [32.79641, 0.61258]}, "properties": {"code": "STR-MUKO47215-01", "type": "Steel Composite Bridge / Drift", "span": 18.0, "condition": "Fair", "district": "Mukono"}}, {"type": "Feature", "geometry": {"type": "Point", "coordinates": [32.80728, 0.60191]}, "properties": {"code": "STR-MUKO47250-01", "type": "Reinforced Concrete Bridge", "span": 24.5, "condition": "Fair", "district": "Mukono"}}, {"type": "Feature", "geometry": {"type": "Point", "coordinates": [32.80764, 0.57342]}, "properties": {"code": "STR-MUKO47285-01", "type": "Concrete Box Culvert (Twin Cell)", "span": 4.5, "condition": "Fair", "district": "Mukono"}}, {"type": "Feature", "geometry": {"type": "Point", "coordinates": [32.79077, 0.58411]}, "properties": {"code": "STR-MUKO47320-01", "type": "Concrete Box Culvert (Single Cell)", "span": 4.5, "condition": "Fair", "district": "Mukono"}}, {"type": "Feature", "geometry": {"type": "Point", "coordinates": [32.78084, 0.56262]}, "properties": {"code": "STR-MUKO47355-01", "type": "Steel Composite Bridge / Drift", "span": 18.0, "condition": "Fair", "district": "Mukono"}}, {"type": "Feature", "geometry": {"type": "Point", "coordinates": [32.78109, 0.5924]}, "properties": {"code": "STR-MUKO47390-01", "type": "Reinforced Concrete Bridge", "span": 24.5, "condition": "Fair", "district": "Mukono"}}, {"type": "Feature", "geometry": {"type": "Point", "coordinates": [32.78452, 0.61733]}, "properties": {"code": "STR-MUKO47425-01", "type": "Concrete Box Culvert (Twin Cell)", "span": 4.5, "condition": "Fair", "district": "Mukono"}}, {"type": "Feature", "geometry": {"type": "Point", "coordinates": [32.75378, 0.59587]}, "properties": {"code": "STR-MUKO47460-01", "type": "Concrete Box Culvert (Single Cell)", "span": 4.5, "condition": "Fair", "district": "Mukono"}}, {"type": "Feature", "geometry": {"type": "Point", "coordinates": [32.74984, 0.61283]}, "properties": {"code": "STR-MUKO47495-01", "type": "Steel Composite Bridge / Drift", "span": 18.0, "condition": "Fair", "district": "Mukono"}}, {"type": "Feature", "geometry": {"type": "Point", "coordinates": [32.74519, 0.58546]}, "properties": {"code": "STR-MUKO47530-01", "type": "Reinforced Concrete Bridge", "span": 24.5, "condition": "Fair", "district": "Mukono"}}, {"type": "Feature", "geometry": {"type": "Point", "coordinates": [32.73215, 0.58077]}, "properties": {"code": "STR-MUKO47565-01", "type": "Concrete Box Culvert (Twin Cell)", "span": 4.5, "condition": "Good", "district": "Mukono"}}, {"type": "Feature", "geometry": {"type": "Point", "coordinates": [32.74711, 0.56113]}, "properties": {"code": "STR-MUKO47600-01", "type": "Concrete Box Culvert (Single Cell)", "span": 4.5, "condition": "Fair", "district": "Mukono"}}, {"type": "Feature", "geometry": {"type": "Point", "coordinates": [32.76851, 0.57186]}, "properties": {"code": "STR-MUKO47635-01", "type": "Steel Composite Bridge / Drift", "span": 18.0, "condition": "Fair", "district": "Mukono"}}, {"type": "Feature", "geometry": {"type": "Point", "coordinates": [32.75918, 0.54525]}, "properties": {"code": "STR-MUKO47670-01", "type": "Reinforced Concrete Bridge", "span": 24.5, "condition": "Fair", "district": "Mukono"}}, {"type": "Feature", "geometry": {"type": "Point", "coordinates": [32.75328, 0.55423]}, "properties": {"code": "STR-MUKO47705-01", "type": "Concrete Box Culvert (Twin Cell)", "span": 4.5, "condition": "Fair", "district": "Mukono"}}, {"type": "Feature", "geometry": {"type": "Point", "coordinates": [32.73167, 0.53853]}, "properties": {"code": "STR-MUKO47740-01", "type": "Concrete Box Culvert (Single Cell)", "span": 4.5, "condition": "Fair", "district": "Mukono"}}, {"type": "Feature", "geometry": {"type": "Point", "coordinates": [32.74345, 0.5256]}, "properties": {"code": "STR-MUKO47775-01", "type": "Steel Composite Bridge / Drift", "span": 18.0, "condition": "Fair", "district": "Mukono"}}, {"type": "Feature", "geometry": {"type": "Point", "coordinates": [32.72879, 0.51383]}, "properties": {"code": "STR-MUKO47810-01", "type": "Reinforced Concrete Bridge", "span": 24.5, "condition": "Fair", "district": "Mukono"}}, {"type": "Feature", "geometry": {"type": "Point", "coordinates": [32.74002, 0.51022]}, "properties": {"code": "STR-MUKO47845-01", "type": "Concrete Box Culvert (Twin Cell)", "span": 4.5, "condition": "Fair", "district": "Mukono"}}, {"type": "Feature", "geometry": {"type": "Point", "coordinates": [32.74961, 0.51068]}, "properties": {"code": "STR-MUKO47880-01", "type": "Concrete Box Culvert (Single Cell)", "span": 4.5, "condition": "Fair", "district": "Mukono"}}, {"type": "Feature", "geometry": {"type": "Point", "coordinates": [32.74991, 0.5212]}, "properties": {"code": "STR-MUKO47915-01", "type": "Steel Composite Bridge / Drift", "span": 18.0, "condition": "Fair", "district": "Mukono"}}, {"type": "Feature", "geometry": {"type": "Point", "coordinates": [32.76934, 0.5173]}, "properties": {"code": "STR-MUKO47950-01", "type": "Reinforced Concrete Bridge", "span": 24.5, "condition": "Fair", "district": "Mukono"}}, {"type": "Feature", "geometry": {"type": "Point", "coordinates": [32.76611, 0.51122]}, "properties": {"code": "STR-MUKO47985-01", "type": "Concrete Box Culvert (Twin Cell)", "span": 4.5, "condition": "Fair", "district": "Mukono"}}, {"type": "Feature", "geometry": {"type": "Point", "coordinates": [32.77314, 0.51713]}, "properties": {"code": "STR-MUKO48020-01", "type": "Concrete Box Culvert (Single Cell)", "span": 4.5, "condition": "Fair", "district": "Mukono"}}, {"type": "Feature", "geometry": {"type": "Point", "coordinates": [32.79007, 0.5312]}, "properties": {"code": "STR-MUKO48055-01", "type": "Steel Composite Bridge / Drift", "span": 18.0, "condition": "Fair", "district": "Mukono"}}, {"type": "Feature", "geometry": {"type": "Point", "coordinates": [32.78252, 0.53892]}, "properties": {"code": "STR-MUKO48090-01", "type": "Reinforced Concrete Bridge", "span": 24.5, "condition": "Fair", "district": "Mukono"}}, {"type": "Feature", "geometry": {"type": "Point", "coordinates": [32.78372, 0.55262]}, "properties": {"code": "STR-MUKO48125-01", "type": "Concrete Box Culvert (Twin Cell)", "span": 4.5, "condition": "Fair", "district": "Mukono"}}, {"type": "Feature", "geometry": {"type": "Point", "coordinates": [32.78644, 0.54234]}, "properties": {"code": "STR-MUKO48160-01", "type": "Concrete Box Culvert (Single Cell)", "span": 4.5, "condition": "Fair", "district": "Mukono"}}, {"type": "Feature", "geometry": {"type": "Point", "coordinates": [32.78406, 0.53054]}, "properties": {"code": "STR-MUKO48195-01", "type": "Steel Composite Bridge / Drift", "span": 18.0, "condition": "Fair", "district": "Mukono"}}, {"type": "Feature", "geometry": {"type": "Point", "coordinates": [32.79782, 0.53749]}, "properties": {"code": "STR-MUKO48230-01", "type": "Reinforced Concrete Bridge", "span": 24.5, "condition": "Fair", "district": "Mukono"}}, {"type": "Feature", "geometry": {"type": "Point", "coordinates": [32.79524, 0.54057]}, "properties": {"code": "STR-MUKO48265-01", "type": "Concrete Box Culvert (Twin Cell)", "span": 4.5, "condition": "Fair", "district": "Mukono"}}, {"type": "Feature", "geometry": {"type": "Point", "coordinates": [32.80582, 0.55714]}, "properties": {"code": "STR-MUKO48300-01", "type": "Concrete Box Culvert (Single Cell)", "span": 4.5, "condition": "Fair", "district": "Mukono"}}, {"type": "Feature", "geometry": {"type": "Point", "coordinates": [32.80993, 0.52947]}, "properties": {"code": "STR-MUKO48335-01", "type": "Steel Composite Bridge / Drift", "span": 18.0, "condition": "Fair", "district": "Mukono"}}, {"type": "Feature", "geometry": {"type": "Point", "coordinates": [32.79645, 0.51536]}, "properties": {"code": "STR-MUKO48370-01", "type": "Reinforced Concrete Bridge", "span": 24.5, "condition": "Poor", "district": "Mukono"}}, {"type": "Feature", "geometry": {"type": "Point", "coordinates": [32.22333, -0.30463]}, "properties": {"code": "STR-KALA48405-01", "type": "Concrete Box Culvert (Twin Cell)", "span": 4.5, "condition": "Fair", "district": "Kalangala"}}, {"type": "Feature", "geometry": {"type": "Point", "coordinates": [32.20603, -0.31571]}, "properties": {"code": "STR-KALA48440-01", "type": "Concrete Box Culvert (Single Cell)", "span": 4.5, "condition": "Fair", "district": "Kalangala"}}, {"type": "Feature", "geometry": {"type": "Point", "coordinates": [32.22157, -0.40064]}, "properties": {"code": "STR-KALA48475-01", "type": "Steel Composite Bridge / Drift", "span": 18.0, "condition": "Fair", "district": "Kalangala"}}, {"type": "Feature", "geometry": {"type": "Point", "coordinates": [32.27184, -0.35121]}, "properties": {"code": "STR-KALA48510-01", "type": "Reinforced Concrete Bridge", "span": 24.5, "condition": "Fair", "district": "Kalangala"}}, {"type": "Feature", "geometry": {"type": "Point", "coordinates": [32.27374, -0.37235]}, "properties": {"code": "STR-KALA48545-01", "type": "Concrete Box Culvert (Twin Cell)", "span": 4.5, "condition": "Fair", "district": "Kalangala"}}, {"type": "Feature", "geometry": {"type": "Point", "coordinates": [32.26272, -0.40516]}, "properties": {"code": "STR-KALA48580-01", "type": "Concrete Box Culvert (Single Cell)", "span": 4.5, "condition": "Poor", "district": "Kalangala"}}, {"type": "Feature", "geometry": {"type": "Point", "coordinates": [32.27163, -0.42169]}, "properties": {"code": "STR-KALA48615-01", "type": "Steel Composite Bridge / Drift", "span": 18.0, "condition": "Fair", "district": "Kalangala"}}, {"type": "Feature", "geometry": {"type": "Point", "coordinates": [32.24954, -0.44672]}, "properties": {"code": "STR-KALA48650-01", "type": "Reinforced Concrete Bridge", "span": 24.5, "condition": "Fair", "district": "Kalangala"}}, {"type": "Feature", "geometry": {"type": "Point", "coordinates": [32.25585, -0.42334]}, "properties": {"code": "STR-KALA48685-01", "type": "Concrete Box Culvert (Twin Cell)", "span": 4.5, "condition": "Fair", "district": "Kalangala"}}, {"type": "Feature", "geometry": {"type": "Point", "coordinates": [32.2191, -0.42559]}, "properties": {"code": "STR-KALA48720-01", "type": "Concrete Box Culvert (Single Cell)", "span": 4.5, "condition": "Fair", "district": "Kalangala"}}, {"type": "Feature", "geometry": {"type": "Point", "coordinates": [32.21347, -0.44769]}, "properties": {"code": "STR-KALA48755-01", "type": "Steel Composite Bridge / Drift", "span": 18.0, "condition": "Fair", "district": "Kalangala"}}, {"type": "Feature", "geometry": {"type": "Point", "coordinates": [32.2209, -0.44689]}, "properties": {"code": "STR-KALA48790-01", "type": "Reinforced Concrete Bridge", "span": 24.5, "condition": "Fair", "district": "Kalangala"}}, {"type": "Feature", "geometry": {"type": "Point", "coordinates": [32.26157, -0.45986]}, "properties": {"code": "STR-KALA48825-01", "type": "Concrete Box Culvert (Twin Cell)", "span": 4.5, "condition": "Fair", "district": "Kalangala"}}, {"type": "Feature", "geometry": {"type": "Point", "coordinates": [32.2779, -0.43009]}, "properties": {"code": "STR-KALA48860-01", "type": "Concrete Box Culvert (Single Cell)", "span": 4.5, "condition": "Fair", "district": "Kalangala"}}, {"type": "Feature", "geometry": {"type": "Point", "coordinates": [32.3143, -0.4204]}, "properties": {"code": "STR-KALA48895-01", "type": "Steel Composite Bridge / Drift", "span": 18.0, "condition": "Fair", "district": "Kalangala"}}, {"type": "Feature", "geometry": {"type": "Point", "coordinates": [32.3524, -0.43767]}, "properties": {"code": "STR-KALA48930-01", "type": "Reinforced Concrete Bridge", "span": 24.5, "condition": "Fair", "district": "Kalangala"}}, {"type": "Feature", "geometry": {"type": "Point", "coordinates": [31.69346, -0.55403]}, "properties": {"code": "STR-KYOT48965-01", "type": "Concrete Box Culvert (Twin Cell)", "span": 4.5, "condition": "Poor", "district": "Kyotera"}}, {"type": "Feature", "geometry": {"type": "Point", "coordinates": [31.70302, -0.56262]}, "properties": {"code": "STR-MASA49000-01", "type": "Concrete Box Culvert (Single Cell)", "span": 4.5, "condition": "Poor", "district": "Masaka"}}, {"type": "Feature", "geometry": {"type": "Point", "coordinates": [31.73274, -0.5766]}, "properties": {"code": "STR-MASA49035-01", "type": "Steel Composite Bridge / Drift", "span": 18.0, "condition": "Poor", "district": "Masaka"}}, {"type": "Feature", "geometry": {"type": "Point", "coordinates": [31.73352, -0.5605]}, "properties": {"code": "STR-MASA49070-01", "type": "Reinforced Concrete Bridge", "span": 24.5, "condition": "Poor", "district": "Masaka"}}, {"type": "Feature", "geometry": {"type": "Point", "coordinates": [31.73338, -0.53539]}, "properties": {"code": "STR-MASA49105-01", "type": "Concrete Box Culvert (Twin Cell)", "span": 4.5, "condition": "Poor", "district": "Masaka"}}, {"type": "Feature", "geometry": {"type": "Point", "coordinates": [31.70612, -0.51998]}, "properties": {"code": "STR-MASA49140-01", "type": "Concrete Box Culvert (Single Cell)", "span": 4.5, "condition": "Fair", "district": "Masaka"}}, {"type": "Feature", "geometry": {"type": "Point", "coordinates": [31.69464, -0.54164]}, "properties": {"code": "STR-KYOT49175-01", "type": "Steel Composite Bridge / Drift", "span": 18.0, "condition": "Poor", "district": "Kyotera"}}, {"type": "Feature", "geometry": {"type": "Point", "coordinates": [31.69817, -0.53226]}, "properties": {"code": "STR-KYOT49210-01", "type": "Reinforced Concrete Bridge", "span": 24.5, "condition": "Poor", "district": "Kyotera"}}, {"type": "Feature", "geometry": {"type": "Point", "coordinates": [31.68717, -0.52854]}, "properties": {"code": "STR-KYOT49245-01", "type": "Concrete Box Culvert (Twin Cell)", "span": 4.5, "condition": "Poor", "district": "Kyotera"}}, {"type": "Feature", "geometry": {"type": "Point", "coordinates": [31.66909, -0.5206]}, "properties": {"code": "STR-KYOT49280-01", "type": "Concrete Box Culvert (Single Cell)", "span": 4.5, "condition": "Poor", "district": "Kyotera"}}, {"type": "Feature", "geometry": {"type": "Point", "coordinates": [31.67294, -0.53913]}, "properties": {"code": "STR-KYOT49315-01", "type": "Steel Composite Bridge / Drift", "span": 18.0, "condition": "Poor", "district": "Kyotera"}}, {"type": "Feature", "geometry": {"type": "Point", "coordinates": [31.67553, -0.54429]}, "properties": {"code": "STR-KYOT49350-01", "type": "Reinforced Concrete Bridge", "span": 24.5, "condition": "Poor", "district": "Kyotera"}}, {"type": "Feature", "geometry": {"type": "Point", "coordinates": [31.68898, -0.53933]}, "properties": {"code": "STR-KYOT49385-01", "type": "Concrete Box Culvert (Twin Cell)", "span": 4.5, "condition": "Poor", "district": "Kyotera"}}, {"type": "Feature", "geometry": {"type": "Point", "coordinates": [31.68184, -0.5623]}, "properties": {"code": "STR-KYOT49420-01", "type": "Concrete Box Culvert (Single Cell)", "span": 4.5, "condition": "Poor", "district": "Kyotera"}}, {"type": "Feature", "geometry": {"type": "Point", "coordinates": [31.67782, -0.57103]}, "properties": {"code": "STR-KYOT49455-01", "type": "Steel Composite Bridge / Drift", "span": 18.0, "condition": "Poor", "district": "Kyotera"}}, {"type": "Feature", "geometry": {"type": "Point", "coordinates": [31.67009, -0.56617]}, "properties": {"code": "STR-KYOT49490-01", "type": "Reinforced Concrete Bridge", "span": 24.5, "condition": "Poor", "district": "Kyotera"}}, {"type": "Feature", "geometry": {"type": "Point", "coordinates": [31.67937, -0.54969]}, "properties": {"code": "STR-KYOT49525-01", "type": "Concrete Box Culvert (Twin Cell)", "span": 4.5, "condition": "Good", "district": "Kyotera"}}, {"type": "Feature", "geometry": {"type": "Point", "coordinates": [31.66158, -0.54943]}, "properties": {"code": "STR-KYOT49560-01", "type": "Concrete Box Culvert (Single Cell)", "span": 4.5, "condition": "Poor", "district": "Kyotera"}}, {"type": "Feature", "geometry": {"type": "Point", "coordinates": [31.66806, -0.55533]}, "properties": {"code": "STR-KYOT49595-01", "type": "Steel Composite Bridge / Drift", "span": 18.0, "condition": "Poor", "district": "Kyotera"}}, {"type": "Feature", "geometry": {"type": "Point", "coordinates": [31.65451, -0.56521]}, "properties": {"code": "STR-KYOT49630-01", "type": "Reinforced Concrete Bridge", "span": 24.5, "condition": "Poor", "district": "Kyotera"}}, {"type": "Feature", "geometry": {"type": "Point", "coordinates": [31.65689, -0.55183]}, "properties": {"code": "STR-KYOT49665-01", "type": "Concrete Box Culvert (Twin Cell)", "span": 4.5, "condition": "Poor", "district": "Kyotera"}}, {"type": "Feature", "geometry": {"type": "Point", "coordinates": [31.64535, -0.54074]}, "properties": {"code": "STR-KYOT49700-01", "type": "Concrete Box Culvert (Single Cell)", "span": 4.5, "condition": "Poor", "district": "Kyotera"}}, {"type": "Feature", "geometry": {"type": "Point", "coordinates": [31.65524, -0.54601]}, "properties": {"code": "STR-KYOT49735-01", "type": "Steel Composite Bridge / Drift", "span": 18.0, "condition": "Poor", "district": "Kyotera"}}, {"type": "Feature", "geometry": {"type": "Point", "coordinates": [31.65814, -0.5346]}, "properties": {"code": "STR-KYOT49770-01", "type": "Reinforced Concrete Bridge", "span": 24.5, "condition": "Good", "district": "Kyotera"}}, {"type": "Feature", "geometry": {"type": "Point", "coordinates": [31.66182, -0.52974]}, "properties": {"code": "STR-KYOT49805-01", "type": "Concrete Box Culvert (Twin Cell)", "span": 4.5, "condition": "Good", "district": "Kyotera"}}, {"type": "Feature", "geometry": {"type": "Point", "coordinates": [31.6626, -0.52293]}, "properties": {"code": "STR-KYOT49840-01", "type": "Concrete Box Culvert (Single Cell)", "span": 4.5, "condition": "Good", "district": "Kyotera"}}, {"type": "Feature", "geometry": {"type": "Point", "coordinates": [31.65878, -0.52395]}, "properties": {"code": "STR-KYOT49875-01", "type": "Steel Composite Bridge / Drift", "span": 18.0, "condition": "Poor", "district": "Kyotera"}}, {"type": "Feature", "geometry": {"type": "Point", "coordinates": [31.65502, -0.52305]}, "properties": {"code": "STR-KYOT49910-01", "type": "Reinforced Concrete Bridge", "span": 24.5, "condition": "Poor", "district": "Kyotera"}}, {"type": "Feature", "geometry": {"type": "Point", "coordinates": [31.6554, -0.52655]}, "properties": {"code": "STR-KYOT49945-01", "type": "Concrete Box Culvert (Twin Cell)", "span": 4.5, "condition": "Poor", "district": "Kyotera"}}, {"type": "Feature", "geometry": {"type": "Point", "coordinates": [31.64895, -0.53032]}, "properties": {"code": "STR-KYOT49980-01", "type": "Concrete Box Culvert (Single Cell)", "span": 4.5, "condition": "Poor", "district": "Kyotera"}}, {"type": "Feature", "geometry": {"type": "Point", "coordinates": [31.64391, -0.53014]}, "properties": {"code": "STR-KYOT50015-01", "type": "Steel Composite Bridge / Drift", "span": 18.0, "condition": "Poor", "district": "Kyotera"}}, {"type": "Feature", "geometry": {"type": "Point", "coordinates": [31.63366, -0.52992]}, "properties": {"code": "STR-KYOT50050-01", "type": "Reinforced Concrete Bridge", "span": 24.5, "condition": "Poor", "district": "Kyotera"}}, {"type": "Feature", "geometry": {"type": "Point", "coordinates": [31.63154, -0.52588]}, "properties": {"code": "STR-KYOT50085-01", "type": "Concrete Box Culvert (Twin Cell)", "span": 4.5, "condition": "Poor", "district": "Kyotera"}}, {"type": "Feature", "geometry": {"type": "Point", "coordinates": [31.62293, -0.53001]}, "properties": {"code": "STR-KYOT50120-01", "type": "Concrete Box Culvert (Single Cell)", "span": 4.5, "condition": "Fair", "district": "Kyotera"}}, {"type": "Feature", "geometry": {"type": "Point", "coordinates": [31.62878, -0.52887]}, "properties": {"code": "STR-KYOT50155-01", "type": "Steel Composite Bridge / Drift", "span": 18.0, "condition": "Poor", "district": "Kyotera"}}, {"type": "Feature", "geometry": {"type": "Point", "coordinates": [31.62365, -0.54223]}, "properties": {"code": "STR-KYOT50190-01", "type": "Reinforced Concrete Bridge", "span": 24.5, "condition": "Good", "district": "Kyotera"}}, {"type": "Feature", "geometry": {"type": "Point", "coordinates": [31.64403, -0.53925]}, "properties": {"code": "STR-KYOT50225-01", "type": "Concrete Box Culvert (Twin Cell)", "span": 4.5, "condition": "Poor", "district": "Kyotera"}}, {"type": "Feature", "geometry": {"type": "Point", "coordinates": [31.64063, -0.54998]}, "properties": {"code": "STR-KYOT50260-01", "type": "Concrete Box Culvert (Single Cell)", "span": 4.5, "condition": "Poor", "district": "Kyotera"}}, {"type": "Feature", "geometry": {"type": "Point", "coordinates": [31.64273, -0.55728]}, "properties": {"code": "STR-KYOT50295-01", "type": "Steel Composite Bridge / Drift", "span": 18.0, "condition": "Poor", "district": "Kyotera"}}, {"type": "Feature", "geometry": {"type": "Point", "coordinates": [31.64505, -0.57072]}, "properties": {"code": "STR-KYOT50330-01", "type": "Reinforced Concrete Bridge", "span": 24.5, "condition": "Poor", "district": "Kyotera"}}, {"type": "Feature", "geometry": {"type": "Point", "coordinates": [31.62538, -0.56133]}, "properties": {"code": "STR-KYOT50365-01", "type": "Concrete Box Culvert (Twin Cell)", "span": 4.5, "condition": "Good", "district": "Kyotera"}}, {"type": "Feature", "geometry": {"type": "Point", "coordinates": [31.63366, -0.55452]}, "properties": {"code": "STR-KYOT50400-01", "type": "Concrete Box Culvert (Single Cell)", "span": 4.5, "condition": "Poor", "district": "Kyotera"}}, {"type": "Feature", "geometry": {"type": "Point", "coordinates": [30.10686, 0.18792]}, "properties": {"code": "STR-KASE50435-01", "type": "Steel Composite Bridge / Drift", "span": 18.0, "condition": "Good", "district": "Kasese"}}, {"type": "Feature", "geometry": {"type": "Point", "coordinates": [30.09761, 0.18459]}, "properties": {"code": "STR-KASE50470-01", "type": "Reinforced Concrete Bridge", "span": 24.5, "condition": "Poor", "district": "Kasese"}}, {"type": "Feature", "geometry": {"type": "Point", "coordinates": [30.09536, 0.19114]}, "properties": {"code": "STR-KASE50505-01", "type": "Concrete Box Culvert (Twin Cell)", "span": 4.5, "condition": "Good", "district": "Kasese"}}, {"type": "Feature", "geometry": {"type": "Point", "coordinates": [30.09389, 0.18586]}, "properties": {"code": "STR-KASE50540-01", "type": "Concrete Box Culvert (Single Cell)", "span": 4.5, "condition": "Poor", "district": "Kasese"}}, {"type": "Feature", "geometry": {"type": "Point", "coordinates": [30.09655, 0.1857]}, "properties": {"code": "STR-KASE50575-01", "type": "Steel Composite Bridge / Drift", "span": 18.0, "condition": "Poor", "district": "Kasese"}}, {"type": "Feature", "geometry": {"type": "Point", "coordinates": [30.09531, 0.18395]}, "properties": {"code": "STR-KASE50610-01", "type": "Reinforced Concrete Bridge", "span": 24.5, "condition": "Poor", "district": "Kasese"}}, {"type": "Feature", "geometry": {"type": "Point", "coordinates": [30.0931, 0.17718]}, "properties": {"code": "STR-KASE50645-01", "type": "Concrete Box Culvert (Twin Cell)", "span": 4.5, "condition": "Good", "district": "Kasese"}}, {"type": "Feature", "geometry": {"type": "Point", "coordinates": [30.09776, 0.17145]}, "properties": {"code": "STR-KASE50680-01", "type": "Concrete Box Culvert (Single Cell)", "span": 4.5, "condition": "Good", "district": "Kasese"}}, {"type": "Feature", "geometry": {"type": "Point", "coordinates": [30.09176, 0.17569]}, "properties": {"code": "STR-KASE50715-01", "type": "Steel Composite Bridge / Drift", "span": 18.0, "condition": "Good", "district": "Kasese"}}, {"type": "Feature", "geometry": {"type": "Point", "coordinates": [30.09667, 0.17216]}, "properties": {"code": "STR-KASE50750-01", "type": "Reinforced Concrete Bridge", "span": 24.5, "condition": "Poor", "district": "Kasese"}}, {"type": "Feature", "geometry": {"type": "Point", "coordinates": [30.09166, 0.16515]}, "properties": {"code": "STR-KASE50785-01", "type": "Concrete Box Culvert (Twin Cell)", "span": 4.5, "condition": "Poor", "district": "Kasese"}}, {"type": "Feature", "geometry": {"type": "Point", "coordinates": [30.14828, 0.21294]}, "properties": {"code": "STR-KASE50820-01", "type": "Concrete Box Culvert (Single Cell)", "span": 4.5, "condition": "Good", "district": "Kasese"}}, {"type": "Feature", "geometry": {"type": "Point", "coordinates": [30.1245, 0.20029]}, "properties": {"code": "STR-KASE50855-01", "type": "Steel Composite Bridge / Drift", "span": 18.0, "condition": "Good", "district": "Kasese"}}, {"type": "Feature", "geometry": {"type": "Point", "coordinates": [30.12021, 0.24756]}, "properties": {"code": "STR-KASE50890-01", "type": "Reinforced Concrete Bridge", "span": 24.5, "condition": "Poor", "district": "Kasese"}}, {"type": "Feature", "geometry": {"type": "Point", "coordinates": [30.1234, 0.27242]}, "properties": {"code": "STR-KASE50925-01", "type": "Concrete Box Culvert (Twin Cell)", "span": 4.5, "condition": "Good", "district": "Kasese"}}, {"type": "Feature", "geometry": {"type": "Point", "coordinates": [30.12737, 0.25943]}, "properties": {"code": "STR-KASE50960-01", "type": "Concrete Box Culvert (Single Cell)", "span": 4.5, "condition": "Good", "district": "Kasese"}}, {"type": "Feature", "geometry": {"type": "Point", "coordinates": [30.1376, 0.26003]}, "properties": {"code": "STR-KASE50995-01", "type": "Steel Composite Bridge / Drift", "span": 18.0, "condition": "Good", "district": "Kasese"}}, {"type": "Feature", "geometry": {"type": "Point", "coordinates": [30.14059, 0.23797]}, "properties": {"code": "STR-KASE51030-01", "type": "Reinforced Concrete Bridge", "span": 24.5, "condition": "Good", "district": "Kasese"}}, {"type": "Feature", "geometry": {"type": "Point", "coordinates": [30.15473, 0.23031]}, "properties": {"code": "STR-KASE51065-01", "type": "Concrete Box Culvert (Twin Cell)", "span": 4.5, "condition": "Good", "district": "Kasese"}}, {"type": "Feature", "geometry": {"type": "Point", "coordinates": [30.16876, 0.24783]}, "properties": {"code": "STR-KASE51100-01", "type": "Concrete Box Culvert (Single Cell)", "span": 4.5, "condition": "Good", "district": "Kasese"}}, {"type": "Feature", "geometry": {"type": "Point", "coordinates": [30.17323, 0.2505]}, "properties": {"code": "STR-KASE51135-01", "type": "Steel Composite Bridge / Drift", "span": 18.0, "condition": "Good", "district": "Kasese"}}, {"type": "Feature", "geometry": {"type": "Point", "coordinates": [30.20193, 0.23482]}, "properties": {"code": "STR-KASE51170-01", "type": "Reinforced Concrete Bridge", "span": 24.5, "condition": "Good", "district": "Kasese"}}, {"type": "Feature", "geometry": {"type": "Point", "coordinates": [30.18981, 0.22823]}, "properties": {"code": "STR-KASE51205-01", "type": "Concrete Box Culvert (Twin Cell)", "span": 4.5, "condition": "Good", "district": "Kasese"}}, {"type": "Feature", "geometry": {"type": "Point", "coordinates": [30.19794, 0.21919]}, "properties": {"code": "STR-KASE51240-01", "type": "Concrete Box Culvert (Single Cell)", "span": 4.5, "condition": "Poor", "district": "Kasese"}}, {"type": "Feature", "geometry": {"type": "Point", "coordinates": [30.17172, 0.2086]}, "properties": {"code": "STR-KASE51275-01", "type": "Steel Composite Bridge / Drift", "span": 18.0, "condition": "Good", "district": "Kasese"}}, {"type": "Feature", "geometry": {"type": "Point", "coordinates": [30.16973, 0.20659]}, "properties": {"code": "STR-KASE51310-01", "type": "Reinforced Concrete Bridge", "span": 24.5, "condition": "Good", "district": "Kasese"}}, {"type": "Feature", "geometry": {"type": "Point", "coordinates": [30.21233, 0.2248]}, "properties": {"code": "STR-KASE51345-01", "type": "Concrete Box Culvert (Twin Cell)", "span": 4.5, "condition": "Good", "district": "Kasese"}}, {"type": "Feature", "geometry": {"type": "Point", "coordinates": [30.21348, 0.27436]}, "properties": {"code": "STR-KASE51380-01", "type": "Concrete Box Culvert (Single Cell)", "span": 4.5, "condition": "Good", "district": "Kasese"}}, {"type": "Feature", "geometry": {"type": "Point", "coordinates": [30.20445, 0.29195]}, "properties": {"code": "STR-KASE51415-01", "type": "Steel Composite Bridge / Drift", "span": 18.0, "condition": "Good", "district": "Kasese"}}, {"type": "Feature", "geometry": {"type": "Point", "coordinates": [30.22077, 0.29769]}, "properties": {"code": "STR-KASE51450-01", "type": "Reinforced Concrete Bridge", "span": 24.5, "condition": "Good", "district": "Kasese"}}, {"type": "Feature", "geometry": {"type": "Point", "coordinates": [30.21904, 0.32005]}, "properties": {"code": "STR-KASE51485-01", "type": "Concrete Box Culvert (Twin Cell)", "span": 4.5, "condition": "Poor", "district": "Kasese"}}, {"type": "Feature", "geometry": {"type": "Point", "coordinates": [30.22491, 0.34492]}, "properties": {"code": "STR-KASE51520-01", "type": "Concrete Box Culvert (Single Cell)", "span": 4.5, "condition": "Good", "district": "Kasese"}}, {"type": "Feature", "geometry": {"type": "Point", "coordinates": [30.20666, 0.36812]}, "properties": {"code": "STR-KASE51555-01", "type": "Steel Composite Bridge / Drift", "span": 18.0, "condition": "Good", "district": "Kasese"}}, {"type": "Feature", "geometry": {"type": "Point", "coordinates": [30.20786, 0.38908]}, "properties": {"code": "STR-BUNY51590-01", "type": "Reinforced Concrete Bridge", "span": 24.5, "condition": "Good", "district": "Bunyangabu"}}, {"type": "Feature", "geometry": {"type": "Point", "coordinates": [30.21956, 0.37667]}, "properties": {"code": "STR-BUNY51625-01", "type": "Concrete Box Culvert (Twin Cell)", "span": 4.5, "condition": "Good", "district": "Bunyangabu"}}, {"type": "Feature", "geometry": {"type": "Point", "coordinates": [30.22286, 0.37498]}, "properties": {"code": "STR-BUNY51660-01", "type": "Concrete Box Culvert (Single Cell)", "span": 4.5, "condition": "Good", "district": "Bunyangabu"}}, {"type": "Feature", "geometry": {"type": "Point", "coordinates": [30.23779, 0.37124]}, "properties": {"code": "STR-BUNY51695-01", "type": "Steel Composite Bridge / Drift", "span": 18.0, "condition": "Good", "district": "Bunyangabu"}}, {"type": "Feature", "geometry": {"type": "Point", "coordinates": [30.23469, 0.38231]}, "properties": {"code": "STR-BUNY51730-01", "type": "Reinforced Concrete Bridge", "span": 24.5, "condition": "Good", "district": "Bunyangabu"}}, {"type": "Feature", "geometry": {"type": "Point", "coordinates": [30.24088, 0.3847]}, "properties": {"code": "STR-BUNY51765-01", "type": "Concrete Box Culvert (Twin Cell)", "span": 4.5, "condition": "Good", "district": "Bunyangabu"}}, {"type": "Feature", "geometry": {"type": "Point", "coordinates": [30.23679, 0.36123]}, "properties": {"code": "STR-BUNY51800-01", "type": "Concrete Box Culvert (Single Cell)", "span": 4.5, "condition": "Good", "district": "Bunyangabu"}}, {"type": "Feature", "geometry": {"type": "Point", "coordinates": [30.26861, 0.35676]}, "properties": {"code": "STR-BUNY51835-01", "type": "Steel Composite Bridge / Drift", "span": 18.0, "condition": "Poor", "district": "Bunyangabu"}}, {"type": "Feature", "geometry": {"type": "Point", "coordinates": [30.25414, 0.35733]}, "properties": {"code": "STR-BUNY51870-01", "type": "Reinforced Concrete Bridge", "span": 24.5, "condition": "Poor", "district": "Bunyangabu"}}, {"type": "Feature", "geometry": {"type": "Point", "coordinates": [30.26401, 0.38679]}, "properties": {"code": "STR-BUNY51905-01", "type": "Concrete Box Culvert (Twin Cell)", "span": 4.5, "condition": "Poor", "district": "Bunyangabu"}}, {"type": "Feature", "geometry": {"type": "Point", "coordinates": [30.26102, 0.36209]}, "properties": {"code": "STR-BUNY51940-01", "type": "Concrete Box Culvert (Single Cell)", "span": 4.5, "condition": "Good", "district": "Bunyangabu"}}, {"type": "Feature", "geometry": {"type": "Point", "coordinates": [30.28016, 0.37078]}, "properties": {"code": "STR-BUNY51975-01", "type": "Steel Composite Bridge / Drift", "span": 18.0, "condition": "Poor", "district": "Bunyangabu"}}, {"type": "Feature", "geometry": {"type": "Point", "coordinates": [30.28174, 0.38165]}, "properties": {"code": "STR-BUNY52010-01", "type": "Reinforced Concrete Bridge", "span": 24.5, "condition": "Poor", "district": "Bunyangabu"}}, {"type": "Feature", "geometry": {"type": "Point", "coordinates": [30.31549, 0.19333]}, "properties": {"code": "STR-KITA52045-01", "type": "Concrete Box Culvert (Twin Cell)", "span": 4.5, "condition": "Good", "district": "Kitagwenda"}}, {"type": "Feature", "geometry": {"type": "Point", "coordinates": [30.35935, 0.18999]}, "properties": {"code": "STR-KAMW52080-01", "type": "Concrete Box Culvert (Single Cell)", "span": 4.5, "condition": "Poor", "district": "Kamwenge"}}, {"type": "Feature", "geometry": {"type": "Point", "coordinates": [30.38182, 0.2076]}, "properties": {"code": "STR-KAMW52115-01", "type": "Steel Composite Bridge / Drift", "span": 18.0, "condition": "Fair", "district": "Kamwenge"}}, {"type": "Feature", "geometry": {"type": "Point", "coordinates": [30.37594, 0.17081]}, "properties": {"code": "STR-KAMW52150-01", "type": "Reinforced Concrete Bridge", "span": 24.5, "condition": "Fair", "district": "Kamwenge"}}, {"type": "Feature", "geometry": {"type": "Point", "coordinates": [30.36519, 0.15592]}, "properties": {"code": "STR-KITA52185-01", "type": "Concrete Box Culvert (Twin Cell)", "span": 4.5, "condition": "Fair", "district": "Kitagwenda"}}, {"type": "Feature", "geometry": {"type": "Point", "coordinates": [30.37877, 0.13107]}, "properties": {"code": "STR-KITA52220-01", "type": "Concrete Box Culvert (Single Cell)", "span": 4.5, "condition": "Good", "district": "Kitagwenda"}}, {"type": "Feature", "geometry": {"type": "Point", "coordinates": [30.343, 0.13324]}, "properties": {"code": "STR-KITA52255-01", "type": "Steel Composite Bridge / Drift", "span": 18.0, "condition": "Good", "district": "Kitagwenda"}}, {"type": "Feature", "geometry": {"type": "Point", "coordinates": [30.3454, 0.14557]}, "properties": {"code": "STR-KITA52290-01", "type": "Reinforced Concrete Bridge", "span": 24.5, "condition": "Good", "district": "Kitagwenda"}}, {"type": "Feature", "geometry": {"type": "Point", "coordinates": [30.34269, 0.15309]}, "properties": {"code": "STR-KITA52325-01", "type": "Concrete Box Culvert (Twin Cell)", "span": 4.5, "condition": "Good", "district": "Kitagwenda"}}, {"type": "Feature", "geometry": {"type": "Point", "coordinates": [30.33099, 0.15173]}, "properties": {"code": "STR-KITA52360-01", "type": "Concrete Box Culvert (Single Cell)", "span": 4.5, "condition": "Good", "district": "Kitagwenda"}}, {"type": "Feature", "geometry": {"type": "Point", "coordinates": [30.33412, 0.13814]}, "properties": {"code": "STR-KITA52395-01", "type": "Steel Composite Bridge / Drift", "span": 18.0, "condition": "Poor", "district": "Kitagwenda"}}, {"type": "Feature", "geometry": {"type": "Point", "coordinates": [30.32673, 0.15525]}, "properties": {"code": "STR-KITA52430-01", "type": "Reinforced Concrete Bridge", "span": 24.5, "condition": "Good", "district": "Kitagwenda"}}, {"type": "Feature", "geometry": {"type": "Point", "coordinates": [29.59202, -1.13744]}, "properties": {"code": "STR-KISO52465-01", "type": "Concrete Box Culvert (Twin Cell)", "span": 4.5, "condition": "Poor", "district": "Kisoro"}}, {"type": "Feature", "geometry": {"type": "Point", "coordinates": [29.59771, -1.08945]}, "properties": {"code": "STR-KISO52500-01", "type": "Concrete Box Culvert (Single Cell)", "span": 4.5, "condition": "Good", "district": "Kisoro"}}, {"type": "Feature", "geometry": {"type": "Point", "coordinates": [29.63054, -0.72576]}, "properties": {"code": "STR-KANU52535-01", "type": "Steel Composite Bridge / Drift", "span": 18.0, "condition": "Good", "district": "Kanungu"}}, {"type": "Feature", "geometry": {"type": "Point", "coordinates": [29.6414, -0.7477]}, "properties": {"code": "STR-KANU52570-01", "type": "Reinforced Concrete Bridge", "span": 24.5, "condition": "Good", "district": "Kanungu"}}, {"type": "Feature", "geometry": {"type": "Point", "coordinates": [29.66362, -0.74012]}, "properties": {"code": "STR-KANU52605-01", "type": "Concrete Box Culvert (Twin Cell)", "span": 4.5, "condition": "Good", "district": "Kanungu"}}, {"type": "Feature", "geometry": {"type": "Point", "coordinates": [29.65218, -0.73035]}, "properties": {"code": "STR-KANU52640-01", "type": "Concrete Box Culvert (Single Cell)", "span": 4.5, "condition": "Good", "district": "Kanungu"}}, {"type": "Feature", "geometry": {"type": "Point", "coordinates": [29.76321, -0.08975]}, "properties": {"code": "STR-KASE52675-01", "type": "Steel Composite Bridge / Drift", "span": 18.0, "condition": "Fair", "district": "Kasese"}}, {"type": "Feature", "geometry": {"type": "Point", "coordinates": [29.82987, -0.09408]}, "properties": {"code": "STR-KASE52710-01", "type": "Reinforced Concrete Bridge", "span": 24.5, "condition": "Fair", "district": "Kasese"}}, {"type": "Feature", "geometry": {"type": "Point", "coordinates": [29.89967, -0.18894]}, "properties": {"code": "STR-RUBI52745-01", "type": "Concrete Box Culvert (Twin Cell)", "span": 4.5, "condition": "Fair", "district": "Rubirizi"}}, {"type": "Feature", "geometry": {"type": "Point", "coordinates": [29.90055, -0.18701]}, "properties": {"code": "STR-RUBI52780-01", "type": "Concrete Box Culvert (Single Cell)", "span": 4.5, "condition": "Fair", "district": "Rubirizi"}}, {"type": "Feature", "geometry": {"type": "Point", "coordinates": [30.01237, -0.07445]}, "properties": {"code": "STR-KASE52815-01", "type": "Steel Composite Bridge / Drift", "span": 18.0, "condition": "Poor", "district": "Kasese"}}, {"type": "Feature", "geometry": {"type": "Point", "coordinates": [29.89075, -0.14113]}, "properties": {"code": "STR-KASE52850-01", "type": "Reinforced Concrete Bridge", "span": 24.5, "condition": "Poor", "district": "Kasese"}}, {"type": "Feature", "geometry": {"type": "Point", "coordinates": [29.8824, -0.14275]}, "properties": {"code": "STR-KASE52885-01", "type": "Concrete Box Culvert (Twin Cell)", "span": 4.5, "condition": "Poor", "district": "Kasese"}}, {"type": "Feature", "geometry": {"type": "Point", "coordinates": [29.85648, -0.13287]}, "properties": {"code": "STR-KASE52920-01", "type": "Concrete Box Culvert (Single Cell)", "span": 4.5, "condition": "Fair", "district": "Kasese"}}, {"type": "Feature", "geometry": {"type": "Point", "coordinates": [29.88053, -0.0163]}, "properties": {"code": "STR-KASE52955-01", "type": "Steel Composite Bridge / Drift", "span": 18.0, "condition": "Good", "district": "Kasese"}}, {"type": "Feature", "geometry": {"type": "Point", "coordinates": [29.85572, 0.00527]}, "properties": {"code": "STR-KASE52990-01", "type": "Reinforced Concrete Bridge", "span": 24.5, "condition": "Good", "district": "Kasese"}}, {"type": "Feature", "geometry": {"type": "Point", "coordinates": [29.88935, 0.03458]}, "properties": {"code": "STR-KASE53025-01", "type": "Concrete Box Culvert (Twin Cell)", "span": 4.5, "condition": "Good", "district": "Kasese"}}, {"type": "Feature", "geometry": {"type": "Point", "coordinates": [29.89889, 0.00908]}, "properties": {"code": "STR-KASE53060-01", "type": "Concrete Box Culvert (Single Cell)", "span": 4.5, "condition": "Good", "district": "Kasese"}}, {"type": "Feature", "geometry": {"type": "Point", "coordinates": [29.92216, 0.03079]}, "properties": {"code": "STR-KASE53095-01", "type": "Steel Composite Bridge / Drift", "span": 18.0, "condition": "Good", "district": "Kasese"}}, {"type": "Feature", "geometry": {"type": "Point", "coordinates": [29.91762, 0.00264]}, "properties": {"code": "STR-KASE53130-01", "type": "Reinforced Concrete Bridge", "span": 24.5, "condition": "Good", "district": "Kasese"}}, {"type": "Feature", "geometry": {"type": "Point", "coordinates": [29.99887, 0.0008]}, "properties": {"code": "STR-KASE53165-01", "type": "Concrete Box Culvert (Twin Cell)", "span": 4.5, "condition": "Good", "district": "Kasese"}}, {"type": "Feature", "geometry": {"type": "Point", "coordinates": [30.00895, 0.02338]}, "properties": {"code": "STR-KASE53200-01", "type": "Concrete Box Culvert (Single Cell)", "span": 4.5, "condition": "Good", "district": "Kasese"}}, {"type": "Feature", "geometry": {"type": "Point", "coordinates": [29.9546, 0.01955]}, "properties": {"code": "STR-KASE53235-01", "type": "Steel Composite Bridge / Drift", "span": 18.0, "condition": "Good", "district": "Kasese"}}, {"type": "Feature", "geometry": {"type": "Point", "coordinates": [29.93462, 0.02077]}, "properties": {"code": "STR-KASE53270-01", "type": "Reinforced Concrete Bridge", "span": 24.5, "condition": "Good", "district": "Kasese"}}, {"type": "Feature", "geometry": {"type": "Point", "coordinates": [29.9522, 0.06869]}, "properties": {"code": "STR-KASE53305-01", "type": "Concrete Box Culvert (Twin Cell)", "span": 4.5, "condition": "Good", "district": "Kasese"}}, {"type": "Feature", "geometry": {"type": "Point", "coordinates": [29.94256, 0.0906]}, "properties": {"code": "STR-KASE53340-01", "type": "Concrete Box Culvert (Single Cell)", "span": 4.5, "condition": "Good", "district": "Kasese"}}, {"type": "Feature", "geometry": {"type": "Point", "coordinates": [29.94631, 0.09306]}, "properties": {"code": "STR-KASE53375-01", "type": "Steel Composite Bridge / Drift", "span": 18.0, "condition": "Good", "district": "Kasese"}}, {"type": "Feature", "geometry": {"type": "Point", "coordinates": [29.96328, 0.08494]}, "properties": {"code": "STR-KASE53410-01", "type": "Reinforced Concrete Bridge", "span": 24.5, "condition": "Good", "district": "Kasese"}}, {"type": "Feature", "geometry": {"type": "Point", "coordinates": [29.96868, 0.08213]}, "properties": {"code": "STR-KASE53445-01", "type": "Concrete Box Culvert (Twin Cell)", "span": 4.5, "condition": "Good", "district": "Kasese"}}, {"type": "Feature", "geometry": {"type": "Point", "coordinates": [29.96765, 0.06653]}, "properties": {"code": "STR-KASE53480-01", "type": "Concrete Box Culvert (Single Cell)", "span": 4.5, "condition": "Good", "district": "Kasese"}}, {"type": "Feature", "geometry": {"type": "Point", "coordinates": [29.97064, 0.05841]}, "properties": {"code": "STR-KASE53515-01", "type": "Steel Composite Bridge / Drift", "span": 18.0, "condition": "Good", "district": "Kasese"}}, {"type": "Feature", "geometry": {"type": "Point", "coordinates": [29.98892, 0.0733]}, "properties": {"code": "STR-KASE53550-01", "type": "Reinforced Concrete Bridge", "span": 24.5, "condition": "Good", "district": "Kasese"}}, {"type": "Feature", "geometry": {"type": "Point", "coordinates": [29.99667, 0.10853]}, "properties": {"code": "STR-KASE53585-01", "type": "Concrete Box Culvert (Twin Cell)", "span": 4.5, "condition": "Good", "district": "Kasese"}}, {"type": "Feature", "geometry": {"type": "Point", "coordinates": [29.99025, 0.08882]}, "properties": {"code": "STR-KASE53620-01", "type": "Concrete Box Culvert (Single Cell)", "span": 4.5, "condition": "Good", "district": "Kasese"}}, {"type": "Feature", "geometry": {"type": "Point", "coordinates": [29.98012, 0.09029]}, "properties": {"code": "STR-KASE53655-01", "type": "Steel Composite Bridge / Drift", "span": 18.0, "condition": "Good", "district": "Kasese"}}, {"type": "Feature", "geometry": {"type": "Point", "coordinates": [29.98938, 0.13051]}, "properties": {"code": "STR-KASE53690-01", "type": "Reinforced Concrete Bridge", "span": 24.5, "condition": "Good", "district": "Kasese"}}, {"type": "Feature", "geometry": {"type": "Point", "coordinates": [30.0012, 0.13467]}, "properties": {"code": "STR-KASE53725-01", "type": "Concrete Box Culvert (Twin Cell)", "span": 4.5, "condition": "Poor", "district": "Kasese"}}, {"type": "Feature", "geometry": {"type": "Point", "coordinates": [30.01382, 0.12879]}, "properties": {"code": "STR-KASE53760-01", "type": "Concrete Box Culvert (Single Cell)", "span": 4.5, "condition": "Poor", "district": "Kasese"}}, {"type": "Feature", "geometry": {"type": "Point", "coordinates": [30.00693, 0.12375]}, "properties": {"code": "STR-KASE53795-01", "type": "Steel Composite Bridge / Drift", "span": 18.0, "condition": "Poor", "district": "Kasese"}}, {"type": "Feature", "geometry": {"type": "Point", "coordinates": [30.00331, 0.1325]}, "properties": {"code": "STR-KASE53830-01", "type": "Reinforced Concrete Bridge", "span": 24.5, "condition": "Poor", "district": "Kasese"}}, {"type": "Feature", "geometry": {"type": "Point", "coordinates": [30.01237, 0.14391]}, "properties": {"code": "STR-KASE53865-01", "type": "Concrete Box Culvert (Twin Cell)", "span": 4.5, "condition": "Poor", "district": "Kasese"}}, {"type": "Feature", "geometry": {"type": "Point", "coordinates": [30.01644, 0.14381]}, "properties": {"code": "STR-KASE53900-01", "type": "Concrete Box Culvert (Single Cell)", "span": 4.5, "condition": "Poor", "district": "Kasese"}}, {"type": "Feature", "geometry": {"type": "Point", "coordinates": [29.99806, 0.15938]}, "properties": {"code": "STR-KASE53935-01", "type": "Steel Composite Bridge / Drift", "span": 18.0, "condition": "Good", "district": "Kasese"}}, {"type": "Feature", "geometry": {"type": "Point", "coordinates": [29.99683, 0.13574]}, "properties": {"code": "STR-KASE53970-01", "type": "Reinforced Concrete Bridge", "span": 24.5, "condition": "Poor", "district": "Kasese"}}, {"type": "Feature", "geometry": {"type": "Point", "coordinates": [29.98341, 0.13944]}, "properties": {"code": "STR-KASE54005-01", "type": "Concrete Box Culvert (Twin Cell)", "span": 4.5, "condition": "Good", "district": "Kasese"}}, {"type": "Feature", "geometry": {"type": "Point", "coordinates": [29.97627, 0.15003]}, "properties": {"code": "STR-KASE54040-01", "type": "Concrete Box Culvert (Single Cell)", "span": 4.5, "condition": "Good", "district": "Kasese"}}, {"type": "Feature", "geometry": {"type": "Point", "coordinates": [29.96542, 0.1524]}, "properties": {"code": "STR-KASE54075-01", "type": "Steel Composite Bridge / Drift", "span": 18.0, "condition": "Good", "district": "Kasese"}}, {"type": "Feature", "geometry": {"type": "Point", "coordinates": [29.97696, 0.1334]}, "properties": {"code": "STR-KASE54110-01", "type": "Reinforced Concrete Bridge", "span": 24.5, "condition": "Good", "district": "Kasese"}}, {"type": "Feature", "geometry": {"type": "Point", "coordinates": [29.96405, 0.12896]}, "properties": {"code": "STR-KASE54145-01", "type": "Concrete Box Culvert (Twin Cell)", "span": 4.5, "condition": "Good", "district": "Kasese"}}, {"type": "Feature", "geometry": {"type": "Point", "coordinates": [29.9499, 0.12866]}, "properties": {"code": "STR-KASE54180-01", "type": "Concrete Box Culvert (Single Cell)", "span": 4.5, "condition": "Good", "district": "Kasese"}}, {"type": "Feature", "geometry": {"type": "Point", "coordinates": [29.95109, 0.12318]}, "properties": {"code": "STR-KASE54215-01", "type": "Steel Composite Bridge / Drift", "span": 18.0, "condition": "Good", "district": "Kasese"}}, {"type": "Feature", "geometry": {"type": "Point", "coordinates": [29.95353, 0.11599]}, "properties": {"code": "STR-KASE54250-01", "type": "Reinforced Concrete Bridge", "span": 24.5, "condition": "Good", "district": "Kasese"}}, {"type": "Feature", "geometry": {"type": "Point", "coordinates": [29.94047, 0.13958]}, "properties": {"code": "STR-KASE54285-01", "type": "Concrete Box Culvert (Twin Cell)", "span": 4.5, "condition": "Good", "district": "Kasese"}}, {"type": "Feature", "geometry": {"type": "Point", "coordinates": [29.94629, 0.14237]}, "properties": {"code": "STR-KASE54320-01", "type": "Concrete Box Culvert (Single Cell)", "span": 4.5, "condition": "Good", "district": "Kasese"}}, {"type": "Feature", "geometry": {"type": "Point", "coordinates": [29.93553, 0.15014]}, "properties": {"code": "STR-KASE54355-01", "type": "Steel Composite Bridge / Drift", "span": 18.0, "condition": "Good", "district": "Kasese"}}, {"type": "Feature", "geometry": {"type": "Point", "coordinates": [29.90637, 0.12896]}, "properties": {"code": "STR-KASE54390-01", "type": "Reinforced Concrete Bridge", "span": 24.5, "condition": "Good", "district": "Kasese"}}, {"type": "Feature", "geometry": {"type": "Point", "coordinates": [29.91291, 0.12525]}, "properties": {"code": "STR-KASE54425-01", "type": "Concrete Box Culvert (Twin Cell)", "span": 4.5, "condition": "Good", "district": "Kasese"}}, {"type": "Feature", "geometry": {"type": "Point", "coordinates": [29.92416, 0.12294]}, "properties": {"code": "STR-KASE54460-01", "type": "Concrete Box Culvert (Single Cell)", "span": 4.5, "condition": "Good", "district": "Kasese"}}, {"type": "Feature", "geometry": {"type": "Point", "coordinates": [29.9293, 0.10143]}, "properties": {"code": "STR-KASE54495-01", "type": "Steel Composite Bridge / Drift", "span": 18.0, "condition": "Good", "district": "Kasese"}}, {"type": "Feature", "geometry": {"type": "Point", "coordinates": [32.49175, 1.16285]}, "properties": {"code": "STR-NAKA54530-01", "type": "Reinforced Concrete Bridge", "span": 24.5, "condition": "Good", "district": "Nakasongola"}}, {"type": "Feature", "geometry": {"type": "Point", "coordinates": [32.57303, 1.08536]}, "properties": {"code": "STR-NAKA54565-01", "type": "Concrete Box Culvert (Twin Cell)", "span": 4.5, "condition": "Fair", "district": "Nakasongola"}}, {"type": "Feature", "geometry": {"type": "Point", "coordinates": [32.62484, 1.13793]}, "properties": {"code": "STR-LUWE54600-01", "type": "Concrete Box Culvert (Single Cell)", "span": 4.5, "condition": "Fair", "district": "Luwero"}}, {"type": "Feature", "geometry": {"type": "Point", "coordinates": [32.62939, 1.13347]}, "properties": {"code": "STR-LUWE54635-01", "type": "Steel Composite Bridge / Drift", "span": 18.0, "condition": "Fair", "district": "Luwero"}}, {"type": "Feature", "geometry": {"type": "Point", "coordinates": [32.63195, 1.13363]}, "properties": {"code": "STR-LUWE54670-01", "type": "Reinforced Concrete Bridge", "span": 24.5, "condition": "Poor", "district": "Luwero"}}, {"type": "Feature", "geometry": {"type": "Point", "coordinates": [32.62034, 1.12809]}, "properties": {"code": "STR-LUWE54705-01", "type": "Concrete Box Culvert (Twin Cell)", "span": 4.5, "condition": "Poor", "district": "Luwero"}}, {"type": "Feature", "geometry": {"type": "Point", "coordinates": [32.61004, 1.08082]}, "properties": {"code": "STR-LUWE54740-01", "type": "Concrete Box Culvert (Single Cell)", "span": 4.5, "condition": "Poor", "district": "Luwero"}}, {"type": "Feature", "geometry": {"type": "Point", "coordinates": [32.64036, 1.08537]}, "properties": {"code": "STR-LUWE54775-01", "type": "Steel Composite Bridge / Drift", "span": 18.0, "condition": "Poor", "district": "Luwero"}}, {"type": "Feature", "geometry": {"type": "Point", "coordinates": [32.61576, 1.32137]}, "properties": {"code": "STR-NAKA54810-01", "type": "Reinforced Concrete Bridge", "span": 24.5, "condition": "Fair", "district": "Nakasongola"}}, {"type": "Feature", "geometry": {"type": "Point", "coordinates": [32.52109, 1.26036]}, "properties": {"code": "STR-NAKA54845-01", "type": "Concrete Box Culvert (Twin Cell)", "span": 4.5, "condition": "Good", "district": "Nakasongola"}}, {"type": "Feature", "geometry": {"type": "Point", "coordinates": [32.59638, 1.50023]}, "properties": {"code": "STR-AMOL54880-01", "type": "Concrete Box Culvert (Single Cell)", "span": 4.5, "condition": "Good", "district": "Amolatar"}}, {"type": "Feature", "geometry": {"type": "Point", "coordinates": [32.61619, 1.4922]}, "properties": {"code": "STR-AMOL54915-01", "type": "Steel Composite Bridge / Drift", "span": 18.0, "condition": "Good", "district": "Amolatar"}}, {"type": "Feature", "geometry": {"type": "Point", "coordinates": [32.69202, 1.51266]}, "properties": {"code": "STR-AMOL54950-01", "type": "Reinforced Concrete Bridge", "span": 24.5, "condition": "Poor", "district": "Amolatar"}}, {"type": "Feature", "geometry": {"type": "Point", "coordinates": [32.65209, 1.33216]}, "properties": {"code": "STR-NAKA54985-01", "type": "Concrete Box Culvert (Twin Cell)", "span": 4.5, "condition": "Good", "district": "Nakasongola"}}, {"type": "Feature", "geometry": {"type": "Point", "coordinates": [32.80197, 1.34151]}, "properties": {"code": "STR-KAYU55020-01", "type": "Concrete Box Culvert (Single Cell)", "span": 4.5, "condition": "Fair", "district": "Kayunga"}}, {"type": "Feature", "geometry": {"type": "Point", "coordinates": [34.22488, 2.98065]}, "properties": {"code": "STR-KOTI55055-01", "type": "Steel Composite Bridge / Drift", "span": 18.0, "condition": "Poor", "district": "Kotido"}}, {"type": "Feature", "geometry": {"type": "Point", "coordinates": [34.17144, 3.01594]}, "properties": {"code": "STR-KOTI55090-01", "type": "Reinforced Concrete Bridge", "span": 24.5, "condition": "Poor", "district": "Kotido"}}, {"type": "Feature", "geometry": {"type": "Point", "coordinates": [34.25116, 3.33255]}, "properties": {"code": "STR-KAAB55125-01", "type": "Concrete Box Culvert (Twin Cell)", "span": 4.5, "condition": "Fair", "district": "Kaabong"}}, {"type": "Feature", "geometry": {"type": "Point", "coordinates": [34.23735, 3.31798]}, "properties": {"code": "STR-KAAB55160-01", "type": "Concrete Box Culvert (Single Cell)", "span": 4.5, "condition": "Poor", "district": "Kaabong"}}, {"type": "Feature", "geometry": {"type": "Point", "coordinates": [34.09779, 3.31345]}, "properties": {"code": "STR-KAAB55195-01", "type": "Steel Composite Bridge / Drift", "span": 18.0, "condition": "Poor", "district": "Kaabong"}}, {"type": "Feature", "geometry": {"type": "Point", "coordinates": [34.09005, 3.21706]}, "properties": {"code": "STR-KOTI55230-01", "type": "Reinforced Concrete Bridge", "span": 24.5, "condition": "Poor", "district": "Kotido"}}, {"type": "Feature", "geometry": {"type": "Point", "coordinates": [34.08875, 3.22243]}, "properties": {"code": "STR-KOTI55265-01", "type": "Concrete Box Culvert (Twin Cell)", "span": 4.5, "condition": "Poor", "district": "Kotido"}}, {"type": "Feature", "geometry": {"type": "Point", "coordinates": [33.94685, 3.30362]}, "properties": {"code": "STR-KAAB55300-01", "type": "Concrete Box Culvert (Single Cell)", "span": 4.5, "condition": "Poor", "district": "Kaabong"}}, {"type": "Feature", "geometry": {"type": "Point", "coordinates": [33.90405, 3.31648]}, "properties": {"code": "STR-KAAB55335-01", "type": "Steel Composite Bridge / Drift", "span": 18.0, "condition": "Poor", "district": "Kaabong"}}, {"type": "Feature", "geometry": {"type": "Point", "coordinates": [33.9288, 3.31025]}, "properties": {"code": "STR-KAAB55370-01", "type": "Reinforced Concrete Bridge", "span": 24.5, "condition": "Poor", "district": "Kaabong"}}, {"type": "Feature", "geometry": {"type": "Point", "coordinates": [33.88328, 3.30937]}, "properties": {"code": "STR-KOTI55405-01", "type": "Concrete Box Culvert (Twin Cell)", "span": 4.5, "condition": "Poor", "district": "Kotido"}}, {"type": "Feature", "geometry": {"type": "Point", "coordinates": [33.82985, 3.23623]}, "properties": {"code": "STR-KOTI55440-01", "type": "Concrete Box Culvert (Single Cell)", "span": 4.5, "condition": "Poor", "district": "Kotido"}}, {"type": "Feature", "geometry": {"type": "Point", "coordinates": [33.81373, 3.20422]}, "properties": {"code": "STR-KOTI55475-01", "type": "Steel Composite Bridge / Drift", "span": 18.0, "condition": "Poor", "district": "Kotido"}}, {"type": "Feature", "geometry": {"type": "Point", "coordinates": [33.83892, 3.13589]}, "properties": {"code": "STR-KOTI55510-01", "type": "Reinforced Concrete Bridge", "span": 24.5, "condition": "Poor", "district": "Kotido"}}, {"type": "Feature", "geometry": {"type": "Point", "coordinates": [33.8771, 3.1316]}, "properties": {"code": "STR-KOTI55545-01", "type": "Concrete Box Culvert (Twin Cell)", "span": 4.5, "condition": "Poor", "district": "Kotido"}}, {"type": "Feature", "geometry": {"type": "Point", "coordinates": [33.93774, 3.13958]}, "properties": {"code": "STR-KOTI55580-01", "type": "Concrete Box Culvert (Single Cell)", "span": 4.5, "condition": "Poor", "district": "Kotido"}}, {"type": "Feature", "geometry": {"type": "Point", "coordinates": [33.92333, 3.16782]}, "properties": {"code": "STR-KOTI55615-01", "type": "Steel Composite Bridge / Drift", "span": 18.0, "condition": "Poor", "district": "Kotido"}}, {"type": "Feature", "geometry": {"type": "Point", "coordinates": [33.92384, 3.18403]}, "properties": {"code": "STR-KOTI55650-01", "type": "Reinforced Concrete Bridge", "span": 24.5, "condition": "Poor", "district": "Kotido"}}, {"type": "Feature", "geometry": {"type": "Point", "coordinates": [33.92527, 3.17958]}, "properties": {"code": "STR-KOTI55685-01", "type": "Concrete Box Culvert (Twin Cell)", "span": 4.5, "condition": "Poor", "district": "Kotido"}}, {"type": "Feature", "geometry": {"type": "Point", "coordinates": [33.94352, 3.12998]}, "properties": {"code": "STR-KOTI55720-01", "type": "Concrete Box Culvert (Single Cell)", "span": 4.5, "condition": "Poor", "district": "Kotido"}}, {"type": "Feature", "geometry": {"type": "Point", "coordinates": [33.97354, 3.09518]}, "properties": {"code": "STR-KOTI55755-01", "type": "Steel Composite Bridge / Drift", "span": 18.0, "condition": "Poor", "district": "Kotido"}}, {"type": "Feature", "geometry": {"type": "Point", "coordinates": [33.94771, 3.11304]}, "properties": {"code": "STR-KOTI55790-01", "type": "Reinforced Concrete Bridge", "span": 24.5, "condition": "Poor", "district": "Kotido"}}, {"type": "Feature", "geometry": {"type": "Point", "coordinates": [33.90209, 3.08518]}, "properties": {"code": "STR-KOTI55825-01", "type": "Concrete Box Culvert (Twin Cell)", "span": 4.5, "condition": "Poor", "district": "Kotido"}}, {"type": "Feature", "geometry": {"type": "Point", "coordinates": [33.97759, 3.05649]}, "properties": {"code": "STR-KOTI55860-01", "type": "Concrete Box Culvert (Single Cell)", "span": 4.5, "condition": "Poor", "district": "Kotido"}}, {"type": "Feature", "geometry": {"type": "Point", "coordinates": [33.9838, 3.01805]}, "properties": {"code": "STR-KOTI55895-01", "type": "Steel Composite Bridge / Drift", "span": 18.0, "condition": "Poor", "district": "Kotido"}}, {"type": "Feature", "geometry": {"type": "Point", "coordinates": [33.9677, 2.91066]}, "properties": {"code": "STR-KOTI55930-01", "type": "Reinforced Concrete Bridge", "span": 24.5, "condition": "Poor", "district": "Kotido"}}, {"type": "Feature", "geometry": {"type": "Point", "coordinates": [33.88869, 2.99779]}, "properties": {"code": "STR-KOTI55965-01", "type": "Concrete Box Culvert (Twin Cell)", "span": 4.5, "condition": "Fair", "district": "Kotido"}}, {"type": "Feature", "geometry": {"type": "Point", "coordinates": [33.88516, 2.94367]}, "properties": {"code": "STR-KOTI56000-01", "type": "Concrete Box Culvert (Single Cell)", "span": 4.5, "condition": "Poor", "district": "Kotido"}}, {"type": "Feature", "geometry": {"type": "Point", "coordinates": [33.824, 3.01986]}, "properties": {"code": "STR-KOTI56035-01", "type": "Steel Composite Bridge / Drift", "span": 18.0, "condition": "Poor", "district": "Kotido"}}, {"type": "Feature", "geometry": {"type": "Point", "coordinates": [33.89038, 3.1204]}, "properties": {"code": "STR-KOTI56070-01", "type": "Reinforced Concrete Bridge", "span": 24.5, "condition": "Poor", "district": "Kotido"}}, {"type": "Feature", "geometry": {"type": "Point", "coordinates": [33.78291, 3.18475]}, "properties": {"code": "STR-KOTI56105-01", "type": "Concrete Box Culvert (Twin Cell)", "span": 4.5, "condition": "Poor", "district": "Kotido"}}, {"type": "Feature", "geometry": {"type": "Point", "coordinates": [33.67271, 3.45199]}, "properties": {"code": "STR-KITG56140-01", "type": "Concrete Box Culvert (Single Cell)", "span": 4.5, "condition": "Poor", "district": "Kitgum"}}, {"type": "Feature", "geometry": {"type": "Point", "coordinates": [33.65086, 3.45048]}, "properties": {"code": "STR-KITG56175-01", "type": "Steel Composite Bridge / Drift", "span": 18.0, "condition": "Poor", "district": "Kitgum"}}, {"type": "Feature", "geometry": {"type": "Point", "coordinates": [33.6483, 3.45576]}, "properties": {"code": "STR-KITG56210-01", "type": "Reinforced Concrete Bridge", "span": 24.5, "condition": "Poor", "district": "Kitgum"}}, {"type": "Feature", "geometry": {"type": "Point", "coordinates": [33.65863, 3.50282]}, "properties": {"code": "STR-KARE56245-01", "type": "Concrete Box Culvert (Twin Cell)", "span": 4.5, "condition": "Fair", "district": "Karenga"}}, {"type": "Feature", "geometry": {"type": "Point", "coordinates": [33.66233, 3.51855]}, "properties": {"code": "STR-KARE56280-01", "type": "Concrete Box Culvert (Single Cell)", "span": 4.5, "condition": "Fair", "district": "Karenga"}}, {"type": "Feature", "geometry": {"type": "Point", "coordinates": [33.64562, 3.51259]}, "properties": {"code": "STR-KARE56315-01", "type": "Steel Composite Bridge / Drift", "span": 18.0, "condition": "Fair", "district": "Karenga"}}, {"type": "Feature", "geometry": {"type": "Point", "coordinates": [33.6629, 3.52461]}, "properties": {"code": "STR-KARE56350-01", "type": "Reinforced Concrete Bridge", "span": 24.5, "condition": "Fair", "district": "Karenga"}}, {"type": "Feature", "geometry": {"type": "Point", "coordinates": [33.70255, 3.56283]}, "properties": {"code": "STR-KARE56385-01", "type": "Concrete Box Culvert (Twin Cell)", "span": 4.5, "condition": "Fair", "district": "Karenga"}}, {"type": "Feature", "geometry": {"type": "Point", "coordinates": [33.70963, 3.53218]}, "properties": {"code": "STR-KARE56420-01", "type": "Concrete Box Culvert (Single Cell)", "span": 4.5, "condition": "Fair", "district": "Karenga"}}, {"type": "Feature", "geometry": {"type": "Point", "coordinates": [33.6786, 3.49459]}, "properties": {"code": "STR-KARE56455-01", "type": "Steel Composite Bridge / Drift", "span": 18.0, "condition": "Fair", "district": "Karenga"}}, {"type": "Feature", "geometry": {"type": "Point", "coordinates": [33.68608, 3.48305]}, "properties": {"code": "STR-KARE56490-01", "type": "Reinforced Concrete Bridge", "span": 24.5, "condition": "Fair", "district": "Karenga"}}, {"type": "Feature", "geometry": {"type": "Point", "coordinates": [33.67614, 3.47416]}, "properties": {"code": "STR-KARE56525-01", "type": "Concrete Box Culvert (Twin Cell)", "span": 4.5, "condition": "Fair", "district": "Karenga"}}, {"type": "Feature", "geometry": {"type": "Point", "coordinates": [32.5761, 0.40869]}, "properties": {"code": "STR-WAKI56560-01", "type": "Concrete Box Culvert (Single Cell)", "span": 4.5, "condition": "Fair", "district": "Wakiso"}}, {"type": "Feature", "geometry": {"type": "Point", "coordinates": [32.57141, 0.41306]}, "properties": {"code": "STR-WAKI56595-01", "type": "Steel Composite Bridge / Drift", "span": 18.0, "condition": "Fair", "district": "Wakiso"}}, {"type": "Feature", "geometry": {"type": "Point", "coordinates": [32.57111, 0.43177]}, "properties": {"code": "STR-WAKI56630-01", "type": "Reinforced Concrete Bridge", "span": 24.5, "condition": "Fair", "district": "Wakiso"}}, {"type": "Feature", "geometry": {"type": "Point", "coordinates": [32.57588, 0.42095]}, "properties": {"code": "STR-WAKI56665-01", "type": "Concrete Box Culvert (Twin Cell)", "span": 4.5, "condition": "Fair", "district": "Wakiso"}}, {"type": "Feature", "geometry": {"type": "Point", "coordinates": [32.58555, 0.42442]}, "properties": {"code": "STR-WAKI56700-01", "type": "Concrete Box Culvert (Single Cell)", "span": 4.5, "condition": "Fair", "district": "Wakiso"}}, {"type": "Feature", "geometry": {"type": "Point", "coordinates": [31.73937, -0.36366]}, "properties": {"code": "STR-MASA56735-01", "type": "Steel Composite Bridge / Drift", "span": 18.0, "condition": "Poor", "district": "Masaka"}}, {"type": "Feature", "geometry": {"type": "Point", "coordinates": [31.74761, -0.37644]}, "properties": {"code": "STR-MASA56770-01", "type": "Reinforced Concrete Bridge", "span": 24.5, "condition": "Fair", "district": "Masaka"}}, {"type": "Feature", "geometry": {"type": "Point", "coordinates": [31.74732, -0.35643]}, "properties": {"code": "STR-MASA56805-01", "type": "Concrete Box Culvert (Twin Cell)", "span": 4.5, "condition": "Fair", "district": "Masaka"}}, {"type": "Feature", "geometry": {"type": "Point", "coordinates": [31.74674, -0.35567]}, "properties": {"code": "STR-MASA56840-01", "type": "Concrete Box Culvert (Single Cell)", "span": 4.5, "condition": "Fair", "district": "Masaka"}}, {"type": "Feature", "geometry": {"type": "Point", "coordinates": [31.74594, -0.35645]}, "properties": {"code": "STR-MASA56875-01", "type": "Steel Composite Bridge / Drift", "span": 18.0, "condition": "Fair", "district": "Masaka"}}, {"type": "Feature", "geometry": {"type": "Point", "coordinates": [31.73902, -0.35025]}, "properties": {"code": "STR-MASA56910-01", "type": "Reinforced Concrete Bridge", "span": 24.5, "condition": "Poor", "district": "Masaka"}}, {"type": "Feature", "geometry": {"type": "Point", "coordinates": [31.73776, -0.34387]}, "properties": {"code": "STR-MASA56945-01", "type": "Concrete Box Culvert (Twin Cell)", "span": 4.5, "condition": "Poor", "district": "Masaka"}}, {"type": "Feature", "geometry": {"type": "Point", "coordinates": [31.74117, -0.34705]}, "properties": {"code": "STR-MASA56980-01", "type": "Concrete Box Culvert (Single Cell)", "span": 4.5, "condition": "Fair", "district": "Masaka"}}, {"type": "Feature", "geometry": {"type": "Point", "coordinates": [31.74795, -0.33852]}, "properties": {"code": "STR-MASA57015-01", "type": "Steel Composite Bridge / Drift", "span": 18.0, "condition": "Fair", "district": "Masaka"}}, {"type": "Feature", "geometry": {"type": "Point", "coordinates": [31.7389, -0.33851]}, "properties": {"code": "STR-MASA57050-01", "type": "Reinforced Concrete Bridge", "span": 24.5, "condition": "Poor", "district": "Masaka"}}, {"type": "Feature", "geometry": {"type": "Point", "coordinates": [31.73787, -0.32598]}, "properties": {"code": "STR-MASA57085-01", "type": "Concrete Box Culvert (Twin Cell)", "span": 4.5, "condition": "Fair", "district": "Masaka"}}, {"type": "Feature", "geometry": {"type": "Point", "coordinates": [31.74096, -0.32568]}, "properties": {"code": "STR-MASA57120-01", "type": "Concrete Box Culvert (Single Cell)", "span": 4.5, "condition": "Fair", "district": "Masaka"}}, {"type": "Feature", "geometry": {"type": "Point", "coordinates": [31.74257, -0.32837]}, "properties": {"code": "STR-MASA57155-01", "type": "Steel Composite Bridge / Drift", "span": 18.0, "condition": "Fair", "district": "Masaka"}}, {"type": "Feature", "geometry": {"type": "Point", "coordinates": [31.75552, -0.32084]}, "properties": {"code": "STR-MASA57190-01", "type": "Reinforced Concrete Bridge", "span": 24.5, "condition": "Fair", "district": "Masaka"}}, {"type": "Feature", "geometry": {"type": "Point", "coordinates": [31.75285, -0.33839]}, "properties": {"code": "STR-MASA57225-01", "type": "Concrete Box Culvert (Twin Cell)", "span": 4.5, "condition": "Fair", "district": "Masaka"}}, {"type": "Feature", "geometry": {"type": "Point", "coordinates": [31.75377, -0.34255]}, "properties": {"code": "STR-MASA57260-01", "type": "Concrete Box Culvert (Single Cell)", "span": 4.5, "condition": "Poor", "district": "Masaka"}}, {"type": "Feature", "geometry": {"type": "Point", "coordinates": [31.76202, -0.34062]}, "properties": {"code": "STR-MASA57295-01", "type": "Steel Composite Bridge / Drift", "span": 18.0, "condition": "Fair", "district": "Masaka"}}, {"type": "Feature", "geometry": {"type": "Point", "coordinates": [31.76853, -0.34118]}, "properties": {"code": "STR-MASA57330-01", "type": "Reinforced Concrete Bridge", "span": 24.5, "condition": "Fair", "district": "Masaka"}}, {"type": "Feature", "geometry": {"type": "Point", "coordinates": [31.77018, -0.32661]}, "properties": {"code": "STR-MASA57365-01", "type": "Concrete Box Culvert (Twin Cell)", "span": 4.5, "condition": "Poor", "district": "Masaka"}}, {"type": "Feature", "geometry": {"type": "Point", "coordinates": [31.76894, -0.32689]}, "properties": {"code": "STR-MASA57400-01", "type": "Concrete Box Culvert (Single Cell)", "span": 4.5, "condition": "Poor", "district": "Masaka"}}, {"type": "Feature", "geometry": {"type": "Point", "coordinates": [31.76201, -0.33482]}, "properties": {"code": "STR-MASA57435-01", "type": "Steel Composite Bridge / Drift", "span": 18.0, "condition": "Fair", "district": "Masaka"}}, {"type": "Feature", "geometry": {"type": "Point", "coordinates": [31.75898, -0.32294]}, "properties": {"code": "STR-MASA57470-01", "type": "Reinforced Concrete Bridge", "span": 24.5, "condition": "Fair", "district": "Masaka"}}, {"type": "Feature", "geometry": {"type": "Point", "coordinates": [31.75856, -0.31479]}, "properties": {"code": "STR-MASA57505-01", "type": "Concrete Box Culvert (Twin Cell)", "span": 4.5, "condition": "Fair", "district": "Masaka"}}, {"type": "Feature", "geometry": {"type": "Point", "coordinates": [31.76439, -0.30788]}, "properties": {"code": "STR-MASA57540-01", "type": "Concrete Box Culvert (Single Cell)", "span": 4.5, "condition": "Good", "district": "Masaka"}}, {"type": "Feature", "geometry": {"type": "Point", "coordinates": [31.76523, -0.3169]}, "properties": {"code": "STR-MASA57575-01", "type": "Steel Composite Bridge / Drift", "span": 18.0, "condition": "Fair", "district": "Masaka"}}, {"type": "Feature", "geometry": {"type": "Point", "coordinates": [31.77042, -0.31557]}, "properties": {"code": "STR-MASA57610-01", "type": "Reinforced Concrete Bridge", "span": 24.5, "condition": "Fair", "district": "Masaka"}}, {"type": "Feature", "geometry": {"type": "Point", "coordinates": [31.77425, -0.31151]}, "properties": {"code": "STR-MASA57645-01", "type": "Concrete Box Culvert (Twin Cell)", "span": 4.5, "condition": "Fair", "district": "Masaka"}}, {"type": "Feature", "geometry": {"type": "Point", "coordinates": [31.7756, -0.3094]}, "properties": {"code": "STR-MASA57680-01", "type": "Concrete Box Culvert (Single Cell)", "span": 4.5, "condition": "Poor", "district": "Masaka"}}, {"type": "Feature", "geometry": {"type": "Point", "coordinates": [31.77029, -0.30651]}, "properties": {"code": "STR-MASA57715-01", "type": "Steel Composite Bridge / Drift", "span": 18.0, "condition": "Fair", "district": "Masaka"}}, {"type": "Feature", "geometry": {"type": "Point", "coordinates": [31.77792, -0.30203]}, "properties": {"code": "STR-MASA57750-01", "type": "Reinforced Concrete Bridge", "span": 24.5, "condition": "Fair", "district": "Masaka"}}, {"type": "Feature", "geometry": {"type": "Point", "coordinates": [31.77045, -0.29432]}, "properties": {"code": "STR-MASA57785-01", "type": "Concrete Box Culvert (Twin Cell)", "span": 4.5, "condition": "Fair", "district": "Masaka"}}, {"type": "Feature", "geometry": {"type": "Point", "coordinates": [31.763, -0.30127]}, "properties": {"code": "STR-MASA57820-01", "type": "Concrete Box Culvert (Single Cell)", "span": 4.5, "condition": "Poor", "district": "Masaka"}}, {"type": "Feature", "geometry": {"type": "Point", "coordinates": [31.76705, -0.2945]}, "properties": {"code": "STR-MASA57855-01", "type": "Steel Composite Bridge / Drift", "span": 18.0, "condition": "Fair", "district": "Masaka"}}, {"type": "Feature", "geometry": {"type": "Point", "coordinates": [31.75334, -0.30421]}, "properties": {"code": "STR-MASA57890-01", "type": "Reinforced Concrete Bridge", "span": 24.5, "condition": "Fair", "district": "Masaka"}}, {"type": "Feature", "geometry": {"type": "Point", "coordinates": [31.75025, -0.31146]}, "properties": {"code": "STR-MASA57925-01", "type": "Concrete Box Culvert (Twin Cell)", "span": 4.5, "condition": "Fair", "district": "Masaka"}}, {"type": "Feature", "geometry": {"type": "Point", "coordinates": [31.74082, -0.31458]}, "properties": {"code": "STR-MASA57960-01", "type": "Concrete Box Culvert (Single Cell)", "span": 4.5, "condition": "Fair", "district": "Masaka"}}, {"type": "Feature", "geometry": {"type": "Point", "coordinates": [31.74185, -0.30331]}, "properties": {"code": "STR-MASA57995-01", "type": "Steel Composite Bridge / Drift", "span": 18.0, "condition": "Fair", "district": "Masaka"}}, {"type": "Feature", "geometry": {"type": "Point", "coordinates": [31.73291, -0.30539]}, "properties": {"code": "STR-MASA58030-01", "type": "Reinforced Concrete Bridge", "span": 24.5, "condition": "Poor", "district": "Masaka"}}, {"type": "Feature", "geometry": {"type": "Point", "coordinates": [31.72788, -0.29292]}, "properties": {"code": "STR-MASA58065-01", "type": "Concrete Box Culvert (Twin Cell)", "span": 4.5, "condition": "Poor", "district": "Masaka"}}, {"type": "Feature", "geometry": {"type": "Point", "coordinates": [31.71825, -0.30272]}, "properties": {"code": "STR-MASA58100-01", "type": "Concrete Box Culvert (Single Cell)", "span": 4.5, "condition": "Poor", "district": "Masaka"}}, {"type": "Feature", "geometry": {"type": "Point", "coordinates": [31.72316, -0.31052]}, "properties": {"code": "STR-MASA58135-01", "type": "Steel Composite Bridge / Drift", "span": 18.0, "condition": "Fair", "district": "Masaka"}}, {"type": "Feature", "geometry": {"type": "Point", "coordinates": [31.72639, -0.30796]}, "properties": {"code": "STR-MASA58170-01", "type": "Reinforced Concrete Bridge", "span": 24.5, "condition": "Fair", "district": "Masaka"}}, {"type": "Feature", "geometry": {"type": "Point", "coordinates": [31.73519, -0.31367]}, "properties": {"code": "STR-MASA58205-01", "type": "Concrete Box Culvert (Twin Cell)", "span": 4.5, "condition": "Poor", "district": "Masaka"}}, {"type": "Feature", "geometry": {"type": "Point", "coordinates": [31.72433, -0.32396]}, "properties": {"code": "STR-MASA58240-01", "type": "Concrete Box Culvert (Single Cell)", "span": 4.5, "condition": "Fair", "district": "Masaka"}}, {"type": "Feature", "geometry": {"type": "Point", "coordinates": [31.73113, -0.32771]}, "properties": {"code": "STR-MASA58275-01", "type": "Steel Composite Bridge / Drift", "span": 18.0, "condition": "Fair", "district": "Masaka"}}, {"type": "Feature", "geometry": {"type": "Point", "coordinates": [31.73454, -0.34353]}, "properties": {"code": "STR-MASA58310-01", "type": "Reinforced Concrete Bridge", "span": 24.5, "condition": "Fair", "district": "Masaka"}}, {"type": "Feature", "geometry": {"type": "Point", "coordinates": [31.73435, -0.34299]}, "properties": {"code": "STR-MASA58345-01", "type": "Concrete Box Culvert (Twin Cell)", "span": 4.5, "condition": "Good", "district": "Masaka"}}, {"type": "Feature", "geometry": {"type": "Point", "coordinates": [32.81653, 0.50873]}, "properties": {"code": "STR-MUKO58380-01", "type": "Concrete Box Culvert (Single Cell)", "span": 4.5, "condition": "Fair", "district": "Mukono"}}, {"type": "Feature", "geometry": {"type": "Point", "coordinates": [32.80134, 0.49083]}, "properties": {"code": "STR-MUKO58415-01", "type": "Steel Composite Bridge / Drift", "span": 18.0, "condition": "Fair", "district": "Mukono"}}, {"type": "Feature", "geometry": {"type": "Point", "coordinates": [32.79715, 0.48137]}, "properties": {"code": "STR-MUKO58450-01", "type": "Reinforced Concrete Bridge", "span": 24.5, "condition": "Fair", "district": "Mukono"}}, {"type": "Feature", "geometry": {"type": "Point", "coordinates": [32.8215, 0.48486]}, "properties": {"code": "STR-MUKO58485-01", "type": "Concrete Box Culvert (Twin Cell)", "span": 4.5, "condition": "Fair", "district": "Mukono"}}, {"type": "Feature", "geometry": {"type": "Point", "coordinates": [32.79952, 0.44572]}, "properties": {"code": "STR-MUKO58520-01", "type": "Concrete Box Culvert (Single Cell)", "span": 4.5, "condition": "Poor", "district": "Mukono"}}, {"type": "Feature", "geometry": {"type": "Point", "coordinates": [32.79455, 0.47079]}, "properties": {"code": "STR-MUKO58555-01", "type": "Steel Composite Bridge / Drift", "span": 18.0, "condition": "Fair", "district": "Mukono"}}, {"type": "Feature", "geometry": {"type": "Point", "coordinates": [32.79157, 0.45369]}, "properties": {"code": "STR-MUKO58590-01", "type": "Reinforced Concrete Bridge", "span": 24.5, "condition": "Fair", "district": "Mukono"}}, {"type": "Feature", "geometry": {"type": "Point", "coordinates": [32.7817, 0.4503]}, "properties": {"code": "STR-MUKO58625-01", "type": "Concrete Box Culvert (Twin Cell)", "span": 4.5, "condition": "Fair", "district": "Mukono"}}, {"type": "Feature", "geometry": {"type": "Point", "coordinates": [32.77926, 0.47078]}, "properties": {"code": "STR-MUKO58660-01", "type": "Concrete Box Culvert (Single Cell)", "span": 4.5, "condition": "Fair", "district": "Mukono"}}, {"type": "Feature", "geometry": {"type": "Point", "coordinates": [32.79164, 0.48463]}, "properties": {"code": "STR-MUKO58695-01", "type": "Steel Composite Bridge / Drift", "span": 18.0, "condition": "Fair", "district": "Mukono"}}, {"type": "Feature", "geometry": {"type": "Point", "coordinates": [32.77574, 0.49143]}, "properties": {"code": "STR-MUKO58730-01", "type": "Reinforced Concrete Bridge", "span": 24.5, "condition": "Poor", "district": "Mukono"}}, {"type": "Feature", "geometry": {"type": "Point", "coordinates": [32.76478, 0.48133]}, "properties": {"code": "STR-MUKO58765-01", "type": "Concrete Box Culvert (Twin Cell)", "span": 4.5, "condition": "Fair", "district": "Mukono"}}, {"type": "Feature", "geometry": {"type": "Point", "coordinates": [32.75259, 0.4778]}, "properties": {"code": "STR-MUKO58800-01", "type": "Concrete Box Culvert (Single Cell)", "span": 4.5, "condition": "Poor", "district": "Mukono"}}, {"type": "Feature", "geometry": {"type": "Point", "coordinates": [32.75109, 0.49748]}, "properties": {"code": "STR-MUKO58835-01", "type": "Steel Composite Bridge / Drift", "span": 18.0, "condition": "Fair", "district": "Mukono"}}, {"type": "Feature", "geometry": {"type": "Point", "coordinates": [32.74857, 0.50164]}, "properties": {"code": "STR-MUKO58870-01", "type": "Reinforced Concrete Bridge", "span": 24.5, "condition": "Fair", "district": "Mukono"}}, {"type": "Feature", "geometry": {"type": "Point", "coordinates": [32.74293, 0.50125]}, "properties": {"code": "STR-MUKO58905-01", "type": "Concrete Box Culvert (Twin Cell)", "span": 4.5, "condition": "Fair", "district": "Mukono"}}, {"type": "Feature", "geometry": {"type": "Point", "coordinates": [32.72705, 0.50317]}, "properties": {"code": "STR-MUKO58940-01", "type": "Concrete Box Culvert (Single Cell)", "span": 4.5, "condition": "Fair", "district": "Mukono"}}, {"type": "Feature", "geometry": {"type": "Point", "coordinates": [32.73658, 0.48283]}, "properties": {"code": "STR-MUKO58975-01", "type": "Steel Composite Bridge / Drift", "span": 18.0, "condition": "Fair", "district": "Mukono"}}, {"type": "Feature", "geometry": {"type": "Point", "coordinates": [32.73328, 0.47241]}, "properties": {"code": "STR-MUKO59010-01", "type": "Reinforced Concrete Bridge", "span": 24.5, "condition": "Fair", "district": "Mukono"}}, {"type": "Feature", "geometry": {"type": "Point", "coordinates": [32.73683, 0.46135]}, "properties": {"code": "STR-MUKO59045-01", "type": "Concrete Box Culvert (Twin Cell)", "span": 4.5, "condition": "Fair", "district": "Mukono"}}, {"type": "Feature", "geometry": {"type": "Point", "coordinates": [32.74765, 0.45816]}, "properties": {"code": "STR-MUKO59080-01", "type": "Concrete Box Culvert (Single Cell)", "span": 4.5, "condition": "Fair", "district": "Mukono"}}, {"type": "Feature", "geometry": {"type": "Point", "coordinates": [32.75888, 0.45439]}, "properties": {"code": "STR-MUKO59115-01", "type": "Steel Composite Bridge / Drift", "span": 18.0, "condition": "Fair", "district": "Mukono"}}, {"type": "Feature", "geometry": {"type": "Point", "coordinates": [32.75052, 0.47653]}, "properties": {"code": "STR-MUKO59150-01", "type": "Reinforced Concrete Bridge", "span": 24.5, "condition": "Fair", "district": "Mukono"}}, {"type": "Feature", "geometry": {"type": "Point", "coordinates": [32.76967, 0.46676]}, "properties": {"code": "STR-MUKO59185-01", "type": "Concrete Box Culvert (Twin Cell)", "span": 4.5, "condition": "Fair", "district": "Mukono"}}, {"type": "Feature", "geometry": {"type": "Point", "coordinates": [32.76879, 0.44312]}, "properties": {"code": "STR-MUKO59220-01", "type": "Concrete Box Culvert (Single Cell)", "span": 4.5, "condition": "Fair", "district": "Mukono"}}, {"type": "Feature", "geometry": {"type": "Point", "coordinates": [32.24014, 0.19935]}, "properties": {"code": "STR-MPIG59255-01", "type": "Steel Composite Bridge / Drift", "span": 18.0, "condition": "Fair", "district": "Mpigi"}}, {"type": "Feature", "geometry": {"type": "Point", "coordinates": [32.27253, 0.19024]}, "properties": {"code": "STR-MPIG59290-01", "type": "Reinforced Concrete Bridge", "span": 24.5, "condition": "Fair", "district": "Mpigi"}}, {"type": "Feature", "geometry": {"type": "Point", "coordinates": [32.27666, 0.1622]}, "properties": {"code": "STR-MPIG59325-01", "type": "Concrete Box Culvert (Twin Cell)", "span": 4.5, "condition": "Fair", "district": "Mpigi"}}, {"type": "Feature", "geometry": {"type": "Point", "coordinates": [32.2818, 0.17846]}, "properties": {"code": "STR-MPIG59360-01", "type": "Concrete Box Culvert (Single Cell)", "span": 4.5, "condition": "Fair", "district": "Mpigi"}}, {"type": "Feature", "geometry": {"type": "Point", "coordinates": [32.30487, 0.16871]}, "properties": {"code": "STR-MPIG59395-01", "type": "Steel Composite Bridge / Drift", "span": 18.0, "condition": "Fair", "district": "Mpigi"}}, {"type": "Feature", "geometry": {"type": "Point", "coordinates": [32.31929, 0.18406]}, "properties": {"code": "STR-MPIG59430-01", "type": "Reinforced Concrete Bridge", "span": 24.5, "condition": "Fair", "district": "Mpigi"}}, {"type": "Feature", "geometry": {"type": "Point", "coordinates": [32.30422, 0.18877]}, "properties": {"code": "STR-MPIG59465-01", "type": "Concrete Box Culvert (Twin Cell)", "span": 4.5, "condition": "Fair", "district": "Mpigi"}}, {"type": "Feature", "geometry": {"type": "Point", "coordinates": [32.31335, 0.20597]}, "properties": {"code": "STR-MPIG59500-01", "type": "Concrete Box Culvert (Single Cell)", "span": 4.5, "condition": "Fair", "district": "Mpigi"}}, {"type": "Feature", "geometry": {"type": "Point", "coordinates": [32.30161, 0.2075]}, "properties": {"code": "STR-MPIG59535-01", "type": "Steel Composite Bridge / Drift", "span": 18.0, "condition": "Good", "district": "Mpigi"}}, {"type": "Feature", "geometry": {"type": "Point", "coordinates": [32.2955, 0.22068]}, "properties": {"code": "STR-MPIG59570-01", "type": "Reinforced Concrete Bridge", "span": 24.5, "condition": "Fair", "district": "Mpigi"}}, {"type": "Feature", "geometry": {"type": "Point", "coordinates": [32.29025, 0.25379]}, "properties": {"code": "STR-MPIG59605-01", "type": "Concrete Box Culvert (Twin Cell)", "span": 4.5, "condition": "Fair", "district": "Mpigi"}}, {"type": "Feature", "geometry": {"type": "Point", "coordinates": [32.30461, 0.26449]}, "properties": {"code": "STR-MPIG59640-01", "type": "Concrete Box Culvert (Single Cell)", "span": 4.5, "condition": "Fair", "district": "Mpigi"}}, {"type": "Feature", "geometry": {"type": "Point", "coordinates": [32.31079, 0.24755]}, "properties": {"code": "STR-MPIG59675-01", "type": "Steel Composite Bridge / Drift", "span": 18.0, "condition": "Fair", "district": "Mpigi"}}, {"type": "Feature", "geometry": {"type": "Point", "coordinates": [32.31283, 0.22645]}, "properties": {"code": "STR-MPIG59710-01", "type": "Reinforced Concrete Bridge", "span": 24.5, "condition": "Poor", "district": "Mpigi"}}, {"type": "Feature", "geometry": {"type": "Point", "coordinates": [32.31762, 0.22856]}, "properties": {"code": "STR-MPIG59745-01", "type": "Concrete Box Culvert (Twin Cell)", "span": 4.5, "condition": "Poor", "district": "Mpigi"}}, {"type": "Feature", "geometry": {"type": "Point", "coordinates": [32.32428, 0.22339]}, "properties": {"code": "STR-MPIG59780-01", "type": "Concrete Box Culvert (Single Cell)", "span": 4.5, "condition": "Fair", "district": "Mpigi"}}, {"type": "Feature", "geometry": {"type": "Point", "coordinates": [32.33964, 0.22887]}, "properties": {"code": "STR-MPIG59815-01", "type": "Steel Composite Bridge / Drift", "span": 18.0, "condition": "Fair", "district": "Mpigi"}}, {"type": "Feature", "geometry": {"type": "Point", "coordinates": [32.34057, 0.24415]}, "properties": {"code": "STR-MPIG59850-01", "type": "Reinforced Concrete Bridge", "span": 24.5, "condition": "Fair", "district": "Mpigi"}}, {"type": "Feature", "geometry": {"type": "Point", "coordinates": [32.32361, 0.2592]}, "properties": {"code": "STR-MPIG59885-01", "type": "Concrete Box Culvert (Twin Cell)", "span": 4.5, "condition": "Fair", "district": "Mpigi"}}, {"type": "Feature", "geometry": {"type": "Point", "coordinates": [32.34064, 0.26707]}, "properties": {"code": "STR-MPIG59920-01", "type": "Concrete Box Culvert (Single Cell)", "span": 4.5, "condition": "Poor", "district": "Mpigi"}}, {"type": "Feature", "geometry": {"type": "Point", "coordinates": [32.35797, 0.27077]}, "properties": {"code": "STR-MPIG59955-01", "type": "Steel Composite Bridge / Drift", "span": 18.0, "condition": "Fair", "district": "Mpigi"}}, {"type": "Feature", "geometry": {"type": "Point", "coordinates": [32.34943, 0.2377]}, "properties": {"code": "STR-MPIG59990-01", "type": "Reinforced Concrete Bridge", "span": 24.5, "condition": "Fair", "district": "Mpigi"}}, {"type": "Feature", "geometry": {"type": "Point", "coordinates": [32.35416, 0.23306]}, "properties": {"code": "STR-MPIG60025-01", "type": "Concrete Box Culvert (Twin Cell)", "span": 4.5, "condition": "Fair", "district": "Mpigi"}}, {"type": "Feature", "geometry": {"type": "Point", "coordinates": [32.35802, 0.21968]}, "properties": {"code": "STR-MPIG60060-01", "type": "Concrete Box Culvert (Single Cell)", "span": 4.5, "condition": "Fair", "district": "Mpigi"}}, {"type": "Feature", "geometry": {"type": "Point", "coordinates": [32.34373, 0.21025]}, "properties": {"code": "STR-MPIG60095-01", "type": "Steel Composite Bridge / Drift", "span": 18.0, "condition": "Fair", "district": "Mpigi"}}, {"type": "Feature", "geometry": {"type": "Point", "coordinates": [32.32395, 0.2194]}, "properties": {"code": "STR-MPIG60130-01", "type": "Reinforced Concrete Bridge", "span": 24.5, "condition": "Fair", "district": "Mpigi"}}, {"type": "Feature", "geometry": {"type": "Point", "coordinates": [32.3393, 0.17832]}, "properties": {"code": "STR-MPIG60165-01", "type": "Concrete Box Culvert (Twin Cell)", "span": 4.5, "condition": "Fair", "district": "Mpigi"}}, {"type": "Feature", "geometry": {"type": "Point", "coordinates": [32.33004, 0.16573]}, "properties": {"code": "STR-MPIG60200-01", "type": "Concrete Box Culvert (Single Cell)", "span": 4.5, "condition": "Fair", "district": "Mpigi"}}, {"type": "Feature", "geometry": {"type": "Point", "coordinates": [32.37964, 0.18159]}, "properties": {"code": "STR-WAKI60235-01", "type": "Steel Composite Bridge / Drift", "span": 18.0, "condition": "Fair", "district": "Wakiso"}}, {"type": "Feature", "geometry": {"type": "Point", "coordinates": [32.37432, 0.21732]}, "properties": {"code": "STR-MPIG60270-01", "type": "Reinforced Concrete Bridge", "span": 24.5, "condition": "Fair", "district": "Mpigi"}}, {"type": "Feature", "geometry": {"type": "Point", "coordinates": [32.38789, 0.21783]}, "properties": {"code": "STR-MPIG60305-01", "type": "Concrete Box Culvert (Twin Cell)", "span": 4.5, "condition": "Fair", "district": "Mpigi"}}, {"type": "Feature", "geometry": {"type": "Point", "coordinates": [32.39671, 0.20837]}, "properties": {"code": "STR-WAKI60340-01", "type": "Concrete Box Culvert (Single Cell)", "span": 4.5, "condition": "Fair", "district": "Wakiso"}}, {"type": "Feature", "geometry": {"type": "Point", "coordinates": [32.39186, 0.16868]}, "properties": {"code": "STR-WAKI60375-01", "type": "Steel Composite Bridge / Drift", "span": 18.0, "condition": "Poor", "district": "Wakiso"}}, {"type": "Feature", "geometry": {"type": "Point", "coordinates": [31.62202, -0.54874]}, "properties": {"code": "STR-KYOT60410-01", "type": "Reinforced Concrete Bridge", "span": 24.5, "condition": "Poor", "district": "Kyotera"}}, {"type": "Feature", "geometry": {"type": "Point", "coordinates": [31.61178, -0.55707]}, "properties": {"code": "STR-KYOT60445-01", "type": "Concrete Box Culvert (Twin Cell)", "span": 4.5, "condition": "Fair", "district": "Kyotera"}}, {"type": "Feature", "geometry": {"type": "Point", "coordinates": [31.6015, -0.57337]}, "properties": {"code": "STR-KYOT60480-01", "type": "Concrete Box Culvert (Single Cell)", "span": 4.5, "condition": "Fair", "district": "Kyotera"}}, {"type": "Feature", "geometry": {"type": "Point", "coordinates": [31.60267, -0.53462]}, "properties": {"code": "STR-KYOT60515-01", "type": "Steel Composite Bridge / Drift", "span": 18.0, "condition": "Poor", "district": "Kyotera"}}, {"type": "Feature", "geometry": {"type": "Point", "coordinates": [31.61084, -0.54468]}, "properties": {"code": "STR-KYOT60550-01", "type": "Reinforced Concrete Bridge", "span": 24.5, "condition": "Poor", "district": "Kyotera"}}, {"type": "Feature", "geometry": {"type": "Point", "coordinates": [31.61436, -0.542]}, "properties": {"code": "STR-KYOT60585-01", "type": "Concrete Box Culvert (Twin Cell)", "span": 4.5, "condition": "Good", "district": "Kyotera"}}, {"type": "Feature", "geometry": {"type": "Point", "coordinates": [31.62071, -0.54179]}, "properties": {"code": "STR-KYOT60620-01", "type": "Concrete Box Culvert (Single Cell)", "span": 4.5, "condition": "Poor", "district": "Kyotera"}}, {"type": "Feature", "geometry": {"type": "Point", "coordinates": [31.62305, -0.5387]}, "properties": {"code": "STR-KYOT60655-01", "type": "Steel Composite Bridge / Drift", "span": 18.0, "condition": "Poor", "district": "Kyotera"}}, {"type": "Feature", "geometry": {"type": "Point", "coordinates": [31.61452, -0.5404]}, "properties": {"code": "STR-KYOT60690-01", "type": "Reinforced Concrete Bridge", "span": 24.5, "condition": "Poor", "district": "Kyotera"}}, {"type": "Feature", "geometry": {"type": "Point", "coordinates": [31.61576, -0.5316]}, "properties": {"code": "STR-KYOT60725-01", "type": "Concrete Box Culvert (Twin Cell)", "span": 4.5, "condition": "Poor", "district": "Kyotera"}}, {"type": "Feature", "geometry": {"type": "Point", "coordinates": [31.62031, -0.5261]}, "properties": {"code": "STR-KYOT60760-01", "type": "Concrete Box Culvert (Single Cell)", "span": 4.5, "condition": "Poor", "district": "Kyotera"}}, {"type": "Feature", "geometry": {"type": "Point", "coordinates": [31.61491, -0.52559]}, "properties": {"code": "STR-KYOT60795-01", "type": "Steel Composite Bridge / Drift", "span": 18.0, "condition": "Good", "district": "Kyotera"}}, {"type": "Feature", "geometry": {"type": "Point", "coordinates": [31.6078, -0.53121]}, "properties": {"code": "STR-KYOT60830-01", "type": "Reinforced Concrete Bridge", "span": 24.5, "condition": "Poor", "district": "Kyotera"}}, {"type": "Feature", "geometry": {"type": "Point", "coordinates": [31.60198, -0.5221]}, "properties": {"code": "STR-KYOT60865-01", "type": "Concrete Box Culvert (Twin Cell)", "span": 4.5, "condition": "Poor", "district": "Kyotera"}}, {"type": "Feature", "geometry": {"type": "Point", "coordinates": [31.59795, -0.53545]}, "properties": {"code": "STR-KYOT60900-01", "type": "Concrete Box Culvert (Single Cell)", "span": 4.5, "condition": "Poor", "district": "Kyotera"}}, {"type": "Feature", "geometry": {"type": "Point", "coordinates": [31.58096, -0.5349]}, "properties": {"code": "STR-KYOT60935-01", "type": "Steel Composite Bridge / Drift", "span": 18.0, "condition": "Fair", "district": "Kyotera"}}, {"type": "Feature", "geometry": {"type": "Point", "coordinates": [31.58757, -0.52193]}, "properties": {"code": "STR-KYOT60970-01", "type": "Reinforced Concrete Bridge", "span": 24.5, "condition": "Fair", "district": "Kyotera"}}, {"type": "Feature", "geometry": {"type": "Point", "coordinates": [31.55827, -0.5222]}, "properties": {"code": "STR-KYOT61005-01", "type": "Concrete Box Culvert (Twin Cell)", "span": 4.5, "condition": "Good", "district": "Kyotera"}}, {"type": "Feature", "geometry": {"type": "Point", "coordinates": [31.57447, -0.53412]}, "properties": {"code": "STR-KYOT61040-01", "type": "Concrete Box Culvert (Single Cell)", "span": 4.5, "condition": "Fair", "district": "Kyotera"}}, {"type": "Feature", "geometry": {"type": "Point", "coordinates": [31.55958, -0.56079]}, "properties": {"code": "STR-KYOT61075-01", "type": "Steel Composite Bridge / Drift", "span": 18.0, "condition": "Poor", "district": "Kyotera"}}, {"type": "Feature", "geometry": {"type": "Point", "coordinates": [31.56128, -0.57446]}, "properties": {"code": "STR-KYOT61110-01", "type": "Reinforced Concrete Bridge", "span": 24.5, "condition": "Poor", "district": "Kyotera"}}, {"type": "Feature", "geometry": {"type": "Point", "coordinates": [31.58012, -0.56089]}, "properties": {"code": "STR-KYOT61145-01", "type": "Concrete Box Culvert (Twin Cell)", "span": 4.5, "condition": "Poor", "district": "Kyotera"}}, {"type": "Feature", "geometry": {"type": "Point", "coordinates": [31.59673, -0.55688]}, "properties": {"code": "STR-KYOT61180-01", "type": "Concrete Box Culvert (Single Cell)", "span": 4.5, "condition": "Poor", "district": "Kyotera"}}, {"type": "Feature", "geometry": {"type": "Point", "coordinates": [31.59905, -0.58097]}, "properties": {"code": "STR-KYOT61215-01", "type": "Steel Composite Bridge / Drift", "span": 18.0, "condition": "Poor", "district": "Kyotera"}}, {"type": "Feature", "geometry": {"type": "Point", "coordinates": [31.5967, -0.5897]}, "properties": {"code": "STR-KYOT61250-01", "type": "Reinforced Concrete Bridge", "span": 24.5, "condition": "Poor", "district": "Kyotera"}}, {"type": "Feature", "geometry": {"type": "Point", "coordinates": [31.59679, -0.59932]}, "properties": {"code": "STR-KYOT61285-01", "type": "Concrete Box Culvert (Twin Cell)", "span": 4.5, "condition": "Poor", "district": "Kyotera"}}, {"type": "Feature", "geometry": {"type": "Point", "coordinates": [31.57947, -0.60316]}, "properties": {"code": "STR-KYOT61320-01", "type": "Concrete Box Culvert (Single Cell)", "span": 4.5, "condition": "Poor", "district": "Kyotera"}}, {"type": "Feature", "geometry": {"type": "Point", "coordinates": [31.57103, -0.58225]}, "properties": {"code": "STR-KYOT61355-01", "type": "Steel Composite Bridge / Drift", "span": 18.0, "condition": "Poor", "district": "Kyotera"}}, {"type": "Feature", "geometry": {"type": "Point", "coordinates": [31.55905, -0.59438]}, "properties": {"code": "STR-KYOT61390-01", "type": "Reinforced Concrete Bridge", "span": 24.5, "condition": "Good", "district": "Kyotera"}}, {"type": "Feature", "geometry": {"type": "Point", "coordinates": [31.55641, -0.60304]}, "properties": {"code": "STR-KYOT61425-01", "type": "Concrete Box Culvert (Twin Cell)", "span": 4.5, "condition": "Good", "district": "Kyotera"}}, {"type": "Feature", "geometry": {"type": "Point", "coordinates": [31.56696, -0.60125]}, "properties": {"code": "STR-KYOT61460-01", "type": "Concrete Box Culvert (Single Cell)", "span": 4.5, "condition": "Good", "district": "Kyotera"}}, {"type": "Feature", "geometry": {"type": "Point", "coordinates": [31.57239, -0.59377]}, "properties": {"code": "STR-KYOT61495-01", "type": "Steel Composite Bridge / Drift", "span": 18.0, "condition": "Poor", "district": "Kyotera"}}, {"type": "Feature", "geometry": {"type": "Point", "coordinates": [31.57178, -0.61104]}, "properties": {"code": "STR-KYOT61530-01", "type": "Reinforced Concrete Bridge", "span": 24.5, "condition": "Good", "district": "Kyotera"}}, {"type": "Feature", "geometry": {"type": "Point", "coordinates": [31.56783, -0.60576]}, "properties": {"code": "STR-KYOT61565-01", "type": "Concrete Box Culvert (Twin Cell)", "span": 4.5, "condition": "Good", "district": "Kyotera"}}, {"type": "Feature", "geometry": {"type": "Point", "coordinates": [31.55515, -0.61276]}, "properties": {"code": "STR-KYOT61600-01", "type": "Concrete Box Culvert (Single Cell)", "span": 4.5, "condition": "Poor", "district": "Kyotera"}}, {"type": "Feature", "geometry": {"type": "Point", "coordinates": [31.56698, -0.62081]}, "properties": {"code": "STR-KYOT61635-01", "type": "Steel Composite Bridge / Drift", "span": 18.0, "condition": "Poor", "district": "Kyotera"}}, {"type": "Feature", "geometry": {"type": "Point", "coordinates": [31.55646, -0.62143]}, "properties": {"code": "STR-KYOT61670-01", "type": "Reinforced Concrete Bridge", "span": 24.5, "condition": "Poor", "district": "Kyotera"}}, {"type": "Feature", "geometry": {"type": "Point", "coordinates": [31.57022, -0.62721]}, "properties": {"code": "STR-KYOT61705-01", "type": "Concrete Box Culvert (Twin Cell)", "span": 4.5, "condition": "Poor", "district": "Kyotera"}}, {"type": "Feature", "geometry": {"type": "Point", "coordinates": [31.57741, -0.62109]}, "properties": {"code": "STR-KYOT61740-01", "type": "Concrete Box Culvert (Single Cell)", "span": 4.5, "condition": "Good", "district": "Kyotera"}}, {"type": "Feature", "geometry": {"type": "Point", "coordinates": [31.58086, -0.62656]}, "properties": {"code": "STR-KYOT61775-01", "type": "Steel Composite Bridge / Drift", "span": 18.0, "condition": "Poor", "district": "Kyotera"}}, {"type": "Feature", "geometry": {"type": "Point", "coordinates": [31.57941, -0.62251]}, "properties": {"code": "STR-KYOT61810-01", "type": "Reinforced Concrete Bridge", "span": 24.5, "condition": "Good", "district": "Kyotera"}}, {"type": "Feature", "geometry": {"type": "Point", "coordinates": [31.59538, -0.6124]}, "properties": {"code": "STR-KYOT61845-01", "type": "Concrete Box Culvert (Twin Cell)", "span": 4.5, "condition": "Poor", "district": "Kyotera"}}, {"type": "Feature", "geometry": {"type": "Point", "coordinates": [31.60997, -0.60749]}, "properties": {"code": "STR-KYOT61880-01", "type": "Concrete Box Culvert (Single Cell)", "span": 4.5, "condition": "Fair", "district": "Kyotera"}}, {"type": "Feature", "geometry": {"type": "Point", "coordinates": [31.60043, -0.58743]}, "properties": {"code": "STR-KYOT61915-01", "type": "Steel Composite Bridge / Drift", "span": 18.0, "condition": "Poor", "district": "Kyotera"}}, {"type": "Feature", "geometry": {"type": "Point", "coordinates": [31.60222, -0.58158]}, "properties": {"code": "STR-KYOT61950-01", "type": "Reinforced Concrete Bridge", "span": 24.5, "condition": "Poor", "district": "Kyotera"}}, {"type": "Feature", "geometry": {"type": "Point", "coordinates": [31.60911, -0.58561]}, "properties": {"code": "STR-KYOT61985-01", "type": "Concrete Box Culvert (Twin Cell)", "span": 4.5, "condition": "Fair", "district": "Kyotera"}}, {"type": "Feature", "geometry": {"type": "Point", "coordinates": [31.61549, -0.59472]}, "properties": {"code": "STR-KYOT62020-01", "type": "Concrete Box Culvert (Single Cell)", "span": 4.5, "condition": "Poor", "district": "Kyotera"}}, {"type": "Feature", "geometry": {"type": "Point", "coordinates": [31.622, -0.60305]}, "properties": {"code": "STR-KYOT62055-01", "type": "Steel Composite Bridge / Drift", "span": 18.0, "condition": "Poor", "district": "Kyotera"}}, {"type": "Feature", "geometry": {"type": "Point", "coordinates": [31.64546, -0.58676]}, "properties": {"code": "STR-KYOT62090-01", "type": "Reinforced Concrete Bridge", "span": 24.5, "condition": "Fair", "district": "Kyotera"}}, {"type": "Feature", "geometry": {"type": "Point", "coordinates": [31.63638, -0.62813]}, "properties": {"code": "STR-KYOT62125-01", "type": "Concrete Box Culvert (Twin Cell)", "span": 4.5, "condition": "Poor", "district": "Kyotera"}}, {"type": "Feature", "geometry": {"type": "Point", "coordinates": [31.64135, -0.62865]}, "properties": {"code": "STR-KYOT62160-01", "type": "Concrete Box Culvert (Single Cell)", "span": 4.5, "condition": "Poor", "district": "Kyotera"}}, {"type": "Feature", "geometry": {"type": "Point", "coordinates": [31.64463, -0.64548]}, "properties": {"code": "STR-KYOT62195-01", "type": "Steel Composite Bridge / Drift", "span": 18.0, "condition": "Poor", "district": "Kyotera"}}, {"type": "Feature", "geometry": {"type": "Point", "coordinates": [31.63737, -0.6569]}, "properties": {"code": "STR-KYOT62230-01", "type": "Reinforced Concrete Bridge", "span": 24.5, "condition": "Poor", "district": "Kyotera"}}, {"type": "Feature", "geometry": {"type": "Point", "coordinates": [31.63174, -0.64983]}, "properties": {"code": "STR-KYOT62265-01", "type": "Concrete Box Culvert (Twin Cell)", "span": 4.5, "condition": "Good", "district": "Kyotera"}}, {"type": "Feature", "geometry": {"type": "Point", "coordinates": [31.62578, -0.65054]}, "properties": {"code": "STR-KYOT62300-01", "type": "Concrete Box Culvert (Single Cell)", "span": 4.5, "condition": "Good", "district": "Kyotera"}}, {"type": "Feature", "geometry": {"type": "Point", "coordinates": [31.62928, -0.6384]}, "properties": {"code": "STR-KYOT62335-01", "type": "Steel Composite Bridge / Drift", "span": 18.0, "condition": "Poor", "district": "Kyotera"}}, {"type": "Feature", "geometry": {"type": "Point", "coordinates": [31.62003, -0.64025]}, "properties": {"code": "STR-KYOT62370-01", "type": "Reinforced Concrete Bridge", "span": 24.5, "condition": "Good", "district": "Kyotera"}}, {"type": "Feature", "geometry": {"type": "Point", "coordinates": [31.60215, -0.64258]}, "properties": {"code": "STR-KYOT62405-01", "type": "Concrete Box Culvert (Twin Cell)", "span": 4.5, "condition": "Poor", "district": "Kyotera"}}, {"type": "Feature", "geometry": {"type": "Point", "coordinates": [31.61154, -0.65757]}, "properties": {"code": "STR-KYOT62440-01", "type": "Concrete Box Culvert (Single Cell)", "span": 4.5, "condition": "Poor", "district": "Kyotera"}}, {"type": "Feature", "geometry": {"type": "Point", "coordinates": [30.32825, 0.1018]}, "properties": {"code": "STR-KITA62475-01", "type": "Steel Composite Bridge / Drift", "span": 18.0, "condition": "Good", "district": "Kitagwenda"}}, {"type": "Feature", "geometry": {"type": "Point", "coordinates": [30.32057, 0.0821]}, "properties": {"code": "STR-KITA62510-01", "type": "Reinforced Concrete Bridge", "span": 24.5, "condition": "Poor", "district": "Kitagwenda"}}, {"type": "Feature", "geometry": {"type": "Point", "coordinates": [30.31954, 0.07675]}, "properties": {"code": "STR-KITA62545-01", "type": "Concrete Box Culvert (Twin Cell)", "span": 4.5, "condition": "Poor", "district": "Kitagwenda"}}, {"type": "Feature", "geometry": {"type": "Point", "coordinates": [30.33918, 0.0574]}, "properties": {"code": "STR-KITA62580-01", "type": "Concrete Box Culvert (Single Cell)", "span": 4.5, "condition": "Good", "district": "Kitagwenda"}}, {"type": "Feature", "geometry": {"type": "Point", "coordinates": [30.35827, 0.07308]}, "properties": {"code": "STR-KITA62615-01", "type": "Steel Composite Bridge / Drift", "span": 18.0, "condition": "Fair", "district": "Kitagwenda"}}, {"type": "Feature", "geometry": {"type": "Point", "coordinates": [30.34595, 0.09677]}, "properties": {"code": "STR-KITA62650-01", "type": "Reinforced Concrete Bridge", "span": 24.5, "condition": "Good", "district": "Kitagwenda"}}, {"type": "Feature", "geometry": {"type": "Point", "coordinates": [30.3815, 0.07431]}, "properties": {"code": "STR-KITA62685-01", "type": "Concrete Box Culvert (Twin Cell)", "span": 4.5, "condition": "Poor", "district": "Kitagwenda"}}, {"type": "Feature", "geometry": {"type": "Point", "coordinates": [30.36893, 0.06191]}, "properties": {"code": "STR-KITA62720-01", "type": "Concrete Box Culvert (Single Cell)", "span": 4.5, "condition": "Poor", "district": "Kitagwenda"}}, {"type": "Feature", "geometry": {"type": "Point", "coordinates": [30.38482, 0.04602]}, "properties": {"code": "STR-KITA62755-01", "type": "Steel Composite Bridge / Drift", "span": 18.0, "condition": "Good", "district": "Kitagwenda"}}, {"type": "Feature", "geometry": {"type": "Point", "coordinates": [30.36787, 0.04798]}, "properties": {"code": "STR-KITA62790-01", "type": "Reinforced Concrete Bridge", "span": 24.5, "condition": "Good", "district": "Kitagwenda"}}, {"type": "Feature", "geometry": {"type": "Point", "coordinates": [30.361, 0.02558]}, "properties": {"code": "STR-KITA62825-01", "type": "Concrete Box Culvert (Twin Cell)", "span": 4.5, "condition": "Good", "district": "Kitagwenda"}}, {"type": "Feature", "geometry": {"type": "Point", "coordinates": [30.35954, 0.00607]}, "properties": {"code": "STR-KITA62860-01", "type": "Concrete Box Culvert (Single Cell)", "span": 4.5, "condition": "Good", "district": "Kitagwenda"}}, {"type": "Feature", "geometry": {"type": "Point", "coordinates": [30.36829, -0.01727]}, "properties": {"code": "STR-KITA62895-01", "type": "Steel Composite Bridge / Drift", "span": 18.0, "condition": "Good", "district": "Kitagwenda"}}, {"type": "Feature", "geometry": {"type": "Point", "coordinates": [30.37179, -0.04864]}, "properties": {"code": "STR-KITA62930-01", "type": "Reinforced Concrete Bridge", "span": 24.5, "condition": "Good", "district": "Kitagwenda"}}, {"type": "Feature", "geometry": {"type": "Point", "coordinates": [30.3571, -0.06144]}, "properties": {"code": "STR-KITA62965-01", "type": "Concrete Box Culvert (Twin Cell)", "span": 4.5, "condition": "Fair", "district": "Kitagwenda"}}, {"type": "Feature", "geometry": {"type": "Point", "coordinates": [30.34911, -0.05631]}, "properties": {"code": "STR-KITA63000-01", "type": "Concrete Box Culvert (Single Cell)", "span": 4.5, "condition": "Good", "district": "Kitagwenda"}}, {"type": "Feature", "geometry": {"type": "Point", "coordinates": [30.35183, -0.03438]}, "properties": {"code": "STR-KITA63035-01", "type": "Steel Composite Bridge / Drift", "span": 18.0, "condition": "Fair", "district": "Kitagwenda"}}, {"type": "Feature", "geometry": {"type": "Point", "coordinates": [30.33642, -0.02908]}, "properties": {"code": "STR-KITA63070-01", "type": "Reinforced Concrete Bridge", "span": 24.5, "condition": "Good", "district": "Kitagwenda"}}, {"type": "Feature", "geometry": {"type": "Point", "coordinates": [30.32298, -0.04554]}, "properties": {"code": "STR-KITA63105-01", "type": "Concrete Box Culvert (Twin Cell)", "span": 4.5, "condition": "Fair", "district": "Kitagwenda"}}, {"type": "Feature", "geometry": {"type": "Point", "coordinates": [30.30514, -0.02898]}, "properties": {"code": "STR-KITA63140-01", "type": "Concrete Box Culvert (Single Cell)", "span": 4.5, "condition": "Fair", "district": "Kitagwenda"}}, {"type": "Feature", "geometry": {"type": "Point", "coordinates": [30.30292, -0.00251]}, "properties": {"code": "STR-KITA63175-01", "type": "Steel Composite Bridge / Drift", "span": 18.0, "condition": "Good", "district": "Kitagwenda"}}, {"type": "Feature", "geometry": {"type": "Point", "coordinates": [30.31721, 0.02437]}, "properties": {"code": "STR-KITA63210-01", "type": "Reinforced Concrete Bridge", "span": 24.5, "condition": "Poor", "district": "Kitagwenda"}}, {"type": "Feature", "geometry": {"type": "Point", "coordinates": [30.32575, 0.03928]}, "properties": {"code": "STR-KITA63245-01", "type": "Concrete Box Culvert (Twin Cell)", "span": 4.5, "condition": "Good", "district": "Kitagwenda"}}, {"type": "Feature", "geometry": {"type": "Point", "coordinates": [30.2992, 0.0262]}, "properties": {"code": "STR-KITA63280-01", "type": "Concrete Box Culvert (Single Cell)", "span": 4.5, "condition": "Poor", "district": "Kitagwenda"}}, {"type": "Feature", "geometry": {"type": "Point", "coordinates": [30.28403, -0.06646]}, "properties": {"code": "STR-KITA63315-01", "type": "Steel Composite Bridge / Drift", "span": 18.0, "condition": "Good", "district": "Kitagwenda"}}, {"type": "Feature", "geometry": {"type": "Point", "coordinates": [30.24628, -0.06353]}, "properties": {"code": "STR-KITA63350-01", "type": "Reinforced Concrete Bridge", "span": 24.5, "condition": "Good", "district": "Kitagwenda"}}, {"type": "Feature", "geometry": {"type": "Point", "coordinates": [30.09048, 0.16195]}, "properties": {"code": "STR-KASE63385-01", "type": "Concrete Box Culvert (Twin Cell)", "span": 4.5, "condition": "Poor", "district": "Kasese"}}, {"type": "Feature", "geometry": {"type": "Point", "coordinates": [30.08296, 0.15882]}, "properties": {"code": "STR-KASE63420-01", "type": "Concrete Box Culvert (Single Cell)", "span": 4.5, "condition": "Good", "district": "Kasese"}}, {"type": "Feature", "geometry": {"type": "Point", "coordinates": [30.0753, 0.15892]}, "properties": {"code": "STR-KASE63455-01", "type": "Steel Composite Bridge / Drift", "span": 18.0, "condition": "Good", "district": "Kasese"}}, {"type": "Feature", "geometry": {"type": "Point", "coordinates": [30.08021, 0.15337]}, "properties": {"code": "STR-KASE63490-01", "type": "Reinforced Concrete Bridge", "span": 24.5, "condition": "Good", "district": "Kasese"}}, {"type": "Feature", "geometry": {"type": "Point", "coordinates": [30.06962, 0.15549]}, "properties": {"code": "STR-KASE63525-01", "type": "Concrete Box Culvert (Twin Cell)", "span": 4.5, "condition": "Good", "district": "Kasese"}}, {"type": "Feature", "geometry": {"type": "Point", "coordinates": [30.07417, 0.15994]}, "properties": {"code": "STR-KASE63560-01", "type": "Concrete Box Culvert (Single Cell)", "span": 4.5, "condition": "Poor", "district": "Kasese"}}, {"type": "Feature", "geometry": {"type": "Point", "coordinates": [30.0678, 0.1616]}, "properties": {"code": "STR-KASE63595-01", "type": "Steel Composite Bridge / Drift", "span": 18.0, "condition": "Good", "district": "Kasese"}}, {"type": "Feature", "geometry": {"type": "Point", "coordinates": [30.066, 0.16111]}, "properties": {"code": "STR-KASE63630-01", "type": "Reinforced Concrete Bridge", "span": 24.5, "condition": "Poor", "district": "Kasese"}}, {"type": "Feature", "geometry": {"type": "Point", "coordinates": [30.06041, 0.15737]}, "properties": {"code": "STR-KASE63665-01", "type": "Concrete Box Culvert (Twin Cell)", "span": 4.5, "condition": "Poor", "district": "Kasese"}}, {"type": "Feature", "geometry": {"type": "Point", "coordinates": [30.06395, 0.1441]}, "properties": {"code": "STR-KASE63700-01", "type": "Concrete Box Culvert (Single Cell)", "span": 4.5, "condition": "Good", "district": "Kasese"}}, {"type": "Feature", "geometry": {"type": "Point", "coordinates": [30.03818, 0.16358]}, "properties": {"code": "STR-KASE63735-01", "type": "Steel Composite Bridge / Drift", "span": 18.0, "condition": "Poor", "district": "Kasese"}}, {"type": "Feature", "geometry": {"type": "Point", "coordinates": [30.02494, 0.15179]}, "properties": {"code": "STR-KASE63770-01", "type": "Reinforced Concrete Bridge", "span": 24.5, "condition": "Poor", "district": "Kasese"}}, {"type": "Feature", "geometry": {"type": "Point", "coordinates": [30.03933, 0.11894]}, "properties": {"code": "STR-KASE63805-01", "type": "Concrete Box Culvert (Twin Cell)", "span": 4.5, "condition": "Poor", "district": "Kasese"}}, {"type": "Feature", "geometry": {"type": "Point", "coordinates": [30.05551, 0.12273]}, "properties": {"code": "STR-KASE63840-01", "type": "Concrete Box Culvert (Single Cell)", "span": 4.5, "condition": "Poor", "district": "Kasese"}}, {"type": "Feature", "geometry": {"type": "Point", "coordinates": [30.0449, 0.09125]}, "properties": {"code": "STR-KASE63875-01", "type": "Steel Composite Bridge / Drift", "span": 18.0, "condition": "Good", "district": "Kasese"}}, {"type": "Feature", "geometry": {"type": "Point", "coordinates": [30.03909, 0.07255]}, "properties": {"code": "STR-KASE63910-01", "type": "Reinforced Concrete Bridge", "span": 24.5, "condition": "Good", "district": "Kasese"}}, {"type": "Feature", "geometry": {"type": "Point", "coordinates": [30.05244, 0.05184]}, "properties": {"code": "STR-KASE63945-01", "type": "Concrete Box Culvert (Twin Cell)", "span": 4.5, "condition": "Good", "district": "Kasese"}}, {"type": "Feature", "geometry": {"type": "Point", "coordinates": [30.05305, 0.06199]}, "properties": {"code": "STR-KASE63980-01", "type": "Concrete Box Culvert (Single Cell)", "span": 4.5, "condition": "Poor", "district": "Kasese"}}, {"type": "Feature", "geometry": {"type": "Point", "coordinates": [30.08153, 0.01496]}, "properties": {"code": "STR-KASE64015-01", "type": "Steel Composite Bridge / Drift", "span": 18.0, "condition": "Fair", "district": "Kasese"}}, {"type": "Feature", "geometry": {"type": "Point", "coordinates": [30.07545, 0.01392]}, "properties": {"code": "STR-KASE64050-01", "type": "Reinforced Concrete Bridge", "span": 24.5, "condition": "Poor", "district": "Kasese"}}, {"type": "Feature", "geometry": {"type": "Point", "coordinates": [30.06346, -0.05302]}, "properties": {"code": "STR-KASE64085-01", "type": "Concrete Box Culvert (Twin Cell)", "span": 4.5, "condition": "Good", "district": "Kasese"}}, {"type": "Feature", "geometry": {"type": "Point", "coordinates": [30.13734, -0.036]}, "properties": {"code": "STR-KASE64120-01", "type": "Concrete Box Culvert (Single Cell)", "span": 4.5, "condition": "Poor", "district": "Kasese"}}, {"type": "Feature", "geometry": {"type": "Point", "coordinates": [30.18016, -0.07418]}, "properties": {"code": "STR-RUBI64155-01", "type": "Steel Composite Bridge / Drift", "span": 18.0, "condition": "Good", "district": "Rubirizi"}}, {"type": "Feature", "geometry": {"type": "Point", "coordinates": [30.03821, -0.07433]}, "properties": {"code": "STR-KASE64190-01", "type": "Reinforced Concrete Bridge", "span": 24.5, "condition": "Good", "district": "Kasese"}}, {"type": "Feature", "geometry": {"type": "Point", "coordinates": [30.04775, -0.12419]}, "properties": {"code": "STR-RUBI64225-01", "type": "Concrete Box Culvert (Twin Cell)", "span": 4.5, "condition": "Fair", "district": "Rubirizi"}}, {"type": "Feature", "geometry": {"type": "Point", "coordinates": [30.08626, -0.14257]}, "properties": {"code": "STR-RUBI64260-01", "type": "Concrete Box Culvert (Single Cell)", "span": 4.5, "condition": "Fair", "district": "Rubirizi"}}, {"type": "Feature", "geometry": {"type": "Point", "coordinates": [30.10557, -0.20034]}, "properties": {"code": "STR-RUBI64295-01", "type": "Steel Composite Bridge / Drift", "span": 18.0, "condition": "Good", "district": "Rubirizi"}}, {"type": "Feature", "geometry": {"type": "Point", "coordinates": [30.10815, -0.2152]}, "properties": {"code": "STR-RUBI64330-01", "type": "Reinforced Concrete Bridge", "span": 24.5, "condition": "Good", "district": "Rubirizi"}}, {"type": "Feature", "geometry": {"type": "Point", "coordinates": [30.09275, -0.22846]}, "properties": {"code": "STR-RUBI64365-01", "type": "Concrete Box Culvert (Twin Cell)", "span": 4.5, "condition": "Good", "district": "Rubirizi"}}, {"type": "Feature", "geometry": {"type": "Point", "coordinates": [30.10044, -0.21021]}, "properties": {"code": "STR-RUBI64400-01", "type": "Concrete Box Culvert (Single Cell)", "span": 4.5, "condition": "Good", "district": "Rubirizi"}}, {"type": "Feature", "geometry": {"type": "Point", "coordinates": [30.05021, -0.2852]}, "properties": {"code": "STR-RUBI64435-01", "type": "Steel Composite Bridge / Drift", "span": 18.0, "condition": "Fair", "district": "Rubirizi"}}, {"type": "Feature", "geometry": {"type": "Point", "coordinates": [30.07739, -0.24039]}, "properties": {"code": "STR-RUBI64470-01", "type": "Reinforced Concrete Bridge", "span": 24.5, "condition": "Fair", "district": "Rubirizi"}}, {"type": "Feature", "geometry": {"type": "Point", "coordinates": [29.92202, 0.09641]}, "properties": {"code": "STR-KASE64505-01", "type": "Concrete Box Culvert (Twin Cell)", "span": 4.5, "condition": "Good", "district": "Kasese"}}, {"type": "Feature", "geometry": {"type": "Point", "coordinates": [29.91464, 0.09342]}, "properties": {"code": "STR-KASE64540-01", "type": "Concrete Box Culvert (Single Cell)", "span": 4.5, "condition": "Good", "district": "Kasese"}}, {"type": "Feature", "geometry": {"type": "Point", "coordinates": [29.91684, 0.09088]}, "properties": {"code": "STR-KASE64575-01", "type": "Steel Composite Bridge / Drift", "span": 18.0, "condition": "Good", "district": "Kasese"}}, {"type": "Feature", "geometry": {"type": "Point", "coordinates": [29.9125, 0.08372]}, "properties": {"code": "STR-KASE64610-01", "type": "Reinforced Concrete Bridge", "span": 24.5, "condition": "Good", "district": "Kasese"}}, {"type": "Feature", "geometry": {"type": "Point", "coordinates": [29.9272, 0.07363]}, "properties": {"code": "STR-KASE64645-01", "type": "Concrete Box Culvert (Twin Cell)", "span": 4.5, "condition": "Good", "district": "Kasese"}}, {"type": "Feature", "geometry": {"type": "Point", "coordinates": [29.91669, 0.05964]}, "properties": {"code": "STR-KASE64680-01", "type": "Concrete Box Culvert (Single Cell)", "span": 4.5, "condition": "Good", "district": "Kasese"}}, {"type": "Feature", "geometry": {"type": "Point", "coordinates": [29.90028, 0.06466]}, "properties": {"code": "STR-KASE64715-01", "type": "Steel Composite Bridge / Drift", "span": 18.0, "condition": "Good", "district": "Kasese"}}, {"type": "Feature", "geometry": {"type": "Point", "coordinates": [29.90003, 0.06306]}, "properties": {"code": "STR-KASE64750-01", "type": "Reinforced Concrete Bridge", "span": 24.5, "condition": "Good", "district": "Kasese"}}, {"type": "Feature", "geometry": {"type": "Point", "coordinates": [29.89889, 0.06306]}, "properties": {"code": "STR-KASE64785-01", "type": "Concrete Box Culvert (Twin Cell)", "span": 4.5, "condition": "Good", "district": "Kasese"}}, {"type": "Feature", "geometry": {"type": "Point", "coordinates": [29.89541, 0.08566]}, "properties": {"code": "STR-KASE64820-01", "type": "Concrete Box Culvert (Single Cell)", "span": 4.5, "condition": "Good", "district": "Kasese"}}, {"type": "Feature", "geometry": {"type": "Point", "coordinates": [29.91302, 0.08003]}, "properties": {"code": "STR-KASE64855-01", "type": "Steel Composite Bridge / Drift", "span": 18.0, "condition": "Good", "district": "Kasese"}}, {"type": "Feature", "geometry": {"type": "Point", "coordinates": [29.90306, 0.08981]}, "properties": {"code": "STR-KASE64890-01", "type": "Reinforced Concrete Bridge", "span": 24.5, "condition": "Good", "district": "Kasese"}}, {"type": "Feature", "geometry": {"type": "Point", "coordinates": [29.90503, 0.09282]}, "properties": {"code": "STR-KASE64925-01", "type": "Concrete Box Culvert (Twin Cell)", "span": 4.5, "condition": "Good", "district": "Kasese"}}, {"type": "Feature", "geometry": {"type": "Point", "coordinates": [29.88241, 0.09495]}, "properties": {"code": "STR-KASE64960-01", "type": "Concrete Box Culvert (Single Cell)", "span": 4.5, "condition": "Good", "district": "Kasese"}}, {"type": "Feature", "geometry": {"type": "Point", "coordinates": [29.87433, 0.07512]}, "properties": {"code": "STR-KASE64995-01", "type": "Steel Composite Bridge / Drift", "span": 18.0, "condition": "Good", "district": "Kasese"}}, {"type": "Feature", "geometry": {"type": "Point", "coordinates": [29.88771, 0.09205]}, "properties": {"code": "STR-KASE65030-01", "type": "Reinforced Concrete Bridge", "span": 24.5, "condition": "Good", "district": "Kasese"}}, {"type": "Feature", "geometry": {"type": "Point", "coordinates": [29.87842, 0.07247]}, "properties": {"code": "STR-KASE65065-01", "type": "Concrete Box Culvert (Twin Cell)", "span": 4.5, "condition": "Good", "district": "Kasese"}}, {"type": "Feature", "geometry": {"type": "Point", "coordinates": [29.87631, 0.06292]}, "properties": {"code": "STR-KASE65100-01", "type": "Concrete Box Culvert (Single Cell)", "span": 4.5, "condition": "Good", "district": "Kasese"}}, {"type": "Feature", "geometry": {"type": "Point", "coordinates": [29.85254, 0.08799]}, "properties": {"code": "STR-KASE65135-01", "type": "Steel Composite Bridge / Drift", "span": 18.0, "condition": "Good", "district": "Kasese"}}, {"type": "Feature", "geometry": {"type": "Point", "coordinates": [29.7715, 0.15189]}, "properties": {"code": "STR-KASE65170-01", "type": "Reinforced Concrete Bridge", "span": 24.5, "condition": "Good", "district": "Kasese"}}, {"type": "Feature", "geometry": {"type": "Point", "coordinates": [29.76954, 0.14104]}, "properties": {"code": "STR-KASE65205-01", "type": "Concrete Box Culvert (Twin Cell)", "span": 4.5, "condition": "Good", "district": "Kasese"}}, {"type": "Feature", "geometry": {"type": "Point", "coordinates": [29.7679, 0.12818]}, "properties": {"code": "STR-KASE65240-01", "type": "Concrete Box Culvert (Single Cell)", "span": 4.5, "condition": "Good", "district": "Kasese"}}, {"type": "Feature", "geometry": {"type": "Point", "coordinates": [29.75841, 0.12685]}, "properties": {"code": "STR-KASE65275-01", "type": "Steel Composite Bridge / Drift", "span": 18.0, "condition": "Good", "district": "Kasese"}}, {"type": "Feature", "geometry": {"type": "Point", "coordinates": [29.75347, 0.1204]}, "properties": {"code": "STR-KASE65310-01", "type": "Reinforced Concrete Bridge", "span": 24.5, "condition": "Good", "district": "Kasese"}}, {"type": "Feature", "geometry": {"type": "Point", "coordinates": [29.76042, 0.11067]}, "properties": {"code": "STR-KASE65345-01", "type": "Concrete Box Culvert (Twin Cell)", "span": 4.5, "condition": "Good", "district": "Kasese"}}, {"type": "Feature", "geometry": {"type": "Point", "coordinates": [29.7941, 0.1041]}, "properties": {"code": "STR-KASE65380-01", "type": "Concrete Box Culvert (Single Cell)", "span": 4.5, "condition": "Good", "district": "Kasese"}}, {"type": "Feature", "geometry": {"type": "Point", "coordinates": [29.78686, 0.08584]}, "properties": {"code": "STR-KASE65415-01", "type": "Steel Composite Bridge / Drift", "span": 18.0, "condition": "Good", "district": "Kasese"}}, {"type": "Feature", "geometry": {"type": "Point", "coordinates": [29.7807, 0.08931]}, "properties": {"code": "STR-KASE65450-01", "type": "Reinforced Concrete Bridge", "span": 24.5, "condition": "Good", "district": "Kasese"}}, {"type": "Feature", "geometry": {"type": "Point", "coordinates": [29.77446, 0.09649]}, "properties": {"code": "STR-KASE65485-01", "type": "Concrete Box Culvert (Twin Cell)", "span": 4.5, "condition": "Good", "district": "Kasese"}}, {"type": "Feature", "geometry": {"type": "Point", "coordinates": [29.75428, 0.10211]}, "properties": {"code": "STR-KASE65520-01", "type": "Concrete Box Culvert (Single Cell)", "span": 4.5, "condition": "Good", "district": "Kasese"}}, {"type": "Feature", "geometry": {"type": "Point", "coordinates": [29.75902, 0.09655]}, "properties": {"code": "STR-KASE65555-01", "type": "Steel Composite Bridge / Drift", "span": 18.0, "condition": "Good", "district": "Kasese"}}, {"type": "Feature", "geometry": {"type": "Point", "coordinates": [29.75607, 0.09074]}, "properties": {"code": "STR-KASE65590-01", "type": "Reinforced Concrete Bridge", "span": 24.5, "condition": "Good", "district": "Kasese"}}, {"type": "Feature", "geometry": {"type": "Point", "coordinates": [29.76948, 0.08306]}, "properties": {"code": "STR-KASE65625-01", "type": "Concrete Box Culvert (Twin Cell)", "span": 4.5, "condition": "Good", "district": "Kasese"}}, {"type": "Feature", "geometry": {"type": "Point", "coordinates": [29.76763, 0.07658]}, "properties": {"code": "STR-KASE65660-01", "type": "Concrete Box Culvert (Single Cell)", "span": 4.5, "condition": "Good", "district": "Kasese"}}, {"type": "Feature", "geometry": {"type": "Point", "coordinates": [29.7567, 0.06722]}, "properties": {"code": "STR-KASE65695-01", "type": "Steel Composite Bridge / Drift", "span": 18.0, "condition": "Good", "district": "Kasese"}}, {"type": "Feature", "geometry": {"type": "Point", "coordinates": [29.76006, 0.05257]}, "properties": {"code": "STR-KASE65730-01", "type": "Reinforced Concrete Bridge", "span": 24.5, "condition": "Good", "district": "Kasese"}}, {"type": "Feature", "geometry": {"type": "Point", "coordinates": [29.76613, 0.05881]}, "properties": {"code": "STR-KASE65765-01", "type": "Concrete Box Culvert (Twin Cell)", "span": 4.5, "condition": "Good", "district": "Kasese"}}, {"type": "Feature", "geometry": {"type": "Point", "coordinates": [29.77909, 0.05626]}, "properties": {"code": "STR-KASE65800-01", "type": "Concrete Box Culvert (Single Cell)", "span": 4.5, "condition": "Good", "district": "Kasese"}}, {"type": "Feature", "geometry": {"type": "Point", "coordinates": [29.7798, 0.05679]}, "properties": {"code": "STR-KASE65835-01", "type": "Steel Composite Bridge / Drift", "span": 18.0, "condition": "Good", "district": "Kasese"}}, {"type": "Feature", "geometry": {"type": "Point", "coordinates": [29.78754, 0.06407]}, "properties": {"code": "STR-KASE65870-01", "type": "Reinforced Concrete Bridge", "span": 24.5, "condition": "Good", "district": "Kasese"}}, {"type": "Feature", "geometry": {"type": "Point", "coordinates": [29.79408, 0.06034]}, "properties": {"code": "STR-KASE65905-01", "type": "Concrete Box Culvert (Twin Cell)", "span": 4.5, "condition": "Good", "district": "Kasese"}}, {"type": "Feature", "geometry": {"type": "Point", "coordinates": [29.79693, 0.05526]}, "properties": {"code": "STR-KASE65940-01", "type": "Concrete Box Culvert (Single Cell)", "span": 4.5, "condition": "Good", "district": "Kasese"}}, {"type": "Feature", "geometry": {"type": "Point", "coordinates": [29.80462, 0.05121]}, "properties": {"code": "STR-KASE65975-01", "type": "Steel Composite Bridge / Drift", "span": 18.0, "condition": "Good", "district": "Kasese"}}, {"type": "Feature", "geometry": {"type": "Point", "coordinates": [29.80091, 0.0642]}, "properties": {"code": "STR-KASE66010-01", "type": "Reinforced Concrete Bridge", "span": 24.5, "condition": "Good", "district": "Kasese"}}, {"type": "Feature", "geometry": {"type": "Point", "coordinates": [29.84372, 0.075]}, "properties": {"code": "STR-KASE66045-01", "type": "Concrete Box Culvert (Twin Cell)", "span": 4.5, "condition": "Good", "district": "Kasese"}}, {"type": "Feature", "geometry": {"type": "Point", "coordinates": [29.82651, 0.02573]}, "properties": {"code": "STR-KASE66080-01", "type": "Concrete Box Culvert (Single Cell)", "span": 4.5, "condition": "Good", "district": "Kasese"}}, {"type": "Feature", "geometry": {"type": "Point", "coordinates": [29.80119, 0.0458]}, "properties": {"code": "STR-KASE66115-01", "type": "Steel Composite Bridge / Drift", "span": 18.0, "condition": "Good", "district": "Kasese"}}, {"type": "Feature", "geometry": {"type": "Point", "coordinates": [29.79676, 0.01976]}, "properties": {"code": "STR-KASE66150-01", "type": "Reinforced Concrete Bridge", "span": 24.5, "condition": "Good", "district": "Kasese"}}, {"type": "Feature", "geometry": {"type": "Point", "coordinates": [29.80605, 0.01288]}, "properties": {"code": "STR-KASE66185-01", "type": "Concrete Box Culvert (Twin Cell)", "span": 4.5, "condition": "Good", "district": "Kasese"}}, {"type": "Feature", "geometry": {"type": "Point", "coordinates": [29.80895, -0.0033]}, "properties": {"code": "STR-KASE66220-01", "type": "Concrete Box Culvert (Single Cell)", "span": 4.5, "condition": "Good", "district": "Kasese"}}, {"type": "Feature", "geometry": {"type": "Point", "coordinates": [29.83659, -0.01798]}, "properties": {"code": "STR-KASE66255-01", "type": "Steel Composite Bridge / Drift", "span": 18.0, "condition": "Good", "district": "Kasese"}}, {"type": "Feature", "geometry": {"type": "Point", "coordinates": [29.83941, -0.05959]}, "properties": {"code": "STR-KASE66290-01", "type": "Reinforced Concrete Bridge", "span": 24.5, "condition": "Good", "district": "Kasese"}}, {"type": "Feature", "geometry": {"type": "Point", "coordinates": [29.83172, -0.05246]}, "properties": {"code": "STR-KASE66325-01", "type": "Concrete Box Culvert (Twin Cell)", "span": 4.5, "condition": "Poor", "district": "Kasese"}}, {"type": "Feature", "geometry": {"type": "Point", "coordinates": [29.82641, -0.05085]}, "properties": {"code": "STR-KASE66360-01", "type": "Concrete Box Culvert (Single Cell)", "span": 4.5, "condition": "Poor", "district": "Kasese"}}, {"type": "Feature", "geometry": {"type": "Point", "coordinates": [29.82891, -0.03799]}, "properties": {"code": "STR-KASE66395-01", "type": "Steel Composite Bridge / Drift", "span": 18.0, "condition": "Poor", "district": "Kasese"}}, {"type": "Feature", "geometry": {"type": "Point", "coordinates": [29.806, -0.03904]}, "properties": {"code": "STR-KASE66430-01", "type": "Reinforced Concrete Bridge", "span": 24.5, "condition": "Good", "district": "Kasese"}}, {"type": "Feature", "geometry": {"type": "Point", "coordinates": [29.81901, -0.03136]}, "properties": {"code": "STR-KASE66465-01", "type": "Concrete Box Culvert (Twin Cell)", "span": 4.5, "condition": "Good", "district": "Kasese"}}, {"type": "Feature", "geometry": {"type": "Point", "coordinates": [29.79821, -0.01003]}, "properties": {"code": "STR-KASE66500-01", "type": "Concrete Box Culvert (Single Cell)", "span": 4.5, "condition": "Poor", "district": "Kasese"}}, {"type": "Feature", "geometry": {"type": "Point", "coordinates": [29.7771, -0.00839]}, "properties": {"code": "STR-KASE66535-01", "type": "Steel Composite Bridge / Drift", "span": 18.0, "condition": "Poor", "district": "Kasese"}}, {"type": "Feature", "geometry": {"type": "Point", "coordinates": [33.67889, 3.46924]}, "properties": {"code": "STR-KARE66570-01", "type": "Reinforced Concrete Bridge", "span": 24.5, "condition": "Fair", "district": "Karenga"}}, {"type": "Feature", "geometry": {"type": "Point", "coordinates": [33.69381, 3.47201]}, "properties": {"code": "STR-KARE66605-01", "type": "Concrete Box Culvert (Twin Cell)", "span": 4.5, "condition": "Poor", "district": "Karenga"}}, {"type": "Feature", "geometry": {"type": "Point", "coordinates": [33.74464, 3.50569]}, "properties": {"code": "STR-KARE66640-01", "type": "Concrete Box Culvert (Single Cell)", "span": 4.5, "condition": "Fair", "district": "Karenga"}}, {"type": "Feature", "geometry": {"type": "Point", "coordinates": [33.73126, 3.52306]}, "properties": {"code": "STR-KARE66675-01", "type": "Steel Composite Bridge / Drift", "span": 18.0, "condition": "Fair", "district": "Karenga"}}, {"type": "Feature", "geometry": {"type": "Point", "coordinates": [33.79775, 3.38021]}, "properties": {"code": "STR-KAAB66710-01", "type": "Reinforced Concrete Bridge", "span": 24.5, "condition": "Poor", "district": "Kaabong"}}, {"type": "Feature", "geometry": {"type": "Point", "coordinates": [33.87738, 3.42456]}, "properties": {"code": "STR-KAAB66745-01", "type": "Concrete Box Culvert (Twin Cell)", "span": 4.5, "condition": "Poor", "district": "Kaabong"}}, {"type": "Feature", "geometry": {"type": "Point", "coordinates": [33.8408, 3.49454]}, "properties": {"code": "STR-KAAB66780-01", "type": "Concrete Box Culvert (Single Cell)", "span": 4.5, "condition": "Poor", "district": "Kaabong"}}, {"type": "Feature", "geometry": {"type": "Point", "coordinates": [33.82612, 3.58659]}, "properties": {"code": "STR-KARE66815-01", "type": "Steel Composite Bridge / Drift", "span": 18.0, "condition": "Fair", "district": "Karenga"}}, {"type": "Feature", "geometry": {"type": "Point", "coordinates": [33.9215, 3.6312]}, "properties": {"code": "STR-KAAB66850-01", "type": "Reinforced Concrete Bridge", "span": 24.5, "condition": "Poor", "district": "Kaabong"}}, {"type": "Feature", "geometry": {"type": "Point", "coordinates": [33.94745, 3.68622]}, "properties": {"code": "STR-KARE66885-01", "type": "Concrete Box Culvert (Twin Cell)", "span": 4.5, "condition": "Fair", "district": "Karenga"}}, {"type": "Feature", "geometry": {"type": "Point", "coordinates": [33.96769, 3.73157]}, "properties": {"code": "STR-KARE66920-01", "type": "Concrete Box Culvert (Single Cell)", "span": 4.5, "condition": "Fair", "district": "Karenga"}}, {"type": "Feature", "geometry": {"type": "Point", "coordinates": [33.8841, 3.74254]}, "properties": {"code": "STR-KARE66955-01", "type": "Steel Composite Bridge / Drift", "span": 18.0, "condition": "Fair", "district": "Karenga"}}, {"type": "Feature", "geometry": {"type": "Point", "coordinates": [33.72878, 3.73577]}, "properties": {"code": "STR-KARE66990-01", "type": "Reinforced Concrete Bridge", "span": 24.5, "condition": "Fair", "district": "Karenga"}}, {"type": "Feature", "geometry": {"type": "Point", "coordinates": [33.72877, 3.73065]}, "properties": {"code": "STR-KARE67025-01", "type": "Concrete Box Culvert (Twin Cell)", "span": 4.5, "condition": "Fair", "district": "Karenga"}}, {"type": "Feature", "geometry": {"type": "Point", "coordinates": [33.74315, 3.62813]}, "properties": {"code": "STR-KARE67060-01", "type": "Concrete Box Culvert (Single Cell)", "span": 4.5, "condition": "Fair", "district": "Karenga"}}, {"type": "Feature", "geometry": {"type": "Point", "coordinates": [33.7391, 3.62801]}, "properties": {"code": "STR-KARE67095-01", "type": "Steel Composite Bridge / Drift", "span": 18.0, "condition": "Fair", "district": "Karenga"}}, {"type": "Feature", "geometry": {"type": "Point", "coordinates": [33.72268, 3.66398]}, "properties": {"code": "STR-KARE67130-01", "type": "Reinforced Concrete Bridge", "span": 24.5, "condition": "Fair", "district": "Karenga"}}, {"type": "Feature", "geometry": {"type": "Point", "coordinates": [33.70043, 3.58135]}, "properties": {"code": "STR-KARE67165-01", "type": "Concrete Box Culvert (Twin Cell)", "span": 4.5, "condition": "Fair", "district": "Karenga"}}, {"type": "Feature", "geometry": {"type": "Point", "coordinates": [33.6891, 3.58077]}, "properties": {"code": "STR-KARE67200-01", "type": "Concrete Box Culvert (Single Cell)", "span": 4.5, "condition": "Fair", "district": "Karenga"}}, {"type": "Feature", "geometry": {"type": "Point", "coordinates": [33.67877, 3.58714]}, "properties": {"code": "STR-KARE67235-01", "type": "Steel Composite Bridge / Drift", "span": 18.0, "condition": "Fair", "district": "Karenga"}}, {"type": "Feature", "geometry": {"type": "Point", "coordinates": [33.67112, 3.57976]}, "properties": {"code": "STR-KARE67270-01", "type": "Reinforced Concrete Bridge", "span": 24.5, "condition": "Fair", "district": "Karenga"}}, {"type": "Feature", "geometry": {"type": "Point", "coordinates": [33.69028, 3.61338]}, "properties": {"code": "STR-KARE67305-01", "type": "Concrete Box Culvert (Twin Cell)", "span": 4.5, "condition": "Fair", "district": "Karenga"}}, {"type": "Feature", "geometry": {"type": "Point", "coordinates": [33.66946, 3.60441]}, "properties": {"code": "STR-KARE67340-01", "type": "Concrete Box Culvert (Single Cell)", "span": 4.5, "condition": "Fair", "district": "Karenga"}}, {"type": "Feature", "geometry": {"type": "Point", "coordinates": [33.64567, 3.63211]}, "properties": {"code": "STR-KARE67375-01", "type": "Steel Composite Bridge / Drift", "span": 18.0, "condition": "Fair", "district": "Karenga"}}, {"type": "Feature", "geometry": {"type": "Point", "coordinates": [33.63939, 3.66208]}, "properties": {"code": "STR-KARE67410-01", "type": "Reinforced Concrete Bridge", "span": 24.5, "condition": "Fair", "district": "Karenga"}}, {"type": "Feature", "geometry": {"type": "Point", "coordinates": [33.64493, 3.63604]}, "properties": {"code": "STR-KARE67445-01", "type": "Concrete Box Culvert (Twin Cell)", "span": 4.5, "condition": "Fair", "district": "Karenga"}}, {"type": "Feature", "geometry": {"type": "Point", "coordinates": [33.64023, 3.66266]}, "properties": {"code": "STR-KARE67480-01", "type": "Concrete Box Culvert (Single Cell)", "span": 4.5, "condition": "Fair", "district": "Karenga"}}, {"type": "Feature", "geometry": {"type": "Point", "coordinates": [33.6718, 3.71498]}, "properties": {"code": "STR-KARE67515-01", "type": "Steel Composite Bridge / Drift", "span": 18.0, "condition": "Fair", "district": "Karenga"}}, {"type": "Feature", "geometry": {"type": "Point", "coordinates": [33.74509, 3.95771]}, "properties": {"code": "STR-KARE67550-01", "type": "Reinforced Concrete Bridge", "span": 24.5, "condition": "Fair", "district": "Karenga"}}, {"type": "Feature", "geometry": {"type": "Point", "coordinates": [34.23863, 3.78275]}, "properties": {"code": "STR-KAAB67585-01", "type": "Concrete Box Culvert (Twin Cell)", "span": 4.5, "condition": "Fair", "district": "Kaabong"}}, {"type": "Feature", "geometry": {"type": "Point", "coordinates": [34.26035, 3.64881]}, "properties": {"code": "STR-KAAB67620-01", "type": "Concrete Box Culvert (Single Cell)", "span": 4.5, "condition": "Fair", "district": "Kaabong"}}, {"type": "Feature", "geometry": {"type": "Point", "coordinates": [34.191, 3.59301]}, "properties": {"code": "STR-KAAB67655-01", "type": "Steel Composite Bridge / Drift", "span": 18.0, "condition": "Poor", "district": "Kaabong"}}, {"type": "Feature", "geometry": {"type": "Point", "coordinates": [34.18477, 3.62236]}, "properties": {"code": "STR-KAAB67690-01", "type": "Reinforced Concrete Bridge", "span": 24.5, "condition": "Poor", "district": "Kaabong"}}, {"type": "Feature", "geometry": {"type": "Point", "coordinates": [34.19232, 3.65064]}, "properties": {"code": "STR-KAAB67725-01", "type": "Concrete Box Culvert (Twin Cell)", "span": 4.5, "condition": "Poor", "district": "Kaabong"}}, {"type": "Feature", "geometry": {"type": "Point", "coordinates": [34.20973, 3.66805]}, "properties": {"code": "STR-KAAB67760-01", "type": "Concrete Box Culvert (Single Cell)", "span": 4.5, "condition": "Poor", "district": "Kaabong"}}, {"type": "Feature", "geometry": {"type": "Point", "coordinates": [34.16862, 3.68116]}, "properties": {"code": "STR-KAAB67795-01", "type": "Steel Composite Bridge / Drift", "span": 18.0, "condition": "Poor", "district": "Kaabong"}}, {"type": "Feature", "geometry": {"type": "Point", "coordinates": [34.24885, 3.73201]}, "properties": {"code": "STR-KAAB67830-01", "type": "Reinforced Concrete Bridge", "span": 24.5, "condition": "Poor", "district": "Kaabong"}}, {"type": "Feature", "geometry": {"type": "Point", "coordinates": [34.05411, 3.70288]}, "properties": {"code": "STR-KAAB67865-01", "type": "Concrete Box Culvert (Twin Cell)", "span": 4.5, "condition": "Poor", "district": "Kaabong"}}, {"type": "Feature", "geometry": {"type": "Point", "coordinates": [34.06698, 3.64979]}, "properties": {"code": "STR-KAAB67900-01", "type": "Concrete Box Culvert (Single Cell)", "span": 4.5, "condition": "Poor", "district": "Kaabong"}}, {"type": "Feature", "geometry": {"type": "Point", "coordinates": [33.9866, 3.67653]}, "properties": {"code": "STR-KAAB67935-01", "type": "Steel Composite Bridge / Drift", "span": 18.0, "condition": "Poor", "district": "Kaabong"}}, {"type": "Feature", "geometry": {"type": "Point", "coordinates": [34.0179, 3.58537]}, "properties": {"code": "STR-KAAB67970-01", "type": "Reinforced Concrete Bridge", "span": 24.5, "condition": "Poor", "district": "Kaabong"}}, {"type": "Feature", "geometry": {"type": "Point", "coordinates": [34.05959, 3.59588]}, "properties": {"code": "STR-KAAB68005-01", "type": "Concrete Box Culvert (Twin Cell)", "span": 4.5, "condition": "Poor", "district": "Kaabong"}}, {"type": "Feature", "geometry": {"type": "Point", "coordinates": [34.09093, 3.62569]}, "properties": {"code": "STR-KAAB68040-01", "type": "Concrete Box Culvert (Single Cell)", "span": 4.5, "condition": "Poor", "district": "Kaabong"}}, {"type": "Feature", "geometry": {"type": "Point", "coordinates": [34.11345, 3.6586]}, "properties": {"code": "STR-KAAB68075-01", "type": "Steel Composite Bridge / Drift", "span": 18.0, "condition": "Poor", "district": "Kaabong"}}, {"type": "Feature", "geometry": {"type": "Point", "coordinates": [34.16754, 3.63942]}, "properties": {"code": "STR-KAAB68110-01", "type": "Reinforced Concrete Bridge", "span": 24.5, "condition": "Poor", "district": "Kaabong"}}, {"type": "Feature", "geometry": {"type": "Point", "coordinates": [34.13784, 3.58714]}, "properties": {"code": "STR-KAAB68145-01", "type": "Concrete Box Culvert (Twin Cell)", "span": 4.5, "condition": "Poor", "district": "Kaabong"}}, {"type": "Feature", "geometry": {"type": "Point", "coordinates": [34.16146, 3.55032]}, "properties": {"code": "STR-KAAB68180-01", "type": "Concrete Box Culvert (Single Cell)", "span": 4.5, "condition": "Fair", "district": "Kaabong"}}, {"type": "Feature", "geometry": {"type": "Point", "coordinates": [34.13959, 3.55251]}, "properties": {"code": "STR-KAAB68215-01", "type": "Steel Composite Bridge / Drift", "span": 18.0, "condition": "Fair", "district": "Kaabong"}}, {"type": "Feature", "geometry": {"type": "Point", "coordinates": [34.12977, 3.54839]}, "properties": {"code": "STR-KAAB68250-01", "type": "Reinforced Concrete Bridge", "span": 24.5, "condition": "Poor", "district": "Kaabong"}}, {"type": "Feature", "geometry": {"type": "Point", "coordinates": [34.1353, 3.5218]}, "properties": {"code": "STR-KAAB68285-01", "type": "Concrete Box Culvert (Twin Cell)", "span": 4.5, "condition": "Poor", "district": "Kaabong"}}, {"type": "Feature", "geometry": {"type": "Point", "coordinates": [34.1492, 3.53049]}, "properties": {"code": "STR-KAAB68320-01", "type": "Concrete Box Culvert (Single Cell)", "span": 4.5, "condition": "Poor", "district": "Kaabong"}}, {"type": "Feature", "geometry": {"type": "Point", "coordinates": [34.15854, 3.52221]}, "properties": {"code": "STR-KAAB68355-01", "type": "Steel Composite Bridge / Drift", "span": 18.0, "condition": "Poor", "district": "Kaabong"}}, {"type": "Feature", "geometry": {"type": "Point", "coordinates": [34.15685, 3.51288]}, "properties": {"code": "STR-KAAB68390-01", "type": "Reinforced Concrete Bridge", "span": 24.5, "condition": "Poor", "district": "Kaabong"}}, {"type": "Feature", "geometry": {"type": "Point", "coordinates": [34.15612, 3.51073]}, "properties": {"code": "STR-KAAB68425-01", "type": "Concrete Box Culvert (Twin Cell)", "span": 4.5, "condition": "Poor", "district": "Kaabong"}}, {"type": "Feature", "geometry": {"type": "Point", "coordinates": [34.14976, 3.50504]}, "properties": {"code": "STR-KAAB68460-01", "type": "Concrete Box Culvert (Single Cell)", "span": 4.5, "condition": "Good", "district": "Kaabong"}}, {"type": "Feature", "geometry": {"type": "Point", "coordinates": [34.16375, 3.47401]}, "properties": {"code": "STR-KAAB68495-01", "type": "Steel Composite Bridge / Drift", "span": 18.0, "condition": "Poor", "district": "Kaabong"}}, {"type": "Feature", "geometry": {"type": "Point", "coordinates": [34.1533, 3.46915]}, "properties": {"code": "STR-KAAB68530-01", "type": "Reinforced Concrete Bridge", "span": 24.5, "condition": "Poor", "district": "Kaabong"}}, {"type": "Feature", "geometry": {"type": "Point", "coordinates": [34.12778, 3.48036]}, "properties": {"code": "STR-KAAB68565-01", "type": "Concrete Box Culvert (Twin Cell)", "span": 4.5, "condition": "Poor", "district": "Kaabong"}}, {"type": "Feature", "geometry": {"type": "Point", "coordinates": [31.72443, -0.34489]}, "properties": {"code": "STR-MASA68600-01", "type": "Concrete Box Culvert (Single Cell)", "span": 4.5, "condition": "Fair", "district": "Masaka"}}, {"type": "Feature", "geometry": {"type": "Point", "coordinates": [31.72285, -0.33588]}, "properties": {"code": "STR-MASA68635-01", "type": "Steel Composite Bridge / Drift", "span": 18.0, "condition": "Fair", "district": "Masaka"}}, {"type": "Feature", "geometry": {"type": "Point", "coordinates": [31.72142, -0.33176]}, "properties": {"code": "STR-MASA68670-01", "type": "Reinforced Concrete Bridge", "span": 24.5, "condition": "Fair", "district": "Masaka"}}, {"type": "Feature", "geometry": {"type": "Point", "coordinates": [31.70527, -0.32821]}, "properties": {"code": "STR-MASA68705-01", "type": "Concrete Box Culvert (Twin Cell)", "span": 4.5, "condition": "Fair", "district": "Masaka"}}, {"type": "Feature", "geometry": {"type": "Point", "coordinates": [31.6983, -0.33716]}, "properties": {"code": "STR-MASA68740-01", "type": "Concrete Box Culvert (Single Cell)", "span": 4.5, "condition": "Fair", "district": "Masaka"}}, {"type": "Feature", "geometry": {"type": "Point", "coordinates": [31.69373, -0.31485]}, "properties": {"code": "STR-LWEN68775-01", "type": "Steel Composite Bridge / Drift", "span": 18.0, "condition": "Poor", "district": "Lwengo"}}, {"type": "Feature", "geometry": {"type": "Point", "coordinates": [31.70918, -0.31737]}, "properties": {"code": "STR-MASA68810-01", "type": "Reinforced Concrete Bridge", "span": 24.5, "condition": "Fair", "district": "Masaka"}}, {"type": "Feature", "geometry": {"type": "Point", "coordinates": [31.69947, -0.29952]}, "properties": {"code": "STR-BUKO68845-01", "type": "Concrete Box Culvert (Twin Cell)", "span": 4.5, "condition": "Fair", "district": "Bukomansimbi"}}, {"type": "Feature", "geometry": {"type": "Point", "coordinates": [31.68186, -0.29392]}, "properties": {"code": "STR-BUKO68880-01", "type": "Concrete Box Culvert (Single Cell)", "span": 4.5, "condition": "Fair", "district": "Bukomansimbi"}}, {"type": "Feature", "geometry": {"type": "Point", "coordinates": [31.68259, -0.30853]}, "properties": {"code": "STR-LWEN68915-01", "type": "Steel Composite Bridge / Drift", "span": 18.0, "condition": "Fair", "district": "Lwengo"}}, {"type": "Feature", "geometry": {"type": "Point", "coordinates": [31.66105, -0.31412]}, "properties": {"code": "STR-LWEN68950-01", "type": "Reinforced Concrete Bridge", "span": 24.5, "condition": "Poor", "district": "Lwengo"}}, {"type": "Feature", "geometry": {"type": "Point", "coordinates": [31.67104, -0.34716]}, "properties": {"code": "STR-LWEN68985-01", "type": "Concrete Box Culvert (Twin Cell)", "span": 4.5, "condition": "Fair", "district": "Lwengo"}}, {"type": "Feature", "geometry": {"type": "Point", "coordinates": [31.67338, -0.32826]}, "properties": {"code": "STR-LWEN69020-01", "type": "Concrete Box Culvert (Single Cell)", "span": 4.5, "condition": "Fair", "district": "Lwengo"}}, {"type": "Feature", "geometry": {"type": "Point", "coordinates": [31.68299, -0.34016]}, "properties": {"code": "STR-LWEN69055-01", "type": "Steel Composite Bridge / Drift", "span": 18.0, "condition": "Fair", "district": "Lwengo"}}, {"type": "Feature", "geometry": {"type": "Point", "coordinates": [31.68193, -0.35863]}, "properties": {"code": "STR-LWEN69090-01", "type": "Reinforced Concrete Bridge", "span": 24.5, "condition": "Fair", "district": "Lwengo"}}, {"type": "Feature", "geometry": {"type": "Point", "coordinates": [31.68411, -0.36668]}, "properties": {"code": "STR-LWEN69125-01", "type": "Concrete Box Culvert (Twin Cell)", "span": 4.5, "condition": "Fair", "district": "Lwengo"}}, {"type": "Feature", "geometry": {"type": "Point", "coordinates": [31.67215, -0.35643]}, "properties": {"code": "STR-LWEN69160-01", "type": "Concrete Box Culvert (Single Cell)", "span": 4.5, "condition": "Fair", "district": "Lwengo"}}, {"type": "Feature", "geometry": {"type": "Point", "coordinates": [31.65782, -0.36465]}, "properties": {"code": "STR-LWEN69195-01", "type": "Steel Composite Bridge / Drift", "span": 18.0, "condition": "Fair", "district": "Lwengo"}}, {"type": "Feature", "geometry": {"type": "Point", "coordinates": [31.6662, -0.38376]}, "properties": {"code": "STR-MASA69230-01", "type": "Reinforced Concrete Bridge", "span": 24.5, "condition": "Fair", "district": "Masaka"}}, {"type": "Feature", "geometry": {"type": "Point", "coordinates": [31.64628, -0.3986]}, "properties": {"code": "STR-MASA69265-01", "type": "Concrete Box Culvert (Twin Cell)", "span": 4.5, "condition": "Poor", "district": "Masaka"}}, {"type": "Feature", "geometry": {"type": "Point", "coordinates": [31.65233, -0.39978]}, "properties": {"code": "STR-MASA69300-01", "type": "Concrete Box Culvert (Single Cell)", "span": 4.5, "condition": "Poor", "district": "Masaka"}}, {"type": "Feature", "geometry": {"type": "Point", "coordinates": [31.67846, -0.40398]}, "properties": {"code": "STR-MASA69335-01", "type": "Steel Composite Bridge / Drift", "span": 18.0, "condition": "Good", "district": "Masaka"}}, {"type": "Feature", "geometry": {"type": "Point", "coordinates": [31.68572, -0.38862]}, "properties": {"code": "STR-MASA69370-01", "type": "Reinforced Concrete Bridge", "span": 24.5, "condition": "Fair", "district": "Masaka"}}, {"type": "Feature", "geometry": {"type": "Point", "coordinates": [31.70034, -0.40168]}, "properties": {"code": "STR-MASA69405-01", "type": "Concrete Box Culvert (Twin Cell)", "span": 4.5, "condition": "Fair", "district": "Masaka"}}, {"type": "Feature", "geometry": {"type": "Point", "coordinates": [31.71096, -0.38177]}, "properties": {"code": "STR-MASA69440-01", "type": "Concrete Box Culvert (Single Cell)", "span": 4.5, "condition": "Fair", "district": "Masaka"}}, {"type": "Feature", "geometry": {"type": "Point", "coordinates": [31.69459, -0.37034]}, "properties": {"code": "STR-LWEN69475-01", "type": "Steel Composite Bridge / Drift", "span": 18.0, "condition": "Fair", "district": "Lwengo"}}, {"type": "Feature", "geometry": {"type": "Point", "coordinates": [31.71074, -0.36491]}, "properties": {"code": "STR-MASA69510-01", "type": "Reinforced Concrete Bridge", "span": 24.5, "condition": "Fair", "district": "Masaka"}}, {"type": "Feature", "geometry": {"type": "Point", "coordinates": [31.71764, -0.3714]}, "properties": {"code": "STR-MASA69545-01", "type": "Concrete Box Culvert (Twin Cell)", "span": 4.5, "condition": "Good", "district": "Masaka"}}, {"type": "Feature", "geometry": {"type": "Point", "coordinates": [31.71611, -0.37057]}, "properties": {"code": "STR-MASA69580-01", "type": "Concrete Box Culvert (Single Cell)", "span": 4.5, "condition": "Good", "district": "Masaka"}}, {"type": "Feature", "geometry": {"type": "Point", "coordinates": [31.7197, -0.35333]}, "properties": {"code": "STR-MASA69615-01", "type": "Steel Composite Bridge / Drift", "span": 18.0, "condition": "Poor", "district": "Masaka"}}, {"type": "Feature", "geometry": {"type": "Point", "coordinates": [31.72718, -0.35251]}, "properties": {"code": "STR-MASA69650-01", "type": "Reinforced Concrete Bridge", "span": 24.5, "condition": "Good", "district": "Masaka"}}, {"type": "Feature", "geometry": {"type": "Point", "coordinates": [31.73215, -0.35987]}, "properties": {"code": "STR-MASA69685-01", "type": "Concrete Box Culvert (Twin Cell)", "span": 4.5, "condition": "Fair", "district": "Masaka"}}, {"type": "Feature", "geometry": {"type": "Point", "coordinates": [31.73082, -0.36474]}, "properties": {"code": "STR-MASA69720-01", "type": "Concrete Box Culvert (Single Cell)", "span": 4.5, "condition": "Poor", "district": "Masaka"}}, {"type": "Feature", "geometry": {"type": "Point", "coordinates": [31.72965, -0.38888]}, "properties": {"code": "STR-MASA69755-01", "type": "Steel Composite Bridge / Drift", "span": 18.0, "condition": "Fair", "district": "Masaka"}}, {"type": "Feature", "geometry": {"type": "Point", "coordinates": [31.71385, -0.39158]}, "properties": {"code": "STR-MASA69790-01", "type": "Reinforced Concrete Bridge", "span": 24.5, "condition": "Poor", "district": "Masaka"}}, {"type": "Feature", "geometry": {"type": "Point", "coordinates": [31.73016, -0.39748]}, "properties": {"code": "STR-MASA69825-01", "type": "Concrete Box Culvert (Twin Cell)", "span": 4.5, "condition": "Fair", "district": "Masaka"}}, {"type": "Feature", "geometry": {"type": "Point", "coordinates": [31.72253, -0.40855]}, "properties": {"code": "STR-MASA69860-01", "type": "Concrete Box Culvert (Single Cell)", "span": 4.5, "condition": "Fair", "district": "Masaka"}}, {"type": "Feature", "geometry": {"type": "Point", "coordinates": [31.72187, -0.42081]}, "properties": {"code": "STR-MASA69895-01", "type": "Steel Composite Bridge / Drift", "span": 18.0, "condition": "Fair", "district": "Masaka"}}, {"type": "Feature", "geometry": {"type": "Point", "coordinates": [31.73449, -0.44806]}, "properties": {"code": "STR-MASA69930-01", "type": "Reinforced Concrete Bridge", "span": 24.5, "condition": "Fair", "district": "Masaka"}}, {"type": "Feature", "geometry": {"type": "Point", "coordinates": [31.71651, -0.44263]}, "properties": {"code": "STR-MASA69965-01", "type": "Concrete Box Culvert (Twin Cell)", "span": 4.5, "condition": "Fair", "district": "Masaka"}}, {"type": "Feature", "geometry": {"type": "Point", "coordinates": [31.71161, -0.44048]}, "properties": {"code": "STR-MASA70000-01", "type": "Concrete Box Culvert (Single Cell)", "span": 4.5, "condition": "Fair", "district": "Masaka"}}]}