{"type":"FeatureCollection","features":[{"type":"Feature","properties":{"name":"Matte - Sekanyonyi","functional_class":"Class C National Road","surface_type":"Unsealed","length_km":16.595,"road_no":"C261"},"geometry":{"type":"LineString","coordinates":[[32.19841,0.38135],[32.19611,0.38681],[32.19582,0.38971],[32.19354,0.39452],[32.19337,0.39649],[32.19398,0.4],[32.1965,0.4046],[32.19698,0.40829],[32.19799,0.40954],[32.19763,0.41089],[32.19658,0.41221],[32.19461,0.41326],[32.19299,0.41533],[32.18968,0.41566],[32.18719,0.41699],[32.18614,0.41979],[32.18492,0.42144],[32.18566,0.42662],[32.18406,0.43179],[32.1769,0.43847],[32.17649,0.43963],[32.17658,0.44333],[32.17351,0.44811],[32.17408,0.45247],[32.1735,0.45826],[32.1656,0.47037],[32.16114,0.47342],[32.1591,0.47745],[32.15695,0.48034],[32.15541,0.48607],[32.1536,0.48994],[32.15201,0.49141],[32.15062,0.49411],[32.14898,0.49584],[32.14456,0.49851],[32.13791,0.50098]]}},{"type":"Feature","properties":{"name":"Busabala-Kazi","functional_class":"Class C National Road","surface_type":"Unsealed","length_km":0.56,"road_no":"C151"},"geometry":{"type":"LineString","coordinates":[[32.61602,0.21231],[32.61649,0.20988],[32.6151,0.2078]]}},{"type":"Feature","properties":{"name":"Nyendo - Masaka","functional_class":"Class C National Road","surface_type":"Bituminous","length_km":5.398,"road_no":"C210"},"geometry":{"type":"LineString","coordinates":[[31.76388,-0.30855],[31.75933,-0.31818],[31.75202,-0.32701],[31.74709,-0.32939],[31.74473,-0.33249],[31.74167,-0.33452],[31.73728,-0.34116],[31.73636,-0.34381],[31.73513,-0.34409],[31.73462,-0.34298]]}},{"type":"Feature","properties":{"name":"Luwero-Kiwoko-Butalangu","functional_class":"Class C National Road","surface_type":"Unsealed","length_km":28.761,"road_no":"C306"},"geometry":{"type":"LineString","coordinates":[[32.49315,0.84215],[32.49204,0.84168],[32.48682,0.84565],[32.47493,0.84975],[32.47075,0.84848],[32.46654,0.84776],[32.46253,0.84773],[32.45404,0.84576],[32.45118,0.84707],[32.44733,0.84736],[32.43948,0.85039],[32.43485,0.85155],[32.42267,0.8523],[32.41614,0.84978],[32.40739,0.84721],[32.39632,0.84677],[32.38757,0.84533],[32.38305,0.84573],[32.37459,0.84473],[32.3686,0.84234],[32.3614,0.84492],[32.35805,0.84711],[32.34057,0.85531],[32.32753,0.85599],[32.31335,0.8535],[32.29968,0.84707],[32.28507,0.84376],[32.27288,0.83831],[32.25931,0.82821],[32.24267,0.82262]]}},{"type":"Feature","properties":{"name":"Lyantonde - Kaliro - Nabitanga - Ntusi","functional_class":"Class C National Road","surface_type":"Unsealed","length_km":44.311,"road_no":"C227"},"geometry":{"type":"LineString","coordinates":[[31.15412,-0.40532],[31.1522,-0.38861],[31.15083,-0.3821],[31.15098,-0.37192],[31.15318,-0.36705],[31.15185,-0.3627],[31.15323,-0.35468],[31.15157,-0.35039],[31.15134,-0.34807],[31.14919,-0.34442],[31.14928,-0.34106],[31.15074,-0.33183],[31.15168,-0.32967],[31.15178,-0.32285],[31.15367,-0.31561],[31.15562,-0.31164],[31.1574,-0.31007],[31.15947,-0.30713],[31.16125,-0.30656],[31.16251,-0.30489],[31.16107,-0.30402],[31.162,-0.29872],[31.16133,-0.29487],[31.16281,-0.2926],[31.16504,-0.26846],[31.16132,-0.25362],[31.16163,-0.24513],[31.15793,-0.22448],[31.15627,-0.21226],[31.15163,-0.19709],[31.1468,-0.15441],[31.14774,-0.132],[31.1492,-0.12237],[31.14618,-0.11483],[31.14639,-0.11214],[31.14586,-0.10765],[31.14371,-0.09553],[31.14187,-0.08834],[31.14048,-0.07718],[31.13903,-0.06985],[31.13751,-0.05407],[31.13761,-0.04966],[31.13618,-0.0433],[31.13629,-0.03627],[31.12872,-0.02133],[31.12877,-0.01917]]}},{"type":"Feature","properties":{"name":"Kasiso-Mazzi-Kalungi","functional_class":"Class C National Road","surface_type":"Unsealed","length_km":57.024,"road_no":"C332"},"geometry":{"type":"LineString","coordinates":[[32.52323,0.85988],[32.52652,0.86568],[32.53199,0.87303],[32.53656,0.87691],[32.54158,0.88018],[32.54991,0.88426],[32.56062,0.88604],[32.57171,0.89316],[32.5752,0.89426],[32.57859,0.89603],[32.58685,0.89827],[32.59058,0.89844],[32.59248,0.89947],[32.59377,0.90177],[32.60188,0.90943],[32.60463,0.91349],[32.60421,0.91553],[32.60287,0.91803],[32.60296,0.92126],[32.60778,0.9268],[32.60991,0.93215],[32.61272,0.93364],[32.61519,0.93644],[32.61831,0.94345],[32.61657,0.96335],[32.61667,0.96575],[32.61811,0.97171],[32.61812,0.97564],[32.61885,0.98019],[32.62387,0.99001],[32.62441,0.99341],[32.62687,1.00116],[32.62951,1.00717],[32.63047,1.01057],[32.63139,1.01153],[32.63565,1.01384],[32.6381,1.01696],[32.63947,1.02165],[32.64267,1.02428],[32.64177,1.03213],[32.64352,1.03943],[32.64631,1.04441],[32.64971,1.04882],[32.6514,1.05542],[32.65161,1.06884],[32.65304,1.07742],[32.65286,1.08401],[32.65124,1.0888],[32.6484,1.09278],[32.64819,1.09701],[32.64302,1.10536],[32.6391,1.10853],[32.63778,1.11113],[32.63766,1.11558],[32.63867,1.12267],[32.64061,1.12681],[32.64086,1.13171],[32.6434,1.14521],[32.6427,1.14807],[32.64039,1.15168],[32.63619,1.16076],[32.63458,1.16612],[32.64566,1.1826],[32.64504,1.18658],[32.64174,1.1902],[32.641,1.1926],[32.6421,1.2019],[32.64555,1.20977],[32.64713,1.21543],[32.6473,1.21851],[32.64631,1.22736],[32.64701,1.2369],[32.64766,1.23941],[32.65152,1.24623],[32.65714,1.25098],[32.6612,1.25587],[32.66123,1.26568],[32.65991,1.28232],[32.66054,1.28754],[32.66125,1.2891]]}},{"type":"Feature","properties":{"name":"Wakiso-Kassengejja- Matugga","functional_class":"Class C National Road","surface_type":"Unsealed","length_km":9.914,"road_no":"C193"},"geometry":{"type":"LineString","coordinates":[[32.48048,0.39803],[32.4825,0.39871],[32.49072,0.40541],[32.49306,0.41021],[32.49642,0.41394],[32.49764,0.41676],[32.49779,0.41966],[32.49679,0.42204],[32.49675,0.42411],[32.49791,0.43301],[32.50217,0.43957],[32.51178,0.44899],[32.5141,0.45644],[32.51784,0.45999],[32.52277,0.45985],[32.52685,0.45833],[32.5289,0.45945]]}},{"type":"Feature","properties":{"name":"Mubende-Biwanga","functional_class":"Class C National Road","surface_type":"Unsealed","length_km":4.879,"road_no":"C281"},"geometry":{"type":"LineString","coordinates":[[31.38599,0.56001],[31.38382,0.55985],[31.38081,0.5586],[31.36831,0.55554],[31.36416,0.55177],[31.35831,0.54826],[31.35449,0.54296],[31.35649,0.54044],[31.35649,0.53738]]}},{"type":"Feature","properties":{"name":"Kawolongojjo Railway Access","functional_class":"Class C National Road","surface_type":"Unsealed","length_km":2.56,"road_no":"C197"},"geometry":{"type":"LineString","coordinates":[[32.1855,0.37781],[32.18395,0.38798],[32.18408,0.39115],[32.18211,0.3956],[32.18231,0.40013]]}},{"type":"Feature","properties":{"name":"Zirobwe-Bamunanika","functional_class":"Class C National Road","surface_type":"Unsealed","length_km":11.501,"road_no":"C302"},"geometry":{"type":"LineString","coordinates":[[32.69885,0.68082],[32.69889,0.68207],[32.67943,0.67462],[32.66285,0.66637],[32.65831,0.6676],[32.65439,0.66693],[32.6521,0.6656],[32.64033,0.66123],[32.62502,0.66214],[32.61565,0.66583],[32.61387,0.66722],[32.61196,0.67012],[32.60901,0.67711]]}},{"type":"Feature","properties":{"name":"Madu-Kisozi-R.Katonga","functional_class":"Class C National Road","surface_type":"Bituminous","length_km":22.106,"road_no":"C166"},"geometry":{"type":"MultiLineString","coordinates":[[[31.66534,0.21404],[31.66141,0.20955],[31.65794,0.2036],[31.64752,0.18956],[31.64824,0.18364],[31.64469,0.17914],[31.63103,0.16638],[31.6177,0.15909],[31.61919,0.15609],[31.61849,0.1488],[31.61737,0.14577],[31.61496,0.14154],[31.61396,0.13618],[31.61223,0.13266],[31.61191,0.13016],[31.61353,0.12596],[31.61648,0.11477],[31.61899,0.10972],[31.61904,0.10563],[31.61381,0.09366],[31.61363,0.091],[31.61306,0.08989],[31.60351,0.08531],[31.58083,0.0763],[31.57147,0.06893]],[[31.57147,0.06893],[31.57037,0.06819]],[[31.57147,0.06893],[31.57038,0.06818]]]}},{"type":"Feature","properties":{"name":"Taba -Kyeesiga-Ddimo Landing site","functional_class":"Class C National Road","surface_type":"Unsealed","length_km":17.097,"road_no":"C223"},"geometry":{"type":"LineString","coordinates":[[31.69137,-0.55945],[31.69779,-0.56287],[31.70085,-0.56232],[31.7051,-0.56405],[31.70925,-0.56763],[31.71008,-0.56988],[31.7105,-0.57781],[31.71115,-0.57994],[31.71292,-0.58236],[31.71751,-0.59123],[31.71889,-0.59257],[31.72231,-0.59809],[31.73392,-0.60442],[31.74225,-0.61411],[31.74426,-0.61717],[31.75752,-0.63033],[31.76139,-0.63556],[31.77281,-0.64098],[31.78216,-0.64284],[31.79419,-0.64669],[31.79769,-0.65446]]}},{"type":"Feature","properties":{"name":"Namayumba - Kitalya Prison - Kamuli","functional_class":"Class C National Road","surface_type":"Unsealed","length_km":19.252,"road_no":"C187"},"geometry":{"type":"LineString","coordinates":[[32.26549,0.52278],[32.26502,0.52212],[32.26535,0.52058],[32.2648,0.51912],[32.26322,0.51861],[32.26061,0.51877],[32.25992,0.51828],[32.25692,0.50563],[32.25522,0.5009],[32.25315,0.49739],[32.24809,0.49075],[32.24706,0.48582],[32.2482,0.47965],[32.24865,0.4728],[32.24576,0.47034],[32.24541,0.46526],[32.24331,0.46026],[32.23967,0.45369],[32.23968,0.45203],[32.23816,0.44675],[32.23605,0.44398],[32.23577,0.44148],[32.23731,0.44039],[32.23743,0.43969],[32.23261,0.43742],[32.23195,0.43593],[32.23349,0.4305],[32.23832,0.42573],[32.24361,0.42295],[32.25088,0.41421],[32.25248,0.40966],[32.25222,0.40773],[32.24818,0.40511],[32.24605,0.39996],[32.24567,0.39478],[32.24638,0.39032],[32.24428,0.38272],[32.24524,0.38122],[32.24709,0.37979]]}},{"type":"Feature","properties":{"name":"Nazigo-Kireku-Nkokonjeru-Kitimbwa","functional_class":"Class C National Road","surface_type":"Unsealed","length_km":41.578,"road_no":"C003"},"geometry":{"type":"MultiLineString","coordinates":[[[32.93302,0.82416],[32.92449,0.83088],[32.90491,0.84084],[32.88912,0.84443],[32.88257,0.84675],[32.87893,0.8468]],[[32.98861,0.77475],[32.98562,0.77645],[32.98517,0.77731],[32.97796,0.77706],[32.97412,0.77943],[32.96995,0.77937],[32.96362,0.77848],[32.96249,0.77856],[32.95986,0.78037],[32.94947,0.78003],[32.93317,0.78582],[32.93534,0.79607],[32.93606,0.80255],[32.93708,0.80461],[32.93654,0.8072],[32.93399,0.81008],[32.93265,0.81346],[32.92946,0.81478],[32.9315,0.81816],[32.93322,0.81934],[32.93302,0.82416]],[[32.99037,0.64095],[32.99156,0.64193],[32.99641,0.64324],[32.99888,0.64499],[33.04003,0.67885],[33.04418,0.68325],[33.04369,0.68442],[33.04523,0.68963],[33.04626,0.69134],[33.04681,0.69438],[33.04563,0.69539],[33.04461,0.7043],[33.04315,0.70507],[33.04487,0.70939],[33.04533,0.71194],[33.04235,0.71607],[33.04361,0.71985],[33.03579,0.7236],[33.03895,0.72777],[33.03726,0.73082],[33.03736,0.73141],[33.03864,0.73364],[33.04108,0.73468],[33.04164,0.73596],[33.04085,0.74249],[33.04121,0.74504],[33.03938,0.7454],[33.03729,0.74409],[33.03576,0.74565],[33.03175,0.74754],[33.02458,0.74713],[33.01636,0.74876],[33.01165,0.74907],[33.01035,0.75059],[33.00799,0.75711],[33.00566,0.76021],[32.99973,0.7645],[32.99848,0.76685],[32.99697,0.76828],[32.99203,0.7707],[32.98865,0.77473]]]}},{"type":"Feature","properties":{"name":"Mpigi-Kasanje-Buwaya","functional_class":"Class C National Road","surface_type":"Unsealed","length_km":19.789,"road_no":"C160"},"geometry":{"type":"LineString","coordinates":[[32.33346,0.21923],[32.33868,0.21738],[32.34091,0.21606],[32.34651,0.20852],[32.35192,0.20769],[32.35637,0.20539],[32.3602,0.20532],[32.36206,0.2032],[32.36293,0.20054],[32.36647,0.19786],[32.36857,0.19415],[32.37308,0.19044],[32.37716,0.18414],[32.38293,0.17317],[32.38979,0.16488],[32.3905,0.16091],[32.3951,0.15846],[32.39952,0.15305],[32.39951,0.1514],[32.39762,0.14925],[32.39745,0.14688],[32.39941,0.1406],[32.40832,0.1285],[32.41617,0.11676],[32.41847,0.11258],[32.41949,0.10883],[32.42057,0.10681],[32.42232,0.10474],[32.42633,0.1039],[32.42853,0.10282],[32.43676,0.09366],[32.43898,0.08991]]}},{"type":"Feature","properties":{"name":"Kalungu - Mityegonga","functional_class":"Class C National Road","surface_type":"Unsealed","length_km":9.315,"road_no":"C215"},"geometry":{"type":"LineString","coordinates":[[31.7409,-0.01049],[31.74151,-0.00608],[31.74555,0.0107],[31.74751,0.02228],[31.74856,0.03396],[31.74967,0.07283]]}},{"type":"Feature","properties":{"name":"Madu - Kasambya","functional_class":"Class C National Road","surface_type":"Unsealed","length_km":36.155,"road_no":"C162"},"geometry":{"type":"LineString","coordinates":[[31.66761,0.21586],[31.66522,0.21397],[31.65836,0.21185],[31.64553,0.20829],[31.63919,0.20781],[31.62821,0.20391],[31.61954,0.20418],[31.60603,0.20073],[31.6007,0.20039],[31.59327,0.19816],[31.5836,0.19731],[31.57946,0.19504],[31.56578,0.18945],[31.5609,0.18895],[31.55012,0.18454],[31.53687,0.18257],[31.5303,0.18328],[31.51237,0.18218],[31.47202,0.18693],[31.44849,0.19089],[31.42697,0.19974],[31.41709,0.20476],[31.39631,0.21314],[31.38595,0.21802],[31.3773,0.22045],[31.37234,0.22085],[31.35732,0.22559]]}},{"type":"Feature","properties":{"name":"Masaka army barracks","functional_class":"Class C National Road","surface_type":"Unsealed","length_km":1.018,"road_no":"C219"},"geometry":{"type":"LineString","coordinates":[[31.73792,-0.32533],[31.72921,-0.32266]]}},{"type":"Feature","properties":{"name":"Sasira-Namika","functional_class":"Class C National Road","surface_type":"Unsealed","length_km":22.082,"road_no":"C318"},"geometry":{"type":"LineString","coordinates":[[32.42641,1.3257],[32.42622,1.32825],[32.427,1.33212],[32.42401,1.34443],[32.42471,1.3461],[32.4313,1.35405],[32.43463,1.36321],[32.43514,1.36628],[32.43761,1.36746],[32.43921,1.37109],[32.44033,1.37804],[32.44189,1.38154],[32.44132,1.39079],[32.44201,1.39509],[32.44225,1.40824],[32.44158,1.41295],[32.43745,1.42231],[32.43537,1.42929],[32.43427,1.43164],[32.43058,1.43527],[32.4296,1.44411],[32.42848,1.44632],[32.42681,1.45422],[32.42445,1.45917],[32.42326,1.46603],[32.42188,1.46914],[32.42232,1.47231],[32.42187,1.47571],[32.42227,1.4792],[32.42427,1.48946],[32.42555,1.49341],[32.42576,1.49605],[32.42476,1.50688],[32.42268,1.51097],[32.41922,1.51504]]}},{"type":"Feature","properties":{"name":"Buloba - Wakiso","functional_class":"Class C National Road","surface_type":"Unsealed","length_km":8.869,"road_no":"C182"},"geometry":{"type":"LineString","coordinates":[[32.46845,0.32722],[32.46758,0.33222],[32.4676,0.33542],[32.46852,0.33776],[32.47021,0.34018],[32.47057,0.34202],[32.47056,0.34883],[32.46969,0.3529],[32.46905,0.36063],[32.47077,0.36667],[32.47328,0.37063],[32.47312,0.37475],[32.47466,0.38554],[32.47431,0.39018],[32.47187,0.39574],[32.47328,0.39579],[32.47777,0.39801],[32.47982,0.39823]]}},{"type":"Feature","properties":{"name":"Bugungu Prisons Access","functional_class":"Class C National Road","surface_type":"Unsealed","length_km":3.523,"road_no":"C034"},"geometry":{"type":"LineString","coordinates":[[33.17376,0.39589],[33.18228,0.39497],[33.18583,0.39548],[33.18888,0.39773],[33.19085,0.39538],[33.19361,0.39776],[33.19904,0.39491],[33.19955,0.39216]]}},{"type":"Feature","properties":{"name":"Myanzi - Kasanda","functional_class":"Class C National Road","surface_type":"Unsealed","length_km":16.86,"road_no":"C273"},"geometry":{"type":"LineString","coordinates":[[31.91077,0.43699],[31.91143,0.43897],[31.91162,0.44664],[31.91073,0.44963],[31.9084,0.4514],[31.90554,0.45261],[31.90005,0.45866],[31.89723,0.46382],[31.88753,0.47269],[31.88285,0.47586],[31.88004,0.47971],[31.87836,0.48057],[31.87726,0.48181],[31.87559,0.48771],[31.87424,0.49794],[31.87329,0.49966],[31.87012,0.50287],[31.86442,0.50635],[31.85651,0.50837],[31.85385,0.50991],[31.85102,0.51301],[31.85012,0.51599],[31.84767,0.51891],[31.8444,0.52007],[31.83819,0.5238],[31.83287,0.52903],[31.82436,0.53977],[31.8201,0.546]]}},{"type":"Feature","properties":{"name":"Myanzi loop","functional_class":"Class C National Road","surface_type":"Unsealed","length_km":1.839,"road_no":"C263"},"geometry":{"type":"LineString","coordinates":[[31.91028,0.43696],[31.90755,0.43299],[31.90552,0.43164],[31.89964,0.43192],[31.89744,0.43286],[31.8975,0.43361]]}},{"type":"Feature","properties":{"name":"Matugga - Semuto - Kapeka","functional_class":"Class C National Road","surface_type":"Bituminous","length_km":39.679,"road_no":"C154"},"geometry":{"type":"LineString","coordinates":[[32.52137,0.46568],[32.51953,0.46547],[32.51774,0.46591],[32.51095,0.47286],[32.49762,0.47622],[32.49402,0.48119],[32.48746,0.48586],[32.48146,0.4916],[32.47754,0.49263],[32.46937,0.50253],[32.45388,0.52428],[32.4525,0.5317],[32.44877,0.53787],[32.44801,0.54081],[32.4431,0.54259],[32.43942,0.5474],[32.43747,0.54884],[32.43379,0.54951],[32.43149,0.55062],[32.42863,0.55401],[32.42212,0.55998],[32.41081,0.56933],[32.40438,0.57537],[32.40376,0.57812],[32.40296,0.57941],[32.39886,0.58202],[32.39526,0.58186],[32.39359,0.58253],[32.38864,0.58588],[32.38268,0.59384],[32.37511,0.59705],[32.3708,0.59732],[32.34945,0.6111],[32.3473,0.61502],[32.3412,0.61379],[32.33555,0.61465],[32.33121,0.6194],[32.32862,0.62034],[32.32346,0.6243],[32.32057,0.62573],[32.31586,0.63177],[32.30552,0.63724],[32.29882,0.6421],[32.29684,0.64465],[32.29303,0.64584],[32.27838,0.65543],[32.26381,0.66153],[32.2575,0.66578],[32.25482,0.66666],[32.25075,0.67043]]}},{"type":"Feature","properties":{"name":"Bukakata - Lambu Port","functional_class":"Class C National Road","surface_type":"Bituminous","length_km":4.979,"road_no":"C212"},"geometry":{"type":"LineString","coordinates":[[31.99605,-0.30634],[32.00244,-0.3064],[32.00426,-0.30537],[32.02953,-0.29811],[32.03164,-0.2983],[32.03419,-0.2998],[32.03712,-0.30273]]}},{"type":"Feature","properties":{"name":"Nakasongola - Airbase","functional_class":"Class C National Road","surface_type":"Bituminous","length_km":6.699,"road_no":"C309"},"geometry":{"type":"LineString","coordinates":[[32.46531,1.31676],[32.46681,1.31989],[32.48204,1.37469]]}},{"type":"Feature","properties":{"name":"Katikamu - Kikyusa","functional_class":"Class C National Road","surface_type":"Unsealed","length_km":16.881,"road_no":"C313"},"geometry":{"type":"LineString","coordinates":[[32.52737,0.73141],[32.52789,0.73222],[32.52768,0.73362],[32.52984,0.73603],[32.53311,0.73724],[32.53998,0.7382],[32.54471,0.73958],[32.54849,0.74147],[32.5538,0.74555],[32.55789,0.75312],[32.56292,0.75597],[32.56602,0.75995],[32.56692,0.7618],[32.56775,0.76566],[32.57388,0.77856],[32.58175,0.78938],[32.58526,0.79261],[32.59627,0.79867],[32.60111,0.80393],[32.61712,0.81609],[32.62751,0.82678],[32.63119,0.83355]]}},{"type":"Feature","properties":{"name":"Nyenga-Buikwe","functional_class":"Class C National Road","surface_type":"Unsealed","length_km":14.709,"road_no":"C029"},"geometry":{"type":"LineString","coordinates":[[33.14557,0.37936],[33.14236,0.38132],[33.13956,0.38077],[33.13226,0.37697],[33.13097,0.3754],[33.12689,0.37534],[33.12113,0.37162],[33.11883,0.37241],[33.11573,0.37521],[33.11403,0.37588],[33.11,0.37544],[33.10642,0.3736],[33.10379,0.37288],[33.10119,0.37273],[33.09615,0.3734],[33.09374,0.37293],[33.09124,0.37159],[33.0886,0.36616],[33.0866,0.3643],[33.07857,0.36135],[33.06911,0.36223],[33.06584,0.36167],[33.06061,0.35927],[33.05615,0.35588],[33.04942,0.35554],[33.04124,0.35286],[33.03859,0.35103],[33.03393,0.34602],[33.0294,0.34423]]}},{"type":"Feature","properties":{"name":"Mukoko-Birinzi-Ssunga","functional_class":"Class C National Road","surface_type":"Unsealed","length_km":12.763,"road_no":"C234"},"geometry":{"type":"LineString","coordinates":[[31.84423,-0.20212],[31.84402,-0.20484],[31.84543,-0.20678],[31.84993,-0.21086],[31.85476,-0.221],[31.8551,-0.22496],[31.85423,-0.22884],[31.85499,-0.23493],[31.85444,-0.23861],[31.85474,-0.24286],[31.85572,-0.24601],[31.85571,-0.25787],[31.86536,-0.26636],[31.87381,-0.27827],[31.8743,-0.28093],[31.87761,-0.28652],[31.87876,-0.29302],[31.8796,-0.29539],[31.88094,-0.29714],[31.88195,-0.30263],[31.88271,-0.30386],[31.88361,-0.30418]]}},{"type":"Feature","properties":{"name":"Zirobwe - Lwajjali - Kasawo - Kabimbiri","functional_class":"Class C National Road","surface_type":"Unsealed","length_km":22.974,"road_no":"C046"},"geometry":{"type":"LineString","coordinates":[[32.83462,0.63527],[32.83446,0.63719],[32.83528,0.64133],[32.8344,0.64554],[32.83559,0.64868],[32.83776,0.65106],[32.83791,0.654],[32.83701,0.6547],[32.83625,0.65643],[32.83468,0.65713],[32.83338,0.65902],[32.83097,0.66112],[32.82488,0.66255],[32.826,0.66873],[32.82636,0.67693],[32.82372,0.67764],[32.82187,0.68009],[32.81998,0.67998],[32.81784,0.68067],[32.80977,0.68456],[32.80645,0.68996],[32.80076,0.69417],[32.79563,0.70887],[32.79484,0.70979],[32.79207,0.71124],[32.78883,0.71104],[32.77086,0.71503],[32.75692,0.71672],[32.75157,0.71127],[32.74753,0.70809],[32.74537,0.70534],[32.73199,0.70026],[32.71859,0.69638],[32.71275,0.69044],[32.70361,0.68397],[32.70094,0.68293]]}},{"type":"Feature","properties":{"name":"Lukolo-Bunjako","functional_class":"Class C National Road","surface_type":"Unsealed","length_km":13.855,"road_no":"C200"},"geometry":{"type":"LineString","coordinates":[[32.09734,-0.01134],[32.09761,-0.01273],[32.09962,-0.01564],[32.10967,-0.03453],[32.11219,-0.03778],[32.11229,-0.03926],[32.11338,-0.04094],[32.11322,-0.04307],[32.1138,-0.04497],[32.11634,-0.04827],[32.11708,-0.0506],[32.11905,-0.05209],[32.12103,-0.05278],[32.12618,-0.05326],[32.12852,-0.05556],[32.13178,-0.05646],[32.13702,-0.05658],[32.13921,-0.05747],[32.14117,-0.05751],[32.14567,-0.05949],[32.14773,-0.06178],[32.15304,-0.0644],[32.16215,-0.06685],[32.16273,-0.06877],[32.16368,-0.06954],[32.16765,-0.06793],[32.1725,-0.06862],[32.18062,-0.06792],[32.18573,-0.06864],[32.18665,-0.06949],[32.18639,-0.07137]]}},{"type":"Feature","properties":{"name":"Kisule - Nakaseke - Kapeeka","functional_class":"Class C National Road","surface_type":"Unsealed","length_km":34.106,"road_no":"C304"},"geometry":{"type":"LineString","coordinates":[[32.51928,0.73829],[32.51759,0.73797],[32.51392,0.73856],[32.50759,0.73588],[32.50198,0.73434],[32.50024,0.73047],[32.49724,0.72595],[32.4928,0.72419],[32.4918,0.72249],[32.48552,0.72296],[32.47565,0.72551],[32.47256,0.72836],[32.46807,0.73138],[32.46464,0.73712],[32.46062,0.73897],[32.45873,0.73871],[32.45118,0.73342],[32.44864,0.73386],[32.44391,0.7362],[32.43683,0.7354],[32.43262,0.73645],[32.42668,0.73619],[32.42079,0.73281],[32.41753,0.7301],[32.41373,0.72891],[32.40476,0.72468],[32.39982,0.72098],[32.38666,0.71662],[32.37405,0.71174],[32.3697,0.71114],[32.36579,0.70925],[32.36116,0.706],[32.35282,0.70324],[32.3425,0.70086],[32.32351,0.70122],[32.31775,0.69964],[32.31603,0.7005],[32.31071,0.70009],[32.30277,0.70163],[32.2987,0.70177],[32.27999,0.69403],[32.26653,0.6928],[32.25642,0.69284],[32.25192,0.68328],[32.25028,0.68244],[32.24863,0.68262],[32.24653,0.68189]]}},{"type":"Feature","properties":{"name":"Matete - Mbirizi","functional_class":"Class C National Road","surface_type":"Unsealed","length_km":17.309,"road_no":"C166"},"geometry":{"type":"LineString","coordinates":[[31.48999,-0.24438],[31.48918,-0.25373],[31.48453,-0.28228],[31.48258,-0.28994],[31.4806,-0.29443],[31.47626,-0.31049],[31.47373,-0.32063],[31.47131,-0.33387],[31.47627,-0.35197],[31.47499,-0.35471],[31.46987,-0.36069],[31.46307,-0.37048],[31.46152,-0.38157],[31.46139,-0.39079]]}},{"type":"Feature","properties":{"name":"Kyabakuza - Kyogya - Matete","functional_class":"Class C National Road","surface_type":"Unsealed","length_km":30.297,"road_no":"C226"},"geometry":{"type":"LineString","coordinates":[[31.7075,-0.3392],[31.70843,-0.33675],[31.70828,-0.33465],[31.70355,-0.33166],[31.70102,-0.32815],[31.68882,-0.32123],[31.68415,-0.32036],[31.68345,-0.31983],[31.68152,-0.31701],[31.68132,-0.31312],[31.67861,-0.30975],[31.67682,-0.30904],[31.67224,-0.30443],[31.6685,-0.29971],[31.66759,-0.29638],[31.66377,-0.28871],[31.66189,-0.28555],[31.65884,-0.2827],[31.65789,-0.27955],[31.65526,-0.27557],[31.65014,-0.27087],[31.64777,-0.26931],[31.64398,-0.26496],[31.63823,-0.265],[31.62663,-0.26276],[31.61544,-0.26292],[31.61279,-0.26343],[31.60786,-0.26541],[31.59861,-0.26293],[31.5929,-0.2651],[31.58139,-0.26242],[31.58017,-0.26155],[31.57836,-0.25433],[31.57655,-0.25079],[31.57326,-0.24857],[31.56292,-0.24351],[31.5594,-0.2444],[31.55487,-0.24664],[31.54017,-0.24592],[31.52412,-0.24851],[31.48959,-0.24209]]}},{"type":"Feature","properties":{"name":"Lugasa - Najja","functional_class":"Class C National Road","surface_type":"Bituminous","length_km":10.408,"road_no":"C025"},"geometry":{"type":"LineString","coordinates":[[33.03142,0.26992],[33.03373,0.27068],[33.03992,0.27087],[33.04425,0.27244],[33.05039,0.27537],[33.05452,0.27989],[33.05559,0.28036],[33.06162,0.27966],[33.07481,0.28281],[33.08112,0.28472],[33.08141,0.28752],[33.09038,0.28942],[33.09154,0.29071],[33.09272,0.29414],[33.0964,0.29774],[33.09664,0.29971],[33.09599,0.3032],[33.09668,0.30541],[33.09805,0.30764],[33.10207,0.31198]]}},{"type":"Feature","properties":{"name":"Kawuku - Bwerenga","functional_class":"Class C National Road","surface_type":"Unsealed","length_km":6.573,"road_no":"C172"},"geometry":{"type":"LineString","coordinates":[[32.53887,0.13835],[32.53971,0.13778],[32.54251,0.13912],[32.54468,0.13855],[32.55341,0.13062],[32.55639,0.12977],[32.56192,0.13278],[32.56377,0.1348],[32.57428,0.1386],[32.58316,0.13937],[32.5873,0.13697],[32.58891,0.13544],[32.58903,0.13417]]}},{"type":"Feature","properties":{"name":"Luku Pier - Kalangala HQ","functional_class":"Class C National Road","surface_type":"Unsealed","length_km":34.652,"road_no":"C229"},"geometry":{"type":"LineString","coordinates":[[32.06721,-0.2484],[32.06708,-0.25248],[32.06969,-0.25759],[32.07304,-0.25586],[32.07873,-0.25419],[32.08379,-0.25611],[32.10024,-0.25857],[32.10939,-0.25839],[32.11342,-0.26007],[32.11646,-0.25919],[32.12009,-0.25909],[32.12346,-0.25782],[32.12827,-0.25846],[32.13059,-0.25931],[32.13556,-0.26508],[32.14032,-0.27358],[32.14122,-0.2745],[32.14354,-0.27546],[32.14677,-0.28038],[32.14696,-0.28163],[32.14495,-0.28464],[32.14584,-0.28752],[32.14537,-0.29353],[32.14677,-0.29732],[32.1466,-0.30075],[32.15286,-0.3134],[32.15475,-0.3153],[32.16122,-0.31715],[32.16405,-0.31968],[32.16706,-0.31999],[32.17319,-0.31794],[32.17547,-0.31914],[32.18206,-0.32105],[32.18463,-0.32074],[32.18638,-0.31973],[32.19138,-0.31981],[32.19381,-0.31925],[32.20035,-0.32016],[32.21759,-0.32028],[32.22015,-0.31974],[32.22352,-0.32026],[32.23522,-0.31806],[32.24146,-0.32087],[32.24069,-0.32477],[32.24135,-0.32603],[32.24579,-0.32688],[32.25303,-0.32656],[32.25485,-0.32694],[32.26942,-0.32566],[32.2721,-0.32464],[32.28528,-0.32332],[32.29054,-0.32207],[32.29522,-0.32021],[32.29872,-0.31755],[32.29499,-0.31578],[32.29083,-0.31604],[32.29342,-0.31421],[32.29293,-0.31115],[32.29221,-0.31031]]}},{"type":"Feature","properties":{"name":"Lugasa - Buikwe","functional_class":"Class C National Road","surface_type":"Unsealed","length_km":8.723,"road_no":"C040"},"geometry":{"type":"LineString","coordinates":[[33.03147,0.26987],[33.03247,0.27415],[33.03177,0.28257],[33.03354,0.28939],[33.03007,0.30142],[33.0286,0.30375],[33.0255,0.30699],[33.03064,0.32067],[33.03054,0.3278],[33.02932,0.33009],[33.0282,0.33427],[33.02888,0.33776],[33.03027,0.34085],[33.0294,0.34423]]}},{"type":"Feature","properties":{"name":"Nakawuka - Kasanje","functional_class":"Class C National Road","surface_type":"Unsealed","length_km":9.452,"road_no":"C195"},"geometry":{"type":"LineString","coordinates":[[32.46239,0.18847],[32.45377,0.18818],[32.44934,0.18585],[32.44551,0.18225],[32.44418,0.17827],[32.4426,0.17579],[32.43898,0.17253],[32.43622,0.1721],[32.4297,0.17324],[32.4254,0.17098],[32.42226,0.17123],[32.42039,0.17034],[32.41947,0.16928],[32.41921,0.1679],[32.41924,0.15949],[32.41201,0.15329],[32.40918,0.15206],[32.4017,0.15371],[32.39952,0.15298]]}},{"type":"Feature","properties":{"name":"Zirobwe -Kikyusa - Luweero","functional_class":"Class C National Road","surface_type":"Unsealed","length_km":37.188,"road_no":"C301"},"geometry":{"type":"LineString","coordinates":[[32.69889,0.68207],[32.70101,0.68312],[32.69752,0.68914],[32.6966,0.69481],[32.69377,0.7032],[32.69107,0.72353],[32.68993,0.72709],[32.68785,0.72956],[32.68612,0.73448],[32.6831,0.73922],[32.6801,0.75142],[32.67811,0.75629],[32.67633,0.76371],[32.67182,0.77669],[32.66991,0.78558],[32.66986,0.79286],[32.66272,0.80439],[32.6583,0.80932],[32.6503,0.81493],[32.64614,0.81946],[32.64621,0.82875],[32.64577,0.83179],[32.64414,0.83663],[32.63952,0.83392],[32.63123,0.83355],[32.62604,0.83575],[32.60993,0.83951],[32.60539,0.84116],[32.59372,0.84341],[32.5745,0.84596],[32.56734,0.85002],[32.55987,0.85285],[32.5519,0.85739],[32.53545,0.86257],[32.52236,0.85937],[32.51536,0.85296],[32.50187,0.83508],[32.49934,0.83323]]}},{"type":"Feature","properties":{"name":"MatalaMaria Loop","functional_class":"Class C National Road","surface_type":"Unsealed","length_km":4.303,"road_no":"C164"},"geometry":{"type":"LineString","coordinates":[[32.14264,0.08802],[32.13695,0.08717],[32.12621,0.08683],[32.12024,0.0838],[32.11942,0.08301],[32.11912,0.08145],[32.1194,0.07777],[32.11527,0.07069],[32.1158,0.06989]]}},{"type":"Feature","properties":{"name":"Lusakalwamese - Bikira","functional_class":"Class C National Road","surface_type":"Unsealed","length_km":24.712,"road_no":"C221"},"geometry":{"type":"LineString","coordinates":[[31.67907,-0.54871],[31.68143,-0.55345],[31.68743,-0.55604],[31.69138,-0.55949],[31.69181,-0.56283],[31.69048,-0.56821],[31.69071,-0.5734],[31.69014,-0.58089],[31.68905,-0.58359],[31.68726,-0.58553],[31.68324,-0.58941],[31.67838,-0.5926],[31.66682,-0.61539],[31.6649,-0.6222],[31.65562,-0.63745],[31.6467,-0.65351],[31.64533,-0.65501],[31.64358,-0.65512],[31.63685,-0.65251],[31.63362,-0.65228],[31.63204,-0.65314],[31.63002,-0.65146],[31.62797,-0.65072],[31.62305,-0.65001],[31.60681,-0.64578],[31.60339,-0.64568],[31.59855,-0.64427],[31.59073,-0.64312],[31.58687,-0.64201],[31.58551,-0.64108],[31.57472,-0.62836],[31.5686,-0.62371],[31.56725,-0.62424],[31.56371,-0.61864]]}},{"type":"Feature","properties":{"name":"Nakasongola - Lwampanga - Zengebe Access","functional_class":"Class C National Road","surface_type":"Unsealed","length_km":31.981,"road_no":"C326"},"geometry":{"type":"LineString","coordinates":[[32.48147,1.37264],[32.483,1.37257],[32.48497,1.37474],[32.48944,1.37669],[32.51302,1.3818],[32.51987,1.38373],[32.52202,1.38512],[32.52444,1.38769],[32.53023,1.38633],[32.55011,1.39027],[32.56034,1.39285],[32.57391,1.39237],[32.57756,1.39065],[32.57972,1.39079],[32.58033,1.39158],[32.57684,1.39973],[32.57385,1.40211],[32.56568,1.40423],[32.56195,1.40178],[32.55873,1.40179],[32.55717,1.40333],[32.5549,1.40445],[32.54956,1.41242],[32.54653,1.4209],[32.54549,1.42546],[32.54505,1.42825],[32.54576,1.43281],[32.54196,1.43844],[32.5378,1.44149],[32.53034,1.44588],[32.50406,1.46901],[32.51066,1.50373],[32.50093,1.50941],[32.47643,1.5167],[32.46099,1.51827],[32.44455,1.5184],[32.43536,1.51968],[32.42192,1.51587]]}},{"type":"Feature","properties":{"name":"Gobero-Segenga-Kakonda","functional_class":"Class C National Road","surface_type":"Unsealed","length_km":14.357,"road_no":"C185"},"geometry":{"type":"LineString","coordinates":[[32.31258,0.49029],[32.31385,0.49004],[32.31348,0.49287],[32.31446,0.49476],[32.31466,0.49869],[32.31402,0.50282],[32.31742,0.5047],[32.31866,0.50612],[32.32127,0.51135],[32.32257,0.51631],[32.3272,0.51584],[32.32996,0.51793],[32.33092,0.52109],[32.33255,0.52285],[32.33399,0.52545],[32.33986,0.52741],[32.34111,0.53032],[32.3451,0.5321],[32.34264,0.53666],[32.33915,0.54122],[32.33939,0.54329],[32.33903,0.54412],[32.33568,0.5453],[32.33461,0.54855],[32.33132,0.54963],[32.32955,0.55176],[32.32044,0.55721],[32.31823,0.56199],[32.32031,0.5672],[32.31992,0.57188],[32.3213,0.57514],[32.32142,0.57703],[32.31776,0.57801],[32.31398,0.57804]]}},{"type":"Feature","properties":{"name":"Mukono Railway access off Mukono - Kyetu","functional_class":"Class C National Road","surface_type":"Unsealed","length_km":2.202,"road_no":"C037"},"geometry":{"type":"LineString","coordinates":[[32.78005,0.29992],[32.78884,0.29889],[32.79248,0.29691],[32.79706,0.30172]]}},{"type":"Feature","properties":{"name":"Kayindu-Kalagala-Kyabakadde","functional_class":"Class C National Road","surface_type":"Unsealed","length_km":27.65,"road_no":"C329"},"geometry":{"type":"MultiLineString","coordinates":[[[32.6587,0.58835],[32.66616,0.58461],[32.67212,0.58476],[32.67495,0.58195],[32.68075,0.56851],[32.68401,0.56369],[32.68796,0.55905],[32.69044,0.55319],[32.69287,0.55082],[32.69205,0.54607],[32.69003,0.54021],[32.69004,0.53517],[32.70002,0.52998],[32.70128,0.52875],[32.70221,0.52714],[32.70305,0.52366],[32.70469,0.51354],[32.70629,0.51024],[32.71212,0.50727],[32.71541,0.50339],[32.72621,0.50044],[32.72778,0.49955],[32.72959,0.49757]],[[32.61608,0.61129],[32.64221,0.60237],[32.64768,0.59868],[32.65219,0.59693],[32.65708,0.59144],[32.6585,0.58867]],[[32.56113,0.6451],[32.5664,0.63756],[32.56811,0.63341],[32.57063,0.63064],[32.57347,0.62595],[32.58567,0.62157],[32.58925,0.62143],[32.59226,0.61793],[32.59665,0.61549],[32.60409,0.61527],[32.61465,0.61176]]]}},{"type":"Feature","properties":{"name":"Kayabwe - Nkozi - Kinyika - Ngando - Wab","functional_class":"Class C National Road","surface_type":"Unsealed","length_km":38.574,"road_no":"C190"},"geometry":{"type":"LineString","coordinates":[[32.03118,-0.01266],[32.03059,-0.00617],[32.02924,-0.006],[32.02429,-0.0069],[32.02067,-0.00158],[32.01548,-0.0034],[32.01444,-0.00193],[32.00958,0.00173],[32.00483,0.01444],[31.99935,0.0202],[31.99968,0.02539],[32.00093,0.03215],[31.99465,0.03725],[31.99096,0.03999],[31.98556,0.04286],[31.98074,0.04364],[31.97929,0.045],[31.97838,0.0471],[31.97508,0.04889],[31.97184,0.05174],[31.96979,0.0527],[31.9543,0.06634],[31.92791,0.07609],[31.91697,0.07555],[31.91371,0.08209],[31.90989,0.08682],[31.90904,0.08949],[31.91283,0.09634],[31.9132,0.09902],[31.91821,0.10519],[31.91717,0.10611],[31.90669,0.10983],[31.89634,0.11248],[31.88678,0.11651],[31.87814,0.11837],[31.87236,0.12066],[31.86851,0.12159],[31.85839,0.12019],[31.84214,0.12019],[31.83918,0.11957],[31.82969,0.11423],[31.82225,0.11354],[31.81782,0.12877],[31.81723,0.13298],[31.81855,0.1394],[31.81719,0.14456],[31.81777,0.14669],[31.81761,0.14797],[31.81445,0.15498],[31.81207,0.15738]]}},{"type":"Feature","properties":{"name":"Kabamba/ Karama army barracks off Mubende","functional_class":"Class C National Road","surface_type":"Unsealed","length_km":9,"road_no":"C279"},"geometry":{"type":"LineString","coordinates":[[31.17999,0.2725],[31.17677,0.27043]]}},{"type":"Feature","properties":{"name":"Mutetema-Kyamusisi - Bukuya","functional_class":"Class C National Road","surface_type":"Unsealed","length_km":22.976,"road_no":"C271"},"geometry":{"type":"LineString","coordinates":[[31.98003,0.55689],[31.97785,0.55894],[31.96806,0.5621],[31.96474,0.56431],[31.96176,0.56683],[31.96197,0.56982],[31.95962,0.57244],[31.9587,0.57263],[31.95416,0.57138],[31.9489,0.57142],[31.94592,0.57446],[31.94308,0.57641],[31.94124,0.57648],[31.93554,0.57963],[31.92789,0.58251],[31.92633,0.58489],[31.92502,0.58576],[31.91932,0.58687],[31.91886,0.5899],[31.91514,0.59218],[31.9108,0.59761],[31.90893,0.60364],[31.90159,0.60877],[31.89498,0.61519],[31.88961,0.61596],[31.88784,0.61696],[31.88589,0.61898],[31.88519,0.62247],[31.88009,0.62486],[31.87798,0.62532],[31.8716,0.63107],[31.8678,0.63252],[31.86546,0.63569],[31.86403,0.6392],[31.86113,0.63998],[31.85735,0.64279],[31.85588,0.64479],[31.85421,0.65309],[31.8524,0.6574],[31.8527,0.65994],[31.84902,0.66647],[31.84631,0.66859],[31.8339,0.67514]]}},{"type":"Feature","properties":{"name":"Kanoni - Kabulasoke","functional_class":"Class C National Road","surface_type":"Bituminous","length_km":11.347,"road_no":"C162"},"geometry":{"type":"LineString","coordinates":[[31.90581,0.17258],[31.8976,0.1765],[31.88627,0.17685],[31.88152,0.17586],[31.86902,0.17839],[31.8666,0.17843],[31.86149,0.17671],[31.85838,0.17404],[31.85345,0.17087],[31.84096,0.16825],[31.8364,0.16658],[31.83209,0.16739],[31.83062,0.16645],[31.82676,0.16174],[31.82507,0.16045],[31.82174,0.15928],[31.81206,0.15737]]}},{"type":"Feature","properties":{"name":"Miwula - Bweera-Kagologolo","functional_class":"Class C National Road","surface_type":"Unsealed","length_km":35.583,"road_no":"C217"},"geometry":{"type":"LineString","coordinates":[[31.74088,-0.01066],[31.7328,-0.01337],[31.72377,-0.01505],[31.7206,-0.01485],[31.71343,-0.01166],[31.70741,-0.01532],[31.70413,-0.01588],[31.70259,-0.01667],[31.68855,-0.02741],[31.67473,-0.02844],[31.66955,-0.02968],[31.6654,-0.02936],[31.65431,-0.03044],[31.6495,-0.03324],[31.64708,-0.0366],[31.64525,-0.04145],[31.63459,-0.05513],[31.63005,-0.05717],[31.62326,-0.05809],[31.61622,-0.05978],[31.61461,-0.05973],[31.61243,-0.05803],[31.60917,-0.05433],[31.60716,-0.05014],[31.60151,-0.04458],[31.60058,-0.04447],[31.59818,-0.04708],[31.59449,-0.04804],[31.58591,-0.04194],[31.58479,-0.03776],[31.58346,-0.03522],[31.58219,-0.03379],[31.58022,-0.03321],[31.57822,-0.03091],[31.57498,-0.02992],[31.56985,-0.03256],[31.56685,-0.03859],[31.56482,-0.04127],[31.55551,-0.04797],[31.5534,-0.05038],[31.55262,-0.05234],[31.5528,-0.05681],[31.55455,-0.06844],[31.55612,-0.07367],[31.5603,-0.08436],[31.56511,-0.09049],[31.5681,-0.0953],[31.56891,-0.09803],[31.56915,-0.10287],[31.56733,-0.10658],[31.56733,-0.11879],[31.56318,-0.13005]]}},{"type":"Feature","properties":{"name":"Katuugo-Kinyogogga","functional_class":"Class C National Road","surface_type":"Unsealed","length_km":31.905,"road_no":"C317"},"geometry":{"type":"LineString","coordinates":[[32.46426,1.16069],[32.4603,1.16318],[32.45503,1.16026],[32.45184,1.16043],[32.44738,1.16683],[32.44284,1.16978],[32.43681,1.16357],[32.43055,1.16271],[32.41643,1.15715],[32.39706,1.15666],[32.39258,1.14995],[32.3898,1.14695],[32.3804,1.1414],[32.375,1.13962],[32.29924,1.13041],[32.29725,1.1327],[32.28527,1.15252],[32.24588,1.20181],[32.23941,1.20967],[32.23806,1.2105],[32.23441,1.21106]]}},{"type":"Feature","properties":{"name":"Nakawuka - Namutamala - Katende - Bujuko","functional_class":"Class C National Road","surface_type":"Unsealed","length_km":35.426,"road_no":"C180"},"geometry":{"type":"LineString","coordinates":[[32.38771,0.42035],[32.38509,0.41697],[32.3847,0.41407],[32.38273,0.41132],[32.38235,0.40842],[32.3803,0.40334],[32.38226,0.39635],[32.38833,0.38762],[32.38951,0.38498],[32.39093,0.38383],[32.38904,0.37923],[32.38834,0.37602],[32.38927,0.36728],[32.38752,0.3544],[32.38698,0.35266],[32.38158,0.34998],[32.37477,0.34368],[32.37396,0.33984],[32.37431,0.33264],[32.37321,0.33065],[32.37268,0.32681],[32.37444,0.32319],[32.37702,0.32003],[32.3769,0.31611],[32.37586,0.31059],[32.37645,0.30669],[32.37796,0.30448],[32.37857,0.30209],[32.37601,0.29894],[32.37535,0.29741],[32.37498,0.29259],[32.37936,0.27305],[32.37721,0.26627],[32.37885,0.25772],[32.37856,0.25489],[32.37992,0.2513],[32.37893,0.24771],[32.37923,0.24481],[32.3801,0.24417],[32.37929,0.24329],[32.37963,0.24005],[32.38093,0.23737],[32.38409,0.23585],[32.38466,0.23432],[32.38447,0.23169],[32.38602,0.22926],[32.38907,0.22573],[32.39129,0.22406],[32.39282,0.22403],[32.40427,0.22834],[32.40542,0.22764],[32.40913,0.22163],[32.41082,0.22037],[32.41615,0.21964],[32.42153,0.22123],[32.42388,0.22374],[32.42605,0.22187],[32.43284,0.22048],[32.43443,0.21844],[32.4365,0.2104],[32.43865,0.20805],[32.44115,0.20044],[32.44342,0.19564],[32.44854,0.19249],[32.4564,0.19138],[32.46248,0.18856]]}},{"type":"Feature","properties":{"name":"Sekanyonyi - Kikonge","functional_class":"Class C National Road","surface_type":"Unsealed","length_km":13.567,"road_no":"C261"},"geometry":{"type":"LineString","coordinates":[[32.13791,0.50098],[32.13811,0.50211],[32.1375,0.50475],[32.13566,0.50747],[32.12954,0.51161],[32.12648,0.51508],[32.12399,0.51701],[32.1234,0.5203],[32.12029,0.52312],[32.12178,0.53317],[32.12183,0.53643],[32.12092,0.53987],[32.12199,0.54794],[32.12536,0.55435],[32.12458,0.56295],[32.12532,0.5696],[32.12506,0.57495],[32.12619,0.58199],[32.12749,0.58605],[32.12917,0.5874],[32.13036,0.59145],[32.13938,0.60513],[32.14145,0.60918]]}},{"type":"Feature","properties":{"name":"Masozi- Madu","functional_class":"Class C National Road","surface_type":"Unsealed","length_km":20.742,"road_no":"C265"},"geometry":{"type":"LineString","coordinates":[[31.5712,0.36274],[31.5727,0.35963],[31.57308,0.35051],[31.57669,0.3474],[31.58296,0.34004],[31.58541,0.33176],[31.59319,0.31813],[31.59451,0.31313],[31.59915,0.30246],[31.59961,0.29008],[31.60072,0.28593],[31.60272,0.28002],[31.60771,0.27131],[31.60875,0.26622],[31.6104,0.26226],[31.61714,0.25519],[31.62366,0.2497],[31.62813,0.24345],[31.63127,0.24165],[31.63544,0.24091],[31.64238,0.23733],[31.64348,0.23643],[31.64532,0.23352],[31.64973,0.23065],[31.65565,0.22961],[31.65746,0.22883],[31.66584,0.21874],[31.66757,0.21592]]}},{"type":"Feature","properties":{"name":"Nakiwogo Statehouse road","functional_class":"Class C National Road","surface_type":"Bituminous","length_km":1.517,"road_no":"C158"},"geometry":{"type":"LineString","coordinates":[[32.46038,0.07104],[32.45925,0.0698],[32.46002,0.06851],[32.46066,0.06459],[32.46458,0.06174],[32.46519,0.06186],[32.46551,0.0626]]}},{"type":"Feature","properties":{"name":"Lumbugu - Kyotera","functional_class":"Class C National Road","surface_type":"Bituminous","length_km":16.241,"road_no":"C214"},"geometry":{"type":"LineString","coordinates":[[31.41805,-0.68472],[31.42002,-0.6847],[31.43714,-0.6922],[31.43906,-0.69142],[31.44216,-0.68804],[31.44622,-0.6883],[31.44858,-0.68911],[31.45471,-0.68697],[31.46525,-0.68206],[31.48036,-0.67141],[31.48301,-0.66683],[31.48997,-0.65815],[31.49318,-0.65494],[31.49508,-0.65424],[31.5058,-0.65304],[31.51287,-0.65449],[31.51491,-0.65395],[31.53021,-0.64443],[31.5382,-0.63668],[31.54019,-0.63514],[31.54089,-0.63516]]}},{"type":"Feature","properties":{"name":"Kalule - Bowa - Nakaseke","functional_class":"Class C National Road","surface_type":"Unsealed","length_km":20.579,"road_no":"C312"},"geometry":{"type":"LineString","coordinates":[[32.53228,0.63904],[32.52928,0.63841],[32.50296,0.64935],[32.48789,0.65407],[32.47082,0.65823],[32.4688,0.65548],[32.4674,0.65537],[32.46436,0.65823],[32.46175,0.66355],[32.45705,0.66621],[32.45139,0.66878],[32.44839,0.66953],[32.44535,0.66812],[32.43678,0.667],[32.43575,0.66848],[32.43315,0.67],[32.43355,0.67287],[32.43159,0.67261],[32.42764,0.67388],[32.42665,0.67679],[32.42586,0.68209],[32.42387,0.68445],[32.42269,0.6881],[32.42283,0.69037],[32.42586,0.69269],[32.428,0.699],[32.42698,0.70022],[32.42426,0.70038],[32.4186,0.70664],[32.41819,0.71027],[32.4203,0.71664],[32.41893,0.71982],[32.41734,0.72711],[32.41604,0.72994]]}},{"type":"Feature","properties":{"name":"Abayita Ababiri - Kasenyi","functional_class":"Class C National Road","surface_type":"Unsealed","length_km":5.446,"road_no":"C175"},"geometry":{"type":"LineString","coordinates":[[32.50238,0.09502],[32.50446,0.09529],[32.51122,0.08784],[32.5137,0.08616],[32.51458,0.08477],[32.51697,0.07222],[32.51666,0.06503],[32.51521,0.06242],[32.51622,0.06155],[32.51638,0.05889],[32.51838,0.05529],[32.51845,0.05433]]}},{"type":"Feature","properties":{"name":"Najja - Nyenga","functional_class":"Class C National Road","surface_type":"Bituminous","length_km":9.791,"road_no":"C028"},"geometry":{"type":"LineString","coordinates":[[33.10207,0.31198],[33.10991,0.31608],[33.11358,0.3223],[33.11671,0.32898],[33.12193,0.33458],[33.12577,0.33716],[33.13084,0.33958],[33.13626,0.3443],[33.14104,0.35524],[33.14111,0.35692],[33.13995,0.36058],[33.1397,0.36474],[33.14251,0.36941],[33.14183,0.3754],[33.14268,0.37673],[33.14545,0.37819],[33.14622,0.37915]]}},{"type":"Feature","properties":{"name":"Lyantonde - High Street","functional_class":"Class C National Road","surface_type":"Bituminous","length_km":1.33,"road_no":"C232"},"geometry":{"type":"LineString","coordinates":[[31.15911,-0.40381],[31.15321,-0.40702],[31.14826,-0.40817]]}},{"type":"Feature","properties":{"name":"Buikwe - Lugasa(Makindu)","functional_class":"Class C National Road","surface_type":"Unsealed","length_km":6.949,"road_no":"C044"},"geometry":{"type":"LineString","coordinates":[[33.04574,0.3342],[33.04857,0.32946],[33.04999,0.32405],[33.05221,0.31966],[33.05443,0.31713],[33.06024,0.31237],[33.06348,0.31094],[33.07281,0.29909],[33.07457,0.29561],[33.07322,0.29368],[33.07453,0.29166],[33.07813,0.28846],[33.08138,0.28744]]}},{"type":"Feature","properties":{"name":"Budo-Nakasozi","functional_class":"Class C National Road","surface_type":"Bituminous","length_km":3.718,"road_no":"C198"},"geometry":{"type":"LineString","coordinates":[[32.48762,0.28467],[32.4876,0.28307],[32.49142,0.27609],[32.48939,0.27125],[32.48512,0.26744],[32.48574,0.26632],[32.48575,0.26229],[32.48854,0.25959],[32.49006,0.2591],[32.49001,0.25863],[32.48917,0.25855]]}},{"type":"Feature","properties":{"name":"Bamunanika-Wobulenzi","functional_class":"Class C National Road","surface_type":"Unsealed","length_km":11.606,"road_no":"C302"},"geometry":{"type":"LineString","coordinates":[[32.60901,0.67711],[32.60836,0.68203],[32.60862,0.68816],[32.60646,0.69187],[32.60504,0.69856],[32.60059,0.70214],[32.59409,0.70457],[32.58381,0.70999],[32.57704,0.70989],[32.57293,0.70864],[32.5651,0.70856],[32.56033,0.70768],[32.55482,0.70792],[32.54833,0.71046],[32.54553,0.71219],[32.53442,0.71504],[32.52989,0.71823],[32.52942,0.71764],[32.52821,0.7174]]}},{"type":"Feature","properties":{"name":"Kireka-Namugongo-Misindye-Seeta","functional_class":"Class C National Road","surface_type":"Bituminous","length_km":14.879,"road_no":"C152"},"geometry":{"type":"LineString","coordinates":[[32.64908,0.3466],[32.65126,0.34905],[32.65154,0.35062],[32.65015,0.35589],[32.64733,0.36087],[32.64918,0.36977],[32.6493,0.37396],[32.64869,0.37658],[32.64669,0.3802],[32.65751,0.39037],[32.66314,0.39387],[32.67194,0.3977],[32.68026,0.39654],[32.68886,0.39446],[32.70169,0.39643],[32.70314,0.39298],[32.70452,0.38736],[32.70842,0.3836],[32.71009,0.37492],[32.71382,0.36909]]}},{"type":"Feature","properties":{"name":"Nyendo - Lambu port Junction","functional_class":"Class C National Road","surface_type":"Bituminous","length_km":30.752,"road_no":"C211"},"geometry":{"type":"LineString","coordinates":[[31.75352,-0.32523],[31.75687,-0.32348],[31.76853,-0.32544],[31.77347,-0.32504],[31.77845,-0.33121],[31.78039,-0.33228],[31.78243,-0.33238],[31.789,-0.33032],[31.79233,-0.32844],[31.79633,-0.32496],[31.80093,-0.32265],[31.80336,-0.31979],[31.80859,-0.31981],[31.81252,-0.31844],[31.81552,-0.31984],[31.81673,-0.31989],[31.82101,-0.31685],[31.82321,-0.31417],[31.82905,-0.31135],[31.83566,-0.30997],[31.84191,-0.30982],[31.84833,-0.30876],[31.85103,-0.30931],[31.86017,-0.31426],[31.86161,-0.31402],[31.8639,-0.31248],[31.86562,-0.312],[31.86956,-0.31145],[31.87277,-0.31218],[31.88246,-0.30414],[31.8868,-0.30523],[31.89218,-0.30396],[31.89617,-0.30025],[31.913,-0.29672],[31.91541,-0.29675],[31.91885,-0.29779],[31.92149,-0.29976],[31.92509,-0.30364],[31.96229,-0.31506],[31.96733,-0.31752],[31.98045,-0.31482],[31.9913,-0.31134],[31.99349,-0.30998],[31.99596,-0.30648]]}},{"type":"Feature","properties":{"name":"Butalangwa - Ngoma - Bulyamusenyu","functional_class":"Class C National Road","surface_type":"Unsealed","length_km":82.212,"road_no":"C307"},"geometry":{"type":"LineString","coordinates":[[32.24267,0.82262],[32.24196,0.8248],[32.23915,0.82805],[32.23482,0.83453],[32.21947,0.86004],[32.20954,0.87173],[32.20148,0.8789],[32.19659,0.88593],[32.19542,0.88981],[32.19513,0.89465],[32.19387,0.90163],[32.18678,0.91228],[32.18274,0.91686],[32.16194,0.93146],[32.1428,0.95226],[32.13727,0.95911],[32.12929,0.96663],[32.12808,0.96936],[32.12671,0.97501],[32.12604,0.98327],[32.11091,1.00032],[32.1101,1.00074],[32.10554,1.00095],[32.09605,1.00003],[32.09222,0.99881],[32.08885,0.99845],[32.07342,0.99904],[32.0629,0.99781],[32.05907,0.99837],[32.0562,1.00032],[32.05419,1.00331],[32.05062,1.00656],[32.04815,1.01145],[32.03998,1.02449],[32.03565,1.03855],[32.03206,1.05347],[32.03593,1.06754],[32.03558,1.07554],[32.03454,1.08175],[32.03508,1.10016],[32.02641,1.1358],[32.02086,1.16133],[32.01831,1.1782],[32.01915,1.18441],[31.99204,1.25606],[31.98203,1.271],[31.97838,1.27449],[31.96508,1.28429],[31.95758,1.28752],[31.95295,1.28804],[31.94723,1.28994],[31.93153,1.3021],[31.92265,1.30809],[31.90873,1.31046],[31.90613,1.31238],[31.90419,1.31531],[31.89823,1.31978],[31.8829,1.32826],[31.87618,1.33408],[31.87199,1.34226],[31.84523,1.36783]]}},{"type":"Feature","properties":{"name":"Mukono-Kyetume-Kisoga-Katosi","functional_class":"Class C National Road","surface_type":"Bituminous","length_km":26.643,"road_no":"C024"},"geometry":{"type":"LineString","coordinates":[[32.76158,0.3511],[32.76377,0.34654],[32.76466,0.34248],[32.76416,0.34039],[32.76165,0.33634],[32.76154,0.33107],[32.76393,0.32807],[32.76576,0.32352],[32.76862,0.32032],[32.77004,0.31603],[32.77392,0.31145],[32.77671,0.30925],[32.77732,0.30718],[32.77669,0.30387],[32.77703,0.30239],[32.78143,0.2988],[32.79268,0.28336],[32.7971,0.27855],[32.7991,0.27723],[32.80711,0.27408],[32.80875,0.27299],[32.81405,0.26411],[32.81751,0.25251],[32.812,0.24475],[32.8083,0.23847],[32.80582,0.23198],[32.80596,0.23049],[32.80865,0.22509],[32.80867,0.2231],[32.80265,0.21307],[32.79689,0.20842],[32.79516,0.20367],[32.79522,0.19983],[32.79617,0.19502],[32.7957,0.18955],[32.79595,0.18465],[32.79055,0.16873],[32.79346,0.16288],[32.79424,0.15663],[32.79676,0.1529],[32.79833,0.15224],[32.80263,0.15225]]}},{"type":"Feature","properties":{"name":"Namboole Access Road","functional_class":"Class C National Road","surface_type":"Bituminous","length_km":2.053,"road_no":"C170"},"geometry":{"type":"LineString","coordinates":[[32.65018,0.34693],[32.65092,0.34583],[32.65448,0.34611],[32.6594,0.34542],[32.66106,0.34697],[32.66296,0.35273]]}},{"type":"Feature","properties":{"name":"Ntusi - Nabitanga","functional_class":"Class C National Road","surface_type":"Unsealed","length_km":12.339,"road_no":"C228"},"geometry":{"type":"LineString","coordinates":[[31.2006,0.05038],[31.19508,0.04323],[31.19397,0.03941],[31.19222,0.03707],[31.18753,0.03267],[31.18251,0.02443],[31.18071,0.02257],[31.1802,0.01944],[31.1761,0.01388],[31.17339,0.00746],[31.17105,0.00692],[31.16795,0.00953],[31.16531,0.01013],[31.16165,0.00895],[31.15661,0.00629],[31.15416,0.00159],[31.15142,-0.00207],[31.14603,-0.00565],[31.14314,-0.00818],[31.14095,-0.01387],[31.13953,-0.01564],[31.13793,-0.01636],[31.1304,-0.01773],[31.12889,-0.01909]]}},{"type":"Feature","properties":{"name":"Matugga - Kasangati","functional_class":"Class C National Road","surface_type":"Unsealed","length_km":9.544,"road_no":"C194"},"geometry":{"type":"LineString","coordinates":[[32.52847,0.46027],[32.53203,0.46121],[32.53821,0.4667],[32.54853,0.46254],[32.54985,0.46251],[32.55448,0.46387],[32.5571,0.46226],[32.56553,0.45479],[32.57411,0.45179],[32.58743,0.44189],[32.58923,0.44125],[32.59777,0.44072],[32.60266,0.43813]]}},{"type":"Feature","properties":{"name":"Kirongo-Kulwe","functional_class":"Class C National Road","surface_type":"Unsealed","length_km":20.295,"road_no":"C006"},"geometry":{"type":"MultiLineString","coordinates":[[[33.21733,0.28367],[33.21814,0.28171],[33.22035,0.28034],[33.22339,0.27982],[33.22673,0.27807],[33.22756,0.27814],[33.22923,0.27944],[33.23058,0.27918],[33.23849,0.2738],[33.24247,0.26821],[33.24556,0.2622],[33.25184,0.25488],[33.25405,0.25079],[33.255,0.24439],[33.25505,0.24047],[33.25424,0.23521],[33.25578,0.23178],[33.25746,0.22509],[33.25937,0.22159],[33.26098,0.22018]],[[33.26098,0.22018],[33.26446,0.21717],[33.26701,0.2125],[33.26688,0.20709],[33.26589,0.19927],[33.26694,0.19647],[33.27875,0.1855],[33.28217,0.18108],[33.2898,0.17564],[33.29292,0.17221],[33.30149,0.16856],[33.30375,0.16655],[33.30559,0.15819],[33.30737,0.15274],[33.30717,0.14548]]]}},{"type":"Feature","properties":{"name":"Hoima Road/Kituuma-Kiryoka-Mutetema","functional_class":"Class C National Road","surface_type":"Unsealed","length_km":20.08,"road_no":"C272"},"geometry":{"type":"LineString","coordinates":[[32.13669,0.61755],[32.12614,0.60938],[32.11941,0.6062],[32.11579,0.60216],[32.11229,0.5997],[32.10434,0.59847],[32.09614,0.60024],[32.09309,0.60237],[32.09074,0.6022],[32.08983,0.60179],[32.08701,0.59835],[32.08359,0.59526],[32.07643,0.59224],[32.0719,0.58945],[32.0632,0.58703],[32.05791,0.58669],[32.05062,0.5871],[32.04644,0.58944],[32.0451,0.58952],[32.03932,0.58826],[32.03037,0.5837],[32.02254,0.58247],[32.02107,0.5817],[32.01839,0.57855],[32.01602,0.57466],[32.01154,0.57077],[32.00893,0.5673],[32.00617,0.5648],[31.99903,0.56146],[31.99336,0.56121],[31.98983,0.56043],[31.98007,0.55682]]}},{"type":"Feature","properties":{"name":"Walwanda-Kirongo","functional_class":"Class C National Road","surface_type":"Unsealed","length_km":19.49,"road_no":"C011"},"geometry":{"type":"LineString","coordinates":[[33.26105,0.22015],[33.2653,0.22252],[33.27586,0.23033],[33.27999,0.23148],[33.28054,0.22947],[33.28752,0.22531],[33.28809,0.22373],[33.29064,0.22018],[33.29243,0.21905],[33.29381,0.2216],[33.29555,0.2271],[33.29875,0.23124],[33.30748,0.23504],[33.31399,0.23932],[33.31715,0.23757],[33.32324,0.23567],[33.33089,0.23584],[33.33734,0.23844],[33.3395,0.24062],[33.34152,0.24113],[33.34361,0.24103],[33.34615,0.23932],[33.35029,0.23879],[33.35216,0.24031],[33.35509,0.24396],[33.36209,0.24714],[33.3661,0.24839],[33.36523,0.25125],[33.36823,0.25534],[33.36852,0.25874],[33.36794,0.26161],[33.36786,0.26596],[33.37201,0.26845],[33.37402,0.27084],[33.37653,0.2717],[33.3787,0.27141],[33.38023,0.27285],[33.3852,0.27381],[33.38953,0.27647]]}},{"type":"Feature","properties":{"name":"R. Katonga - Sembabule","functional_class":"Class C National Road","surface_type":"Bituminous","length_km":21.994,"road_no":"C166"},"geometry":{"type":"MultiLineString","coordinates":[[[31.57037,0.06819],[31.56986,0.06784]],[[31.57038,0.06818],[31.56761,0.06615],[31.54719,0.04634],[31.54241,0.04317],[31.53519,0.03579],[31.53345,0.0345],[31.52972,0.0339],[31.52797,0.03284],[31.5266,0.02983],[31.52517,0.02145],[31.51638,0.00585],[31.51175,0.00099],[31.50294,-0.00449],[31.49609,-0.01282],[31.49167,-0.0231],[31.49049,-0.02876],[31.49024,-0.03373],[31.48958,-0.03575],[31.48355,-0.04349],[31.48047,-0.05097],[31.47921,-0.05793],[31.47712,-0.06422],[31.47585,-0.07043],[31.47301,-0.07493],[31.47028,-0.07768],[31.46304,-0.07995],[31.46227,-0.0804],[31.46148,-0.08193]],[[31.46105,-0.08179],[31.46021,-0.08319]]]}},{"type":"Feature","properties":{"name":"Kyapa - Kasensero","functional_class":"Class C National Road","surface_type":"Unsealed","length_km":41.903,"road_no":"C224"},"geometry":{"type":"LineString","coordinates":[[31.50237,-0.81045],[31.51983,-0.82541],[31.52161,-0.8276],[31.52599,-0.84235],[31.53143,-0.8514],[31.53263,-0.85509],[31.53828,-0.85921],[31.5487,-0.86843],[31.55502,-0.87495],[31.56634,-0.88428],[31.58364,-0.89993],[31.59179,-0.90909],[31.59727,-0.91649],[31.59839,-0.91727],[31.60872,-0.91743],[31.61051,-0.91666],[31.61539,-0.91294],[31.618,-0.91224],[31.62808,-0.9134],[31.63982,-0.91568],[31.64185,-0.91532],[31.64624,-0.91866],[31.64916,-0.92275],[31.65421,-0.92742],[31.65907,-0.92948],[31.66255,-0.92853],[31.66541,-0.93072],[31.66806,-0.93021],[31.66985,-0.93057],[31.67167,-0.93197],[31.68175,-0.94436],[31.68884,-0.94561],[31.69335,-0.94375],[31.69629,-0.93963],[31.69941,-0.93801],[31.70418,-0.93455],[31.70484,-0.93138],[31.70693,-0.92576],[31.71195,-0.91835],[31.71311,-0.91409],[31.71291,-0.91095],[31.71533,-0.90279],[31.71675,-0.90023],[31.72032,-0.89646],[31.72228,-0.89546],[31.72349,-0.89397],[31.72563,-0.89359],[31.72837,-0.89386],[31.73169,-0.89552],[31.73327,-0.89557],[31.73362,-0.89854],[31.73416,-0.89693],[31.73487,-0.89656],[31.74309,-0.89839],[31.74466,-0.90119],[31.74525,-0.90442],[31.74687,-0.9054],[31.75286,-0.91147],[31.76363,-0.91578],[31.76328,-0.92171]]}},{"type":"Feature","properties":{"name":"Kyabadaza - Kibibi","functional_class":"Class C National Road","surface_type":"Unsealed","length_km":14.67,"road_no":"C188"},"geometry":{"type":"LineString","coordinates":[[32.18252,0.11836],[32.18219,0.12405],[32.18556,0.12759],[32.18656,0.13372],[32.17739,0.1479],[32.17707,0.14947],[32.18111,0.15733],[32.18695,0.16578],[32.1882,0.16999],[32.18879,0.17389],[32.18774,0.17819],[32.18758,0.18483],[32.18921,0.19289],[32.18777,0.19707],[32.19165,0.20262],[32.19314,0.20777],[32.19157,0.21018],[32.19022,0.21537],[32.18835,0.21867],[32.18574,0.22106],[32.18307,0.22486],[32.17634,0.22818],[32.1739,0.23282]]}},{"type":"Feature","properties":{"name":"Mityana - District Offices - Nakaseeta","functional_class":"Class C National Road","surface_type":"Unsealed","length_km":8.09,"road_no":"C270"},"geometry":{"type":"MultiLineString","coordinates":[[[32.05086,0.40067],[32.05077,0.40126],[32.05338,0.40362],[32.05711,0.40643],[32.05804,0.4064],[32.0587,0.41226],[32.05916,0.41287]],[[32.05916,0.41286],[32.06206,0.41568],[32.06404,0.42007],[32.06597,0.42171],[32.06726,0.42392],[32.07007,0.42633],[32.07229,0.42721],[32.07303,0.42883],[32.07663,0.43283],[32.07673,0.43338],[32.07476,0.43625],[32.07217,0.43763],[32.06923,0.43802],[32.07137,0.44094],[32.07205,0.44315],[32.07324,0.44443],[32.07513,0.44542],[32.07797,0.44572],[32.07785,0.44667],[32.0786,0.44833]]]}},{"type":"Feature","properties":{"name":"Mpigi Loop","functional_class":"Class C National Road","surface_type":"Bituminous","length_km":3.434,"road_no":"C161"},"geometry":{"type":"LineString","coordinates":[[32.33497,0.22073],[32.33448,0.22114],[32.32977,0.22023],[32.32438,0.22289],[32.32355,0.21567],[32.31942,0.21207],[32.3156,0.20729]]}},{"type":"Feature","properties":{"name":"Mityegonga - Kabulasoke","functional_class":"Class C National Road","surface_type":"Unsealed","length_km":13.25,"road_no":"C215"},"geometry":{"type":"LineString","coordinates":[[31.74967,0.07283],[31.74991,0.07695],[31.75826,0.10023],[31.76053,0.12367],[31.7772,0.12378],[31.7854,0.12927],[31.79018,0.13086],[31.79555,0.13942],[31.79846,0.14172],[31.80271,0.14393],[31.80623,0.14674],[31.8105,0.15606],[31.81175,0.15747]]}},{"type":"Feature","properties":{"name":"Ngoma - Kasozi - Kyamukonda","functional_class":"Class C National Road","surface_type":"Unsealed","length_km":42,"road_no":"C315"},"geometry":{"type":"LineString","coordinates":[[32.19025,1.42001],[32.18528,1.41655],[32.17557,1.4109],[32.16648,1.40019],[32.1673,1.39357],[32.16452,1.39265],[32.16204,1.39019],[32.15831,1.38929],[32.15569,1.38613]]}},{"type":"Feature","properties":{"name":"Natete - Nakawuka - Kisubi","functional_class":"Class C National Road","surface_type":"Unsealed","length_km":28.107,"road_no":"C178"},"geometry":{"type":"LineString","coordinates":[[32.53286,0.29948],[32.5208,0.29474],[32.51998,0.29284],[32.51949,0.28861],[32.51766,0.2861],[32.51741,0.281],[32.51324,0.2718],[32.51214,0.26416],[32.50772,0.25747],[32.50518,0.25259],[32.49763,0.24145],[32.49203,0.23473],[32.49129,0.23146],[32.48733,0.22413],[32.48283,0.21886],[32.47984,0.21745],[32.47767,0.21346],[32.47534,0.21061],[32.47503,0.20897],[32.47583,0.20323],[32.47402,0.19771],[32.47256,0.19648],[32.46943,0.19547],[32.46842,0.19413],[32.4646,0.19147],[32.46243,0.18827],[32.46436,0.18272],[32.46573,0.18108],[32.4674,0.18012],[32.47292,0.18061],[32.47478,0.17963],[32.48282,0.17833],[32.48786,0.17908],[32.49054,0.17773],[32.49416,0.17906],[32.49804,0.17913],[32.49928,0.17857],[32.50423,0.17256],[32.51113,0.16041],[32.5126,0.1593],[32.51332,0.15556],[32.52033,0.1515],[32.52509,0.15229],[32.52921,0.14778],[32.53131,0.1427],[32.53197,0.14233],[32.53409,0.14264],[32.53488,0.14202],[32.53494,0.14102],[32.53373,0.1379],[32.53305,0.13031]]}},{"type":"Feature","properties":{"name":"Kasambya - Nabakazi","functional_class":"Class C National Road","surface_type":"Unsealed","length_km":29.857,"road_no":"C162"},"geometry":{"type":"MultiLineString","coordinates":[[[31.35732,0.22559],[31.34946,0.22742],[31.33139,0.22114],[31.32699,0.22122],[31.32485,0.22227],[31.3132,0.21956],[31.31145,0.21979]],[[31.31145,0.21979],[31.3103,0.21997]],[[31.31145,0.21979],[31.3103,0.21997]],[[31.3103,0.21997],[31.30924,0.22014]],[[31.3103,0.21997],[31.2966,0.22225],[31.29191,0.22813],[31.28866,0.23119],[31.27954,0.23753],[31.27691,0.23817],[31.27386,0.23743],[31.27355,0.24208],[31.27004,0.24705],[31.26827,0.25369],[31.26818,0.25581],[31.27234,0.26267],[31.27489,0.2659],[31.27702,0.26773],[31.27907,0.27397],[31.27908,0.28058],[31.27804,0.28323],[31.27441,0.28646],[31.27271,0.28877],[31.27002,0.29603],[31.26741,0.30605],[31.26422,0.31003],[31.26311,0.31227],[31.26166,0.32269],[31.25836,0.33101],[31.25868,0.33503],[31.25779,0.33924],[31.26247,0.34341],[31.26318,0.34593],[31.263,0.34854],[31.25827,0.3523],[31.25682,0.35543],[31.25437,0.35853],[31.24801,0.36291],[31.24471,0.3667],[31.23992,0.36926],[31.23473,0.37317],[31.23041,0.37391],[31.22712,0.37539],[31.22509,0.37844]]]}},{"type":"Feature","properties":{"name":"Degeya PTTC off Masaka Township","functional_class":"Class C National Road","surface_type":"Unsealed","length_km":3.757,"road_no":"C220"},"geometry":{"type":"LineString","coordinates":[[31.74235,-0.3163],[31.74015,-0.31654],[31.7384,-0.31315],[31.73764,-0.31],[31.74019,-0.29828],[31.73781,-0.28598]]}},{"type":"Feature","properties":{"name":"Kapeeka - Singo Military Barracks - Kituuma","functional_class":"Class C National Road","surface_type":"Unsealed","length_km":19.513,"road_no":"C320"},"geometry":{"type":"LineString","coordinates":[[32.08628,0.67238],[32.08819,0.6737],[32.09279,0.67872],[32.10033,0.68195],[32.1086,0.68059],[32.11719,0.68209],[32.12142,0.68151],[32.12645,0.68525],[32.13246,0.68805],[32.13633,0.69332],[32.13816,0.69417],[32.14349,0.69285],[32.15028,0.68693],[32.15686,0.68682],[32.1594,0.68727],[32.16069,0.68658],[32.16317,0.68398],[32.16711,0.68295],[32.17669,0.68097],[32.17949,0.68147],[32.19424,0.67784],[32.20828,0.6757],[32.23903,0.67833],[32.24264,0.68154],[32.2465,0.68209]]}},{"type":"Feature","properties":{"name":"Buloba PTTC","functional_class":"Class C National Road","surface_type":"Unsealed","length_km":0.785,"road_no":"C183"},"geometry":{"type":"LineString","coordinates":[[32.46949,0.32706],[32.46767,0.32565],[32.46484,0.32466],[32.46385,0.32357]]}},{"type":"Feature","properties":{"name":"Buvuma Women's prison Access","functional_class":"Class C National Road","surface_type":"Bituminous","length_km":0.931,"road_no":"C035"},"geometry":{"type":"LineString","coordinates":[[32.64262,0.30554],[32.63949,0.30375],[32.63737,0.30315],[32.6368,0.30217],[32.63688,0.30075]]}},{"type":"Feature","properties":{"name":"Kasanda - Bukuya","functional_class":"Class C National Road","surface_type":"Unsealed","length_km":14.88,"road_no":"C273"},"geometry":{"type":"LineString","coordinates":[[31.8201,0.546],[31.81965,0.54646],[31.8209,0.54863],[31.82282,0.55569],[31.82632,0.56148],[31.8259,0.5638],[31.82631,0.56738],[31.82846,0.57857],[31.82951,0.58711],[31.82745,0.59222],[31.82719,0.5944],[31.83009,0.60298],[31.83331,0.60721],[31.8357,0.6139],[31.83643,0.62144],[31.8356,0.62443],[31.83565,0.62944],[31.83417,0.63208],[31.83746,0.64341],[31.83776,0.64772],[31.83885,0.65178],[31.83738,0.67192],[31.83681,0.67406]]}},{"type":"Feature","properties":{"name":"Nabingoola - Kasambya","functional_class":"Class C National Road","surface_type":"Unsealed","length_km":15.45,"road_no":"C264"},"geometry":{"type":"LineString","coordinates":[[31.18139,0.48729],[31.18126,0.48492],[31.18204,0.48048],[31.18397,0.47483],[31.18248,0.47119],[31.18152,0.46709],[31.17812,0.46281],[31.17739,0.46041],[31.17931,0.45337],[31.17868,0.44868],[31.18046,0.44165],[31.18032,0.43478],[31.17865,0.4245],[31.17877,0.41688],[31.18169,0.40797],[31.1892,0.40385],[31.19479,0.39527],[31.20425,0.38866],[31.20917,0.38623],[31.21346,0.38522],[31.21836,0.38104],[31.22149,0.38027],[31.22568,0.38016],[31.22797,0.38073]]}},{"type":"Feature","properties":{"name":"Kapeka-Butalangwa","functional_class":"Class C National Road","surface_type":"Unsealed","length_km":18.24,"road_no":"C154"},"geometry":{"type":"LineString","coordinates":[[32.25075,0.67043],[32.24958,0.67604],[32.24678,0.68107],[32.24041,0.70129],[32.23826,0.70627],[32.23735,0.71173],[32.23851,0.71565],[32.23852,0.72025],[32.24007,0.72399],[32.23987,0.73065],[32.2372,0.73709],[32.23289,0.74545],[32.23082,0.75445],[32.22828,0.77396],[32.2262,0.77965],[32.22349,0.79064],[32.22414,0.79807],[32.22592,0.79978],[32.23018,0.8021],[32.23767,0.8097],[32.24271,0.82068],[32.24267,0.82262]]}},{"type":"Feature","properties":{"name":"Bukakata - Old Landing Site","functional_class":"Class C National Road","surface_type":"Unsealed","length_km":1.874,"road_no":"C213"},"geometry":{"type":"LineString","coordinates":[[32.01246,-0.28491],[32.01098,-0.27339],[32.0123,-0.2725],[32.01591,-0.2723]]}},{"type":"Feature","properties":{"name":"Bulumagi - Nyenga","functional_class":"Class C National Road","surface_type":"Unsealed","length_km":4.05,"road_no":"C026"},"geometry":{"type":"LineString","coordinates":[[33.13323,0.41062],[33.13618,0.40197],[33.14232,0.39385],[33.14393,0.3901],[33.14623,0.38906],[33.14976,0.38428],[33.14948,0.38301],[33.15082,0.37992]]}},{"type":"Feature","properties":{"name":"Access to Lunnyo","functional_class":"Class C National Road","surface_type":"Unsealed","length_km":2.121,"road_no":"C173"},"geometry":{"type":"LineString","coordinates":[[32.4743,0.06509],[32.47163,0.06694],[32.46717,0.0735],[32.46089,0.07978]]}},{"type":"Feature","properties":{"name":"Buikwe - Najja","functional_class":"Class C National Road","surface_type":"Unsealed","length_km":9.029,"road_no":"C030"},"geometry":{"type":"LineString","coordinates":[[33.02948,0.33874],[33.03216,0.3397],[33.03473,0.33958],[33.04015,0.33615],[33.04761,0.33376],[33.0628,0.33466],[33.07694,0.32052],[33.09018,0.3164],[33.09728,0.31252],[33.10208,0.31198]]}},{"type":"Feature","properties":{"name":"Mityana - Busunju","functional_class":"Class C National Road","surface_type":"Unsealed","length_km":28.372,"road_no":"C260"},"geometry":{"type":"LineString","coordinates":[[32.0444,0.40535],[32.04506,0.40629],[32.04485,0.41016],[32.04706,0.41113],[32.05007,0.4164],[32.04947,0.41802],[32.04705,0.42019],[32.04549,0.42265],[32.04639,0.42479],[32.0496,0.42463],[32.0566,0.43145],[32.05669,0.4345],[32.05758,0.43602],[32.05678,0.44182],[32.05901,0.447],[32.06077,0.44802],[32.06596,0.44908],[32.07572,0.44831],[32.08008,0.44832],[32.08245,0.44887],[32.08435,0.45247],[32.08563,0.45358],[32.08899,0.45834],[32.09567,0.46289],[32.09685,0.46672],[32.09959,0.47144],[32.10655,0.47807],[32.10946,0.48023],[32.11119,0.48318],[32.11178,0.48629],[32.11277,0.48786],[32.11576,0.48954],[32.12279,0.49106],[32.12976,0.49694],[32.13531,0.50057],[32.13952,0.50123],[32.14273,0.50379],[32.14766,0.50416],[32.15291,0.51428],[32.16051,0.52457],[32.16932,0.53003],[32.17353,0.53418],[32.18011,0.54298],[32.18504,0.54698],[32.18744,0.55077],[32.19479,0.5586],[32.20243,0.56195],[32.2044,0.56326],[32.2061,0.56523]]}},{"type":"Feature","properties":{"name":"Najjanankumbi - Busabala","functional_class":"Class C National Road","surface_type":"Unsealed","length_km":11.116,"road_no":"C150"},"geometry":{"type":"LineString","coordinates":[[32.56924,0.28714],[32.57032,0.28626],[32.57149,0.28097],[32.57414,0.2779],[32.57726,0.27253],[32.57883,0.27047],[32.58434,0.26547],[32.58877,0.26021],[32.59373,0.24368],[32.594,0.23051],[32.5944,0.22915],[32.59582,0.22803],[32.59897,0.22695],[32.60275,0.22444],[32.60397,0.2219],[32.605,0.221],[32.60999,0.21875],[32.61474,0.21563],[32.61602,0.21231],[32.62003,0.20879]]}},{"type":"Feature","properties":{"name":"Kabasanda-Kakindu-Zigoti","functional_class":"Class C National Road","surface_type":"Unsealed","length_km":21.105,"road_no":"C201"},"geometry":{"type":"LineString","coordinates":[[32.22655,0.26373],[32.22537,0.26548],[32.22681,0.26901],[32.22417,0.27191],[32.22125,0.27355],[32.21969,0.27865],[32.21463,0.27984],[32.21324,0.28159],[32.21077,0.28266],[32.20529,0.29006],[32.20307,0.29518],[32.20042,0.29737],[32.19782,0.29676],[32.19619,0.29377],[32.19482,0.29468],[32.18978,0.2929],[32.18231,0.29259],[32.17984,0.29411],[32.17336,0.3009],[32.17052,0.30178],[32.16665,0.30456],[32.16452,0.30857],[32.16361,0.30935],[32.15758,0.31127],[32.15534,0.31097],[32.15314,0.30955],[32.14976,0.30961],[32.14652,0.32189],[32.14489,0.32531],[32.14713,0.33204],[32.14917,0.33533],[32.14946,0.33661],[32.14914,0.33921],[32.14984,0.34515],[32.14892,0.34818],[32.14658,0.35115],[32.14639,0.35455],[32.15241,0.35863],[32.15517,0.36217],[32.16105,0.36608],[32.16507,0.37496],[32.16568,0.379]]}},{"type":"Feature","properties":{"name":"Busunju - Kapeeka","functional_class":"Class C National Road","surface_type":"Unsealed","length_km":15.493,"road_no":"C305"},"geometry":{"type":"LineString","coordinates":[[32.22082,0.55798],[32.22524,0.56435],[32.22905,0.57122],[32.23159,0.5745],[32.23441,0.57567],[32.23519,0.57806],[32.24059,0.57994],[32.24495,0.5836],[32.24955,0.58503],[32.25712,0.59072],[32.2598,0.59216],[32.25963,0.59341],[32.26075,0.5969],[32.25866,0.60283],[32.2573,0.60533],[32.25598,0.61276],[32.25231,0.61881],[32.25191,0.62071],[32.25192,0.62262],[32.25402,0.62882],[32.25423,0.63093],[32.25216,0.63439],[32.24857,0.63828],[32.24779,0.64139],[32.24875,0.64488],[32.24616,0.64944],[32.2505,0.65815],[32.25165,0.66578],[32.25067,0.67056]]}},{"type":"Feature","properties":{"name":"Mbuya/SilverSprings-Kireka","functional_class":"Class C National Road","surface_type":"Bituminous","length_km":4.634,"road_no":"C022"},"geometry":{"type":"LineString","coordinates":[[32.6289,0.31799],[32.633,0.31921],[32.63531,0.32109],[32.63657,0.32287],[32.63791,0.32889],[32.63418,0.33436],[32.63438,0.33569],[32.6362,0.33805],[32.63858,0.33991],[32.64615,0.34352],[32.64797,0.34629]]}},{"type":"Feature","properties":{"name":"Kyayi - Kasambya","functional_class":"Class C National Road","surface_type":"Unsealed","length_km":7.668,"road_no":"C167"},"geometry":{"type":"LineString","coordinates":[[31.35706,0.22563],[31.35942,0.22914],[31.35989,0.23285],[31.35374,0.24479],[31.34814,0.24862],[31.34643,0.25109],[31.34543,0.25561],[31.34785,0.25988],[31.3476,0.26262],[31.34662,0.26454],[31.34425,0.26573],[31.34365,0.26674],[31.34154,0.26814],[31.3363,0.26802],[31.33346,0.26619],[31.33213,0.26359],[31.3279,0.2608]]}},{"type":"Feature","properties":{"name":"Matete - Kakinga - Kaliro","functional_class":"Class C National Road","surface_type":"Unsealed","length_km":50.493,"road_no":"C226"},"geometry":{"type":"LineString","coordinates":[[31.48959,-0.24209],[31.48802,-0.24145],[31.48446,-0.24241],[31.48122,-0.24624],[31.47417,-0.24482],[31.47156,-0.24342],[31.46857,-0.243],[31.45169,-0.24517],[31.44504,-0.24741],[31.4397,-0.24774],[31.42492,-0.25173],[31.41736,-0.25163],[31.41232,-0.25218],[31.40483,-0.25149],[31.39982,-0.25287],[31.39468,-0.25258],[31.37844,-0.25328],[31.36876,-0.25612],[31.36419,-0.25963],[31.36125,-0.26025],[31.34209,-0.25896],[31.32472,-0.2565],[31.31291,-0.25112],[31.30128,-0.24371],[31.29635,-0.24341],[31.2881,-0.24561],[31.2804,-0.24353],[31.2778,-0.2433],[31.27496,-0.24371],[31.26833,-0.24242],[31.26397,-0.24388],[31.25616,-0.24309],[31.25391,-0.24514],[31.24816,-0.24767],[31.23915,-0.25325],[31.22442,-0.26711],[31.21524,-0.27931],[31.21424,-0.27958],[31.20694,-0.27844],[31.2089,-0.28102],[31.21314,-0.28408],[31.21669,-0.2925],[31.21616,-0.29952],[31.21489,-0.30308],[31.2101,-0.30816],[31.20851,-0.31276],[31.20611,-0.31394],[31.20339,-0.3173],[31.20157,-0.31779],[31.19682,-0.3161],[31.19281,-0.31593],[31.1918,-0.31649],[31.19102,-0.31789],[31.19134,-0.31988],[31.19611,-0.32391],[31.19642,-0.32746],[31.19428,-0.33065],[31.18666,-0.33759],[31.18428,-0.34472],[31.18213,-0.3476],[31.18085,-0.35119],[31.17588,-0.35837],[31.17439,-0.35968],[31.17369,-0.36124],[31.17074,-0.36387],[31.16969,-0.36589],[31.16728,-0.36741],[31.16441,-0.37161],[31.16219,-0.37324],[31.15946,-0.37663],[31.15777,-0.37794],[31.15084,-0.37768]]}},{"type":"Feature","properties":{"name":"Migeera-Nabisweera","functional_class":"Class C National Road","surface_type":"Unsealed","length_km":7.079,"road_no":"C331"},"geometry":{"type":"LineString","coordinates":[[32.26009,1.40882],[32.26379,1.41648],[32.26378,1.41832],[32.26151,1.42866],[32.26248,1.43104],[32.26417,1.433],[32.26629,1.43922],[32.26687,1.44899],[32.26757,1.45266],[32.26808,1.45436],[32.26989,1.45684],[32.2717,1.46401],[32.27083,1.46936]]}},{"type":"Feature","properties":{"name":"Katonga - Ggolo","functional_class":"Class C National Road","surface_type":"Unsealed","length_km":11.119,"road_no":"C191"},"geometry":{"type":"LineString","coordinates":[[32.00071,-0.03921],[32.00393,-0.04506],[32.00659,-0.0537],[32.00931,-0.05684],[32.01078,-0.05968],[32.01343,-0.06179],[32.01723,-0.06592],[32.01986,-0.07078],[32.02166,-0.07488],[32.02122,-0.07983],[32.02274,-0.08229],[32.0241,-0.08276],[32.02702,-0.08265],[32.03296,-0.08141],[32.03832,-0.08202],[32.04359,-0.08046],[32.04774,-0.08004],[32.0564,-0.08192],[32.0568,-0.08649],[32.05876,-0.09011],[32.05839,-0.09204],[32.05917,-0.09481],[32.05896,-0.09665]]}},{"type":"Feature","properties":{"name":"Kalangala HQ - Mulabana","functional_class":"Class C National Road","surface_type":"Unsealed","length_km":34.705,"road_no":"C230"},"geometry":{"type":"MultiLineString","coordinates":[[[32.19944,-0.44259],[32.19056,-0.4512],[32.18489,-0.45958],[32.18336,-0.46586],[32.1782,-0.47308],[32.1769,-0.47677],[32.17637,-0.48042],[32.17436,-0.4819],[32.16937,-0.49167],[32.16456,-0.50295],[32.1623,-0.51019],[32.15798,-0.51956],[32.15491,-0.52223],[32.15046,-0.52869],[32.14933,-0.52824],[32.14798,-0.52862],[32.14552,-0.52596]],[[32.28528,-0.32332],[32.28474,-0.32596],[32.28369,-0.32795],[32.28394,-0.3303],[32.28151,-0.33893],[32.277,-0.34725],[32.27497,-0.35442],[32.27252,-0.35899],[32.26971,-0.35985],[32.26897,-0.36069],[32.26833,-0.3725],[32.26635,-0.37819],[32.26654,-0.38385],[32.26926,-0.38941],[32.27032,-0.39345],[32.27044,-0.39812],[32.27306,-0.40359],[32.27691,-0.40889],[32.27849,-0.41671],[32.27789,-0.42141],[32.27552,-0.42877],[32.27436,-0.43431],[32.27171,-0.43948],[32.2683,-0.44139],[32.26365,-0.44258],[32.25752,-0.44746],[32.25309,-0.44915],[32.2441,-0.44349],[32.23837,-0.44199],[32.22395,-0.44374],[32.21702,-0.44511],[32.21104,-0.44268],[32.20448,-0.44121],[32.20111,-0.44117],[32.19938,-0.44258]]]}},{"type":"Feature","properties":{"name":"Kawolo Railway access","functional_class":"Class C National Road","surface_type":"Unsealed","length_km":0.859,"road_no":"C042"},"geometry":{"type":"LineString","coordinates":[[32.9407,0.36905],[32.9396,0.36251],[32.93868,0.36288]]}},{"type":"Feature","properties":{"name":"Bujuuko Railway Access","functional_class":"Class C National Road","surface_type":"Unsealed","length_km":2.889,"road_no":"C196"},"geometry":{"type":"LineString","coordinates":[[32.37399,0.33893],[32.37334,0.34351],[32.37412,0.34698],[32.37905,0.35237],[32.38005,0.35418],[32.37922,0.35885],[32.37826,0.36006],[32.37634,0.36094]]}},{"type":"Feature","properties":{"name":"Gayaza-Zirobwe","functional_class":"Class C National Road","surface_type":"Bituminous","length_km":30.873,"road_no":"C302"},"geometry":{"type":"LineString","coordinates":[[32.61177,0.45008],[32.60754,0.45243],[32.60584,0.45619],[32.60575,0.46771],[32.60601,0.47146],[32.60877,0.48291],[32.61041,0.48703],[32.61783,0.51279],[32.61634,0.51723],[32.61641,0.52016],[32.61543,0.52559],[32.61569,0.5275],[32.62016,0.5357],[32.62452,0.54237],[32.62848,0.55436],[32.62938,0.55588],[32.63637,0.56315],[32.64174,0.56732],[32.64459,0.57174],[32.64706,0.57395],[32.64919,0.57834],[32.65742,0.58597],[32.65914,0.5896],[32.66265,0.5936],[32.66276,0.59608],[32.66388,0.59805],[32.66522,0.59879],[32.66942,0.5994],[32.67424,0.60388],[32.68642,0.6101],[32.68898,0.61452],[32.69015,0.62195],[32.6918,0.62521],[32.69655,0.63008],[32.70103,0.63326],[32.69881,0.6404],[32.69868,0.64335],[32.70131,0.64751],[32.70357,0.6545],[32.70709,0.65999],[32.70748,0.66198],[32.70701,0.66349],[32.69903,0.67504],[32.69855,0.67717],[32.69885,0.68082]]}},{"type":"Feature","properties":{"name":"Buwama - Katebo Port","functional_class":"Class C National Road","surface_type":"Unsealed","length_km":12.54,"road_no":"C165"},"geometry":{"type":"LineString","coordinates":[[32.10583,0.06221],[32.10631,0.06201],[32.10959,0.05042],[32.10758,0.04506],[32.10532,0.04155],[32.10493,0.03983],[32.10505,0.03679],[32.10623,0.0312],[32.10614,0.02409],[32.10472,0.01762],[32.10113,0.0066],[32.09924,-0.0069],[32.09766,-0.01078],[32.09578,-0.01367],[32.091,-0.01738],[32.08168,-0.02637],[32.07526,-0.03093],[32.07392,-0.03381],[32.07484,-0.03679]]}},{"type":"Feature","properties":{"name":"Kyesiga-Malembo Landing site","functional_class":"Class C National Road","surface_type":"Unsealed","length_km":13.114,"road_no":"C222"},"geometry":{"type":"LineString","coordinates":[[31.72238,-0.59814],[31.72463,-0.60217],[31.72446,-0.60767],[31.72564,-0.61435],[31.72465,-0.61539],[31.72465,-0.61637],[31.72752,-0.62108],[31.72644,-0.62736],[31.72645,-0.63629],[31.7281,-0.63986],[31.73108,-0.64413],[31.73,-0.65181],[31.7313,-0.66446],[31.73996,-0.68141],[31.74244,-0.68528],[31.74304,-0.68783],[31.747,-0.69056],[31.74983,-0.69373],[31.75203,-0.7019],[31.75416,-0.703],[31.75489,-0.70404]]}},{"type":"Feature","properties":{"name":"Lwampanga - Lwabyata - Kafu","functional_class":"Class C National Road","surface_type":"Unsealed","length_km":46,"road_no":"C326"},"geometry":{"type":"LineString","coordinates":[[32.42192,1.51587],[32.40959,1.51226],[32.36736,1.50401],[32.33935,1.50386],[32.31361,1.50252],[32.30633,1.49759],[32.29607,1.49261],[32.28894,1.48695],[32.28584,1.48301],[32.28324,1.47726],[32.2786,1.47316],[32.27224,1.46931],[32.25855,1.46992],[32.25607,1.47052],[32.24302,1.47608],[32.2273,1.48741],[32.21054,1.50006],[32.20808,1.50264],[32.20588,1.50391],[32.19414,1.50622],[32.18024,1.50349],[32.16955,1.50279],[32.16277,1.5036],[32.15761,1.50559],[32.1437,1.51639],[32.13557,1.51781],[32.11568,1.52543],[32.1056,1.52764],[32.09657,1.52801],[32.09151,1.52874],[32.07475,1.53236],[32.06276,1.5365],[32.04866,1.54048],[32.04253,1.54118],[32.04217,1.53823]]}},{"type":"Feature","properties":{"name":"Namyumba-Kakonda-Wabikokoma-Semuto","functional_class":"Class C National Road","surface_type":"Unsealed","length_km":14.651,"road_no":"C186"},"geometry":{"type":"LineString","coordinates":[[32.26657,0.52232],[32.26604,0.52289],[32.26885,0.52567],[32.27338,0.53626],[32.2752,0.5385],[32.28702,0.54829],[32.29718,0.55263],[32.30571,0.56223],[32.30699,0.56714],[32.3067,0.57225],[32.30838,0.57524],[32.3097,0.57628],[32.31356,0.57771],[32.31781,0.58139],[32.31888,0.58311],[32.31891,0.59327],[32.32105,0.59612],[32.32295,0.59759],[32.3217,0.59992],[32.31898,0.60304],[32.32487,0.60795],[32.32777,0.60866],[32.32942,0.60989],[32.33028,0.61293],[32.33038,0.61627],[32.32968,0.61795],[32.33012,0.61982]]}},{"type":"Feature","properties":{"name":"Kisoga - Kibanga Port","functional_class":"Class C National Road","surface_type":"Unsealed","length_km":10.573,"road_no":"C038"},"geometry":{"type":"LineString","coordinates":[[32.8175,0.25239],[32.81958,0.24364],[32.8234,0.23713],[32.82295,0.23466],[32.8278,0.22881],[32.83007,0.21069],[32.83467,0.20851],[32.83701,0.20822],[32.83895,0.2071],[32.84543,0.20547],[32.84824,0.20328],[32.85434,0.20223],[32.85825,0.20035],[32.86109,0.19703],[32.86335,0.19303],[32.86894,0.18873],[32.87062,0.18945],[32.87214,0.18899]]}},{"type":"Feature","properties":{"name":"Kiganda Loop","functional_class":"Class C National Road","surface_type":"Unsealed","length_km":1.07,"road_no":"C266"},"geometry":{"type":"LineString","coordinates":[[31.67546,0.45344],[31.6741,0.45256],[31.67301,0.45264],[31.67113,0.45464],[31.66789,0.45693]]}},{"type":"Feature","properties":{"name":"Rwebituti-Gold Mines Spur","functional_class":"Class C National Road","surface_type":"Unsealed","length_km":7.73,"road_no":"C280"},"geometry":{"type":"LineString","coordinates":[[31.83391,0.67514],[31.8294,0.6734],[31.82745,0.66866],[31.82423,0.6653],[31.8228,0.6628],[31.80977,0.65647],[31.80151,0.65798],[31.79209,0.66122],[31.77686,0.66483],[31.77567,0.66266],[31.77497,0.66234]]}},{"type":"Feature","properties":{"name":"Kyamusisi- Kikoloto - Kitumbi Bridge (Kayindiyindi)","functional_class":"Class C National Road","surface_type":"Unsealed","length_km":26.499,"road_no":"C271"},"geometry":{"type":"LineString","coordinates":[[31.8339,0.67514],[31.82874,0.67839],[31.82053,0.67997],[31.81722,0.6816],[31.80202,0.69075],[31.79764,0.69509],[31.79502,0.69604],[31.79078,0.69673],[31.7807,0.70238],[31.77638,0.70603],[31.77259,0.70728],[31.76644,0.70833],[31.75363,0.71231],[31.74019,0.71995],[31.73222,0.7291],[31.73008,0.73305],[31.72562,0.73897],[31.71812,0.74548],[31.71486,0.74635],[31.71356,0.74882],[31.70994,0.75266],[31.70868,0.75689],[31.7066,0.75905],[31.70595,0.76079],[31.69487,0.7757],[31.69037,0.78095],[31.68569,0.7847],[31.68429,0.78639],[31.6797,0.79534],[31.67714,0.80272],[31.6753,0.8044],[31.66511,0.80923],[31.66352,0.81156],[31.65962,0.81383],[31.65816,0.81702]]}},{"type":"Feature","properties":{"name":"Kabulasoke - Madu","functional_class":"Class C National Road","surface_type":"Bituminous","length_km":19.701,"road_no":"C162"},"geometry":{"type":"LineString","coordinates":[[31.81206,0.15737],[31.80773,0.16395],[31.80495,0.17009],[31.79983,0.176],[31.79504,0.18431],[31.79264,0.18664],[31.7882,0.18951],[31.78334,0.19036],[31.77903,0.1927],[31.77334,0.19187],[31.76646,0.19224],[31.75901,0.19015],[31.75357,0.18801],[31.74703,0.18717],[31.74287,0.18804],[31.73593,0.1856],[31.7245,0.18317],[31.71121,0.18189],[31.708,0.18201],[31.6954,0.19268],[31.68876,0.19677],[31.67291,0.20844],[31.6714,0.20991],[31.66761,0.21586]]}},{"type":"Feature","properties":{"name":"Masaka - Kidda - Buwunga - Nkuke - Kyana","functional_class":"Class C National Road","surface_type":"Unsealed","length_km":31.956,"road_no":"C218"},"geometry":{"type":"LineString","coordinates":[[31.73683,-0.34279],[31.74311,-0.35738],[31.74856,-0.36361],[31.74899,-0.36593],[31.74986,-0.3675],[31.75389,-0.3697],[31.75451,-0.37126],[31.75493,-0.37636],[31.75752,-0.37907],[31.75879,-0.37944],[31.7642,-0.37919],[31.76714,-0.38184],[31.76943,-0.3823],[31.77842,-0.38033],[31.78157,-0.38094],[31.79003,-0.39985],[31.78988,-0.4081],[31.79077,-0.41103],[31.79259,-0.41422],[31.78832,-0.4193],[31.78478,-0.42448],[31.78213,-0.42939],[31.7815,-0.43189],[31.77883,-0.4329],[31.77684,-0.43451],[31.77099,-0.44421],[31.76565,-0.44725],[31.76392,-0.44874],[31.76294,-0.45243],[31.76048,-0.45373],[31.75875,-0.45532],[31.75125,-0.46461],[31.74725,-0.46604],[31.74603,-0.46716],[31.74447,-0.46742],[31.73994,-0.4713],[31.73962,-0.47744],[31.73873,-0.48117],[31.73413,-0.48458],[31.72581,-0.49528],[31.71546,-0.50573],[31.71128,-0.51069],[31.69841,-0.53448],[31.69644,-0.53617],[31.68665,-0.54203],[31.67909,-0.54879]]}},{"type":"Feature","properties":{"name":"Kinyogogga-Kaweweeta Barracks","functional_class":"Class C National Road","surface_type":"Unsealed","length_km":8.984,"road_no":"C317"},"geometry":{"type":"LineString","coordinates":[[32.23441,1.21106],[32.22988,1.21193],[32.18999,1.25251],[32.18531,1.24433],[32.18084,1.24178],[32.17674,1.24055]]}},{"type":"Feature","properties":{"name":"Access to Kakiri Army Barracks","functional_class":"Class C National Road","surface_type":"Unsealed","length_km":1.989,"road_no":"C181"},"geometry":{"type":"LineString","coordinates":[[32.39212,0.41995],[32.40111,0.40971],[32.40115,0.40556]]}},{"type":"Feature","properties":{"name":"Mityana-Misigi-Kanoni","functional_class":"Class C National Road","surface_type":"Unsealed","length_km":36.594,"road_no":"C262"},"geometry":{"type":"LineString","coordinates":[[32.03846,0.3943],[32.03933,0.39241],[32.04187,0.39067],[32.04239,0.38935],[32.04077,0.38429],[32.03866,0.38027],[32.03669,0.37827],[32.03545,0.3753],[32.03521,0.37327],[32.036,0.37006],[32.03399,0.36681],[32.0302,0.35681],[32.02705,0.35169],[32.02203,0.34614],[32.01922,0.34037],[32.01787,0.33911],[32.01144,0.33603],[32.00322,0.32623],[32.00159,0.31757],[31.99274,0.30946],[31.98886,0.30939],[31.98708,0.30758],[31.98179,0.29795],[31.98169,0.29224],[31.98267,0.28668],[31.98312,0.27936],[31.98008,0.2762],[31.97531,0.27392],[31.97275,0.27141],[31.96963,0.26465],[31.96714,0.26326],[31.96559,0.2603],[31.96312,0.2594],[31.96097,0.25695],[31.95638,0.25762],[31.94653,0.25659],[31.93875,0.25434],[31.93653,0.25447],[31.93491,0.25332],[31.93063,0.25282],[31.92387,0.2503],[31.91593,0.24826],[31.90833,0.24853],[31.90488,0.2508],[31.90305,0.25136],[31.89553,0.25289],[31.89307,0.25275],[31.89463,0.24832],[31.89075,0.23502],[31.89063,0.22159],[31.89139,0.21414],[31.89119,0.21184],[31.89528,0.19371],[31.89667,0.19165],[31.90015,0.18816],[31.90121,0.18486],[31.9041,0.18251],[31.9061,0.1725]]}},{"type":"Feature","properties":{"name":"Lweza - Kigo Prison","functional_class":"Class C National Road","surface_type":"Unsealed","length_km":8.684,"road_no":"C153"},"geometry":{"type":"LineString","coordinates":[[32.54873,0.22599],[32.55241,0.22016],[32.55197,0.219],[32.55029,0.21825],[32.55027,0.21768],[32.55448,0.21433],[32.55921,0.21202],[32.56856,0.21081],[32.57616,0.20685],[32.57912,0.20689],[32.58427,0.20786],[32.58807,0.20716],[32.5886,0.2079]]}},{"type":"Feature","properties":{"name":"Lambu port Junction - Bukakata","functional_class":"Class C National Road","surface_type":"Bituminous","length_km":5.039,"road_no":"C211"},"geometry":{"type":"LineString","coordinates":[[31.99596,-0.30648],[32.00456,-0.29298],[32.01246,-0.28491],[32.0252,-0.27595],[32.02635,-0.27376]]}},{"type":"Feature","properties":{"name":"Access to Kajjansi Fisheries Research Ce","functional_class":"Class C National Road","surface_type":"Unsealed","length_km":1.669,"road_no":"C159"},"geometry":{"type":"LineString","coordinates":[[32.54224,0.21299],[32.5332,0.22322],[32.53239,0.2222]]}},{"type":"Feature","properties":{"name":"Villa Maria - Kalungu","functional_class":"Class C National Road","surface_type":"Unsealed","length_km":25.792,"road_no":"C215"},"geometry":{"type":"LineString","coordinates":[[31.73754,-0.23119],[31.73755,-0.22956],[31.73878,-0.22548],[31.74098,-0.22344],[31.74339,-0.21881],[31.74368,-0.21607],[31.74309,-0.2135],[31.74372,-0.21015],[31.74616,-0.20657],[31.75431,-0.20021],[31.75634,-0.1928],[31.75982,-0.18632],[31.76005,-0.18255],[31.75554,-0.15923],[31.75672,-0.14244],[31.75919,-0.13028],[31.75913,-0.12703],[31.75789,-0.12206],[31.75759,-0.11806],[31.75927,-0.10952],[31.75938,-0.1026],[31.75083,-0.07461],[31.74411,-0.04978],[31.74288,-0.04124],[31.74322,-0.03635],[31.74266,-0.03213],[31.74187,-0.02965],[31.7399,-0.02684],[31.7409,-0.01049]]}},{"type":"Feature","properties":{"name":"Nakaseke - Kiwoko","functional_class":"Class C National Road","surface_type":"Unsealed","length_km":14.97,"road_no":"C312"},"geometry":{"type":"LineString","coordinates":[[32.41604,0.72994],[32.41009,0.73996],[32.40784,0.74612],[32.40715,0.75824],[32.40898,0.77655],[32.40583,0.78724],[32.40305,0.78942],[32.3846,0.79933],[32.38275,0.80162],[32.37999,0.80256],[32.37564,0.80653],[32.37226,0.8132],[32.3701,0.82267],[32.36572,0.83301],[32.36296,0.84431]]}},{"type":"Feature","properties":{"name":"Access to Katabi","functional_class":"Class C National Road","surface_type":"Unsealed","length_km":4.048,"road_no":"C176"},"geometry":{"type":"LineString","coordinates":[[32.48876,0.08889],[32.48821,0.08998],[32.48578,0.09189],[32.4822,0.09062],[32.48118,0.09075],[32.48032,0.09179],[32.47948,0.09048],[32.47942,0.08924],[32.47696,0.08702],[32.47477,0.08654],[32.47398,0.08475],[32.47413,0.08311],[32.47476,0.08168],[32.47703,0.08007],[32.47715,0.07676],[32.47835,0.07497]]}},{"type":"Feature","properties":{"name":"Njeru-Nyenga-Buikwe","functional_class":"Class C National Road","surface_type":"Bituminous","length_km":9.8,"road_no":"C029"},"geometry":{"type":"MultiLineString","coordinates":[[[33.18402,0.43802],[33.18573,0.43163],[33.1906,0.42811],[33.19088,0.42725],[33.18452,0.41748],[33.17368,0.39575],[33.16534,0.38754],[33.16301,0.3867],[33.15263,0.38017],[33.14622,0.37915]],[[33.14622,0.37915],[33.14557,0.37936]]]}},{"type":"Feature","properties":{"name":"Bukulula-Kalungu","functional_class":"Class C National Road","surface_type":"Unsealed","length_km":11.635,"road_no":"C233"},"geometry":{"type":"LineString","coordinates":[[31.84947,-0.18359],[31.84688,-0.1822],[31.84235,-0.17761],[31.83597,-0.17626],[31.83202,-0.17399],[31.82703,-0.17382],[31.82353,-0.16898],[31.82162,-0.16761],[31.82036,-0.1673],[31.81154,-0.17064],[31.81008,-0.17007],[31.80527,-0.16537],[31.79322,-0.16444],[31.79127,-0.16701],[31.78865,-0.16854],[31.78293,-0.16992],[31.77825,-0.1718],[31.77448,-0.17005],[31.77278,-0.16987],[31.77133,-0.17014],[31.76869,-0.17196],[31.76396,-0.17161],[31.76121,-0.17202],[31.75784,-0.17149]]}},{"type":"Feature","properties":{"name":"Kabimbiri - Misindye","functional_class":"Class C National Road","surface_type":"Unsealed","length_km":38.549,"road_no":"C045"},"geometry":{"type":"LineString","coordinates":[[32.82836,0.63027],[32.82918,0.62775],[32.83479,0.62131],[32.83941,0.62056],[32.84164,0.6192],[32.84445,0.61251],[32.84431,0.60772],[32.84479,0.60398],[32.84277,0.59966],[32.84166,0.59589],[32.83957,0.59311],[32.83934,0.5911],[32.84022,0.58925],[32.84428,0.58651],[32.84573,0.58421],[32.84653,0.58205],[32.84689,0.5774],[32.8466,0.57625],[32.8449,0.57413],[32.84395,0.56995],[32.84166,0.56416],[32.84138,0.5595],[32.84438,0.5525],[32.85186,0.5433],[32.8528,0.54033],[32.84532,0.52325],[32.84015,0.5182],[32.83911,0.51616],[32.83838,0.51427],[32.83819,0.50771],[32.83111,0.50163],[32.82127,0.49638],[32.81378,0.49622],[32.80975,0.49806],[32.80281,0.49807],[32.79562,0.49342],[32.79163,0.49006],[32.78607,0.48691],[32.78041,0.48482],[32.7774,0.48306],[32.77074,0.48093],[32.76856,0.47792],[32.76239,0.47861],[32.75664,0.47774],[32.75571,0.47705],[32.75407,0.47347],[32.75035,0.47105],[32.74025,0.46659],[32.73659,0.46616],[32.73192,0.45911],[32.73008,0.45464],[32.72596,0.45176],[32.7244,0.44372],[32.7229,0.4406],[32.71846,0.4375],[32.71235,0.4352],[32.70884,0.43161],[32.70693,0.42836],[32.70492,0.42682],[32.70382,0.42528],[32.70212,0.42173],[32.70088,0.41561],[32.69937,0.41271],[32.6984,0.40943],[32.69851,0.40771],[32.70065,0.40264],[32.70091,0.39794],[32.7015,0.39648]]}},{"type":"Feature","properties":{"name":"Nabbingo Access Road","functional_class":"Class C National Road","surface_type":"Bituminous","length_km":1.484,"road_no":"C199"},"geometry":{"type":"LineString","coordinates":[[32.47879,0.2787],[32.47802,0.28185],[32.47812,0.28377],[32.48039,0.28883],[32.47998,0.29032],[32.47902,0.29037]]}},{"type":"Feature","properties":{"name":"Kalule - Bamunanika","functional_class":"Class C National Road","surface_type":"Unsealed","length_km":11.055,"road_no":"C303"},"geometry":{"type":"LineString","coordinates":[[32.53236,0.63836],[32.53303,0.63946],[32.54192,0.64259],[32.55216,0.64328],[32.5597,0.64442],[32.56523,0.64846],[32.56824,0.65208],[32.57016,0.65347],[32.57229,0.65394],[32.57798,0.65369],[32.58185,0.65452],[32.58291,0.65567],[32.58365,0.65904],[32.58636,0.66183],[32.58956,0.66258],[32.59122,0.66404],[32.59381,0.66486],[32.59523,0.66599],[32.59803,0.67413],[32.59677,0.67664],[32.59721,0.67805],[32.59861,0.67813],[32.60206,0.67619],[32.60569,0.67724],[32.60768,0.67716],[32.6089,0.678]]}},{"type":"Feature","properties":{"name":"Nakasongola loop","functional_class":"Class C National Road","surface_type":"Bituminous","length_km":12.762,"road_no":"C308"},"geometry":{"type":"LineString","coordinates":[[32.45821,1.25161],[32.46149,1.2547],[32.46131,1.27082],[32.46485,1.2942],[32.46531,1.31676],[32.46435,1.31673],[32.46121,1.31468],[32.45705,1.3131],[32.44105,1.31487],[32.43793,1.31631],[32.42743,1.32537],[32.42215,1.32577]]}},{"type":"Feature","properties":{"name":"Kisoga - Lugasa","functional_class":"Class C National Road","surface_type":"Bituminous","length_km":27.926,"road_no":"C025"},"geometry":{"type":"LineString","coordinates":[[32.81738,0.25312],[32.82044,0.25791],[32.82187,0.25827],[32.8261,0.25789],[32.83119,0.25936],[32.83281,0.26023],[32.83933,0.26598],[32.84146,0.26646],[32.85135,0.26472],[32.85591,0.26198],[32.86026,0.25743],[32.8653,0.2502],[32.86804,0.2474],[32.87188,0.24519],[32.87747,0.24451],[32.87895,0.24519],[32.8812,0.24791],[32.88226,0.24848],[32.88576,0.24931],[32.89198,0.249],[32.89643,0.25039],[32.90048,0.24933],[32.90669,0.24585],[32.91574,0.24438],[32.92238,0.23955],[32.92513,0.23864],[32.92715,0.2387],[32.93064,0.24111],[32.93254,0.24136],[32.93717,0.24085],[32.94088,0.23981],[32.94515,0.23705],[32.95494,0.2373],[32.9612,0.23549],[32.99051,0.24224],[32.99449,0.24391],[33.00255,0.24549],[33.00884,0.2487],[33.00953,0.24958],[33.00995,0.2526],[33.0106,0.25357],[33.01148,0.25397],[33.01562,0.2528],[33.01935,0.25359],[33.02468,0.25777],[33.02765,0.26518],[33.03147,0.26987]]}},{"type":"Feature","properties":{"name":"Access to Kajjansi Air Strip","functional_class":"Class C National Road","surface_type":"Unsealed","length_km":2.625,"road_no":"C171"},"geometry":{"type":"LineString","coordinates":[[32.5415,0.21026],[32.54493,0.20867],[32.54462,0.20762],[32.54559,0.20572],[32.54566,0.20242],[32.54519,0.20077],[32.54734,0.2],[32.55127,0.19359],[32.55259,0.19436]]}},{"type":"Feature","properties":{"name":"Nyenga - Railway station Access","functional_class":"Class C National Road","surface_type":"Unsealed","length_km":1.733,"road_no":"C039"},"geometry":{"type":"LineString","coordinates":[[33.15189,0.37992],[33.15321,0.37424],[33.1529,0.37289],[33.1515,0.37109],[33.15325,0.37048],[33.15279,0.3663]]}},{"type":"Feature","properties":{"name":"Kasangati - Kyaliwajala","functional_class":"Class C National Road","surface_type":"Unsealed","length_km":8.393,"road_no":"C194"},"geometry":{"type":"LineString","coordinates":[[32.60266,0.43813],[32.60368,0.43685],[32.60944,0.43285],[32.6148,0.43102],[32.62086,0.42551],[32.62885,0.41037],[32.63116,0.40445],[32.63327,0.40182],[32.63741,0.39885],[32.63898,0.39709],[32.64672,0.38023]]}},{"type":"Feature","properties":{"name":"Old Njeru - Jinja","functional_class":"Class C National Road","surface_type":"Bituminous","length_km":1.756,"road_no":"C023"},"geometry":{"type":"LineString","coordinates":[[33.18348,0.44236],[33.18499,0.4431],[33.18766,0.44317],[33.19006,0.44485],[33.19452,0.44417],[33.19805,0.44542]]}},{"type":"Feature","properties":{"name":"Kayunga-Bale-Galiraya-Lake Kyoga","functional_class":"Class C National Road","surface_type":"Unsealed","length_km":87.401,"road_no":"C300"},"geometry":{"type":"LineString","coordinates":[[32.90357,0.69969],[32.89783,0.70515],[32.89609,0.71012],[32.89573,0.71674],[32.89445,0.72034],[32.8909,0.74257],[32.89142,0.74793],[32.8909,0.75684],[32.88725,0.76849],[32.88507,0.77765],[32.88512,0.78226],[32.88863,0.8002],[32.88736,0.80572],[32.88602,0.82374],[32.88462,0.83203],[32.88137,0.84217],[32.87828,0.84816],[32.87666,0.85707],[32.87319,0.86546],[32.86743,0.87636],[32.86449,0.88709],[32.86424,0.89022],[32.8642,0.8972],[32.86503,0.90346],[32.86762,0.91164],[32.86947,0.9262],[32.87137,0.93051],[32.87438,0.93419],[32.88152,0.94526],[32.8843,0.95761],[32.88674,0.96526],[32.88689,0.97586],[32.88832,0.9822],[32.88635,0.98909],[32.88557,0.99735],[32.88594,1.00818],[32.88499,1.01332],[32.88574,1.01867],[32.88557,1.02515],[32.88621,1.02768],[32.89194,1.03977],[32.89299,1.05011],[32.89494,1.05573],[32.8953,1.05835],[32.89345,1.06457],[32.8899,1.07049],[32.88888,1.07357],[32.88722,1.08439],[32.88769,1.08998],[32.88895,1.0959],[32.88699,1.09727],[32.88565,1.10011],[32.88516,1.1073],[32.88585,1.11107],[32.88818,1.11342],[32.89006,1.11631],[32.89149,1.12015],[32.89189,1.14183],[32.89477,1.15053],[32.8947,1.15558],[32.89057,1.16503],[32.88869,1.17501],[32.88856,1.1788],[32.88579,1.18572],[32.88498,1.18954],[32.88145,1.19371],[32.87576,1.20934],[32.87183,1.22292],[32.86758,1.22733],[32.8658,1.22991],[32.86377,1.23847],[32.85521,1.26397],[32.853,1.26785],[32.84581,1.2755],[32.84242,1.27981],[32.83897,1.28298],[32.83666,1.28702],[32.83559,1.29097],[32.83464,1.30074],[32.8309,1.30497],[32.82871,1.31115],[32.82888,1.31263],[32.83078,1.31669],[32.82954,1.32415],[32.82732,1.32767],[32.82425,1.33556],[32.82048,1.34061],[32.81469,1.35397],[32.81318,1.35827],[32.81349,1.3645],[32.81078,1.37167],[32.8089,1.37246],[32.7994,1.37361],[32.79133,1.37704],[32.786,1.38279],[32.78113,1.38635],[32.77137,1.3978],[32.76866,1.40273],[32.76384,1.40652],[32.76125,1.40725],[32.75668,1.40968],[32.7552,1.41376]]}},{"type":"Feature","properties":{"name":"Kyerima-Bulawula","functional_class":"Class C National Road","surface_type":"Unsealed","length_km":10.202,"road_no":"C007"},"geometry":{"type":"MultiLineString","coordinates":[[[32.93302,0.82416],[32.93527,0.82515],[32.94254,0.82669],[32.9475,0.8269],[32.9488,0.8283],[32.94921,0.83008],[32.95183,0.8336],[32.95866,0.84087],[32.96107,0.84475]],[[32.88738,0.80552],[32.89275,0.80789],[32.90068,0.81315],[32.90261,0.81375],[32.90404,0.81569],[32.90753,0.81843],[32.9115,0.82003],[32.91425,0.82346],[32.91546,0.823],[32.9196,0.81972],[32.92448,0.82039],[32.92783,0.82241],[32.93302,0.82416]]]}},{"type":"Feature","properties":{"name":"MitalaMaria-Bulo-Kanoni","functional_class":"Class C National Road","surface_type":"Unsealed","length_km":29,"road_no":"C163"},"geometry":{"type":"LineString","coordinates":[[32.11928,0.08259],[32.1179,0.08287],[32.10705,0.08902],[32.10134,0.09109],[32.09336,0.09304],[32.09101,0.09464],[32.08906,0.09838],[32.08566,0.09978],[32.08252,0.10028],[32.07552,0.0991],[32.07245,0.09707],[32.07072,0.09686],[32.06688,0.09704],[32.0606,0.09847],[32.05699,0.10676],[32.05576,0.10723],[32.05271,0.10715],[32.05207,0.10807],[32.04926,0.10911],[32.04756,0.11039],[32.04497,0.11396],[32.04145,0.11293],[32.03782,0.11414],[32.03382,0.1122],[32.03176,0.11029],[32.02871,0.10963],[32.02356,0.10941],[32.01789,0.11032],[32.01592,0.11087],[32.01245,0.11345],[32.00919,0.11387],[32.00573,0.11618],[32.00043,0.11549],[31.99896,0.11471],[31.98986,0.11856],[31.98341,0.12292],[31.97433,0.12592],[31.97034,0.12652],[31.96334,0.13132],[31.95501,0.13575],[31.95134,0.13702],[31.94823,0.14087],[31.93573,0.14437],[31.92954,0.14745],[31.92481,0.14862],[31.92116,0.15179],[31.91103,0.15827],[31.9058,0.17258]]}},{"type":"Feature","properties":{"name":"Kalisizo - Lusakalwamese","functional_class":"Class C National Road","surface_type":"Unsealed","length_km":8.033,"road_no":"C221"},"geometry":{"type":"LineString","coordinates":[[31.62251,-0.53208],[31.62396,-0.53347],[31.62495,-0.53275],[31.63289,-0.53248],[31.63754,-0.5295],[31.64531,-0.52595],[31.65699,-0.52595],[31.66048,-0.52755],[31.66261,-0.5326],[31.66294,-0.53544],[31.66602,-0.5408],[31.66852,-0.54177],[31.67066,-0.54142],[31.67357,-0.54365],[31.67568,-0.54436],[31.67774,-0.54591],[31.67907,-0.54871]]}},{"type":"Feature","properties":{"name":"Kikyusa- Bamugolode - Kazwama - Nakasongola","functional_class":"Class C National Road","surface_type":"Unsealed","length_km":83.131,"road_no":"C325"},"geometry":{"type":"LineString","coordinates":[[32.64414,0.83663],[32.64437,0.84132],[32.64566,0.8486],[32.64661,0.85074],[32.64993,0.85517],[32.65181,0.86163],[32.64717,0.8731],[32.64722,0.8751],[32.6534,0.88778],[32.65601,0.8896],[32.66061,0.89574],[32.66281,0.89934],[32.66514,0.90476],[32.66682,0.90949],[32.66658,0.91574],[32.6676,0.92071],[32.6729,0.93414],[32.67403,0.94103],[32.67743,0.94801],[32.68034,0.95657],[32.68473,0.96293],[32.68929,0.98321],[32.69456,0.99397],[32.69689,1.00018],[32.70238,1.00891],[32.70565,1.01947],[32.70845,1.02657],[32.70876,1.03494],[32.70999,1.04123],[32.71014,1.04666],[32.71503,1.05797],[32.71759,1.06122],[32.72077,1.064],[32.72229,1.06679],[32.72402,1.07196],[32.72453,1.07667],[32.72848,1.08571],[32.72981,1.09562],[32.733,1.10493],[32.73329,1.11573],[32.73627,1.12265],[32.73864,1.13098],[32.73828,1.14163],[32.74135,1.16412],[32.74328,1.17264],[32.7432,1.18339],[32.73938,1.19251],[32.73588,1.2063],[32.73568,1.21773],[32.72665,1.24079],[32.72518,1.24282],[32.72129,1.2511],[32.69672,1.25951],[32.69407,1.262],[32.6908,1.26744],[32.68323,1.27187],[32.68087,1.27473],[32.67061,1.28388],[32.66209,1.28877],[32.66102,1.2943],[32.65948,1.30929],[32.65671,1.31452],[32.65359,1.32296],[32.65233,1.32708],[32.65177,1.33209],[32.62761,1.32533],[32.59547,1.31464],[32.56755,1.30639],[32.54694,1.3035],[32.52751,1.30213],[32.50905,1.30182],[32.48314,1.30771],[32.46524,1.31256]]}},{"type":"Feature","properties":{"name":"Sembabule - Matete","functional_class":"Class C National Road","surface_type":"Unsealed","length_km":18.799,"road_no":"C166"},"geometry":{"type":"LineString","coordinates":[[31.46021,-0.08319],[31.45879,-0.0859],[31.46094,-0.09509],[31.46062,-0.10757],[31.46599,-0.12399],[31.46889,-0.13586],[31.4843,-0.1745],[31.48849,-0.18152],[31.49115,-0.1967],[31.49436,-0.20432],[31.49648,-0.21245],[31.49528,-0.2268],[31.49055,-0.24074],[31.48999,-0.24438]]}},{"type":"Feature","properties":{"name":"Kyabakuza - Kiwangala - Ndagwe - Namabal","functional_class":"Class C National Road","surface_type":"Unsealed","length_km":60.928,"road_no":"C225"},"geometry":{"type":"LineString","coordinates":[[31.70921,-0.3384],[31.709,-0.34127],[31.7078,-0.34329],[31.70041,-0.34909],[31.69037,-0.36097],[31.68632,-0.36244],[31.68074,-0.36321],[31.67029,-0.36664],[31.66467,-0.36584],[31.66235,-0.36648],[31.65981,-0.37185],[31.65728,-0.38012],[31.64625,-0.38719],[31.64016,-0.38696],[31.6379,-0.38933],[31.62762,-0.39412],[31.61988,-0.3958],[31.61383,-0.39604],[31.60655,-0.39525],[31.58679,-0.39626],[31.57961,-0.39708],[31.57659,-0.39881],[31.55675,-0.41403],[31.54214,-0.42143],[31.53948,-0.4243],[31.52825,-0.44533],[31.52578,-0.45311],[31.52164,-0.46258],[31.51836,-0.46851],[31.51028,-0.48885],[31.50222,-0.49717],[31.49355,-0.50283],[31.48666,-0.51004],[31.47487,-0.51041],[31.46862,-0.50965],[31.46183,-0.50716],[31.45909,-0.5053],[31.45465,-0.50485],[31.44731,-0.50706],[31.44302,-0.50949],[31.43896,-0.50989],[31.43679,-0.5108],[31.43083,-0.51552],[31.42508,-0.52263],[31.42333,-0.5241],[31.41275,-0.52893],[31.40701,-0.53072],[31.39657,-0.53275],[31.36939,-0.53532],[31.36557,-0.53895],[31.3601,-0.54101],[31.35453,-0.54217],[31.35106,-0.54224],[31.33743,-0.53977],[31.33299,-0.53825],[31.32881,-0.53763],[31.3181,-0.53874],[31.30021,-0.53927],[31.28833,-0.54832],[31.28748,-0.54855],[31.28307,-0.54674],[31.28045,-0.54432],[31.27681,-0.54199],[31.2719,-0.54149],[31.26743,-0.53782]]}},{"type":"Feature","properties":{"name":"Mate - Kabulamuliro-Kakinga","functional_class":"Class C National Road","surface_type":"Unsealed","length_km":9.2,"road_no":"C275"},"geometry":{"type":"LineString","coordinates":[[32.13668,0.61767],[32.13834,0.61882],[32.14133,0.61827],[32.14431,0.61916],[32.1523,0.62516],[32.15385,0.62685],[32.15266,0.63287],[32.15341,0.63649],[32.15645,0.64327],[32.15654,0.6452],[32.1556,0.64937],[32.15623,0.65206],[32.16073,0.66064],[32.16429,0.66477],[32.16551,0.66766],[32.16557,0.67092],[32.16629,0.67375],[32.16479,0.68352]]}},{"type":"Feature","properties":{"name":"Kayenje - Nkinga - Nakatoke","functional_class":"Class C National Road","surface_type":"Unsealed","length_km":9.933,"road_no":"C189"},"geometry":{"type":"LineString","coordinates":[[32.10333,0.17311],[32.09033,0.16211],[32.08641,0.16061],[32.08475,0.15848],[32.0825,0.15882],[32.08105,0.15582],[32.07746,0.15359],[32.07407,0.14786],[32.07273,0.1477],[32.07333,0.14615],[32.07083,0.14162],[32.06897,0.14005],[32.06739,0.14006],[32.06584,0.13774],[32.06278,0.13481],[32.05685,0.13224],[32.05012,0.12643],[32.04838,0.12087],[32.04603,0.11738],[32.04497,0.11396]]}},{"type":"Feature","properties":{"name":"Kitenga -Ikula-Kanyogoga","functional_class":"Class C National Road","surface_type":"Unsealed","length_km":43.59,"road_no":"C277"},"geometry":{"type":"LineString","coordinates":[[31.2808,0.41897],[31.2834,0.41341],[31.28632,0.40411],[31.28952,0.40145],[31.28978,0.39594],[31.29063,0.39295],[31.29236,0.3903],[31.29448,0.3845],[31.29384,0.37809],[31.29885,0.3694],[31.29985,0.3695],[31.3031,0.3727],[31.30493,0.37286],[31.30947,0.37122],[31.31261,0.3732],[31.31799,0.37326],[31.32256,0.37222],[31.32596,0.36519],[31.32865,0.36546],[31.33078,0.36294],[31.33339,0.36255],[31.33663,0.36084],[31.34015,0.36314],[31.34181,0.36508],[31.34411,0.36567],[31.34782,0.36402],[31.35225,0.36415],[31.35766,0.3634],[31.36586,0.35904],[31.37052,0.36057],[31.37307,0.35999],[31.37493,0.36092],[31.37878,0.36064],[31.38004,0.36017],[31.38322,0.35704],[31.38686,0.356],[31.39108,0.35655],[31.39292,0.35593],[31.39839,0.35634],[31.40445,0.3581],[31.40753,0.36067],[31.40965,0.36074],[31.41368,0.35945],[31.41972,0.35948],[31.42227,0.36098],[31.43004,0.35636],[31.43412,0.3547],[31.43989,0.35607],[31.4414,0.35596],[31.44342,0.35818],[31.44496,0.36446],[31.44392,0.37006],[31.44185,0.37235],[31.44225,0.37412],[31.44685,0.37606],[31.44732,0.37706],[31.44689,0.38251],[31.44897,0.38533],[31.44974,0.38758],[31.45136,0.38854],[31.45322,0.39208],[31.46231,0.39694],[31.4656,0.39974],[31.46523,0.40589],[31.46729,0.41037],[31.47062,0.41346],[31.47385,0.41543],[31.47604,0.41819],[31.47849,0.42275],[31.47844,0.42597],[31.47657,0.43122],[31.47848,0.43295],[31.48138,0.43351],[31.48207,0.43424],[31.4824,0.44208],[31.48318,0.44544],[31.48618,0.44774],[31.49137,0.44745],[31.49167,0.45008],[31.49303,0.45361],[31.49489,0.45543],[31.49437,0.45727],[31.49442,0.46215],[31.49521,0.46525],[31.49741,0.4677],[31.49932,0.47121],[31.4996,0.48085],[31.50113,0.48262],[31.50431,0.48494],[31.506,0.48742],[31.50809,0.48825],[31.50917,0.4897],[31.50964,0.49232]]}},{"type":"Feature","properties":{"name":"Wakitundu - Bulera - Mutetema","functional_class":"Class C National Road","surface_type":"Unsealed","length_km":18.662,"road_no":"C271"},"geometry":{"type":"LineString","coordinates":[[32.04636,0.42476],[32.04641,0.42792],[32.04497,0.4309],[32.04268,0.43331],[32.04151,0.43553],[32.03766,0.43817],[32.0339,0.44248],[32.03038,0.44846],[32.02993,0.45248],[32.02275,0.45797],[32.02001,0.45938],[32.01932,0.46034],[32.01909,0.46235],[32.02108,0.46528],[32.02199,0.46784],[32.02506,0.4701],[32.02729,0.47252],[32.02753,0.47985],[32.02728,0.48112],[32.02223,0.48829],[32.01786,0.49971],[32.01828,0.50211],[32.01335,0.50475],[32.009,0.50586],[31.99965,0.51198],[31.9995,0.51462],[31.99813,0.51705],[31.99744,0.52409],[31.99611,0.53069],[31.9925,0.54021],[31.99244,0.5419],[31.99035,0.54468],[31.98601,0.54623],[31.98003,0.55689]]}},{"type":"Feature","properties":{"name":"Mpigi - Kanoni","functional_class":"Class C National Road","surface_type":"Bituminous","length_km":59.028,"road_no":"C162"},"geometry":{"type":"LineString","coordinates":[[32.31784,0.23187],[32.31575,0.23224],[32.3133,0.23437],[32.31198,0.23714],[32.30638,0.24568],[32.30526,0.24599],[32.30123,0.24541],[32.29979,0.24585],[32.29496,0.24978],[32.29206,0.25283],[32.28964,0.25402],[32.28633,0.25444],[32.28126,0.25335],[32.27949,0.25394],[32.27709,0.25613],[32.27293,0.25629],[32.27089,0.25552],[32.26715,0.25227],[32.26359,0.25134],[32.26145,0.25137],[32.25809,0.25266],[32.2555,0.25453],[32.25186,0.2555],[32.25066,0.25534],[32.2487,0.25388],[32.24662,0.25384],[32.24333,0.25553],[32.23983,0.25869],[32.23068,0.25792],[32.22877,0.25933],[32.22729,0.26278],[32.22645,0.26361],[32.22416,0.25946],[32.22299,0.25875],[32.21374,0.25846],[32.21107,0.25887],[32.20813,0.26031],[32.20656,0.26009],[32.20505,0.2588],[32.20177,0.25245],[32.19851,0.24975],[32.1918,0.24964],[32.18816,0.25063],[32.18622,0.24999],[32.18283,0.24755],[32.18146,0.24598],[32.18101,0.24226],[32.17896,0.23876],[32.17625,0.2368],[32.17388,0.2328],[32.17203,0.23198],[32.16776,0.22702],[32.16309,0.22402],[32.15854,0.21497],[32.15195,0.20924],[32.15101,0.20764],[32.15065,0.20377],[32.14697,0.19652],[32.1427,0.19421],[32.13846,0.19012],[32.13617,0.18983],[32.1302,0.18704],[32.12587,0.1836],[32.11371,0.1803],[32.10943,0.17861],[32.10333,0.17311],[32.08906,0.17732],[32.08578,0.17919],[32.0789,0.18164],[32.07502,0.18466],[32.07025,0.19106],[32.06983,0.19536],[32.06787,0.20034],[32.05612,0.21083],[32.05576,0.21248],[32.05701,0.21934],[32.05662,0.22086],[32.05555,0.22371],[32.05199,0.22429],[32.0489,0.22091],[32.04372,0.2167],[32.03404,0.2145],[32.02974,0.21087],[32.02373,0.20817],[32.02068,0.20749],[32.01691,0.20848],[32.00975,0.2058],[32.00505,0.20275],[32.00299,0.19795],[31.9985,0.1948],[31.97908,0.1854],[31.97385,0.18779],[31.971,0.19068],[31.96919,0.19101],[31.96518,0.18831],[31.96229,0.1836],[31.95138,0.1804],[31.94287,0.17699],[31.9384,0.17667],[31.9348,0.17735],[31.93082,0.17501],[31.9283,0.17415],[31.91921,0.17387],[31.91599,0.17191],[31.91241,0.17119],[31.90898,0.17137],[31.90581,0.17258]]}},{"type":"Feature","properties":{"name":"Lukaya - Miwuula","functional_class":"Class C National Road","surface_type":"Unsealed","length_km":25.918,"road_no":"C216"},"geometry":{"type":"LineString","coordinates":[[31.88055,-0.14253],[31.8802,-0.14149],[31.87809,-0.14042],[31.87757,-0.13779],[31.87831,-0.13265],[31.87814,-0.12848],[31.87922,-0.11729],[31.88059,-0.10865],[31.88048,-0.10537],[31.87992,-0.10208],[31.87616,-0.09422],[31.87423,-0.08682],[31.87191,-0.08338],[31.8641,-0.07928],[31.86158,-0.07694],[31.86073,-0.07416],[31.86118,-0.07199],[31.86093,-0.07059],[31.85854,-0.06621],[31.84745,-0.05051],[31.8453,-0.04679],[31.84143,-0.04235],[31.83915,-0.03854],[31.8291,-0.02728],[31.82326,-0.02187],[31.81976,-0.01969],[31.8098,-0.01608],[31.80637,-0.01534],[31.79168,-0.01378],[31.78361,-0.01439],[31.77266,-0.01716],[31.76812,-0.015],[31.76099,-0.00755],[31.74958,-0.00556],[31.74673,-0.00644],[31.74384,-0.00907],[31.74091,-0.0104]]}},{"type":"Feature","properties":{"name":"Ngoma-Buwana-Kinyogogga","functional_class":"Class C National Road","surface_type":"Unsealed","length_km":27.15,"road_no":"C316"},"geometry":{"type":"LineString","coordinates":[[32.01885,1.18222],[32.02222,1.18204],[32.03006,1.18307],[32.03522,1.18538],[32.03882,1.18778],[32.06318,1.19879],[32.06821,1.19926],[32.07358,1.2012],[32.078,1.20123],[32.08345,1.2029],[32.09594,1.20516],[32.09789,1.20494],[32.10019,1.2039],[32.1051,1.20003],[32.11003,1.1979],[32.11294,1.19564],[32.11598,1.19569],[32.12163,1.19427],[32.12852,1.19428],[32.1378,1.19121],[32.14427,1.19127],[32.14717,1.1896],[32.14951,1.1873],[32.15223,1.18686],[32.1569,1.18351],[32.16432,1.18155],[32.1729,1.18039],[32.17562,1.1818],[32.17809,1.18187],[32.1808,1.18365],[32.18438,1.18376],[32.1869,1.18476],[32.19176,1.18507],[32.19306,1.18406],[32.19427,1.18414],[32.20223,1.18774],[32.20601,1.19169],[32.20905,1.1935],[32.22594,1.19718],[32.22967,1.19729],[32.23309,1.19864],[32.2346,1.20089],[32.23368,1.20767],[32.23431,1.21107]]}},{"type":"Feature","properties":{"name":"Old Masaka Road (Kyengera -Kabojja Secondary)","functional_class":"Class C National Road","surface_type":"Unsealed","length_km":1.598,"road_no":"C179"},"geometry":{"type":"LineString","coordinates":[[32.50895,0.3],[32.51643,0.29974],[32.51798,0.29882],[32.52114,0.29507]]}},{"type":"Feature","properties":{"name":"Najja - Kiyindi","functional_class":"Class C National Road","surface_type":"Unsealed","length_km":7.83,"road_no":"C030"},"geometry":{"type":"LineString","coordinates":[[33.1022,0.31202],[33.10415,0.31147],[33.10881,0.3076],[33.11246,0.30711],[33.12239,0.30372],[33.12608,0.30378],[33.12808,0.30326],[33.12866,0.30221],[33.13043,0.30105],[33.13674,0.29094],[33.1372,0.28553],[33.14155,0.28231],[33.14425,0.28131],[33.1473,0.27936],[33.15003,0.27303],[33.15287,0.27144]]}},{"type":"Feature","properties":{"name":"Kakiri-Masulita-Danze-Mawale","functional_class":"Class C National Road","surface_type":"Unsealed","length_km":23.168,"road_no":"C184"},"geometry":{"type":"LineString","coordinates":[[32.39195,0.41995],[32.39125,0.42294],[32.39225,0.42538],[32.39208,0.4281],[32.39109,0.43237],[32.3901,0.44074],[32.39034,0.44686],[32.38892,0.45408],[32.38588,0.45947],[32.383,0.46245],[32.38092,0.46554],[32.37995,0.46836],[32.37973,0.47207],[32.37753,0.4761],[32.37221,0.48128],[32.37078,0.48335],[32.36834,0.49343],[32.36722,0.50947],[32.36149,0.52063],[32.35623,0.5282],[32.35528,0.53179],[32.35498,0.53803],[32.34889,0.54826],[32.34849,0.55245],[32.34781,0.55362],[32.3456,0.55536],[32.3428,0.55921],[32.34295,0.56216],[32.34462,0.56577],[32.34588,0.57049],[32.34631,0.57642],[32.34555,0.5801],[32.34536,0.58464],[32.34809,0.59432],[32.3479,0.59839],[32.34597,0.60196],[32.34551,0.60433],[32.34864,0.61217]]}},{"type":"Feature","properties":{"name":"Nambole - Kampala Industrial Park - Mukono","functional_class":"Class C National Road","surface_type":"Unsealed","length_km":13.692,"road_no":"C036"},"geometry":{"type":"LineString","coordinates":[[32.66184,0.34802],[32.66256,0.34979],[32.66336,0.3503],[32.67672,0.3497],[32.6845,0.35215],[32.68695,0.35193],[32.69323,0.34958],[32.6978,0.34866],[32.69881,0.3495],[32.69964,0.35117],[32.70049,0.35673],[32.70394,0.36242],[32.70525,0.36344],[32.71,0.36445],[32.71245,0.36301],[32.71471,0.36283],[32.71763,0.36133],[32.72182,0.36071],[32.72319,0.35987],[32.72401,0.35819],[32.7289,0.35578],[32.73013,0.35111],[32.73088,0.34514],[32.73155,0.34437],[32.73339,0.34535],[32.73674,0.34609],[32.73768,0.34683],[32.73825,0.34841],[32.73894,0.35502],[32.74178,0.36062],[32.7423,0.36102],[32.74637,0.36062]]}},{"type":"Feature","properties":{"name":"Bukuya - Kiboga","functional_class":"Class C National Road","surface_type":"Unsealed","length_km":29.925,"road_no":"C273"},"geometry":{"type":"LineString","coordinates":[[31.83681,0.67406],[31.83947,0.68777],[31.8393,0.69261],[31.8373,0.69736],[31.83322,0.70543],[31.82807,0.7117],[31.82515,0.71644],[31.82062,0.72238],[31.81786,0.72503],[31.80328,0.74212],[31.79535,0.74955],[31.79175,0.75476],[31.79035,0.75843],[31.79096,0.76441],[31.78947,0.76894],[31.78802,0.77835],[31.78832,0.7799],[31.78787,0.7823],[31.78395,0.78986],[31.78213,0.79155],[31.78031,0.79497],[31.78027,0.79915],[31.78286,0.80285],[31.78276,0.80761],[31.78392,0.81212],[31.78585,0.81456],[31.78653,0.81631],[31.78803,0.82309],[31.78851,0.82864],[31.78828,0.83307],[31.78734,0.83484],[31.78314,0.83766],[31.77772,0.83977],[31.77598,0.84267],[31.77711,0.84443],[31.7774,0.84797],[31.77949,0.85131],[31.77965,0.85285],[31.77362,0.86676],[31.77325,0.86889],[31.77145,0.87158],[31.7716,0.87462],[31.77274,0.87985],[31.77234,0.8833],[31.77272,0.88732],[31.77529,0.89151],[31.77694,0.89577],[31.77837,0.8976],[31.77996,0.90235],[31.77973,0.90545],[31.77814,0.90927]]}},{"type":"Feature","properties":{"name":"Kitenga-Masozi","functional_class":"Class C National Road","surface_type":"Unsealed","length_km":17.769,"road_no":"C265"},"geometry":{"type":"LineString","coordinates":[[31.50893,0.49734],[31.50868,0.49688],[31.51028,0.49046],[31.51259,0.48754],[31.51526,0.48293],[31.51784,0.48194],[31.51974,0.48025],[31.51894,0.47468],[31.5221,0.46975],[31.52411,0.46385],[31.52382,0.45671],[31.52464,0.45039],[31.52857,0.44092],[31.5299,0.43607],[31.5358,0.42692],[31.54097,0.41703],[31.54151,0.41406],[31.54096,0.4023],[31.54139,0.39988],[31.5447,0.39484],[31.54916,0.39436],[31.55094,0.39136],[31.55322,0.3902],[31.55611,0.38636],[31.55683,0.38336],[31.55706,0.37408],[31.55774,0.37267],[31.56637,0.36881],[31.5712,0.36274]]}},{"type":"Feature","properties":{"name":"Entebbe-Nakiwogo","functional_class":"Class C National Road","surface_type":"Bituminous","length_km":3.374,"road_no":"C157"},"geometry":{"type":"LineString","coordinates":[[32.47271,0.06251],[32.47089,0.06275],[32.46854,0.06413],[32.46624,0.06847],[32.46492,0.06969],[32.46282,0.07025],[32.4614,0.06975],[32.45447,0.07749],[32.45398,0.07882],[32.45165,0.07909],[32.44932,0.08052]]}},{"type":"Feature","properties":{"name":"Lyantonde - Lumbugu","functional_class":"Class C National Road","surface_type":"Unsealed","length_km":48.889,"road_no":"C214"},"geometry":{"type":"LineString","coordinates":[[31.15388,-0.40541],[31.15812,-0.41464],[31.16895,-0.43253],[31.17132,-0.43618],[31.17433,-0.43914],[31.17891,-0.44609],[31.18212,-0.45448],[31.18861,-0.4616],[31.19199,-0.46739],[31.19369,-0.46866],[31.19657,-0.46808],[31.19773,-0.46844],[31.21034,-0.47986],[31.21678,-0.48394],[31.22829,-0.49734],[31.23167,-0.50938],[31.23312,-0.5116],[31.24071,-0.51585],[31.24381,-0.51559],[31.24495,-0.51413],[31.24541,-0.51414],[31.24648,-0.51544],[31.24724,-0.51782],[31.24676,-0.52036],[31.2475,-0.52182],[31.25711,-0.52816],[31.26062,-0.5321],[31.26739,-0.53769],[31.26509,-0.54211],[31.26461,-0.54647],[31.26705,-0.55472],[31.26707,-0.56209],[31.26366,-0.56843],[31.27761,-0.57894],[31.29717,-0.59009],[31.30169,-0.59418],[31.30336,-0.59726],[31.30275,-0.60515],[31.30605,-0.61137],[31.30759,-0.61324],[31.30902,-0.62095],[31.31111,-0.62754],[31.31371,-0.63291],[31.31788,-0.63669],[31.32308,-0.64661],[31.32711,-0.65136],[31.32984,-0.6539],[31.33277,-0.6555],[31.34088,-0.6573],[31.34669,-0.658],[31.35342,-0.6547],[31.35643,-0.65504],[31.35886,-0.65643],[31.36169,-0.65657],[31.37331,-0.65486],[31.38364,-0.65596],[31.38904,-0.65554],[31.38994,-0.65627],[31.38985,-0.65871],[31.39484,-0.6636],[31.39925,-0.66546],[31.40193,-0.66505],[31.4071,-0.66773],[31.41019,-0.6687],[31.41537,-0.67336],[31.41743,-0.67708],[31.41805,-0.68472]]}},{"type":"Feature","properties":{"name":"Bombo - Ndejje - Kalasa","functional_class":"Class C National Road","surface_type":"Unsealed","length_km":18.41,"road_no":"C311"},"geometry":{"type":"LineString","coordinates":[[32.53237,0.58498],[32.52682,0.58615],[32.52,0.58935],[32.51924,0.59135],[32.51795,0.59283],[32.51353,0.59244],[32.50834,0.59429],[32.50455,0.59726],[32.49585,0.60225],[32.48857,0.60208],[32.48397,0.60016],[32.48052,0.60106],[32.47875,0.60096],[32.47623,0.60369],[32.47597,0.60986],[32.47386,0.61388],[32.47034,0.61528],[32.4658,0.61556],[32.46254,0.61706],[32.46056,0.61736],[32.45474,0.61683],[32.45353,0.61476],[32.45212,0.61362],[32.45233,0.61136],[32.44847,0.61122],[32.44313,0.60962],[32.43982,0.60998],[32.43538,0.60731],[32.43101,0.6038],[32.426,0.6015],[32.42489,0.59661],[32.42103,0.59325],[32.41835,0.59016],[32.41529,0.58551],[32.41137,0.5818],[32.4039,0.57609]]}},{"type":"Feature","properties":{"name":"Lugazi - Buikwe","functional_class":"Class C National Road","surface_type":"Unsealed","length_km":10.804,"road_no":"C027"},"geometry":{"type":"LineString","coordinates":[[32.94224,0.36875],[32.94467,0.367],[32.94746,0.36659],[32.95436,0.36802],[32.95716,0.36562],[32.96311,0.36285],[32.96677,0.3622],[32.96871,0.36121],[32.9704,0.36205],[32.97196,0.36208],[32.97339,0.36001],[32.97427,0.35957],[32.97676,0.36054],[32.97925,0.36012],[32.99315,0.36128],[32.99757,0.36074],[32.99943,0.35999],[33.00331,0.3562],[33.00782,0.35311],[33.01005,0.35059],[33.01445,0.34826],[33.0183,0.34451],[33.02374,0.34402],[33.0294,0.34423]]}},{"type":"Feature","properties":{"name":"Kitala - Gerenge","functional_class":"Class C National Road","surface_type":"Unsealed","length_km":9.625,"road_no":"C174"},"geometry":{"type":"LineString","coordinates":[[32.52108,0.10654],[32.52155,0.10591],[32.52416,0.10605],[32.52719,0.1024],[32.53,0.10079],[32.53023,0.09801],[32.53095,0.09693],[32.53458,0.09435],[32.53801,0.09286],[32.53936,0.09302],[32.54079,0.09253],[32.54884,0.08459],[32.55181,0.08023],[32.55579,0.07882],[32.55745,0.0744],[32.55809,0.06669],[32.55879,0.06421],[32.56276,0.05676],[32.56232,0.05483],[32.56331,0.05206],[32.56306,0.05053],[32.56649,0.04671],[32.56776,0.04644],[32.56791,0.04447]]}},{"type":"Feature","properties":{"name":"Lumbugu - Rakai","functional_class":"Class C National Road","surface_type":"Bituminous","length_km":4.5,"road_no":"C231"},"geometry":{"type":"LineString","coordinates":[[31.41793,-0.68463],[31.41705,-0.68821],[31.41604,-0.68952],[31.41566,-0.69859],[31.41307,-0.70841],[31.41246,-0.70872],[31.41193,-0.70736],[31.41028,-0.70663],[31.408,-0.70727],[31.40524,-0.70661],[31.40445,-0.70689],[31.40766,-0.7131]]}},{"type":"Feature","properties":{"name":"Access to Kituuza Agriculture Research C","functional_class":"Class C National Road","surface_type":"Unsealed","length_km":5.409,"road_no":"C043"},"geometry":{"type":"LineString","coordinates":[[32.98141,0.36052],[32.98136,0.35951],[32.98616,0.35515],[32.98864,0.35366],[32.98794,0.35017],[32.98898,0.34653],[32.9918,0.3425],[32.99489,0.34048],[32.99661,0.34062],[32.99753,0.34139],[32.99774,0.34531],[32.99883,0.34788],[33.00049,0.34774],[33.00297,0.3493],[33.00587,0.34911],[33.00996,0.35067]]}},{"type":"Feature","properties":{"name":"Kakumiro - Nkooko","functional_class":"Class C National Road","surface_type":"Unsealed","length_km":26.618,"road_no":"C567"},"geometry":{"type":"LineString","coordinates":[[31.32383,0.77987],[31.32585,0.77991],[31.33025,0.78225],[31.33358,0.78293],[31.33616,0.78532],[31.33908,0.78523],[31.34585,0.79112],[31.35043,0.79272],[31.35311,0.79636],[31.35755,0.79666],[31.35833,0.79791],[31.3587,0.80017],[31.3617,0.80275],[31.36318,0.80523],[31.3639,0.8138],[31.36651,0.81529],[31.36751,0.81754],[31.37501,0.82129],[31.37806,0.82338],[31.38092,0.82336],[31.38583,0.83259],[31.38811,0.83299],[31.3925,0.83626],[31.39483,0.83622],[31.39632,0.8372],[31.39681,0.83965],[31.39616,0.84555],[31.39826,0.84698],[31.40005,0.85064],[31.40471,0.85651],[31.40573,0.85951],[31.40645,0.86538],[31.40764,0.86658],[31.41046,0.87177],[31.41388,0.87388],[31.41619,0.88151],[31.41839,0.88494],[31.41877,0.8874],[31.42231,0.88903],[31.42333,0.89076],[31.42299,0.89603],[31.42201,0.89932],[31.42223,0.90629],[31.42391,0.90878],[31.42618,0.91084],[31.42805,0.91418],[31.4288,0.91669],[31.42844,0.91902],[31.42677,0.92274],[31.426,0.92922],[31.42661,0.93677],[31.42798,0.9411],[31.42861,0.94853],[31.4285,0.9567],[31.42949,0.96048]]}},{"type":"Feature","properties":{"name":"Kakumiro-Kibale","functional_class":"Class C National Road","surface_type":"Bituminous","length_km":32.205,"road_no":"C550"},"geometry":{"type":"LineString","coordinates":[[31.32342,0.78118],[31.32102,0.78246],[31.31575,0.78653],[31.31293,0.78549],[31.30928,0.786],[31.29631,0.79196],[31.29402,0.79227],[31.28738,0.79002],[31.28601,0.78909],[31.28363,0.78361],[31.28228,0.78242],[31.28204,0.77854],[31.28082,0.77772],[31.27324,0.77718],[31.27016,0.77535],[31.26699,0.777],[31.26111,0.77763],[31.25847,0.77899],[31.2548,0.7781],[31.25211,0.77584],[31.24736,0.7745],[31.24376,0.7729],[31.24093,0.77083],[31.23508,0.77301],[31.22493,0.77106],[31.21793,0.7731],[31.21505,0.77257],[31.21216,0.77404],[31.20911,0.77468],[31.20515,0.7767],[31.19784,0.77685],[31.19449,0.77886],[31.19271,0.78076],[31.1893,0.78298],[31.17982,0.78556],[31.17506,0.78823],[31.17284,0.79031],[31.16612,0.79033],[31.16463,0.79063],[31.16244,0.79199],[31.16055,0.79229],[31.15917,0.79181],[31.15473,0.78765],[31.1521,0.78379],[31.15005,0.78204],[31.14753,0.78187],[31.14424,0.77969],[31.14173,0.77962],[31.13969,0.77735],[31.13856,0.77739],[31.1361,0.77915],[31.12926,0.77703],[31.12843,0.77636],[31.12664,0.77303],[31.12483,0.77232],[31.1194,0.7673],[31.11749,0.76644],[31.11263,0.76585],[31.10819,0.76295],[31.10191,0.76405],[31.09832,0.7635],[31.09466,0.76633],[31.0921,0.77049],[31.09091,0.77084],[31.08691,0.77048],[31.08451,0.77296],[31.08304,0.7737],[31.08035,0.77403],[31.07978,0.77459]]}},{"type":"Feature","properties":{"name":"Kakooge - Nansaka - Wabusana","functional_class":"Class C National Road","surface_type":"Unsealed","length_km":29.735,"road_no":"C330"},"geometry":{"type":"LineString","coordinates":[[32.46717,1.05122],[32.46823,1.05109],[32.46889,1.05004],[32.46923,1.04648],[32.46989,1.04473],[32.47234,1.04254],[32.4795,1.03818],[32.48345,1.03735],[32.48573,1.03603],[32.49099,1.03449],[32.50092,1.02523],[32.50627,1.01945],[32.51036,1.01623],[32.51646,1.01238],[32.52235,1.01061],[32.53315,1.00497],[32.54155,0.99847],[32.54421,0.99494],[32.54544,0.99187],[32.54846,0.98705],[32.5523,0.98342],[32.55936,0.98028],[32.56246,0.97741],[32.5712,0.97179],[32.57266,0.96938],[32.57608,0.9657],[32.5841,0.95424],[32.5866,0.95324],[32.60009,0.95091],[32.60295,0.95001],[32.60955,0.94937],[32.61224,0.94858],[32.61624,0.94641],[32.62326,0.94677],[32.62674,0.94557],[32.62959,0.94373],[32.63096,0.94215],[32.63363,0.93637],[32.63661,0.93225],[32.64437,0.91507],[32.64578,0.91294],[32.65159,0.90778],[32.6533,0.90496],[32.65449,0.90014],[32.65576,0.88936]]}},{"type":"Feature","properties":{"name":"Namataba - Kyampisi","functional_class":"Class C National Road","surface_type":"Unsealed","length_km":40.806,"road_no":"C041"},"geometry":{"type":"LineString","coordinates":[[32.86527,0.38328],[32.86333,0.38591],[32.86332,0.38671],[32.86388,0.38824],[32.86601,0.3901],[32.87164,0.39206],[32.88116,0.39189],[32.88684,0.39448],[32.88758,0.39525],[32.88928,0.40084],[32.89136,0.40405],[32.89643,0.40773],[32.89785,0.40815],[32.89855,0.40942],[32.89767,0.41322],[32.89782,0.41685],[32.89946,0.42082],[32.89947,0.42219],[32.89799,0.42316],[32.89512,0.42369],[32.89304,0.42523],[32.8897,0.43081],[32.88803,0.43522],[32.88692,0.4364],[32.88378,0.43795],[32.88301,0.44002],[32.88384,0.44249],[32.88713,0.44366],[32.8881,0.44475],[32.89958,0.46607],[32.90464,0.46864],[32.90231,0.47099],[32.91165,0.52198],[32.91687,0.53406],[32.92015,0.53761],[32.91837,0.55344],[32.91708,0.55768],[32.92016,0.56962],[32.91965,0.57386],[32.92247,0.58019],[32.9214,0.58303],[32.92124,0.58786],[32.91896,0.59632],[32.91982,0.6027],[32.9188,0.60779],[32.91638,0.61086],[32.91592,0.61457],[32.91406,0.61633],[32.92164,0.62395],[32.9296,0.62557],[32.9388,0.63589],[32.94191,0.63718],[32.94753,0.64151],[32.94256,0.65191],[32.93653,0.6547],[32.93485,0.65782],[32.93222,0.6609],[32.93041,0.66533],[32.92862,0.66748],[32.92949,0.67244]]}},{"type":"Feature","properties":{"name":"Mityana - Katakala - Naama","functional_class":"Class C National Road","surface_type":"Unsealed","length_km":0.137,"road_no":"C267"},"geometry":{"type":"LineString","coordinates":[[31.99524,0.41301],[31.99483,0.4119]]}},{"type":"Feature","properties":{"name":"Mityana-Katakala-Naama","functional_class":"Class C National Road","surface_type":"Bituminous","length_km":7.471,"road_no":"C268"},"geometry":{"type":"LineString","coordinates":[[32.03712,0.4021],[32.03553,0.40277],[32.03237,0.4011],[32.02949,0.40104],[32.02119,0.4055],[32.01788,0.4046],[32.015,0.40543],[32.01298,0.4036],[32.0079,0.40339],[32.00648,0.40542],[31.99929,0.4087],[31.99685,0.40761],[31.99575,0.40766],[31.99487,0.41184],[31.99382,0.41302],[31.99079,0.41311],[31.98513,0.41555],[31.98127,0.41517],[31.98018,0.41552]]}},{"type":"Feature","properties":{"name":"Nakitooma Access","functional_class":"Class C National Road","surface_type":"Unsealed","length_km":2.4,"road_no":"C336"},"geometry":{"type":"LineString","coordinates":[[32.09596,1.50798],[32.0962,1.50897],[32.0943,1.5206],[32.09154,1.52678],[32.09199,1.52865]]}},{"type":"Feature","properties":{"name":"Kyankwazi - Ngoma","functional_class":"Class C National Road","surface_type":"Unsealed","length_km":14.867,"road_no":"C315"},"geometry":{"type":"LineString","coordinates":[[32.01857,1.1803],[32.01518,1.17998],[31.99973,1.17543],[31.97638,1.15364],[31.96301,1.14045],[31.95258,1.13652],[31.94305,1.12795],[31.93401,1.12672],[31.92018,1.12672],[31.91382,1.1242],[31.91115,1.12197],[31.90652,1.12198],[31.90111,1.11626],[31.89903,1.1116],[31.89641,1.10881],[31.89302,1.10664],[31.88558,1.10429]]}},{"type":"Feature","properties":{"name":"Kakinga -Kalungu - Dwaniro","functional_class":"Class C National Road","surface_type":"Unsealed","length_km":32,"road_no":"C334"},"geometry":{"type":"LineString","coordinates":[[32.16522,0.68343],[32.16736,0.69327],[32.16609,0.69874],[32.16644,0.70056],[32.16876,0.70371],[32.17189,0.71136],[32.17173,0.71291],[32.17005,0.71611],[32.16549,0.72177],[32.16494,0.72562],[32.16555,0.73247],[32.16532,0.73607],[32.16791,0.74118],[32.16794,0.74387],[32.16638,0.74603],[32.16697,0.74828],[32.16903,0.7523],[32.17186,0.75456],[32.17316,0.75701],[32.17275,0.76126],[32.17311,0.76219],[32.17782,0.76761],[32.17985,0.77221],[32.17828,0.77604],[32.17606,0.77762],[32.17459,0.78157],[32.17512,0.78306],[32.17966,0.78863],[32.17826,0.8013],[32.17772,0.80293],[32.17511,0.80564],[32.17263,0.80986],[32.16758,0.81477],[32.15899,0.81677],[32.14892,0.81284],[32.14428,0.80892],[32.14067,0.80751],[32.13755,0.80533],[32.12322,0.80321],[32.12033,0.80123],[32.11588,0.79666],[32.11166,0.80273],[32.10991,0.80684],[32.10904,0.81092],[32.10869,0.81755],[32.10763,0.82106],[32.10241,0.8204],[32.09298,0.81604],[32.08974,0.81769],[32.08879,0.81759],[32.08671,0.81584],[32.0852,0.81127],[32.07797,0.80707],[32.07315,0.80124]]}},{"type":"Feature","properties":{"name":"Kikondo-Kikandwa-Nvuye","functional_class":"Class C National Road","surface_type":"Unsealed","length_km":7.4,"road_no":"C337"},"geometry":{"type":"LineString","coordinates":[[32.30891,0.63568],[32.30351,0.63444],[32.30017,0.63474],[32.29705,0.63581],[32.29533,0.63496],[32.29302,0.63248],[32.28327,0.63671],[32.27907,0.63219],[32.27731,0.63133],[32.27136,0.62361],[32.26656,0.6189],[32.25925,0.61411],[32.25584,0.613]]}},{"type":"Feature","properties":{"name":"Kiwoko-Kalagala-Ngogolo","functional_class":"Class C National Road","surface_type":"Unsealed","length_km":34.8,"road_no":"C333"},"geometry":{"type":"LineString","coordinates":[[32.36109,0.84512],[32.36079,0.84714],[32.35994,0.84855],[32.35472,0.85508],[32.35271,0.86144],[32.35039,0.86612],[32.34986,0.87013],[32.35387,0.88338],[32.35733,0.88917],[32.36032,0.89746],[32.36255,0.90794],[32.36152,0.91393],[32.36089,0.91617],[32.35556,0.92674],[32.35465,0.93145],[32.35476,0.93456],[32.35012,0.94012],[32.34563,0.94702],[32.33778,0.96243],[32.33707,0.96481],[32.34364,0.96468],[32.34805,0.96082],[32.35019,0.96022],[32.3623,0.96083],[32.36857,0.96016],[32.36989,0.9587],[32.3738,0.95678],[32.37445,0.95476],[32.37661,0.95183],[32.37741,0.94963],[32.38037,0.94657],[32.38151,0.9458],[32.38522,0.94498],[32.38833,0.94277],[32.39318,0.94328],[32.39636,0.94557],[32.39982,0.94693],[32.40231,0.94932],[32.4067,0.95014],[32.41236,0.95346],[32.42363,0.95185],[32.42512,0.94921],[32.42535,0.94638],[32.42726,0.94081],[32.42972,0.93974],[32.43258,0.93654],[32.43649,0.93528],[32.44585,0.92866],[32.44737,0.92511],[32.4518,0.92205],[32.45647,0.91258],[32.45873,0.91024],[32.45975,0.90723],[32.46951,0.90365],[32.47358,0.90292],[32.47673,0.89814],[32.47775,0.89833]]}},{"type":"Feature","properties":{"name":"Zengebe-Ferry-Access","functional_class":"Class C National Road","surface_type":"Unsealed","length_km":3.025,"road_no":"C338"},"geometry":{"type":"LineString","coordinates":[[32.50594,1.47874],[32.51114,1.47631],[32.51376,1.47586],[32.51695,1.47391],[32.52149,1.47258],[32.52792,1.47302],[32.52903,1.47408],[32.52932,1.47543],[32.52997,1.4754]]}},{"type":"Feature","properties":{"name":"Kikubampanga - Lutabayima - Seganga","functional_class":"Class C National Road","surface_type":"Unsealed","length_km":5.801,"road_no":"C339"},"geometry":{"type":"LineString","coordinates":[[32.29716,0.55261],[32.2977,0.54878],[32.30028,0.54426],[32.30097,0.54098],[32.30358,0.53803],[32.30501,0.53546],[32.30819,0.53466],[32.31168,0.53546],[32.31518,0.53475],[32.31864,0.53505],[32.32803,0.52857],[32.32969,0.52622],[32.33283,0.52343]]}},{"type":"Feature","properties":{"name":"Kasanda - Madudu","functional_class":"Class C National Road","surface_type":"Unsealed","length_km":42.8,"road_no":"C274"},"geometry":{"type":"LineString","coordinates":[[31.81965,0.54642],[31.81799,0.5474],[31.80088,0.55175],[31.79143,0.55164],[31.78691,0.55212],[31.77887,0.55012],[31.77358,0.55015],[31.76522,0.54922],[31.75621,0.5468],[31.75354,0.54467],[31.75145,0.54389],[31.75018,0.54437],[31.74839,0.54632],[31.74602,0.54747],[31.74143,0.55119],[31.72918,0.55033],[31.72315,0.55325],[31.72011,0.5532],[31.71822,0.55372],[31.70894,0.5604],[31.69168,0.57482],[31.68918,0.5762],[31.68703,0.5766],[31.68338,0.57909],[31.67863,0.58108],[31.67389,0.58149],[31.67027,0.58108],[31.66682,0.58208],[31.6619,0.5855],[31.6589,0.5867],[31.65393,0.58765],[31.65027,0.58983],[31.64361,0.58992],[31.64115,0.59286],[31.63525,0.59724],[31.63219,0.60022],[31.63024,0.60295],[31.62884,0.60643],[31.62136,0.60864],[31.62038,0.61294],[31.61879,0.6148],[31.6114,0.61843],[31.61015,0.61985],[31.59459,0.62498],[31.58883,0.62578],[31.58722,0.62521],[31.58586,0.62547],[31.5849,0.62642],[31.5827,0.62728],[31.57878,0.63096],[31.57669,0.63426],[31.57646,0.63612],[31.57484,0.63806],[31.5684,0.63906],[31.56118,0.63767],[31.55909,0.63828],[31.55724,0.63964],[31.554,0.63994],[31.55165,0.63937],[31.54801,0.64032],[31.54422,0.6404],[31.53911,0.64229],[31.52906,0.64316],[31.52295,0.64583],[31.51511,0.64617],[31.51051,0.64802],[31.50564,0.65271],[31.5038,0.66011],[31.50323,0.66088],[31.4978,0.66374],[31.49553,0.66666],[31.49163,0.66949],[31.4901,0.67214]]}},{"type":"Feature","properties":{"name":"Salaama Road","functional_class":"Class C National Road","surface_type":"Bituminous","length_km":12.2,"road_no":"C005"},"geometry":{"type":"LineString","coordinates":[[32.57167,0.29164],[32.57622,0.2831],[32.58174,0.27535],[32.58479,0.27202],[32.5901,0.2678],[32.59622,0.26465],[32.60233,0.25949],[32.60503,0.25648],[32.60799,0.25099],[32.61204,0.24795],[32.61597,0.24338],[32.61922,0.24134],[32.62083,0.23911],[32.62059,0.23956]]}},{"type":"Feature","properties":{"name":"Seeta-Namilyango","functional_class":"Class C National Road","surface_type":"Bituminous","length_km":3.825,"road_no":"C002"},"geometry":{"type":"LineString","coordinates":[[32.71351,0.36896],[32.71538,0.363],[32.71708,0.35002],[32.71967,0.34729],[32.7193,0.34433],[32.71767,0.34109],[32.71812,0.33963]]}},{"type":"Feature","properties":{"name":"Bweyogerere - Bukasa","functional_class":"Class C National Road","surface_type":"Bituminous","length_km":2.049,"road_no":"C168"},"geometry":{"type":"LineString","coordinates":[[32.64615,0.34352],[32.64994,0.34463],[32.65491,0.34374],[32.65957,0.34499],[32.66131,0.3464],[32.66185,0.34793],[32.66148,0.34825]]}},{"type":"Feature","properties":{"name":"Nsambya- Cape town Villa","functional_class":"Class C National Road","surface_type":"Bituminous","length_km":2.767,"road_no":"C001"},"geometry":{"type":"LineString","coordinates":[[32.62827,0.25806],[32.62644,0.2563],[32.62692,0.25345],[32.6258,0.25003],[32.62812,0.24563],[32.62772,0.24282],[32.62542,0.24076],[32.62093,0.23926]]}},{"type":"Feature","properties":{"name":"Sungira Hill Access","functional_class":"Class C National Road","surface_type":"Bituminous","length_km":1.6,"road_no":"C335"},"geometry":{"type":"LineString","coordinates":[[32.45864,1.32123],[32.45905,1.32151],[32.45869,1.31963],[32.4595,1.31832],[32.45899,1.31742],[32.45948,1.3168],[32.46091,1.3171],[32.4627,1.31986],[32.46659,1.31938]]}},{"type":"Feature","properties":{"name":"Madudu - Kiyuya","functional_class":"Class C National Road","surface_type":"Unsealed","length_km":16.9,"road_no":"C274"},"geometry":{"type":"LineString","coordinates":[[31.49009,0.67214],[31.48686,0.67541],[31.48486,0.6784],[31.48219,0.68075],[31.48016,0.68482],[31.47833,0.68583],[31.47649,0.68431],[31.47725,0.68246],[31.4763,0.67928],[31.47399,0.67545],[31.47012,0.67135],[31.4699,0.66943],[31.46848,0.66831],[31.46549,0.66742],[31.46438,0.66767],[31.46289,0.66687],[31.46045,0.66366],[31.45923,0.66115],[31.45866,0.65704],[31.45587,0.65507],[31.45341,0.65448],[31.45218,0.65367],[31.45129,0.65243],[31.4508,0.64876],[31.45015,0.64791],[31.4451,0.64839],[31.44384,0.64731],[31.44023,0.64674],[31.43477,0.64739],[31.43129,0.64606],[31.42591,0.64578],[31.42415,0.64447],[31.42123,0.63976],[31.41865,0.6373],[31.41241,0.63588],[31.40903,0.63664],[31.4076,0.63615],[31.40531,0.63439],[31.40311,0.6314],[31.40137,0.62735],[31.40081,0.62322],[31.39976,0.62142],[31.39722,0.61944],[31.39638,0.61615],[31.3912,0.61423],[31.38932,0.61405]]}},{"type":"Feature","properties":{"name":"Villa Road Link","functional_class":"Class C National Road","surface_type":"Bituminous","length_km":1.027,"road_no":"C235"},"geometry":{"type":"LineString","coordinates":[[31.75971,-0.31744],[31.75639,-0.30876]]}},{"type":"Feature","properties":{"name":"Access to Isimba Dam, off Namagera Lubanyi road","functional_class":"Class C National Road","surface_type":"Bituminous","length_km":5,"road_no":"C824"},"geometry":{"type":"LineString","coordinates":[[33.00572,0.78884],[33.00729,0.79053],[33.01073,0.79609],[33.01792,0.80204],[33.02453,0.80991],[33.02839,0.81746],[33.02948,0.82178]]}},{"type":"Feature","properties":{"name":"Access to Kigungu","functional_class":"Class C National Road","surface_type":"Unsealed","length_km":10,"road_no":"C177"},"geometry":{"type":"LineString","coordinates":[[32.45809,0.05295],[32.45777,0.05346],[32.45687,0.05347],[32.45507,0.05228],[32.45431,0.04753],[32.44902,0.04658],[32.44033,0.05211],[32.43983,0.0532],[32.43812,0.0547],[32.43632,0.0588],[32.43536,0.05877],[32.43434,0.05593],[32.4373,0.03674],[32.43709,0.02983],[32.4363,0.0295],[32.43621,0.02792]]}},{"type":"Feature","properties":{"name":"Kasana - Mbulamuti ferry access","functional_class":"Class C National Road","surface_type":"Unsealed","length_km":1.272,"road_no":"C140"},"geometry":{"type":"LineString","coordinates":[[33.03291,0.78142],[33.03448,0.78176],[33.03411,0.78402],[33.03467,0.78517],[33.03494,0.78872],[33.0361,0.79103]]}},{"type":"Feature","properties":{"name":"Mityana Railway Access 1","functional_class":"Class C National Road","surface_type":"Unsealed","length_km":1.922,"road_no":"C284"},"geometry":{"type":"LineString","coordinates":[[32.04546,0.40491],[32.04808,0.40653],[32.05061,0.41098],[32.05264,0.41179],[32.05113,0.41442],[32.0502,0.41416],[32.04889,0.41265],[32.04838,0.41289]]}},{"type":"Feature","properties":{"name":"Mityana Railway Access 2","functional_class":"Class C National Road","surface_type":"Unsealed","length_km":0.275,"road_no":"C285"},"geometry":{"type":"LineString","coordinates":[[32.04889,0.41265],[32.05056,0.41092]]}},{"type":"Feature","properties":{"name":"Kyamukonda - Lugogo River - Ngoma","functional_class":"Class C National Road","surface_type":"Unsealed","length_km":31.595,"road_no":"C340"},"geometry":{"type":"LineString","coordinates":[[32.16893,1.43399],[32.16376,1.4334],[32.15798,1.43078],[32.14829,1.42291],[32.14357,1.42062],[32.13836,1.41427],[32.13259,1.41118],[32.12853,1.41131],[32.12541,1.41395],[32.12106,1.41591],[32.11891,1.41611],[32.11661,1.41501],[32.10325,1.3955],[32.10318,1.39405],[32.10472,1.39213],[32.10446,1.38892],[32.10191,1.3831],[32.09726,1.37695],[32.09571,1.37075],[32.09526,1.36583],[32.09106,1.36027],[32.0911,1.35813],[32.08919,1.3534],[32.08523,1.35022],[32.08262,1.34398],[32.08261,1.34181],[32.08112,1.34016],[32.07868,1.33534],[32.07878,1.32628],[32.06838,1.31619],[32.06629,1.31539],[32.06395,1.31547],[32.06126,1.3146],[32.05806,1.31004],[32.055,1.30757],[32.05071,1.30244],[32.0439,1.29598],[32.04266,1.29548],[32.04009,1.29266],[32.03465,1.28867],[32.02652,1.28801],[32.02396,1.28856],[32.02044,1.28477],[32.01704,1.28315],[32.01588,1.28169],[32.01545,1.28012],[32.01413,1.2787],[32.01386,1.27633],[32.01198,1.27342],[32.01126,1.27055],[32.00965,1.26969],[32.00756,1.26628],[32.00276,1.26574],[31.99912,1.26329],[31.99684,1.25865],[31.99312,1.25343]]}},{"type":"Feature","properties":{"name":"Namasiga - Bulongo","functional_class":"Class C National Road","surface_type":"Unsealed","length_km":19.146,"road_no":"C797"},"geometry":{"type":"LineString","coordinates":[[33.31591,0.59003],[33.3149,0.59402],[33.31874,0.60187],[33.32014,0.60632],[33.32238,0.6211],[33.32549,0.63175],[33.32597,0.64053],[33.32807,0.64661],[33.32701,0.65393],[33.32712,0.6668],[33.32917,0.67338],[33.32979,0.68709],[33.33168,0.69417],[33.33514,0.70023],[33.3362,0.70353],[33.33607,0.70755],[33.33707,0.71166],[33.33672,0.71827],[33.33901,0.7305],[33.33909,0.73459],[33.33755,0.74914],[33.33481,0.75795]]}},{"type":"Feature","properties":{"name":"Kamuli - Namasagali","functional_class":"Class C National Road","surface_type":"Unsealed","length_km":20.8,"road_no":"C310"},"geometry":{"type":"LineString","coordinates":[[33.11046,0.92739],[33.10744,0.92533],[33.10563,0.92469],[33.10365,0.9248],[33.08773,0.93051],[33.07597,0.93257],[33.03942,0.94841],[33.02984,0.95596],[32.95765,1.00934],[32.94984,1.00718]]}},{"type":"Feature","properties":{"name":"Iganga-Kaliro","functional_class":"Class C National Road","surface_type":"Bituminous","length_km":32.032,"road_no":"C784"},"geometry":{"type":"LineString","coordinates":[[33.48203,0.61626],[33.4803,0.62068],[33.47942,0.62501],[33.48094,0.62939],[33.48098,0.63144],[33.47681,0.64146],[33.47644,0.64752],[33.47769,0.66227],[33.47608,0.67463],[33.48206,0.69459],[33.48203,0.70072],[33.48264,0.70321],[33.48568,0.70905],[33.49394,0.71783],[33.49562,0.72269],[33.50342,0.73774],[33.5095,0.75913],[33.50926,0.7619],[33.50425,0.77834],[33.49773,0.81714],[33.49997,0.83142],[33.5022,0.86352],[33.5014,0.87874],[33.50185,0.88296],[33.50327,0.8875],[33.50451,0.89402]]}},{"type":"Feature","properties":{"name":"Muguluka-Namagera","functional_class":"Class C National Road","surface_type":"Unsealed","length_km":8.052,"road_no":"C816"},"geometry":{"type":"LineString","coordinates":[[33.19037,0.61118],[33.18039,0.60241],[33.17667,0.59201],[33.1635,0.58249],[33.143,0.58255],[33.13414,0.58433],[33.13263,0.58381]]}},{"type":"Feature","properties":{"name":"Kakira - Namasiga","functional_class":"Class C National Road","surface_type":"Unsealed","length_km":12.018,"road_no":"C797"},"geometry":{"type":"LineString","coordinates":[[33.28141,0.50919],[33.28183,0.51506],[33.2802,0.51792],[33.27951,0.5208],[33.28021,0.5245],[33.28089,0.52479],[33.28353,0.52413],[33.30295,0.53483],[33.29974,0.54181],[33.30841,0.54641],[33.31105,0.55168],[33.31115,0.55331],[33.30931,0.55502],[33.31086,0.56198],[33.30968,0.56947],[33.31281,0.58084],[33.31371,0.58289],[33.31499,0.58422],[33.31626,0.5876],[33.31561,0.59122]]}},{"type":"Feature","properties":{"name":"Kamuli - Nabirumba","functional_class":"Class C National Road","surface_type":"Unsealed","length_km":10.427,"road_no":"C811"},"geometry":{"type":"LineString","coordinates":[[33.12375,0.94891],[33.12593,0.95351],[33.13318,0.96234],[33.13522,0.96602],[33.14149,0.97242],[33.14724,0.97669],[33.16147,0.99195],[33.1641,0.9962],[33.16614,1.00085],[33.17032,1.00674],[33.17478,1.01061],[33.17883,1.01578],[33.18208,1.02339]]}},{"type":"Feature","properties":{"name":"Kamuli Railway access 1","functional_class":"Class C National Road","surface_type":"Unsealed","length_km":5.883,"road_no":"C789"},"geometry":{"type":"LineString","coordinates":[[33.11699,0.87562],[33.12959,0.87757],[33.13874,0.87734],[33.14439,0.87945],[33.15436,0.88391],[33.15656,0.88636],[33.16067,0.89262],[33.16286,0.89441]]}},{"type":"Feature","properties":{"name":"Mbulamuti railway access","functional_class":"Class C National Road","surface_type":"Unsealed","length_km":2.157,"road_no":"C793"},"geometry":{"type":"LineString","coordinates":[[33.04872,0.8394],[33.05242,0.83904],[33.05427,0.83825],[33.05644,0.83898],[33.0622,0.83592],[33.06667,0.83695]]}},{"type":"Feature","properties":{"name":"Namatumba - Nawampandu","functional_class":"Class C National Road","surface_type":"Unsealed","length_km":10.793,"road_no":"C806"},"geometry":{"type":"LineString","coordinates":[[33.68601,0.83542],[33.69021,0.82461],[33.69095,0.81793],[33.68904,0.80824],[33.68577,0.80107],[33.68334,0.79113],[33.68322,0.78477],[33.68212,0.77366],[33.68323,0.75953],[33.68346,0.74904],[33.68141,0.74833],[33.67987,0.7424]]}},{"type":"Feature","properties":{"name":"Nakabugu-Kaliro","functional_class":"Class C National Road","surface_type":"Unsealed","length_km":24.376,"road_no":"C785"},"geometry":{"type":"LineString","coordinates":[[33.31087,0.79691],[33.32276,0.80855],[33.33365,0.81004],[33.33878,0.81372],[33.34622,0.81522],[33.35484,0.8189],[33.35865,0.82143],[33.36748,0.82249],[33.37144,0.82349],[33.37742,0.82694],[33.39007,0.83307],[33.39371,0.8362],[33.39691,0.83714],[33.41037,0.84424],[33.43924,0.86112],[33.46298,0.86907],[33.47684,0.87525],[33.48313,0.88185],[33.50267,0.89214],[33.50404,0.89165]]}},{"type":"Feature","properties":{"name":"Idudi - Busembatya","functional_class":"Class C National Road","surface_type":"Unsealed","length_km":17.93,"road_no":"C803"},"geometry":{"type":"LineString","coordinates":[[33.6231,0.62295],[33.62308,0.62476],[33.62422,0.62794],[33.62392,0.63408],[33.62511,0.63704],[33.6319,0.64562],[33.63451,0.64674],[33.63887,0.64973],[33.63982,0.65422],[33.64445,0.66049],[33.6457,0.66446],[33.64535,0.66664],[33.64217,0.67406],[33.64251,0.67889],[33.64189,0.68587],[33.63925,0.6924],[33.63619,0.69673],[33.63315,0.70279],[33.62346,0.72842],[33.62375,0.73299],[33.62654,0.74731],[33.62796,0.76004],[33.62779,0.76444],[33.62529,0.7716]]}},{"type":"Feature","properties":{"name":"Bugiri - Nankoma","functional_class":"Class C National Road","surface_type":"Unsealed","length_km":16.699,"road_no":"C800"},"geometry":{"type":"LineString","coordinates":[[33.76878,0.55105],[33.76366,0.5491],[33.75052,0.54798],[33.74463,0.54802],[33.74565,0.53973],[33.73906,0.52712],[33.73709,0.52171],[33.73257,0.51244],[33.73072,0.5054],[33.72821,0.50204],[33.72577,0.50086],[33.72323,0.49856],[33.71013,0.48351],[33.70816,0.47455],[33.70633,0.47248],[33.70621,0.46941],[33.70517,0.46787],[33.70168,0.46556],[33.6999,0.46068],[33.69716,0.45553],[33.69149,0.45526],[33.68826,0.45436],[33.68278,0.44956]]}},{"type":"Feature","properties":{"name":"Kitayungwa-Kamuli","functional_class":"Class C National Road","surface_type":"Unsealed","length_km":7.185,"road_no":"C780"},"geometry":{"type":"LineString","coordinates":[[33.16296,0.89425],[33.16017,0.89791],[33.1514,0.90453],[33.14691,0.90885],[33.14307,0.90899],[33.14106,0.90963],[33.13207,0.91454],[33.12868,0.9169],[33.12243,0.92321],[33.11443,0.92647],[33.11091,0.92952]]}},{"type":"Feature","properties":{"name":"Magamaga - Bugolooza - Namasiga - Iziru - Bugobya","functional_class":"Class C National Road","surface_type":"Unsealed","length_km":7.996,"road_no":"C796"},"geometry":{"type":"LineString","coordinates":[[33.34824,0.52033],[33.34652,0.52074],[33.34736,0.52141],[33.34732,0.52215],[33.33937,0.53787],[33.33054,0.55076],[33.32085,0.56882],[33.31262,0.57997]]}},{"type":"Feature","properties":{"name":"Kaliro - Namwiwa","functional_class":"Class C National Road","surface_type":"Unsealed","length_km":22.26,"road_no":"C809"},"geometry":{"type":"LineString","coordinates":[[33.50558,0.8969],[33.50872,0.90567],[33.51188,0.91254],[33.51509,0.92222],[33.51793,0.93896],[33.51714,0.95075],[33.51923,0.95766],[33.51972,0.96201],[33.51746,0.97142],[33.51673,0.98001],[33.51714,0.9836],[33.51608,0.98809],[33.51612,0.9899],[33.5205,1.0037],[33.52356,1.00832],[33.52651,1.01639],[33.52693,1.02012],[33.52652,1.02583],[33.52806,1.03024],[33.53118,1.0359],[33.53349,1.0456],[33.53439,1.05462],[33.53768,1.06889],[33.54293,1.07798],[33.5521,1.09132]]}},{"type":"Feature","properties":{"name":"Namayingo - Bumeru (Namayingo - Lugala)","functional_class":"Class C National Road","surface_type":"Unsealed","length_km":30.368,"road_no":"C813"},"geometry":{"type":"LineString","coordinates":[[33.87836,0.34205],[33.87671,0.33866],[33.87426,0.33556],[33.87291,0.33497],[33.87018,0.33224],[33.86928,0.32964],[33.86919,0.32562],[33.86748,0.32274],[33.86633,0.31905],[33.8569,0.30736],[33.85046,0.3024],[33.84842,0.30022],[33.84569,0.29893],[33.84538,0.29717],[33.84406,0.29509],[33.84428,0.29371],[33.84765,0.291],[33.85131,0.29062],[33.85274,0.28867],[33.85158,0.28655],[33.84806,0.28539],[33.84409,0.2808],[33.83679,0.27742],[33.83051,0.27741],[33.82812,0.27695],[33.82439,0.27553],[33.82076,0.27301],[33.81758,0.27267],[33.81346,0.271],[33.8112,0.27063],[33.80717,0.27153],[33.80465,0.27145],[33.80035,0.27337],[33.79058,0.26872],[33.78888,0.26911],[33.78326,0.26582],[33.77774,0.26435],[33.77586,0.26097],[33.77466,0.25981],[33.77484,0.25764],[33.77304,0.2558],[33.77085,0.25234],[33.76972,0.24885],[33.76609,0.24908],[33.76499,0.24564],[33.76251,0.24503],[33.75978,0.24328],[33.75681,0.23947],[33.75276,0.2388],[33.74764,0.23483],[33.73583,0.22406],[33.72758,0.21949],[33.72661,0.21367],[33.72586,0.21185],[33.72467,0.21072],[33.72126,0.20928],[33.71888,0.20692],[33.71262,0.20721],[33.70764,0.20623],[33.70766,0.19807],[33.71042,0.19477],[33.70915,0.19297]]}},{"type":"Feature","properties":{"name":"Kaitabawaala - Buyala - Namagera","functional_class":"Class C National Road","surface_type":"Unsealed","length_km":18.484,"road_no":"C792"},"geometry":{"type":"LineString","coordinates":[[33.19763,0.4453],[33.1958,0.44909],[33.19316,0.45044],[33.18599,0.45595],[33.18142,0.4636],[33.17991,0.46459],[33.17624,0.46565],[33.17335,0.46882],[33.17233,0.47154],[33.17294,0.47482],[33.17249,0.4779],[33.17021,0.48136],[33.16841,0.48798],[33.16985,0.49907],[33.16968,0.50143],[33.16645,0.50748],[33.16385,0.51373],[33.15741,0.52121],[33.14573,0.52724],[33.13912,0.5368],[33.13664,0.54638],[33.13706,0.54849],[33.13954,0.55067],[33.14039,0.55308],[33.13911,0.5632],[33.14118,0.57111],[33.13982,0.57424],[33.13728,0.57471],[33.13565,0.5795],[33.13372,0.58246]]}},{"type":"Feature","properties":{"name":"Namalemba-Nawampandhu-Bulange","functional_class":"Class C National Road","surface_type":"Unsealed","length_km":10.517,"road_no":"C805"},"geometry":{"type":"LineString","coordinates":[[33.60819,0.75592],[33.61901,0.75405],[33.63152,0.75278],[33.63473,0.75183],[33.64491,0.7472],[33.66644,0.74557],[33.68818,0.74046],[33.69969,0.73719]]}},{"type":"Feature","properties":{"name":"Busesa-Nakivumbi","functional_class":"Class C National Road","surface_type":"Unsealed","length_km":8.39,"road_no":"C787"},"geometry":{"type":"LineString","coordinates":[[33.60027,0.62651],[33.60065,0.62371],[33.59989,0.61766],[33.60104,0.60983],[33.60084,0.60338],[33.6018,0.59467],[33.59953,0.58855],[33.59928,0.5818],[33.60101,0.57125],[33.60305,0.55162]]}},{"type":"Feature","properties":{"name":"Lwangosha - Lufudu","functional_class":"Class C National Road","surface_type":"Unsealed","length_km":12.645,"road_no":"C801"},"geometry":{"type":"LineString","coordinates":[[33.88413,0.29808],[33.88037,0.29596],[33.87807,0.2929],[33.87544,0.29111],[33.87315,0.2887],[33.87211,0.28839],[33.86507,0.28308],[33.86186,0.2787],[33.85892,0.27341],[33.85085,0.26883],[33.84924,0.26655],[33.84854,0.26344],[33.84439,0.25822],[33.84187,0.25566],[33.83869,0.25337],[33.83528,0.24937],[33.83063,0.2466],[33.82749,0.24217],[33.8239,0.23926],[33.82321,0.23719],[33.8229,0.23267],[33.81654,0.22689],[33.81385,0.22617],[33.8098,0.22293],[33.8086,0.22278],[33.80713,0.22335]]}},{"type":"Feature","properties":{"name":"Kaluuba - Bugadde - Bwondha","functional_class":"Class C National Road","surface_type":"Unsealed","length_km":29.851,"road_no":"C781"},"geometry":{"type":"LineString","coordinates":[[33.5212,0.39561],[33.52222,0.39435],[33.52453,0.39317],[33.52801,0.38825],[33.52931,0.38123],[33.52933,0.37832],[33.53547,0.36805],[33.53644,0.36443],[33.53664,0.35552],[33.5349,0.34613],[33.53149,0.3368],[33.52657,0.33304],[33.52765,0.33136],[33.52949,0.33028],[33.53129,0.33042],[33.53577,0.32809],[33.54032,0.32343],[33.54121,0.31828],[33.53984,0.3157],[33.53562,0.31284],[33.53473,0.31122],[33.53449,0.30513],[33.53582,0.29946],[33.53577,0.29411],[33.53302,0.286],[33.53326,0.28126],[33.53424,0.27765],[33.53361,0.27604],[33.53125,0.27386],[33.52951,0.26799],[33.52549,0.26412],[33.52322,0.25958],[33.52404,0.25578],[33.52368,0.25271],[33.52582,0.24781],[33.52529,0.24384],[33.52572,0.24251],[33.52662,0.24167],[33.53039,0.23989],[33.53408,0.23885],[33.53761,0.23449],[33.53912,0.23346],[33.54128,0.23299],[33.54173,0.23195],[33.54615,0.22831],[33.54788,0.2262],[33.54952,0.22168],[33.54852,0.21888],[33.54862,0.21666],[33.55,0.21457],[33.55309,0.21224],[33.55584,0.20814],[33.5567,0.20067],[33.55657,0.19463],[33.56015,0.18927],[33.56186,0.18553],[33.56306,0.17428],[33.56556,0.17079]]}},{"type":"Feature","properties":{"name":"Kaliro-Nawaikoke-Irundu","functional_class":"Class C National Road","surface_type":"Unsealed","length_km":52.2,"road_no":"C784"},"geometry":{"type":"MultiLineString","coordinates":[[[33.50451,0.89402],[33.50481,0.89485]],[[33.5056,0.89689],[33.50381,0.89821],[33.50147,0.90133],[33.49971,0.9068],[33.49781,0.91536],[33.4931,0.92435],[33.48313,0.94684],[33.48108,0.94894],[33.4759,0.95212],[33.46989,0.96218],[33.46369,0.96937],[33.46108,0.97403],[33.45773,0.97852],[33.45693,0.98563],[33.45026,1.00513],[33.44836,1.01288],[33.44657,1.01785],[33.43745,1.03155],[33.43517,1.03786],[33.43284,1.04135],[33.43257,1.04554],[33.43168,1.04765],[33.42796,1.05169],[33.41934,1.06563],[33.41441,1.07153],[33.4138,1.0765],[33.41406,1.08445],[33.4136,1.08599],[33.41226,1.08755],[33.40777,1.08964],[33.40553,1.09145],[33.40535,1.09639],[33.40787,1.10756],[33.40847,1.11707],[33.40461,1.13149],[33.40391,1.13711],[33.40681,1.1455],[33.41103,1.1532],[33.41502,1.16189],[33.41847,1.16725],[33.41937,1.17053],[33.41186,1.19803],[33.41119,1.19869],[33.40765,1.19959],[33.3976,1.20458],[33.38772,1.20804],[33.3796,1.21311],[33.37683,1.21583],[33.37475,1.21704]]]}},{"type":"Feature","properties":{"name":"Nankoma - Kaluba","functional_class":"Class C National Road","surface_type":"Unsealed","length_km":23.866,"road_no":"C817"},"geometry":{"type":"LineString","coordinates":[[33.68221,0.44959],[33.68165,0.44598],[33.68281,0.43837],[33.68771,0.4315],[33.68735,0.42646],[33.68597,0.42267],[33.68456,0.42082],[33.68353,0.41763],[33.68475,0.41382],[33.68692,0.41032],[33.68652,0.40952],[33.68402,0.40892],[33.68075,0.40585],[33.67921,0.40526],[33.67711,0.40184],[33.63156,0.40258],[33.59573,0.40173],[33.57488,0.40069],[33.57275,0.40117],[33.57043,0.40053],[33.56386,0.4002],[33.56004,0.39914],[33.54904,0.39878],[33.54551,0.39941],[33.53942,0.39916],[33.53574,0.39746],[33.53003,0.39698],[33.52166,0.39504]]}},{"type":"Feature","properties":{"name":"Kakira railway access","functional_class":"Class C National Road","surface_type":"Unsealed","length_km":3.519,"road_no":"C798"},"geometry":{"type":"LineString","coordinates":[[33.28141,0.5092],[33.25167,0.51933]]}},{"type":"Feature","properties":{"name":"Nabirumba - Iyingo","functional_class":"Class C National Road","surface_type":"Unsealed","length_km":36.418,"road_no":"C811"},"geometry":{"type":"LineString","coordinates":[[33.18208,1.02339],[33.20045,1.03843],[33.20957,1.0483],[33.2131,1.05138],[33.21509,1.05507],[33.21647,1.06323],[33.22177,1.07125],[33.22628,1.08],[33.23413,1.08782],[33.23845,1.09016],[33.24471,1.09585],[33.249,1.09842],[33.26493,1.11271],[33.27501,1.12879],[33.2796,1.13523],[33.2809,1.13997],[33.28594,1.15081],[33.2859,1.15396],[33.28481,1.15633],[33.2845,1.1583],[33.28626,1.16276],[33.2885,1.17261],[33.29411,1.18266],[33.30242,1.20615],[33.30482,1.22721],[33.30463,1.23403],[33.30548,1.24343],[33.30506,1.25312],[33.30645,1.25837],[33.30734,1.26455],[33.30674,1.267],[33.30262,1.27407],[33.30214,1.27674],[33.30214,1.28417],[33.30632,1.30846],[33.30618,1.31114]]}},{"type":"Feature","properties":{"name":"Nawantale-Nakabila","functional_class":"Class C National Road","surface_type":"Unsealed","length_km":6.532,"road_no":"C790"},"geometry":{"type":"LineString","coordinates":[[33.09364,1.07383],[33.09635,1.07391],[33.09833,1.07465],[33.10159,1.07499],[33.10934,1.08293],[33.11162,1.08637],[33.11338,1.08756],[33.11463,1.0915],[33.11591,1.09316],[33.12078,1.09587],[33.12527,1.10019],[33.12996,1.10161],[33.13859,1.10673]]}},{"type":"Feature","properties":{"name":"Busembatya - Namakoko","functional_class":"Class C National Road","surface_type":"Unsealed","length_km":32.09,"road_no":"C803"},"geometry":{"type":"LineString","coordinates":[[33.62529,0.7716],[33.6189,0.79518],[33.61246,0.80644],[33.60847,0.81554],[33.60774,0.82278],[33.60516,0.83535],[33.60532,0.84104],[33.60418,0.85807],[33.60553,0.86945],[33.60836,0.8814],[33.61371,0.88921],[33.61689,0.89284],[33.62087,0.91314],[33.62151,0.92162],[33.62132,0.92835],[33.62325,0.93876],[33.625,0.94384],[33.62838,0.94922],[33.62902,0.9518],[33.62959,0.959],[33.63331,0.96814],[33.63459,0.97629],[33.63717,0.98357],[33.63876,1.00056],[33.64077,1.00684],[33.64198,1.00895],[33.65326,1.01814],[33.65841,1.02331],[33.66649,1.02899],[33.67142,1.03063],[33.67696,1.03416]]}},{"type":"Feature","properties":{"name":"Busoko - Busaba","functional_class":"Class C National Road","surface_type":"Unsealed","length_km":0.773,"road_no":"C807"},"geometry":{"type":"LineString","coordinates":[[33.70686,0.86094],[33.71295,0.8642]]}},{"type":"Feature","properties":{"name":"Kaliro - Kamuli","functional_class":"Class C National Road","surface_type":"Unsealed","length_km":45.284,"road_no":"C786"},"geometry":{"type":"LineString","coordinates":[[33.50481,0.89485],[33.4974,0.89513],[33.49227,0.89624],[33.48831,0.89797],[33.47606,0.90507],[33.46709,0.9064],[33.46125,0.90834],[33.45722,0.91037],[33.45146,0.91166],[33.44063,0.9165],[33.41934,0.92016],[33.4144,0.92176],[33.41226,0.9234],[33.40947,0.92463],[33.39902,0.92661],[33.39581,0.92606],[33.39068,0.9222],[33.38456,0.91677],[33.38341,0.91404],[33.38229,0.91292],[33.37219,0.90888],[33.36573,0.90277],[33.36048,0.90094],[33.35814,0.89936],[33.35451,0.898],[33.35126,0.89441],[33.35007,0.89417],[33.33653,0.9004],[33.33057,0.89858],[33.31646,0.9014],[33.3036,0.90629],[33.29783,0.90981],[33.29013,0.91251],[33.2857,0.91542],[33.27294,0.91698],[33.25501,0.9208],[33.24,0.9205],[33.23027,0.91903],[33.22356,0.92036],[33.21685,0.92098],[33.20455,0.92327],[33.19239,0.92792],[33.18428,0.92997],[33.17649,0.93106],[33.17194,0.93066],[33.16608,0.933],[33.16083,0.93355],[33.15312,0.93352],[33.13944,0.93546],[33.13678,0.93891],[33.13609,0.94121],[33.12838,0.94258]]}},{"type":"Feature","properties":{"name":"Namayingo - Lugala","functional_class":"Class C National Road","surface_type":"Unsealed","length_km":16.928,"road_no":"C783"},"geometry":{"type":"LineString","coordinates":[[33.88029,0.34105],[33.87917,0.33905],[33.87925,0.33817],[33.88464,0.32836],[33.8857,0.3234],[33.88445,0.31854],[33.88306,0.31585],[33.88193,0.30443],[33.88967,0.28415],[33.89135,0.27579],[33.8902,0.27245],[33.88956,0.26533],[33.88661,0.25381],[33.88524,0.24371],[33.88842,0.23569],[33.88935,0.23199],[33.88994,0.22658],[33.88934,0.22417],[33.88941,0.22192],[33.89094,0.21748],[33.89229,0.21024],[33.89379,0.2078],[33.90289,0.19912]]}},{"type":"Feature","properties":{"name":"Bugobya-Mugulula-Namagera","functional_class":"Class C National Road","surface_type":"Unsealed","length_km":19.356,"road_no":"C815"},"geometry":{"type":"LineString","coordinates":[[33.31562,0.59114],[33.30533,0.59277],[33.30298,0.59477],[33.30107,0.59848],[33.30181,0.60604],[33.30069,0.60909],[33.29959,0.61533],[33.28903,0.62819],[33.28921,0.62943],[33.28679,0.62998],[33.28521,0.63122],[33.28399,0.63349],[33.27389,0.64707],[33.27287,0.64922],[33.27098,0.65068],[33.26681,0.64665],[33.25958,0.64343],[33.253,0.637],[33.24895,0.63469],[33.242,0.63374],[33.22075,0.62431],[33.21752,0.62341],[33.21496,0.62218],[33.20973,0.61809],[33.19107,0.60963]]}},{"type":"Feature","properties":{"name":"Iganga - Mayuge","functional_class":"Class C National Road","surface_type":"Unsealed","length_km":20.406,"road_no":"C781"},"geometry":{"type":"LineString","coordinates":[[33.4777,0.61488],[33.47859,0.60928],[33.47644,0.603],[33.47724,0.59805],[33.48077,0.59431],[33.48307,0.58725],[33.48569,0.58127],[33.48624,0.57899],[33.4862,0.57532],[33.49012,0.56332],[33.49158,0.55601],[33.49363,0.55212],[33.49392,0.54919],[33.49306,0.5424],[33.48861,0.5318],[33.48618,0.52396],[33.47545,0.52285],[33.46999,0.52325],[33.46482,0.49611],[33.46592,0.48863],[33.46922,0.47882],[33.47212,0.47405],[33.47768,0.46917],[33.48161,0.46447],[33.48161,0.46161],[33.48077,0.45882]]}},{"type":"Feature","properties":{"name":"Bugembe - Kakira","functional_class":"Class C National Road","surface_type":"Unsealed","length_km":7.052,"road_no":"C797"},"geometry":{"type":"LineString","coordinates":[[33.24163,0.46763],[33.24272,0.46926],[33.24724,0.47206],[33.25012,0.47316],[33.25442,0.4738],[33.25744,0.47535],[33.2599,0.48068],[33.26691,0.48494],[33.27152,0.4905],[33.27702,0.49524],[33.28281,0.50313],[33.28306,0.50544],[33.28141,0.50919]]}},{"type":"Feature","properties":{"name":"Pallisa - Kasodo - Saaka","functional_class":"Class C National Road","surface_type":"Unsealed","length_km":10.418,"road_no":"C810"},"geometry":{"type":"LineString","coordinates":[[33.71109,1.16678],[33.708,1.16498],[33.68877,1.15873],[33.67125,1.15365],[33.66225,1.15167],[33.6564,1.14875],[33.62619,1.13647],[33.59868,1.12232]]}},{"type":"Feature","properties":{"name":"Namagera - Lubanyi","functional_class":"Class C National Road","surface_type":"Unsealed","length_km":37.199,"road_no":"C792"},"geometry":{"type":"LineString","coordinates":[[33.13372,0.58246],[33.1305,0.58689],[33.12794,0.59624],[33.12805,0.60194],[33.12722,0.60505],[33.12327,0.61047],[33.11949,0.62011],[33.10808,0.63468],[33.10514,0.63983],[33.10214,0.64295],[33.09782,0.64955],[33.08817,0.65863],[33.08218,0.66871],[33.07751,0.6812],[33.07213,0.69377],[33.07288,0.70434],[33.07809,0.73339],[33.08353,0.74253],[33.09085,0.76584],[33.09162,0.7754],[33.09065,0.78626],[33.09085,0.7953],[33.08939,0.80339],[33.08955,0.80587],[33.09201,0.81086],[33.09977,0.82131],[33.10517,0.8331],[33.107,0.83824],[33.10707,0.84791],[33.10508,0.85367],[33.10712,0.86165],[33.10695,0.87191],[33.10898,0.89477]]}},{"type":"Feature","properties":{"name":"Bulange - Kisiro","functional_class":"Class C National Road","surface_type":"Unsealed","length_km":17.005,"road_no":"C805"},"geometry":{"type":"LineString","coordinates":[[33.69969,0.73719],[33.70677,0.73499],[33.72959,0.73097],[33.73592,0.73086],[33.75049,0.72733],[33.77198,0.71589],[33.7799,0.71083],[33.79232,0.70831],[33.83158,0.70997],[33.845,0.71629]]}},{"type":"Feature","properties":{"name":"Buwenge-Nakabugu","functional_class":"Class C National Road","surface_type":"Unsealed","length_km":23.051,"road_no":"C785"},"geometry":{"type":"LineString","coordinates":[[33.17129,0.64966],[33.17943,0.65572],[33.18536,0.66887],[33.19007,0.67387],[33.19531,0.68403],[33.20265,0.69472],[33.20437,0.69469],[33.20609,0.69544],[33.23425,0.72242],[33.24235,0.7243],[33.24367,0.72502],[33.24997,0.73261],[33.25158,0.73911],[33.25258,0.74058],[33.25911,0.74694],[33.26633,0.75214],[33.31087,0.79691]]}},{"type":"Feature","properties":{"name":"Iganga - Buniantole","functional_class":"Class C National Road","surface_type":"Unsealed","length_km":15.286,"road_no":"C788"},"geometry":{"type":"LineString","coordinates":[[33.47858,0.60915],[33.4852,0.60427],[33.50016,0.60405],[33.50443,0.60269],[33.50777,0.60035],[33.51086,0.59633],[33.51662,0.59304],[33.52482,0.58419],[33.53047,0.57938],[33.55334,0.56892],[33.56481,0.56778],[33.57042,0.5693],[33.57534,0.56737],[33.58083,0.56651],[33.58636,0.56652],[33.58958,0.56695],[33.60109,0.57062]]}},{"type":"Feature","properties":{"name":"Iganga railway access","functional_class":"Class C National Road","surface_type":"Unsealed","length_km":0.913,"road_no":"C802"},"geometry":{"type":"LineString","coordinates":[[33.47376,0.6138],[33.47334,0.61633],[33.47225,0.61669],[33.47172,0.61758],[33.47211,0.62025],[33.4728,0.62048]]}},{"type":"Feature","properties":{"name":"Nankoma-Namayingo-Lumino","functional_class":"Class C National Road","surface_type":"Bituminous","length_km":41.8,"road_no":"C782"},"geometry":{"type":"LineString","coordinates":[[33.67572,0.4494],[33.6871,0.44934],[33.71089,0.45492],[33.72094,0.45404],[33.72729,0.45497],[33.73104,0.45483],[33.74631,0.45135],[33.75227,0.45087],[33.75983,0.44733],[33.76358,0.44492],[33.76852,0.43984],[33.77908,0.43262],[33.78744,0.42546],[33.79074,0.4218],[33.792,0.41966],[33.79611,0.40856],[33.79788,0.40661],[33.8041,0.40302],[33.81793,0.3983],[33.8285,0.38696],[33.83466,0.38233],[33.83785,0.37865],[33.84094,0.37363],[33.85053,0.36388],[33.86194,0.35456],[33.86922,0.34966],[33.87232,0.34531],[33.88119,0.34048],[33.88295,0.33992],[33.89132,0.34005],[33.89522,0.33943],[33.90497,0.33371],[33.91011,0.32909],[33.91337,0.32742],[33.91473,0.32705],[33.91954,0.32771],[33.92341,0.32714],[33.92878,0.32431],[33.93371,0.32081],[33.93696,0.31977],[33.947,0.31932],[33.9675,0.31542],[33.9686,0.31588],[33.97133,0.31883],[33.98445,0.323],[33.99022,0.32424],[33.99558,0.32309]]}},{"type":"Feature","properties":{"name":"Iganga-Kitayungwa","functional_class":"Class C National Road","surface_type":"Unsealed","length_km":50.041,"road_no":"C780"},"geometry":{"type":"LineString","coordinates":[[33.4659,0.60699],[33.46375,0.60723],[33.46061,0.60998],[33.44936,0.61555],[33.44744,0.61882],[33.44109,0.62245],[33.4418,0.62747],[33.43881,0.63066],[33.43075,0.63406],[33.42044,0.64282],[33.41291,0.64575],[33.40937,0.64777],[33.40258,0.65731],[33.3978,0.66287],[33.39411,0.66577],[33.38832,0.66906],[33.38569,0.67127],[33.3679,0.69088],[33.36601,0.69688],[33.35744,0.70714],[33.35519,0.71161],[33.35325,0.7178],[33.35323,0.72349],[33.35181,0.73471],[33.34622,0.74418],[33.34299,0.7516],[33.33467,0.75813],[33.33119,0.76497],[33.31922,0.78549],[33.30907,0.79943],[33.30498,0.80379],[33.30037,0.81187],[33.29841,0.81429],[33.27355,0.83168],[33.2715,0.83536],[33.26924,0.83743],[33.25943,0.84102],[33.25349,0.84664],[33.2494,0.84888],[33.23285,0.85123],[33.23008,0.85288],[33.22614,0.85642],[33.22185,0.85861],[33.18963,0.86949],[33.18751,0.86979],[33.18578,0.86943],[33.18276,0.86616],[33.18147,0.86607],[33.1766,0.8693],[33.17427,0.87147],[33.16674,0.88264],[33.16405,0.89195],[33.16296,0.89425]]}},{"type":"Feature","properties":{"name":"Namalemba-Nambale-Nawandala","functional_class":"Class C National Road","surface_type":"Unsealed","length_km":12.051,"road_no":"C818"},"geometry":{"type":"LineString","coordinates":[[33.60979,0.75796],[33.60396,0.75879],[33.59931,0.76055],[33.58407,0.76074],[33.5707,0.7627],[33.56195,0.76322],[33.55636,0.76471],[33.54702,0.7661],[33.53748,0.76642],[33.52842,0.77071],[33.51673,0.77354],[33.5117,0.77582],[33.50615,0.77665],[33.50483,0.77634]]}},{"type":"Feature","properties":{"name":"Namaganda railway access","functional_class":"Class C National Road","surface_type":"Unsealed","length_km":8.719,"road_no":"C795"},"geometry":{"type":"LineString","coordinates":[[33.18787,0.86977],[33.18848,0.87014],[33.18874,0.87148],[33.19037,0.87432],[33.1952,0.8776],[33.2016,0.87729],[33.20947,0.87798],[33.21116,0.8786],[33.21587,0.88209],[33.22915,0.88673],[33.24258,0.88947],[33.25528,0.89065],[33.2601,0.89212],[33.26561,0.89217],[33.26586,0.90531],[33.26509,0.91521],[33.26551,0.9187]]}},{"type":"Feature","properties":{"name":"Kimaka army barracks","functional_class":"Class C National Road","surface_type":"Unsealed","length_km":4.137,"road_no":"C799"},"geometry":{"type":"LineString","coordinates":[[33.18406,0.45931],[33.18749,0.46045],[33.19959,0.45737],[33.20483,0.45932],[33.20665,0.4595],[33.20987,0.45883],[33.21278,0.45631],[33.21613,0.45682],[33.21796,0.45576],[33.2192,0.45584]]}},{"type":"Feature","properties":{"name":"Nabirumbi- Buyende - Nkondo - Kidera","functional_class":"Class C National Road","surface_type":"Unsealed","length_km":46.019,"road_no":"C812"},"geometry":{"type":"LineString","coordinates":[[32.98838,1.33667],[32.99619,1.33654],[32.99897,1.33552],[33.01386,1.32776],[33.01639,1.32702],[33.01889,1.32692],[33.03066,1.32921],[33.03925,1.32896],[33.04347,1.32966],[33.04665,1.32932],[33.05465,1.33003],[33.06413,1.32932],[33.07046,1.31017],[33.07432,1.29567],[33.08357,1.27528],[33.08605,1.26624],[33.08842,1.26123],[33.09187,1.25147],[33.10066,1.24036],[33.10582,1.23201],[33.11966,1.22055],[33.13295,1.21075],[33.14333,1.20427],[33.1496,1.19607],[33.15442,1.18598],[33.15748,1.17034],[33.15998,1.16218],[33.16131,1.14804],[33.16144,1.13984],[33.16321,1.13613],[33.16686,1.13107],[33.1718,1.1221],[33.17184,1.12004],[33.16922,1.10617],[33.16907,1.0887],[33.16734,1.07299],[33.1716,1.05495],[33.17218,1.04848],[33.17209,1.03859],[33.17257,1.03586],[33.17496,1.03017],[33.17737,1.02758],[33.18128,1.02153]]}},{"type":"Feature","properties":{"name":"Gadaffi army barracks off Jinja - Iganga","functional_class":"Class C National Road","surface_type":"Unsealed","length_km":0.911,"road_no":"C791"},"geometry":{"type":"LineString","coordinates":[[33.21277,0.44159],[33.21355,0.44306],[33.21326,0.44419],[33.20872,0.44692]]}},{"type":"Feature","properties":{"name":"Bugiri - Kisetaka - Nabukalu - Naigaga","functional_class":"Class C National Road","surface_type":"Unsealed","length_km":19.174,"road_no":"C804"},"geometry":{"type":"LineString","coordinates":[[33.7452,0.57321],[33.74417,0.57717],[33.74253,0.59118],[33.74094,0.59922],[33.73816,0.61054],[33.73497,0.61953],[33.73269,0.63464],[33.72518,0.66803],[33.72311,0.67548],[33.71894,0.68565],[33.71772,0.68999],[33.71583,0.70859],[33.70917,0.72269],[33.70183,0.73182],[33.70004,0.73524],[33.69971,0.73719]]}},{"type":"Feature","properties":{"name":"Kaliro railway access","functional_class":"Class C National Road","surface_type":"Unsealed","length_km":3,"road_no":"C808"},"geometry":{"type":"LineString","coordinates":[[33.50164,0.87205],[33.50004,0.87112],[33.49298,0.87218]]}},{"type":"Feature","properties":{"name":"Nawangasi-Busesa","functional_class":"Class C National Road","surface_type":"Unsealed","length_km":11.37,"road_no":"C787"},"geometry":{"type":"LineString","coordinates":[[33.58319,0.72475],[33.58593,0.71855],[33.58825,0.71001],[33.59254,0.69892],[33.59609,0.69317],[33.59922,0.68611],[33.59922,0.68438],[33.59788,0.68148],[33.59745,0.67807],[33.5988,0.67434],[33.59887,0.67031],[33.60047,0.66209],[33.6001,0.65584],[33.60166,0.63811],[33.60159,0.63349],[33.60032,0.62858],[33.60027,0.62651]]}},{"type":"Feature","properties":{"name":"Mayuge - Kaluuba","functional_class":"Class C National Road","surface_type":"Unsealed","length_km":9.061,"road_no":"C781"},"geometry":{"type":"LineString","coordinates":[[33.48077,0.45882],[33.4804,0.45664],[33.48257,0.44584],[33.49174,0.42899],[33.4939,0.42237],[33.49428,0.41636],[33.4967,0.41196],[33.49971,0.40857],[33.5023,0.40405],[33.50425,0.40238],[33.50828,0.40055],[33.51861,0.39774],[33.5212,0.39561]]}},{"type":"Feature","properties":{"name":"Kapnandi-Suam","functional_class":"Class C National Road","surface_type":"Unsealed","length_km":15.818,"road_no":"C893"},"geometry":{"type":"LineString","coordinates":[[34.75287,1.29259],[34.75612,1.29028],[34.75768,1.28807],[34.76016,1.28776],[34.76638,1.28431],[34.76771,1.28256],[34.76786,1.28098],[34.7694,1.27808],[34.77778,1.27797],[34.78341,1.27643],[34.78465,1.27575],[34.78684,1.27249],[34.78958,1.27182],[34.79147,1.26981],[34.79459,1.26951],[34.7957,1.26809],[34.79731,1.2676],[34.79804,1.26529],[34.79923,1.26418],[34.79838,1.26213],[34.80055,1.25618],[34.79956,1.25349],[34.79805,1.25171],[34.79431,1.25043],[34.79452,1.25356],[34.79243,1.25626],[34.7902,1.25558],[34.78302,1.24896],[34.78058,1.24788],[34.76688,1.24677],[34.76468,1.24366],[34.75925,1.23943],[34.75828,1.23604],[34.75716,1.23479],[34.7482,1.23135],[34.74593,1.22934],[34.74496,1.22997],[34.74276,1.22979]]}},{"type":"Feature","properties":{"name":"Namwiwa - Saaka","functional_class":"Class C National Road","surface_type":"Unsealed","length_km":5.85,"road_no":"C892"},"geometry":{"type":"LineString","coordinates":[[33.5521,1.09132],[33.5581,1.09536],[33.57823,1.10601],[33.58493,1.11124],[33.59126,1.1175],[33.59791,1.12192]]}},{"type":"Feature","properties":{"name":"Bulumba - Namwiwa","functional_class":"Class C National Road","surface_type":"Unsealed","length_km":19.822,"road_no":"C892"},"geometry":{"type":"LineString","coordinates":[[33.45239,0.99975],[33.45514,1.00378],[33.46503,1.02204],[33.46872,1.03108],[33.47216,1.04417],[33.47624,1.04988],[33.47727,1.06103],[33.47981,1.06664],[33.48096,1.08372],[33.48324,1.09083],[33.48427,1.09263],[33.49396,1.09941],[33.49864,1.10361],[33.50054,1.10359],[33.5075,1.10584],[33.51618,1.10568],[33.52145,1.1085],[33.52643,1.11263],[33.53503,1.10849],[33.53894,1.10464],[33.54252,1.10292],[33.54613,1.0974],[33.54853,1.09569],[33.55212,1.09134]]}},{"type":"Feature","properties":{"name":"Buseta - Bugiri","functional_class":"Class C National Road","surface_type":"Unsealed","length_km":7.55,"road_no":"C891"},"geometry":{"type":"LineString","coordinates":[[33.75358,1.07861],[33.74812,1.07562],[33.74362,1.07207],[33.73269,1.0688],[33.72621,1.06788],[33.7126,1.06878],[33.70205,1.06655],[33.69913,1.06473],[33.6956,1.0608],[33.69366,1.05692],[33.69344,1.05509]]}},{"type":"Feature","properties":{"name":"Girik - Bukwa","functional_class":"Class C National Road","surface_type":"Unsealed","length_km":29.559,"road_no":"C889"},"geometry":{"type":"LineString","coordinates":[[34.7201,1.44819],[34.71902,1.4479],[34.72115,1.4451],[34.7365,1.43584],[34.75352,1.42079],[34.75566,1.41991],[34.7627,1.42054],[34.76499,1.41827],[34.76613,1.41616],[34.76579,1.41373],[34.7683,1.41207],[34.76943,1.41015],[34.7697,1.40824],[34.77256,1.40569],[34.77198,1.40354],[34.77196,1.40212],[34.77247,1.40133],[34.77187,1.40027],[34.77154,1.39516],[34.77067,1.39393],[34.76723,1.39213],[34.76652,1.39081],[34.76685,1.38856],[34.76891,1.38731],[34.76801,1.38574],[34.76574,1.38467],[34.76681,1.38303],[34.76567,1.38078],[34.76706,1.37834],[34.76805,1.37816],[34.76955,1.37698],[34.7687,1.37569],[34.76888,1.37503],[34.76714,1.37333],[34.76908,1.3729],[34.77038,1.37086],[34.77197,1.3708],[34.77243,1.3691],[34.77529,1.36919],[34.77663,1.37068],[34.78008,1.37095],[34.78259,1.37044],[34.7833,1.37088],[34.78368,1.36991],[34.78596,1.36935],[34.78996,1.37112],[34.79272,1.37151],[34.79393,1.37128],[34.7954,1.36936],[34.79541,1.36742],[34.79432,1.36309],[34.79272,1.36181],[34.79286,1.35834],[34.79175,1.35427],[34.792,1.35172],[34.79118,1.3499],[34.79233,1.34678],[34.79235,1.3422],[34.79444,1.34007],[34.79138,1.32753],[34.7895,1.32385],[34.78741,1.32316],[34.78173,1.31352],[34.77723,1.3094],[34.77453,1.30779],[34.77019,1.30603],[34.76729,1.30552],[34.75547,1.30811],[34.75129,1.30616],[34.74806,1.30591],[34.74644,1.30205],[34.74633,1.29813],[34.74542,1.29511],[34.74281,1.29362],[34.74116,1.29049],[34.73926,1.28933]]}},{"type":"Feature","properties":{"name":"Chepsikunya -Girik","functional_class":"Class C National Road","surface_type":"Unsealed","length_km":26.246,"road_no":"C889"},"geometry":{"type":"LineString","coordinates":[[34.53209,1.57289],[34.54651,1.57533],[34.55243,1.57496],[34.58932,1.56031],[34.60375,1.55553],[34.64847,1.52159],[34.66496,1.51001],[34.66928,1.50048],[34.67345,1.49294],[34.67625,1.48995],[34.67769,1.48944],[34.6826,1.4914],[34.68462,1.4913],[34.68545,1.4908],[34.71205,1.45314],[34.71902,1.4479]]}},{"type":"Feature","properties":{"name":"Kapenguria - Kwot","functional_class":"Class C National Road","surface_type":"Bituminous","length_km":10.629,"road_no":"C888"},"geometry":{"type":"LineString","coordinates":[[34.45086,1.39702],[34.45091,1.39201],[34.44959,1.38878],[34.44689,1.38658],[34.446,1.38445],[34.44418,1.38404],[34.44319,1.38258],[34.44063,1.3805],[34.44036,1.37844],[34.43924,1.37695],[34.43966,1.37475],[34.44036,1.37425],[34.44456,1.37387],[34.44832,1.37437],[34.44916,1.37356],[34.45191,1.37339],[34.45315,1.37269],[34.45449,1.37141],[34.45524,1.36884],[34.45511,1.36791],[34.45397,1.36699],[34.45415,1.36654],[34.45518,1.36587],[34.45631,1.36648],[34.45674,1.36622],[34.45791,1.3643],[34.45824,1.36192],[34.45917,1.36022],[34.4621,1.35771],[34.466,1.35631],[34.46682,1.3526],[34.47338,1.34681],[34.475,1.34341],[34.4753,1.34137],[34.47434,1.34053],[34.47547,1.3384],[34.47957,1.33802],[34.48227,1.33684]]}},{"type":"Feature","properties":{"name":"Bumwambu - Bulaago - Gimadu","functional_class":"Class C National Road","surface_type":"Unsealed","length_km":6.641,"road_no":"C887"},"geometry":{"type":"LineString","coordinates":[[34.35291,1.2637],[34.3551,1.26144],[34.35269,1.26092],[34.35246,1.26013],[34.35366,1.26001],[34.35452,1.25897],[34.35282,1.25818],[34.35498,1.25649],[34.3576,1.25529],[34.36015,1.25535],[34.36135,1.25392],[34.36067,1.25278],[34.36186,1.25156],[34.36126,1.25065],[34.36117,1.24903],[34.35944,1.24825],[34.35878,1.24683],[34.36038,1.2447],[34.35953,1.2433],[34.36189,1.24285],[34.3641,1.24358],[34.36771,1.24338],[34.36946,1.2418],[34.37048,1.24191],[34.37219,1.24093],[34.3778,1.23974],[34.38203,1.23639],[34.38547,1.2363]]}},{"type":"Feature","properties":{"name":"Bulugeni - Siyiyi - Bumwambu","functional_class":"Class C National Road","surface_type":"Unsealed","length_km":7.868,"road_no":"C887"},"geometry":{"type":"LineString","coordinates":[[34.32296,1.30468],[34.32232,1.30233],[34.32387,1.29906],[34.32964,1.29673],[34.33202,1.29157],[34.33422,1.28918],[34.3353,1.28906],[34.33472,1.28759],[34.33929,1.28584],[34.34079,1.28366],[34.33795,1.28031],[34.33657,1.27518],[34.33867,1.26919],[34.34067,1.2685],[34.34273,1.26658],[34.34137,1.26638],[34.344,1.26609],[34.34685,1.26693],[34.34724,1.26668],[34.34601,1.26649],[34.34908,1.2658],[34.35037,1.26377],[34.35192,1.2641],[34.35291,1.2637]]}},{"type":"Feature","properties":{"name":"Buginyanya Agriculture Research Station","functional_class":"Class C National Road","surface_type":"Unsealed","length_km":5.121,"road_no":"C885"},"geometry":{"type":"LineString","coordinates":[[34.35324,1.26341],[34.35399,1.26378],[34.35355,1.26497],[34.35234,1.26575],[34.35273,1.26772],[34.35207,1.26842],[34.35574,1.27037],[34.35745,1.2705],[34.35736,1.27336],[34.35887,1.27408],[34.36212,1.2734],[34.36475,1.27551],[34.36898,1.2765],[34.37007,1.27759],[34.36925,1.27863],[34.37062,1.28031],[34.37337,1.28113],[34.37501,1.28232],[34.37611,1.28197],[34.37718,1.28338],[34.37837,1.28321],[34.3798,1.28377],[34.37916,1.28522]]}},{"type":"Feature","properties":{"name":"Buyaga - Buluganya","functional_class":"Class C National Road","surface_type":"Unsealed","length_km":12.431,"road_no":"C884"},"geometry":{"type":"LineString","coordinates":[[34.27656,1.27987],[34.29061,1.28019],[34.29558,1.28213],[34.29827,1.2822],[34.30589,1.28173],[34.31067,1.27899],[34.31323,1.27885],[34.31722,1.27482],[34.31782,1.27162],[34.31996,1.26826],[34.32285,1.26179],[34.32507,1.26044],[34.32853,1.2562],[34.33432,1.25044],[34.33779,1.24852],[34.3398,1.24616],[34.34085,1.24565],[34.34092,1.24452],[34.34163,1.24401],[34.34278,1.24027],[34.34591,1.23652],[34.34791,1.23474],[34.35049,1.23332],[34.35251,1.23132],[34.3624,1.2264]]}},{"type":"Feature","properties":{"name":"Nalugugu - Elgon","functional_class":"Class C National Road","surface_type":"Unsealed","length_km":20.083,"road_no":"C883"},"geometry":{"type":"LineString","coordinates":[[34.2776,1.24402],[34.2788,1.24452],[34.27978,1.24607],[34.28239,1.24724],[34.28394,1.24905],[34.291,1.25236],[34.29261,1.25733],[34.2912,1.26043],[34.29143,1.26113],[34.29205,1.26093],[34.29241,1.26142],[34.29222,1.26576],[34.29508,1.26304],[34.29801,1.25886],[34.2982,1.26027],[34.29757,1.26264],[34.30141,1.26225],[34.31204,1.25621],[34.31361,1.25428],[34.31614,1.24956],[34.32181,1.24546],[34.32426,1.24454],[34.32657,1.24288],[34.33504,1.23954],[34.34077,1.23158],[34.34579,1.22682],[34.34941,1.22458],[34.34676,1.22467],[34.3428,1.22714],[34.3428,1.22636],[34.34114,1.22733],[34.33891,1.22701],[34.34063,1.22478],[34.34481,1.22235],[34.34535,1.22122],[34.3462,1.22149],[34.34712,1.2208],[34.35013,1.21671],[34.35557,1.2148],[34.35696,1.21501],[34.36072,1.21301],[34.36203,1.21131],[34.36348,1.21087],[34.36719,1.21091],[34.36985,1.21017],[34.37262,1.20692],[34.37321,1.20386],[34.37203,1.20286]]}},{"type":"Feature","properties":{"name":"Korir - Sironko","functional_class":"Class C National Road","surface_type":"Unsealed","length_km":13.552,"road_no":"C882"},"geometry":{"type":"LineString","coordinates":[[34.24751,1.23242],[34.22391,1.24455],[34.21268,1.25332],[34.20572,1.26539],[34.20098,1.27606],[34.18606,1.30096],[34.18463,1.3025],[34.1771,1.30734],[34.16737,1.3187],[34.16518,1.3201]]}},{"type":"Feature","properties":{"name":"Bugusege - Buteza","functional_class":"Class C National Road","surface_type":"Unsealed","length_km":8.765,"road_no":"C881"},"geometry":{"type":"MultiLineString","coordinates":[[[34.30489,1.11504],[34.30624,1.11428],[34.31032,1.11384],[34.31549,1.10855],[34.31716,1.10813],[34.31884,1.10688]],[[34.26404,1.14722],[34.265,1.14594],[34.26728,1.14494],[34.27258,1.13811],[34.27562,1.13739],[34.27748,1.13784],[34.2799,1.13712],[34.28005,1.13566],[34.28057,1.13517],[34.28355,1.13398],[34.28528,1.1339],[34.28834,1.12964],[34.29099,1.13114],[34.29287,1.13123],[34.29508,1.13003],[34.29729,1.13098],[34.29755,1.1241],[34.2984,1.12156],[34.30155,1.11758],[34.30489,1.11504]]]}},{"type":"Feature","properties":{"name":"Mbale-Bufumbo","functional_class":"Class C National Road","surface_type":"Unsealed","length_km":16.458,"road_no":"C880"},"geometry":{"type":"LineString","coordinates":[[34.18707,1.07837],[34.18862,1.08441],[34.19178,1.08688],[34.19872,1.08977],[34.20309,1.09258],[34.20678,1.09646],[34.20906,1.09983],[34.21281,1.10083],[34.2209,1.10185],[34.22356,1.09885],[34.22475,1.0966],[34.22813,1.09475],[34.22938,1.09648],[34.23115,1.09685],[34.23164,1.09768],[34.23316,1.09656],[34.23645,1.0961],[34.23871,1.09391],[34.23909,1.09463],[34.23998,1.09477],[34.24114,1.09647],[34.2432,1.0956],[34.24475,1.09709],[34.2463,1.09733],[34.24696,1.09624],[34.24686,1.09321],[34.24739,1.09247],[34.24922,1.09147],[34.25138,1.0912],[34.25409,1.09006],[34.25708,1.09031],[34.26192,1.09248],[34.2674,1.09307],[34.26767,1.09508],[34.26981,1.09609],[34.27032,1.09979],[34.27096,1.10068],[34.27335,1.1015],[34.2751,1.10135],[34.27569,1.10074],[34.27599,1.10217],[34.27681,1.10228],[34.27714,1.10389],[34.27917,1.10417],[34.27913,1.1051],[34.27794,1.10597],[34.27823,1.10825],[34.27764,1.10918],[34.2778,1.11075],[34.27729,1.1124],[34.27792,1.11339],[34.2811,1.11542],[34.2817,1.11766],[34.28083,1.1199],[34.28269,1.1225]]}},{"type":"Feature","properties":{"name":"Butebo-Kadoto","functional_class":"Class C National Road","surface_type":"Unsealed","length_km":19.56,"road_no":"C878"},"geometry":{"type":"LineString","coordinates":[[33.92256,1.1943],[33.92094,1.19435],[33.91669,1.19596],[33.91414,1.19607],[33.89955,1.19408],[33.87938,1.19408],[33.8601,1.19268],[33.84589,1.1935],[33.84041,1.19427],[33.82857,1.19383],[33.8176,1.19255],[33.80035,1.19183],[33.79127,1.19033],[33.7824,1.19111],[33.77469,1.18964],[33.76937,1.19062],[33.75737,1.18954],[33.75181,1.1901],[33.74778,1.1897]]}},{"type":"Feature","properties":{"name":"Nakaloke-Kabwangasi-Butebo","functional_class":"Class C National Road","surface_type":"Unsealed","length_km":28.988,"road_no":"C878"},"geometry":{"type":"LineString","coordinates":[[34.16454,1.14267],[34.15311,1.14321],[34.14543,1.14258],[34.128,1.14068],[34.11336,1.13784],[34.09538,1.15324],[34.07818,1.16037],[34.06162,1.16883],[34.0588,1.17252],[34.05738,1.17608],[34.05579,1.17825],[34.04632,1.17809],[34.04128,1.17901],[34.02422,1.18534],[34.01055,1.18979],[34.00476,1.19281],[33.99918,1.19445],[33.98573,1.19967],[33.9795,1.19859],[33.96427,1.19762],[33.96101,1.19747],[33.95679,1.19802],[33.95266,1.19774],[33.94478,1.19704],[33.93482,1.19534],[33.92256,1.1943]]}},{"type":"Feature","properties":{"name":"Kamonkoli - Kabwangasi - Nakaloke","functional_class":"Class C National Road","surface_type":"Unsealed","length_km":7.792,"road_no":"C877"},"geometry":{"type":"LineString","coordinates":[[34.09471,1.07768],[34.09306,1.0982],[34.09293,1.1105],[34.09953,1.11884],[34.10733,1.13389],[34.10976,1.13736],[34.11056,1.13807],[34.11319,1.13796]]}},{"type":"Feature","properties":{"name":"Nabiganda -Nambale - Kamoto - Malukhu","functional_class":"Class C National Road","surface_type":"Unsealed","length_km":16.266,"road_no":"C876"},"geometry":{"type":"LineString","coordinates":[[34.17494,1.07101],[34.17318,1.06931],[34.16967,1.06901],[34.16923,1.06964],[34.16612,1.06888],[34.15977,1.06856],[34.15938,1.06725],[34.15891,1.06709],[34.15595,1.06797],[34.15524,1.06501],[34.15365,1.06329],[34.14841,1.06198],[34.14798,1.06048],[34.14688,1.05906],[34.14201,1.0568],[34.13875,1.05628],[34.13365,1.05786],[34.13114,1.05737],[34.12972,1.05501],[34.13011,1.05312],[34.12949,1.04914],[34.12467,1.04332],[34.11978,1.03928],[34.11578,1.03705],[34.11477,1.03342],[34.11511,1.03164],[34.12111,1.02938],[34.12406,1.02698],[34.12874,1.02598],[34.13186,1.02354],[34.13472,1.02291],[34.13876,1.01995],[34.14002,1.01486],[34.14254,1.00961],[34.14096,1.00364],[34.14118,1.00012],[34.14221,0.99793],[34.14296,0.99433],[34.14105,0.99086],[34.14165,0.98894]]}},{"type":"Feature","properties":{"name":"Bugema army barracks Access","functional_class":"Class C National Road","surface_type":"Unsealed","length_km":0.176,"road_no":"C875"},"geometry":{"type":"LineString","coordinates":[[34.17659,1.02993],[34.17814,1.03004]]}},{"type":"Feature","properties":{"name":"Mbale railway crossing Access","functional_class":"Class C National Road","surface_type":"Unsealed","length_km":0.106,"road_no":"C874"},"geometry":{"type":"LineString","coordinates":[[34.15766,1.07801],[34.15724,1.07716]]}},{"type":"Feature","properties":{"name":"Kaiti - Naboa","functional_class":"Class C National Road","surface_type":"Unsealed","length_km":5.864,"road_no":"C873"},"geometry":{"type":"LineString","coordinates":[[34.05327,0.99888],[34.04777,1.01132],[34.03165,1.02612],[34.02766,1.03724],[34.02638,1.03858],[34.02332,1.04031]]}},{"type":"Feature","properties":{"name":"Magale - Bumbo - Lwakhaka","functional_class":"Class C National Road","surface_type":"Unsealed","length_km":13.149,"road_no":"C848"},"geometry":{"type":"LineString","coordinates":[[34.36898,0.86344],[34.37803,0.8576],[34.37947,0.85609],[34.38034,0.85645],[34.38128,0.8593],[34.38425,0.86114],[34.38596,0.8634],[34.38691,0.86341],[34.38997,0.86135],[34.39376,0.86253],[34.39586,0.86209],[34.39829,0.85843],[34.39936,0.85747],[34.40198,0.85655],[34.40433,0.85347],[34.40713,0.85138],[34.40894,0.84788],[34.4092,0.84329],[34.41139,0.83964],[34.40784,0.83279],[34.40282,0.82986],[34.40397,0.82348],[34.40414,0.81906],[34.39987,0.81524],[34.39477,0.81471],[34.39062,0.81325],[34.38953,0.81171],[34.38584,0.80966],[34.38374,0.80978],[34.38179,0.80884],[34.37769,0.80519]]}},{"type":"Feature","properties":{"name":"Kaderuna - Butebo","functional_class":"Class C National Road","surface_type":"Unsealed","length_km":9.212,"road_no":"C872"},"geometry":{"type":"LineString","coordinates":[[33.93566,1.11658],[33.93545,1.11965],[33.93674,1.1249],[33.93637,1.12772],[33.9314,1.14024],[33.93069,1.14634],[33.92876,1.15148],[33.92817,1.15462],[33.92851,1.15707],[33.93033,1.16189],[33.93311,1.1667],[33.93304,1.17298],[33.9316,1.17685],[33.9222,1.19422]]}},{"type":"Feature","properties":{"name":"Budaka - Kaderuna","functional_class":"Class C National Road","surface_type":"Unsealed","length_km":12.488,"road_no":"C872"},"geometry":{"type":"LineString","coordinates":[[33.95606,1.01737],[33.95748,1.02003],[33.95467,1.02061],[33.95517,1.02445],[33.9529,1.03085],[33.95117,1.03375],[33.94961,1.04213],[33.94849,1.04505],[33.94403,1.0497],[33.94217,1.0531],[33.93869,1.05657],[33.93496,1.06365],[33.9316,1.06658],[33.92867,1.07157],[33.92819,1.07319],[33.92852,1.07591],[33.9339,1.08524],[33.93561,1.08948],[33.93553,1.09617],[33.93634,1.10073],[33.93515,1.10736],[33.93566,1.11658]]}},{"type":"Feature","properties":{"name":"Simu corner - Kaserem","functional_class":"Class C National Road","surface_type":"Unsealed","length_km":9.801,"road_no":"C871"},"geometry":{"type":"LineString","coordinates":[[34.28809,1.30011],[34.30036,1.30265],[34.30444,1.30592],[34.31115,1.30871],[34.31174,1.30786],[34.30925,1.30576],[34.30885,1.30447],[34.30969,1.30184],[34.31173,1.29983],[34.31019,1.3022],[34.3099,1.30396],[34.31313,1.30617],[34.31468,1.30622],[34.31528,1.30549],[34.31475,1.30428],[34.31316,1.30456],[34.31385,1.30332],[34.31772,1.30289],[34.31865,1.30208],[34.31967,1.30223],[34.32271,1.30434],[34.3235,1.30571],[34.32847,1.30744],[34.33143,1.31274],[34.33237,1.31294],[34.33185,1.31385],[34.33405,1.31399],[34.33511,1.31651],[34.33827,1.31993]]}},{"type":"Feature","properties":{"name":"Munamba-Magale - Nangya","functional_class":"Class C National Road","surface_type":"Unsealed","length_km":23.947,"road_no":"C870"},"geometry":{"type":"LineString","coordinates":[[34.35695,0.82354],[34.37039,0.83478],[34.37147,0.83774],[34.37255,0.84503],[34.37073,0.85164],[34.36978,0.86119],[34.36884,0.86369],[34.36623,0.86697],[34.3662,0.87033],[34.36462,0.87525],[34.36499,0.87769],[34.3657,0.87832],[34.3654,0.88077],[34.36598,0.88259],[34.36497,0.884],[34.36444,0.88663],[34.36025,0.88797],[34.35854,0.88967],[34.35848,0.89074],[34.36052,0.89165],[34.36166,0.89296],[34.35995,0.8952],[34.35814,0.89628],[34.35565,0.90135],[34.35662,0.90531],[34.35963,0.90771],[34.3605,0.91039],[34.35888,0.91427],[34.36011,0.91612],[34.36011,0.91755],[34.35931,0.9194],[34.35821,0.91982],[34.35799,0.92065],[34.35938,0.92196],[34.3588,0.92304],[34.3588,0.9254],[34.36178,0.92594],[34.36182,0.92846],[34.35863,0.92861],[34.35673,0.92787],[34.35509,0.92852],[34.35455,0.92754],[34.35227,0.92736],[34.35013,0.92652],[34.34878,0.92676],[34.34768,0.92572],[34.34265,0.92791],[34.34151,0.92791],[34.33852,0.9268],[34.33544,0.92417],[34.32853,0.92094],[34.32705,0.91956],[34.32391,0.92082],[34.30868,0.9237],[34.30726,0.92509],[34.3015,0.92752],[34.29397,0.93182],[34.28511,0.93516]]}},{"type":"Feature","properties":{"name":"Busumbu - Munamba","functional_class":"Class C National Road","surface_type":"Bituminous","length_km":9.898,"road_no":"C870"},"geometry":{"type":"LineString","coordinates":[[34.28371,0.83569],[34.2843,0.83337],[34.28664,0.83066],[34.29829,0.81758],[34.30248,0.81419],[34.30573,0.81472],[34.30847,0.81617],[34.31541,0.81402],[34.32261,0.8151],[34.32473,0.81441],[34.32918,0.81429],[34.33389,0.81158],[34.33575,0.81125],[34.34395,0.81427],[34.3517,0.81889],[34.35695,0.82354]]}},{"type":"Feature","properties":{"name":"Bubulo-Busumbu","functional_class":"Class C National Road","surface_type":"Bituminous","length_km":15.69,"road_no":"C870"},"geometry":{"type":"LineString","coordinates":[[34.27501,0.94884],[34.27764,0.94747],[34.27988,0.94269],[34.28034,0.93985],[34.28511,0.93516],[34.28065,0.92469],[34.28165,0.92143],[34.27228,0.91009],[34.26881,0.90253],[34.26686,0.89663],[34.25702,0.88132],[34.25312,0.86555],[34.27713,0.84161],[34.27817,0.84079],[34.28165,0.84013],[34.28272,0.83935],[34.28371,0.83569],[34.28296,0.83489]]}},{"type":"Feature","properties":{"name":"Bubulo-Bududa Circle road","functional_class":"Class C National Road","surface_type":"Unsealed","length_km":28.482,"road_no":"C867"},"geometry":{"type":"LineString","coordinates":[[34.27618,0.94896],[34.27979,0.95018],[34.28134,0.95129],[34.28386,0.95565],[34.28567,0.95714],[34.28934,0.95843],[34.29331,0.96066],[34.2963,0.96134],[34.30332,0.96552],[34.30877,0.97396],[34.31112,0.97646],[34.31328,0.97741],[34.31657,0.98063],[34.31749,0.98376],[34.32199,0.98594],[34.32465,0.9898],[34.32832,0.99214],[34.33041,0.99481],[34.33386,1.00174],[34.33447,1.00583],[34.33363,1.00815],[34.33109,1.00901],[34.33151,1.01024],[34.3305,1.01291],[34.32795,1.01712],[34.3264,1.01856],[34.32553,1.02218],[34.32559,1.02585],[34.32618,1.02728],[34.32562,1.02944],[34.32752,1.03357],[34.32714,1.03516],[34.32951,1.03617],[34.3322,1.03973],[34.33408,1.04125],[34.33648,1.04625],[34.3399,1.04928],[34.34643,1.05163],[34.34862,1.05137],[34.35519,1.05462],[34.36018,1.0533],[34.36211,1.05209],[34.37054,1.05115],[34.37163,1.05001],[34.3722,1.04835],[34.36828,1.04007],[34.36923,1.03423],[34.36861,1.02947],[34.37184,1.02342],[34.37271,1.02026],[34.37034,1.01507],[34.36839,1.01213],[34.36323,1.00627],[34.36143,1.00345],[34.35948,1.00185],[34.34927,0.99981],[34.34285,1.00255],[34.33956,1.00195],[34.33433,1.0035]]}},{"type":"Feature","properties":{"name":"Bumbobi-Bubulo","functional_class":"Class C National Road","surface_type":"Bituminous","length_km":15.402,"road_no":"C867"},"geometry":{"type":"LineString","coordinates":[[34.16684,0.99467],[34.17309,0.98731],[34.19191,0.98433],[34.19842,0.98146],[34.20323,0.98067],[34.21793,0.94875],[34.22307,0.94336],[34.23052,0.94445],[34.24145,0.94684],[34.24536,0.94853],[34.26228,0.95053],[34.27092,0.95102],[34.27377,0.94924],[34.27618,0.94896]]}},{"type":"Feature","properties":{"name":"Munamba - Lwakhakha","functional_class":"Class C National Road","surface_type":"Bituminous","length_km":4.518,"road_no":"C866"},"geometry":{"type":"LineString","coordinates":[[34.35696,0.82355],[34.36825,0.81427],[34.37155,0.81265],[34.37413,0.81211],[34.37683,0.81039],[34.37851,0.79986],[34.37869,0.7946]]}},{"type":"Feature","properties":{"name":"Magodes-Busumbu","functional_class":"Class C National Road","surface_type":"Unsealed","length_km":12.726,"road_no":"C865"},"geometry":{"type":"LineString","coordinates":[[34.17522,0.83841],[34.1766,0.83868],[34.20707,0.83191],[34.21585,0.82933],[34.2221,0.82641],[34.2433,0.82326],[34.25351,0.82623],[34.26429,0.83515],[34.27694,0.83529],[34.28032,0.83417],[34.28294,0.83491]]}},{"type":"Feature","properties":{"name":"Bugema-Busano","functional_class":"Class C National Road","surface_type":"Unsealed","length_km":11.389,"road_no":"C864"},"geometry":{"type":"LineString","coordinates":[[34.17795,1.04044],[34.18726,1.03846],[34.1898,1.03939],[34.19201,1.03924],[34.19418,1.03782],[34.19636,1.03328],[34.19796,1.03253],[34.20148,1.03327],[34.20296,1.0348],[34.20375,1.03679],[34.20489,1.03758],[34.20681,1.03746],[34.21005,1.03594],[34.21305,1.0336],[34.21321,1.0313],[34.21617,1.02823],[34.21584,1.02651],[34.21638,1.02454],[34.21794,1.02255],[34.21983,1.02198],[34.21985,1.02024],[34.22081,1.018],[34.2216,1.01731],[34.22112,1.01651],[34.22135,1.01593],[34.22403,1.01618],[34.22424,1.01516],[34.22501,1.01476],[34.22624,1.01551],[34.22683,1.01537],[34.22798,1.01313],[34.22993,1.01297],[34.23022,1.01193],[34.23129,1.01107],[34.23505,1.01008],[34.23761,1.00715],[34.23953,1.0058],[34.24409,1.00427],[34.2462,1.00406],[34.24808,1.00241],[34.24828,1.0007],[34.24788,0.99983]]}},{"type":"Feature","properties":{"name":"Mbale - Nkokonjeru","functional_class":"Class C National Road","surface_type":"Unsealed","length_km":21.067,"road_no":"C863"},"geometry":{"type":"LineString","coordinates":[[34.18433,1.06987],[34.18537,1.07104],[34.18723,1.07845],[34.1923,1.07564],[34.19476,1.07505],[34.19944,1.07279],[34.20353,1.07148],[34.20538,1.07204],[34.20792,1.06939],[34.21333,1.07031],[34.21953,1.06851],[34.22143,1.06852],[34.22228,1.06729],[34.22227,1.06583],[34.22353,1.06455],[34.22356,1.063],[34.22237,1.06141],[34.22326,1.05934],[34.22404,1.05897],[34.22516,1.06023],[34.22878,1.06047],[34.2296,1.05859],[34.23242,1.06048],[34.23395,1.06021],[34.232,1.05737],[34.22967,1.05658],[34.22977,1.05563],[34.23337,1.0567],[34.23728,1.05909],[34.23867,1.06072],[34.24127,1.06061],[34.24087,1.06238],[34.24206,1.06033],[34.24386,1.05984],[34.24611,1.06024],[34.247,1.05965],[34.24824,1.06037],[34.24999,1.06057],[34.25189,1.05901],[34.25166,1.05698],[34.25,1.05826],[34.2489,1.05778],[34.25072,1.05517],[34.24988,1.05462],[34.24971,1.05333],[34.24905,1.05275],[34.24534,1.05254],[34.24433,1.0536],[34.24268,1.05301],[34.24148,1.05478],[34.24016,1.05521],[34.23942,1.05476],[34.23981,1.05315],[34.24131,1.05169],[34.24187,1.04931],[34.24308,1.04862],[34.24282,1.04788],[34.24441,1.04713],[34.2424,1.04685],[34.2428,1.04603],[34.24183,1.04572],[34.24143,1.0447],[34.24297,1.04319],[34.24313,1.04228],[34.24494,1.04086],[34.24459,1.03831],[34.24391,1.03707],[34.24264,1.03864],[34.2411,1.03692],[34.23874,1.03817],[34.23736,1.03614],[34.23554,1.03582],[34.2352,1.03376],[34.23163,1.03372],[34.23054,1.03484],[34.23185,1.0367],[34.23144,1.03912],[34.22672,1.03883]]}},{"type":"Feature","properties":{"name":"Namagumba - Budadiri","functional_class":"Class C National Road","surface_type":"Unsealed","length_km":18.427,"road_no":"C862"},"geometry":{"type":"LineString","coordinates":[[34.19958,1.14898],[34.20291,1.15153],[34.2049,1.15169],[34.20597,1.15251],[34.20724,1.15207],[34.20835,1.1507],[34.21135,1.15001],[34.21295,1.15297],[34.21401,1.15361],[34.21537,1.15299],[34.21659,1.15115],[34.21721,1.15096],[34.21908,1.15393],[34.22195,1.15656],[34.22412,1.15788],[34.22771,1.15852],[34.22908,1.15705],[34.23189,1.15001],[34.23308,1.1483],[34.23996,1.14502],[34.24372,1.14453],[34.24586,1.14363],[34.25061,1.14401],[34.25388,1.14495],[34.2561,1.14736],[34.25914,1.14837],[34.26566,1.14717],[34.26934,1.14814],[34.27016,1.14866],[34.2711,1.15075],[34.27303,1.15297],[34.27899,1.15527],[34.28346,1.15895],[34.28936,1.15855],[34.29287,1.16016],[34.29979,1.16013],[34.30666,1.16561],[34.30909,1.16553],[34.31155,1.16644],[34.31344,1.16791],[34.31611,1.16816],[34.31843,1.17031],[34.32421,1.17261],[34.32549,1.17466],[34.32878,1.17373],[34.3319,1.17192],[34.33581,1.17053]]}},{"type":"Feature","properties":{"name":"Nalugugu-Mutufu-Budadiri","functional_class":"Class C National Road","surface_type":"Unsealed","length_km":16.245,"road_no":"C861"},"geometry":{"type":"LineString","coordinates":[[34.27224,1.24802],[34.28451,1.2396],[34.28711,1.23962],[34.28769,1.23924],[34.2891,1.23683],[34.2899,1.23278],[34.29238,1.22751],[34.30199,1.20954],[34.30756,1.20323],[34.31584,1.19704],[34.31879,1.19005],[34.32902,1.17875],[34.33388,1.1741],[34.33578,1.17055],[34.33813,1.16948],[34.34463,1.16458],[34.35712,1.15865],[34.36036,1.15597],[34.3627,1.15581],[34.36643,1.1542],[34.3682,1.15215],[34.36997,1.15109]]}},{"type":"Feature","properties":{"name":"Kamonkoli-Pallisa","functional_class":"Class C National Road","surface_type":"Bituminous","length_km":44.442,"road_no":"C860"},"geometry":{"type":"LineString","coordinates":[[34.09398,1.07455],[34.09341,1.07635],[34.09267,1.07706],[34.08554,1.08213],[34.03611,1.09197],[34.03044,1.09355],[34.01067,1.10078],[33.98656,1.1025],[33.97864,1.10409],[33.97373,1.10588],[33.96353,1.1109],[33.94717,1.11447],[33.94156,1.11761],[33.93609,1.11857],[33.92615,1.11911],[33.90727,1.12326],[33.89778,1.12676],[33.88929,1.1285],[33.87882,1.13192],[33.86983,1.13424],[33.84657,1.14294],[33.83371,1.14591],[33.82228,1.14935],[33.80709,1.15174],[33.79783,1.15503],[33.79105,1.15677],[33.76542,1.16036],[33.74293,1.16136],[33.71169,1.16721]]}},{"type":"Feature","properties":{"name":"Leresi-Bunghaji-Budaka","functional_class":"Class C National Road","surface_type":"Unsealed","length_km":13.5,"road_no":"C849"},"geometry":{"type":"MultiLineString","coordinates":[[[33.98216,0.92512],[33.97322,0.93022],[33.97142,0.93042],[33.96946,0.93662],[33.96548,0.93928],[33.95754,0.95794]],[[33.95741,0.95828],[33.95627,0.96129],[33.95375,0.96455],[33.95313,0.97136],[33.9559,0.97799],[33.96019,0.98096],[33.96196,0.98302],[33.96375,0.98778],[33.96579,0.99095],[33.96627,0.99467],[33.96335,1.0005],[33.96288,1.00554],[33.9582,1.01152],[33.95899,1.01575],[33.95861,1.01785]]]}},{"type":"Feature","properties":{"name":"Nagongera - Paya - Leresi","functional_class":"Class C National Road","surface_type":"Unsealed","length_km":18.578,"road_no":"C847"},"geometry":{"type":"LineString","coordinates":[[34.0261,0.77026],[34.02724,0.77334],[34.02622,0.78662],[34.0218,0.8025],[34.01705,0.81689],[34.01338,0.8326],[34.01162,0.85274],[34.01107,0.88409],[34.00597,0.89689],[33.99711,0.91038],[33.98716,0.92099],[33.98223,0.92517]]}},{"type":"Feature","properties":{"name":"Budhumba - Busaba","functional_class":"Class C National Road","surface_type":"Unsealed","length_km":11.983,"road_no":"C846"},"geometry":{"type":"LineString","coordinates":[[33.86481,0.82489],[33.86424,0.83475],[33.86161,0.84039],[33.86178,0.84683],[33.86005,0.85177],[33.85914,0.85756],[33.8531,0.87331],[33.85032,0.87925],[33.84951,0.88361],[33.84113,0.88421],[33.83421,0.884],[33.82823,0.87821],[33.82628,0.87779],[33.82316,0.87818],[33.81682,0.88098],[33.81285,0.8816],[33.81105,0.88289],[33.80974,0.88554]]}},{"type":"Feature","properties":{"name":"Bubada - Budhumba Station","functional_class":"Class C National Road","surface_type":"Unsealed","length_km":15.344,"road_no":"C845"},"geometry":{"type":"LineString","coordinates":[[33.89016,0.72235],[33.89053,0.72587],[33.88983,0.73323],[33.88367,0.74612],[33.88261,0.74998],[33.8816,0.75736],[33.87372,0.76919],[33.86554,0.7766],[33.86347,0.77936],[33.86122,0.7813],[33.85042,0.78213],[33.83614,0.78541],[33.83291,0.78816],[33.82751,0.79544],[33.82147,0.80559],[33.82192,0.8095],[33.82488,0.81812],[33.82526,0.82344]]}},{"type":"Feature","properties":{"name":"Mulanda - Nabuyoga - Bubada - Kisiro","functional_class":"Class C National Road","surface_type":"Unsealed","length_km":19.32,"road_no":"C844"},"geometry":{"type":"MultiLineString","coordinates":[[[33.89012,0.72235],[33.87761,0.72038],[33.86129,0.72175],[33.8507,0.71737],[33.84494,0.71628]],[[34.01044,0.69238],[34.00001,0.69168],[33.99037,0.68978],[33.98713,0.69013],[33.98107,0.69215],[33.96748,0.69927],[33.9609,0.702],[33.94488,0.70671],[33.93782,0.70796],[33.92854,0.71181],[33.90314,0.72048],[33.89524,0.72197],[33.89012,0.72235]]]}},{"type":"Feature","properties":{"name":"Rubongi - Mulanda","functional_class":"Class C National Road","surface_type":"Unsealed","length_km":17.079,"road_no":"C844"},"geometry":{"type":"LineString","coordinates":[[34.15406,0.70507],[34.1496,0.69873],[34.13658,0.69176],[34.11301,0.68955],[34.10716,0.68732],[34.1027,0.68728],[34.09385,0.68576],[34.0852,0.68531],[34.08014,0.68433],[34.07589,0.6822],[34.07016,0.68021],[34.0639,0.68133],[34.05928,0.68316],[34.04994,0.68559],[34.03865,0.6905],[34.02528,0.69039],[34.01688,0.69148],[34.01377,0.69273],[34.01199,0.6921],[34.01044,0.69238]]}},{"type":"Feature","properties":{"name":"Tororo Prisons Access","functional_class":"Class C National Road","surface_type":"Unsealed","length_km":1.036,"road_no":"C842"},"geometry":{"type":"LineString","coordinates":[[34.22696,0.70563],[34.22864,0.7047],[34.23011,0.70265],[34.23315,0.70146],[34.23367,0.70015]]}},{"type":"Feature","properties":{"name":"Nabaloba - Bukobe","functional_class":"Class C National Road","surface_type":"Unsealed","length_km":10.9,"road_no":"C841"},"geometry":{"type":"LineString","coordinates":[[34.0324,0.40734],[34.02757,0.40906],[34.01391,0.41576],[34.01036,0.41654],[34.00542,0.41863],[33.99719,0.41975],[33.99186,0.42275],[33.98834,0.42345],[33.98491,0.42597],[33.98097,0.4309],[33.97596,0.43392],[33.97165,0.43461],[33.96801,0.4327],[33.96636,0.43277],[33.96411,0.43391],[33.96222,0.43413],[33.95883,0.43275],[33.95401,0.43354],[33.94383,0.43274]]}},{"type":"Feature","properties":{"name":"Apokor - Kwapa - Tuba","functional_class":"Class C National Road","surface_type":"Unsealed","length_km":15.083,"road_no":"C840"},"geometry":{"type":"LineString","coordinates":[[34.24505,0.71069],[34.24635,0.71396],[34.24695,0.71783],[34.2501,0.72363],[34.2508,0.72864],[34.25319,0.7366],[34.25147,0.73983],[34.24875,0.74277],[34.24709,0.74641],[34.24486,0.74775],[34.23597,0.75046],[34.2313,0.75425],[34.21988,0.76601],[34.21423,0.77331],[34.20905,0.78161],[34.20407,0.7878],[34.20045,0.79153],[34.19606,0.79484],[34.18679,0.79612],[34.17254,0.79402]]}},{"type":"Feature","properties":{"name":"Malaba - Mella - Apokor","functional_class":"Class C National Road","surface_type":"Unsealed","length_km":10.655,"road_no":"C840"},"geometry":{"type":"LineString","coordinates":[[34.26018,0.63985],[34.2604,0.64107],[34.26397,0.64263],[34.25706,0.65549],[34.25667,0.6574],[34.26636,0.669],[34.26743,0.67157],[34.26665,0.67521],[34.26078,0.68672],[34.25974,0.69065],[34.26008,0.69304],[34.26253,0.69594],[34.26156,0.70043],[34.26186,0.70439],[34.25857,0.70889],[34.25726,0.70989],[34.25262,0.71021],[34.24803,0.71137],[34.24505,0.71069]]}},{"type":"Feature","properties":{"name":"Doho - Namulo - Amuro","functional_class":"Class C National Road","surface_type":"Unsealed","length_km":13.594,"road_no":"C839"},"geometry":{"type":"LineString","coordinates":[[33.99919,0.93352],[34.00019,0.93252],[34.00308,0.93302],[34.00681,0.93045],[34.00884,0.92767],[34.01232,0.92714],[34.02514,0.91991],[34.02594,0.91923],[34.02499,0.91785],[34.02501,0.91633],[34.02781,0.91483],[34.03068,0.91152],[34.03712,0.90784],[34.04344,0.90574],[34.04934,0.90264],[34.0548,0.89841],[34.09676,0.88695],[34.10409,0.88662]]}},{"type":"Feature","properties":{"name":"Kidoko - Kachonga","functional_class":"Class C National Road","surface_type":"Unsealed","length_km":12.273,"road_no":"C838"},"geometry":{"type":"LineString","coordinates":[[34.11578,0.88243],[34.1131,0.88249],[34.11058,0.88427],[34.10508,0.88544],[34.10273,0.88924],[34.09741,0.89295],[34.09497,0.89525],[34.08507,0.91026],[34.07803,0.92476],[34.06796,0.93772],[34.05353,0.95349],[34.04994,0.95916],[34.04596,0.96282]]}},{"type":"Feature","properties":{"name":"Butiru - Molo - Kidoko","functional_class":"Class C National Road","surface_type":"Unsealed","length_km":8.213,"road_no":"C838"},"geometry":{"type":"LineString","coordinates":[[34.17542,0.84016],[34.17231,0.84108],[34.11578,0.88243]]}},{"type":"Feature","properties":{"name":"Kidoko - Busiu - Isikhoye","functional_class":"Class C National Road","surface_type":"Unsealed","length_km":15.862,"road_no":"C837"},"geometry":{"type":"LineString","coordinates":[[34.11582,0.88259],[34.12216,0.90456],[34.13608,0.91195],[34.13691,0.91326],[34.1404,0.91419],[34.1535,0.92083],[34.18182,0.91738],[34.18487,0.91787],[34.19898,0.92265],[34.21814,0.93156],[34.22252,0.93247],[34.22368,0.94326]]}},{"type":"Feature","properties":{"name":"Nagongera - Merikit - Kidoko","functional_class":"Class C National Road","surface_type":"Unsealed","length_km":18.218,"road_no":"C837"},"geometry":{"type":"LineString","coordinates":[[34.02617,0.76967],[34.07688,0.77822],[34.11582,0.88259]]}},{"type":"Feature","properties":{"name":"Mulanda - Nagongera","functional_class":"Class C National Road","surface_type":"Unsealed","length_km":8.675,"road_no":"C836"},"geometry":{"type":"LineString","coordinates":[[34.01062,0.6924],[34.01311,0.70122],[34.01812,0.73592],[34.02579,0.76287],[34.03007,0.76621]]}},{"type":"Feature","properties":{"name":"Nyambogo - Iyolwa - Mulanda","functional_class":"Class C National Road","surface_type":"Unsealed","length_km":18.9,"road_no":"C836"},"geometry":{"type":"LineString","coordinates":[[34.06346,0.59926],[34.05798,0.59909],[33.99939,0.60259],[33.98427,0.60742],[33.99544,0.64505],[34.0062,0.67747],[34.01062,0.6924]]}},{"type":"Feature","properties":{"name":"Magodes-Railway Station","functional_class":"Class C National Road","surface_type":"Unsealed","length_km":2.278,"road_no":"C835"},"geometry":{"type":"LineString","coordinates":[[34.17527,0.83887],[34.16144,0.83341],[34.15675,0.83056]]}},{"type":"Feature","properties":{"name":"Kamuli railway access 2","functional_class":"Class C National Road","surface_type":"Unsealed","length_km":2.403,"road_no":"C794"},"geometry":{"type":"LineString","coordinates":[[33.14282,0.90904],[33.14531,0.90178],[33.14511,0.89704],[33.14394,0.89343],[33.14884,0.89101]]}},{"type":"Feature","properties":{"name":"Busolwe-Budumba","functional_class":"Class C National Road","surface_type":"Unsealed","length_km":16.046,"road_no":"C833"},"geometry":{"type":"LineString","coordinates":[[33.92655,0.85008],[33.90717,0.84121],[33.90305,0.83816],[33.89433,0.83621],[33.88698,0.83276],[33.87012,0.82751],[33.85866,0.82163],[33.85682,0.82114],[33.82646,0.82341],[33.8027,0.82359],[33.78933,0.82724]]}},{"type":"Feature","properties":{"name":"Nabumali junction-Busolwe","functional_class":"Class C National Road","surface_type":"Unsealed","length_km":34.588,"road_no":"C833"},"geometry":{"type":"LineString","coordinates":[[34.16699,0.98451],[34.16653,0.9824],[34.15624,0.98168],[34.15073,0.98467],[34.14876,0.98628],[34.14223,0.98899],[34.11974,0.98626],[34.10647,0.98648],[34.09708,0.98481],[34.04157,0.96087],[34.02934,0.95369],[34.01425,0.943],[34.00553,0.93813],[33.99406,0.93003],[33.98426,0.9258],[33.97473,0.92332],[33.95453,0.91456],[33.95109,0.90788],[33.94943,0.90309],[33.94945,0.88067],[33.9444,0.86444],[33.94336,0.85767],[33.93136,0.85297],[33.92655,0.85008]]}},{"type":"Feature","properties":{"name":"Nagongera-Busolwe","functional_class":"Class C National Road","surface_type":"Unsealed","length_km":10.101,"road_no":"C832"},"geometry":{"type":"LineString","coordinates":[[33.9269,0.84911],[33.91222,0.86826],[33.90605,0.87354],[33.89582,0.87896],[33.87767,0.88618],[33.87512,0.88676],[33.86748,0.88642],[33.84953,0.88358]]}},{"type":"Feature","properties":{"name":"Korir - Malera - Kumi","functional_class":"Class C National Road","surface_type":"Unsealed","length_km":37.241,"road_no":"C927"},"geometry":{"type":"LineString","coordinates":[[34.16519,1.32017],[34.16392,1.32412],[34.16259,1.33576],[34.16439,1.34359],[34.16037,1.35998],[34.15668,1.3681],[34.14051,1.39969],[34.13188,1.43552],[34.13164,1.43893],[34.12971,1.43985],[34.1002,1.44231],[34.08512,1.43895],[34.07927,1.43521],[34.07387,1.43421],[34.05173,1.43411],[34.03786,1.43697],[33.94084,1.4885],[33.9381,1.48904],[33.93763,1.4898]]}},{"type":"Feature","properties":{"name":"Busoko - Busaba - Nawanjofu - Hisiro","functional_class":"Class C National Road","surface_type":"Unsealed","length_km":10.244,"road_no":"C850"},"geometry":{"type":"LineString","coordinates":[[33.84953,0.88358],[33.84791,0.88628],[33.84289,0.89057],[33.84123,0.89311],[33.84063,0.89651],[33.84293,0.90447],[33.83323,0.91347],[33.82831,0.92055],[33.82329,0.92588],[33.81841,0.92975],[33.8067,0.93669],[33.80405,0.93643],[33.79931,0.93699],[33.79379,0.93935],[33.7893,0.94035]]}},{"type":"Feature","properties":{"name":"Tororo-Nagongera","functional_class":"Class C National Road","surface_type":"Unsealed","length_km":33.725,"road_no":"C832"},"geometry":{"type":"LineString","coordinates":[[34.18081,0.69297],[34.14472,0.70938],[34.10983,0.72641],[34.10466,0.72834],[34.0984,0.73241],[34.08582,0.73909],[34.02689,0.76774],[34.02538,0.7717],[34.01954,0.77644],[34.01189,0.78007],[34.00612,0.7835],[34.00206,0.78459],[33.99436,0.78789],[33.98853,0.79167],[33.97641,0.80222],[33.96863,0.80756],[33.9602,0.81236],[33.95097,0.81876],[33.93616,0.83575],[33.93295,0.84161],[33.9269,0.84911]]}},{"type":"Feature","properties":{"name":"Kachumbala - Korir","functional_class":"Class C National Road","surface_type":"Unsealed","length_km":12.293,"road_no":"C927"},"geometry":{"type":"LineString","coordinates":[[34.11185,1.2251],[34.11624,1.23181],[34.13346,1.25246],[34.13435,1.25479],[34.13695,1.27192],[34.13806,1.27586],[34.16519,1.32017]]}},{"type":"Feature","properties":{"name":"Tororo - Morukatipe prison","functional_class":"Class C National Road","surface_type":"Unsealed","length_km":6.523,"road_no":"C831"},"geometry":{"type":"LineString","coordinates":[[34.19179,0.68905],[34.21983,0.70338],[34.22696,0.70563],[34.23552,0.70933],[34.24162,0.70946],[34.24511,0.71054]]}},{"type":"Feature","properties":{"name":"Busia - Majanji","functional_class":"Class C National Road","surface_type":"Bituminous","length_km":26.982,"road_no":"C830"},"geometry":{"type":"LineString","coordinates":[[34.08874,0.46641],[34.08212,0.45947],[34.07318,0.45473],[34.05459,0.4392],[34.05216,0.43623],[34.03729,0.41544],[34.03076,0.40463],[34.02749,0.39575],[34.0223,0.38845],[34.02118,0.38374],[34.01891,0.38137],[34.01518,0.37191],[34.00687,0.36384],[34.00326,0.35718],[34.00299,0.3533],[34.0019,0.34833],[34.00215,0.34258],[34.00074,0.33827],[33.99869,0.33495],[33.99215,0.30988],[33.99228,0.30466],[33.99375,0.2996],[33.99201,0.29387],[33.9919,0.28788],[33.9908,0.28123],[33.9932,0.26979],[33.99302,0.26778],[33.99244,0.26552],[33.99064,0.26313],[33.98895,0.26174],[33.98828,0.26249],[33.98692,0.26163]]}},{"type":"Feature","properties":{"name":"Kachumbala - Kidongole","functional_class":"Class C National Road","surface_type":"Unsealed","length_km":15.431,"road_no":"C926"},"geometry":{"type":"LineString","coordinates":[[34.11248,1.22406],[34.1087,1.22305],[34.09101,1.22487],[34.07987,1.22954],[34.06911,1.23559],[34.061,1.23933],[34.04571,1.24441],[34.03654,1.24642],[34.02481,1.24661],[34.01158,1.24975],[34.00359,1.25235],[33.98896,1.25446],[33.97653,1.25792]]}},{"type":"Feature","properties":{"name":"Kasejere-Budumba","functional_class":"Class C National Road","surface_type":"Unsealed","length_km":14.176,"road_no":"C821"},"geometry":{"type":"LineString","coordinates":[[33.68226,0.77594],[33.69223,0.7826],[33.69397,0.78606],[33.69485,0.78683],[33.71493,0.79429],[33.72339,0.80051],[33.72924,0.80206],[33.73936,0.81348],[33.75059,0.81989],[33.75387,0.82403],[33.75929,0.8271],[33.7659,0.8278],[33.77322,0.83132],[33.77641,0.83236],[33.77993,0.8297],[33.78933,0.82724]]}},{"type":"Feature","properties":{"name":"Namutumba-Nawansangwa","functional_class":"Class C National Road","surface_type":"Unsealed","length_km":9.733,"road_no":"C820"},"geometry":{"type":"LineString","coordinates":[[33.6926,0.83924],[33.69599,0.83899],[33.70095,0.84006],[33.70261,0.84196],[33.70712,0.84321],[33.71003,0.84363],[33.71214,0.8431],[33.71502,0.84465],[33.71635,0.84597],[33.71762,0.84607],[33.72131,0.84795],[33.72378,0.84825],[33.72752,0.8498],[33.73482,0.8501],[33.738,0.84781],[33.74539,0.84469],[33.75014,0.84327],[33.75576,0.84329],[33.75739,0.84179],[33.76033,0.84058],[33.75946,0.83828],[33.75931,0.82721]]}},{"type":"Feature","properties":{"name":"Nambale-Nawandala","functional_class":"Class C National Road","surface_type":"Unsealed","length_km":14.874,"road_no":"C819"},"geometry":{"type":"LineString","coordinates":[[33.50451,0.77739],[33.4916,0.77658],[33.48209,0.77902],[33.47834,0.78139],[33.47142,0.78812],[33.46499,0.79175],[33.45548,0.79511],[33.45072,0.80025],[33.4392,0.8099],[33.43144,0.81312],[33.42201,0.81523],[33.41812,0.81749],[33.40485,0.82317],[33.39834,0.82685],[33.39225,0.8277],[33.38995,0.833]]}},{"type":"Feature","properties":{"name":"Access to Buyanga S/C, off Busesa Nawangisa road","functional_class":"Class C National Road","surface_type":"Unsealed","length_km":4,"road_no":"C823"},"geometry":{"type":"LineString","coordinates":[[33.60112,0.6463],[33.60893,0.64154],[33.6114,0.64068],[33.61395,0.6411],[33.62289,0.64444],[33.62599,0.64414],[33.62779,0.64313],[33.63045,0.64368]]}},{"type":"Feature","properties":{"name":"Old -access-to-Isimba-dam","functional_class":"Class C National Road","surface_type":"Unsealed","length_km":3.96,"road_no":"C825"},"geometry":{"type":"LineString","coordinates":[[33.05411,0.73368],[33.05516,0.7341],[33.05807,0.73369],[33.06063,0.73628],[33.07029,0.73518],[33.07667,0.7361],[33.07915,0.73702],[33.07991,0.73787],[33.08068,0.73786]]}},{"type":"Feature","properties":{"name":"Musita-Mayuge - Nankoma","functional_class":"Class C National Road","surface_type":"Bituminous","length_km":35.6,"road_no":"C782"},"geometry":{"type":"LineString","coordinates":[[33.38716,0.52897],[33.38768,0.52712],[33.38843,0.52631],[33.39548,0.52399],[33.40425,0.52021],[33.41972,0.50536],[33.45725,0.47405],[33.46346,0.46924],[33.48078,0.45793],[33.52806,0.4525],[33.53274,0.45273],[33.53976,0.4551],[33.54316,0.45556],[33.55685,0.45465],[33.56165,0.45347],[33.56459,0.45345],[33.57527,0.45727],[33.58354,0.45911],[33.58689,0.45866],[33.59238,0.45674],[33.59808,0.45548],[33.60845,0.45158],[33.61416,0.45072],[33.62288,0.45188],[33.62655,0.45392],[33.63181,0.45451],[33.63758,0.45599],[33.64761,0.45275],[33.65576,0.4525],[33.66791,0.45011],[33.67572,0.4494]]}},{"type":"Feature","properties":{"name":"Nabiganda - Kaiti","functional_class":"Class C National Road","surface_type":"Unsealed","length_km":3.436,"road_no":"C873"},"geometry":{"type":"LineString","coordinates":[[34.05961,0.96883],[34.05592,0.99217],[34.05327,0.99888]]}},{"type":"Feature","properties":{"name":"Kasana - Bugobero","functional_class":"Class C National Road","surface_type":"Unsealed","length_km":7.63,"road_no":"C047"},"geometry":{"type":"LineString","coordinates":[[33.08765,0.7556],[33.08745,0.75609],[33.07819,0.76047],[33.07541,0.7692],[33.06982,0.78078]]}},{"type":"Feature","properties":{"name":"Old Mbulamuti ferry access","functional_class":"Class C National Road","surface_type":"Unsealed","length_km":3.297,"road_no":"C826"},"geometry":{"type":"LineString","coordinates":[[33.04,0.79425],[33.04365,0.79538],[33.04214,0.7972],[33.04173,0.80227],[33.03943,0.80786],[33.03964,0.81183],[33.04341,0.81549],[33.0451,0.81784]]}},{"type":"Feature","properties":{"name":"Okude - Amuria","functional_class":"Class C National Road","surface_type":"Unsealed","length_km":34.046,"road_no":"C670"},"geometry":{"type":"LineString","coordinates":[[33.35155,2.07203],[33.44933,2.04463],[33.45127,2.04351],[33.45261,2.04023],[33.52414,2.05505],[33.54278,2.06034],[33.55388,2.06012],[33.57324,2.0551],[33.61724,2.04187],[33.63604,2.03407],[33.64143,2.03148],[33.64268,2.0299]]}},{"type":"Feature","properties":{"name":"Lira junction-Arapai","functional_class":"Class C National Road","surface_type":"Unsealed","length_km":8.502,"road_no":"C922"},"geometry":{"type":"LineString","coordinates":[[33.5639,1.76032],[33.58906,1.75562],[33.60724,1.77306],[33.61243,1.78049],[33.62,1.78121],[33.62832,1.77921]]}},{"type":"Feature","properties":{"name":"Soroti to Brooks corner","functional_class":"Class C National Road","surface_type":"Unsealed","length_km":26.076,"road_no":"C921"},"geometry":{"type":"LineString","coordinates":[[33.61449,1.69867],[33.61809,1.68086],[33.61821,1.67789],[33.61764,1.67505],[33.61305,1.66403],[33.60957,1.65755],[33.60399,1.64483],[33.59923,1.62936],[33.58726,1.61538],[33.57961,1.59475],[33.57556,1.57214],[33.55506,1.53922],[33.55384,1.53451],[33.55354,1.52966],[33.55572,1.51996],[33.5557,1.51752],[33.55407,1.51345],[33.54718,1.50149],[33.54743,1.50016]]}},{"type":"Feature","properties":{"name":"Brooks corner-Serere-Bugondo","functional_class":"Class C National Road","surface_type":"Unsealed","length_km":33.643,"road_no":"C920"},"geometry":{"type":"LineString","coordinates":[[33.54691,1.50015],[33.53637,1.50026],[33.52683,1.50254],[33.52137,1.503],[33.50786,1.50742],[33.48507,1.51579],[33.47514,1.51797],[33.46641,1.51924],[33.45766,1.51798],[33.4433,1.52323],[33.38069,1.55361],[33.37426,1.55882],[33.36917,1.56395],[33.35488,1.57504],[33.33291,1.59025],[33.3212,1.59743],[33.31675,1.59861],[33.31357,1.603],[33.30618,1.60983],[33.29753,1.61499],[33.29455,1.61754],[33.28598,1.6191],[33.28273,1.62068],[33.27907,1.62133],[33.27842,1.62272]]}},{"type":"Feature","properties":{"name":"Kumi-Brooks corner","functional_class":"Class C National Road","surface_type":"Unsealed","length_km":45.953,"road_no":"C920"},"geometry":{"type":"LineString","coordinates":[[33.93686,1.48908],[33.93494,1.48763],[33.91503,1.48466],[33.8915,1.47946],[33.86632,1.47159],[33.8492,1.46949],[33.82615,1.46907],[33.79873,1.46575],[33.78267,1.46034],[33.77217,1.45605],[33.7221,1.46788],[33.70213,1.468],[33.6981,1.46896],[33.69179,1.46828],[33.68173,1.46581],[33.67744,1.4627],[33.67368,1.45648],[33.6718,1.45435],[33.67014,1.45344],[33.6672,1.4527],[33.65884,1.45274],[33.65444,1.45328],[33.64532,1.45933],[33.63221,1.46598],[33.62749,1.46762],[33.62326,1.47064],[33.59128,1.48757],[33.55252,1.50028],[33.54691,1.50015]]}},{"type":"Feature","properties":{"name":"Lokatelebu - Kacheri - Lolelia","functional_class":"Class C National Road","surface_type":"Unsealed","length_km":40.124,"road_no":"C989"},"geometry":{"type":"LineString","coordinates":[[33.99322,2.99375],[33.98072,3.00867],[33.97615,3.01911],[33.97039,3.0282],[33.96914,3.03543],[33.96495,3.04626],[33.96202,3.04779],[33.96053,3.05051],[33.95825,3.05311],[33.95242,3.05569],[33.95024,3.05863],[33.9449,3.06269],[33.93495,3.07293],[33.93286,3.07647],[33.93236,3.08573],[33.93159,3.08934],[33.93384,3.09679],[33.93399,3.09884],[33.93319,3.1064],[33.93025,3.11418],[33.92992,3.12561],[33.94015,3.1394],[33.94062,3.14149],[33.93967,3.14545],[33.94004,3.14816],[33.938,3.15224],[33.93422,3.15565],[33.92978,3.1616],[33.92842,3.16701],[33.92829,3.17011],[33.92618,3.17826],[33.92692,3.18267],[33.92773,3.18436],[33.92758,3.18757],[33.92579,3.19121],[33.92407,3.20317],[33.91515,3.22575],[33.91202,3.23603],[33.9101,3.2455],[33.91001,3.2527],[33.90908,3.26023],[33.91003,3.28383],[33.91199,3.2887],[33.91359,3.29084],[33.91378,3.29254],[33.9182,3.29905],[33.9206,3.30636],[33.92374,3.31268],[33.92444,3.31558]]}},{"type":"Feature","properties":{"name":"Kapelimoru Barracks Access","functional_class":"Class C National Road","surface_type":"Unsealed","length_km":0.619,"road_no":"C984"},"geometry":{"type":"LineString","coordinates":[[34.22299,2.97165],[34.22796,2.97413]]}},{"type":"Feature","properties":{"name":"Akwanamoru - Opua - Orogom - Oreta","functional_class":"Class C National Road","surface_type":"Unsealed","length_km":57.258,"road_no":"C980"},"geometry":{"type":"LineString","coordinates":[[33.88438,2.94081],[33.88554,2.92946],[33.88,2.91129],[33.88057,2.90448],[33.88729,2.89191],[33.89268,2.87806],[33.8991,2.86965],[33.90746,2.84352],[33.90777,2.83952],[33.9067,2.79731],[33.90425,2.77649],[33.90198,2.76751],[33.89859,2.7595],[33.89823,2.75681],[33.89628,2.75153],[33.89428,2.74297],[33.89073,2.73396],[33.88934,2.72346],[33.88642,2.71398],[33.88619,2.70344],[33.88484,2.69952],[33.88376,2.6939],[33.8832,2.68412],[33.88221,2.67788],[33.88274,2.67066],[33.88434,2.66237],[33.88513,2.65205],[33.88557,2.65033],[33.88801,2.64661],[33.88911,2.63743],[33.89112,2.63258],[33.89515,2.62766],[33.89624,2.62526],[33.90017,2.62017],[33.90128,2.61503],[33.90241,2.61333],[33.90413,2.60809],[33.90698,2.60817],[33.91048,2.60655],[33.91271,2.60455],[33.91564,2.59895],[33.9162,2.59616],[33.91609,2.59334],[33.91494,2.59048],[33.9143,2.58622],[33.91622,2.57522],[33.91969,2.56531],[33.92391,2.56013],[33.93015,2.55442],[33.93363,2.55213],[33.9362,2.54929],[33.93804,2.54858],[33.94073,2.54869],[33.94554,2.54967],[33.94875,2.55137],[33.95308,2.55065],[33.95409,2.54939],[33.95336,2.53799],[33.95192,2.53524],[33.95071,2.53422],[33.94628,2.52473],[33.94245,2.51999],[33.94086,2.51464],[33.93879,2.51086],[33.93456,2.50566],[33.92856,2.49963],[33.92746,2.49882],[33.92094,2.49649],[33.9195,2.49368]]}},{"type":"Feature","properties":{"name":"Kanyum - Kidongole","functional_class":"Class C National Road","surface_type":"Unsealed","length_km":16.819,"road_no":"C879"},"geometry":{"type":"LineString","coordinates":[[33.91441,1.38533],[33.92822,1.37869],[33.93978,1.37498],[33.94706,1.36721],[33.95816,1.35237],[33.96149,1.34435],[33.96785,1.33227],[33.96897,1.32792],[33.96987,1.31615],[33.97302,1.29941],[33.97756,1.26827],[33.97841,1.25922],[33.9764,1.25793]]}},{"type":"Feature","properties":{"name":"Achan Pii-Alito","functional_class":"Class C National Road","surface_type":"Unsealed","length_km":17.8,"road_no":"C979"},"geometry":{"type":"LineString","coordinates":[[33.57439,2.48105],[33.57858,2.47004],[33.58705,2.45341],[33.59239,2.44057],[33.59686,2.43266],[33.59963,2.42102],[33.60117,2.40482],[33.60095,2.39699],[33.5943,2.38681],[33.59224,2.37249],[33.58079,2.33249]]}},{"type":"Feature","properties":{"name":"Morita -Kanyum","functional_class":"Class C National Road","surface_type":"Unsealed","length_km":12.538,"road_no":"C879"},"geometry":{"type":"LineString","coordinates":[[33.83684,1.46953],[33.84673,1.46087],[33.85433,1.4533],[33.85915,1.44764],[33.90068,1.39302],[33.91441,1.38533]]}},{"type":"Feature","properties":{"name":"Kitale Road","functional_class":"Class C National Road","surface_type":"Unsealed","length_km":1.584,"road_no":"C976"},"geometry":{"type":"LineString","coordinates":[[34.65773,2.53301],[34.65511,2.52062],[34.6559,2.51917]]}},{"type":"Feature","properties":{"name":"Lokopo Link 2","functional_class":"Class C National Road","surface_type":"Unsealed","length_km":1.232,"road_no":"C974"},"geometry":{"type":"LineString","coordinates":[[34.32416,2.47864],[34.33519,2.47968]]}},{"type":"Feature","properties":{"name":"Lokopo Link","functional_class":"Class C National Road","surface_type":"Unsealed","length_km":5.652,"road_no":"C973"},"geometry":{"type":"LineString","coordinates":[[34.38255,2.48063],[34.37818,2.48262],[34.37436,2.48341],[34.36619,2.48768],[34.3585,2.48813],[34.35396,2.48666],[34.34738,2.48145],[34.33519,2.47968]]}},{"type":"Feature","properties":{"name":"Moroto - Rupa - Nakiloro - Nakabat","functional_class":"Class C National Road","surface_type":"Unsealed","length_km":31.744,"road_no":"C971"},"geometry":{"type":"LineString","coordinates":[[34.66039,2.53821],[34.65637,2.53908],[34.65418,2.54016],[34.65557,2.54404],[34.65452,2.54597],[34.65484,2.54926],[34.6592,2.55143],[34.66325,2.55586],[34.66379,2.55736],[34.66538,2.55873],[34.66778,2.56689],[34.6714,2.57207],[34.67219,2.57921],[34.67433,2.58262],[34.67461,2.58412],[34.67603,2.58495],[34.67633,2.58657],[34.67996,2.59255],[34.68245,2.59376],[34.6848,2.59389],[34.6902,2.59635],[34.6962,2.59714],[34.69969,2.59889],[34.70215,2.60081],[34.70593,2.60112],[34.70859,2.60301],[34.71204,2.60376],[34.71511,2.60587],[34.71679,2.608],[34.71958,2.60956],[34.72526,2.61217],[34.72891,2.61302],[34.73494,2.61987],[34.7367,2.62292],[34.73692,2.6246],[34.73548,2.62767],[34.73531,2.62877],[34.73583,2.63019],[34.73478,2.63514],[34.73285,2.63857],[34.7322,2.64137],[34.7334,2.64524],[34.73287,2.64608],[34.73308,2.64719],[34.73257,2.64897],[34.73542,2.65492],[34.73588,2.65764],[34.73663,2.65856],[34.73674,2.65974],[34.73579,2.66243],[34.737,2.6645],[34.7411,2.66431],[34.74427,2.66741],[34.74537,2.66649],[34.74624,2.66657],[34.74779,2.66826],[34.74759,2.6692],[34.74877,2.66971],[34.74813,2.67011],[34.74827,2.67203],[34.75142,2.67176],[34.75458,2.67349],[34.76167,2.68146],[34.76189,2.68356],[34.76399,2.68758],[34.76682,2.6881],[34.76952,2.69278],[34.7721,2.69399],[34.77291,2.69532],[34.77401,2.69586],[34.77646,2.69635],[34.78004,2.69564],[34.78043,2.69635],[34.78237,2.69747],[34.79216,2.69717],[34.79417,2.69829],[34.79516,2.6996],[34.79899,2.69881],[34.80095,2.69958],[34.80245,2.69949],[34.80625,2.69784],[34.8121,2.69891],[34.81375,2.70006],[34.81631,2.69944],[34.82137,2.70077],[34.82211,2.70032]]}},{"type":"Feature","properties":{"name":"Moroto army barracks access","functional_class":"Class C National Road","surface_type":"Unsealed","length_km":0.952,"road_no":"C970"},"geometry":{"type":"LineString","coordinates":[[34.6577,2.533],[34.65836,2.53504],[34.66196,2.54047]]}},{"type":"Feature","properties":{"name":"Opekit - Nyakwae","functional_class":"Class C National Road","surface_type":"Unsealed","length_km":19.135,"road_no":"C969"},"geometry":{"type":"LineString","coordinates":[[33.90342,2.49334],[33.89009,2.49481],[33.88145,2.49771],[33.87818,2.50044],[33.8749,2.50685],[33.87083,2.51032],[33.86295,2.51917],[33.8556,2.52503],[33.84886,2.52872],[33.8412,2.53421],[33.82623,2.54817],[33.81704,2.55397],[33.81121,2.55667],[33.79853,2.5674],[33.77596,2.58166],[33.76111,2.5898]]}},{"type":"Feature","properties":{"name":"Turtuko - Opekit","functional_class":"Class C National Road","surface_type":"Unsealed","length_km":1.77,"road_no":"C969"},"geometry":{"type":"LineString","coordinates":[[33.9196,2.49366],[33.90874,2.49283],[33.90342,2.49334]]}},{"type":"Feature","properties":{"name":"Turtuko - Nyakwae","functional_class":"Class C National Road","surface_type":"Unsealed","length_km":24.801,"road_no":"C969"},"geometry":{"type":"LineString","coordinates":[[34.14499,2.49577],[34.12112,2.49566],[34.09348,2.49222],[34.07985,2.49373],[34.06747,2.49807],[34.03864,2.49817],[34.0199,2.49877],[34.0185,2.49911],[34.01417,2.50164],[34.01199,2.50202],[33.9196,2.49366]]}},{"type":"Feature","properties":{"name":"Lokicher - Turtuko","functional_class":"Class C National Road","surface_type":"Unsealed","length_km":23.396,"road_no":"C969"},"geometry":{"type":"LineString","coordinates":[[34.30361,2.60859],[34.30271,2.60793],[34.30181,2.60321],[34.29772,2.59532],[34.29611,2.58378],[34.29013,2.57369],[34.28119,2.56337],[34.27811,2.56112],[34.27366,2.56001],[34.26953,2.56016],[34.26716,2.55888],[34.2655,2.55501],[34.26028,2.55029],[34.25651,2.54502],[34.25338,2.53859],[34.24775,2.53229],[34.23621,2.52244],[34.23195,2.52043],[34.22577,2.51857],[34.21989,2.51541],[34.21454,2.51056],[34.19283,2.49602],[34.17712,2.49649],[34.15388,2.49633],[34.14499,2.49577]]}},{"type":"Feature","properties":{"name":"Matany - Lokopo - Turtuko","functional_class":"Class C National Road","surface_type":"Unsealed","length_km":29.827,"road_no":"C968"},"geometry":{"type":"LineString","coordinates":[[34.40451,2.40778],[34.40198,2.41],[34.39715,2.41171],[34.3905,2.41178],[34.38511,2.41296],[34.37989,2.41233],[34.37551,2.41106],[34.37048,2.41198],[34.3699,2.4131],[34.36998,2.41498],[34.37252,2.41754],[34.37435,2.42135],[34.37004,2.42679],[34.36856,2.43348],[34.35936,2.43704],[34.35517,2.43791],[34.35261,2.43792],[34.34331,2.44172],[34.34072,2.44242],[34.33608,2.44272],[34.33385,2.44376],[34.33155,2.44768],[34.33109,2.45006],[34.32922,2.45321],[34.32717,2.46302],[34.32784,2.468],[34.32669,2.47423],[34.32416,2.47864],[34.30707,2.48175],[34.29469,2.4832],[34.28738,2.48261],[34.27442,2.48261],[34.24931,2.48156],[34.24255,2.48225],[34.23219,2.48414],[34.2252,2.4875],[34.22274,2.4897],[34.21132,2.49128],[34.19287,2.49603]]}},{"type":"Feature","properties":{"name":"Kokeris - Lopei","functional_class":"Class C National Road","surface_type":"Unsealed","length_km":17.517,"road_no":"C967"},"geometry":{"type":"LineString","coordinates":[[34.40692,2.40426],[34.40461,2.4076],[34.4041,2.40918],[34.40342,2.41987],[34.40368,2.42861],[34.40265,2.43038],[34.39614,2.43574],[34.3945,2.44043],[34.39144,2.45463],[34.39102,2.46187],[34.39163,2.47123],[34.38953,2.47538],[34.38248,2.48074],[34.38116,2.48444],[34.38166,2.48885],[34.37965,2.49203],[34.37819,2.49564],[34.37664,2.49711],[34.37484,2.50003],[34.37192,2.50268],[34.36743,2.51232],[34.36484,2.51611],[34.36271,2.52215],[34.36071,2.53098],[34.35904,2.54423],[34.3596,2.55043]]}},{"type":"Feature","properties":{"name":"Turtuko - Apeitolim","functional_class":"Class C National Road","surface_type":"Unsealed","length_km":37.196,"road_no":"C966"},"geometry":{"type":"LineString","coordinates":[[33.87645,2.33147],[33.89701,2.34996],[33.90079,2.35267],[33.91748,2.36165],[33.9369,2.3681],[33.95832,2.37199],[33.96674,2.3742],[33.98533,2.37747],[33.9987,2.38273],[34.01508,2.39107],[34.02419,2.3881],[34.0279,2.38739],[34.04775,2.38839],[34.07063,2.40012],[34.08431,2.41045],[34.1002,2.4259],[34.11114,2.44186],[34.11738,2.44927],[34.13735,2.45921],[34.14497,2.49577]]}},{"type":"Feature","properties":{"name":"Apeitolim - Iriri","functional_class":"Class C National Road","surface_type":"Unsealed","length_km":46.325,"road_no":"C965"},"geometry":{"type":"LineString","coordinates":[[34.2354,2.16321],[34.23191,2.16625],[34.22047,2.17037],[34.20567,2.15864],[34.19212,2.15069],[34.18439,2.14683],[34.17934,2.14192],[34.1695,2.1457],[34.16234,2.14934],[34.1616,2.15042],[34.15726,2.15359],[34.09666,2.19198],[34.09057,2.19645],[34.08585,2.19884],[33.87645,2.33147]]}},{"type":"Feature","properties":{"name":"Magoro-Lorachat","functional_class":"Class C National Road","surface_type":"Unsealed","length_km":19.944,"road_no":"C964"},"geometry":{"type":"LineString","coordinates":[[34.10191,1.73028],[34.10277,1.7295],[34.10642,1.72931],[34.10837,1.73197],[34.11045,1.731],[34.11327,1.731],[34.11574,1.73142],[34.12048,1.73344],[34.12438,1.73405],[34.133,1.73323],[34.13952,1.7303],[34.14698,1.72921],[34.15689,1.72697],[34.17166,1.72272],[34.17815,1.7221],[34.19174,1.71611],[34.20041,1.71627],[34.21122,1.71921],[34.231,1.72295],[34.22436,1.70968],[34.22043,1.70366],[34.21804,1.69839],[34.21339,1.692],[34.21011,1.68633]]}},{"type":"Feature","properties":{"name":"Toroma-Magoro","functional_class":"Class C National Road","surface_type":"Unsealed","length_km":17.517,"road_no":"C964"},"geometry":{"type":"LineString","coordinates":[[33.95576,1.75322],[33.96834,1.75604],[33.98121,1.75652],[33.98398,1.75636],[34.00169,1.75271],[34.02985,1.75213],[34.05253,1.75738],[34.07973,1.75016],[34.10191,1.73028]]}},{"type":"Feature","properties":{"name":"Soroti-Toroma","functional_class":"Class C National Road","surface_type":"Unsealed","length_km":37.213,"road_no":"C964"},"geometry":{"type":"LineString","coordinates":[[33.65137,1.7152],[33.65145,1.71591],[33.65364,1.71595],[33.65676,1.71518],[33.66583,1.71513],[33.70757,1.71226],[33.73298,1.71133],[33.73273,1.71652],[33.73699,1.72013],[33.74901,1.72536],[33.7586,1.73037],[33.76083,1.73078],[33.77214,1.73546],[33.77522,1.73606],[33.77786,1.73473],[33.78049,1.7321],[33.78167,1.73048],[33.78256,1.72785],[33.78612,1.72373],[33.79008,1.72113],[33.79822,1.72163],[33.80264,1.72118],[33.81215,1.72129],[33.82618,1.71766],[33.87313,1.71515],[33.95576,1.75322]]}},{"type":"Feature","properties":{"name":"Amudat-Alakasi-Kalita","functional_class":"Class C National Road","surface_type":"Unsealed","length_km":56.73,"road_no":"C963"},"geometry":{"type":"LineString","coordinates":[[34.94455,1.95503],[34.94699,1.94636],[34.94714,1.94166],[34.94876,1.9355],[34.95279,1.93136],[34.95595,1.92986],[34.96866,1.90838],[34.96865,1.90391],[34.96802,1.90122],[34.96091,1.89595],[34.9531,1.89229],[34.95276,1.89142],[34.95306,1.88733],[34.9623,1.87577],[34.96914,1.87206],[34.98528,1.85793],[34.98704,1.85747],[34.99455,1.85905],[34.99679,1.85828],[35.00122,1.85172],[35.00135,1.84754],[35.00198,1.8448],[35.00123,1.84261],[34.99868,1.83925],[34.99785,1.83707],[34.9992,1.8329],[34.99947,1.82801],[34.99871,1.82586],[34.99095,1.82337],[34.98837,1.82357],[34.98707,1.82297],[34.98382,1.81978],[34.98021,1.8187],[34.97759,1.81729],[34.97288,1.81301],[34.96996,1.81301],[34.96832,1.81364],[34.96442,1.81697],[34.96144,1.81806],[34.95877,1.81817],[34.95627,1.82068],[34.95472,1.82154],[34.95146,1.82244],[34.94775,1.82278],[34.94886,1.81851],[34.95044,1.81553],[34.95175,1.80199],[34.95431,1.79372],[34.95285,1.78722],[34.9532,1.78569],[34.95216,1.77707],[34.95266,1.77465],[34.9517,1.77141],[34.95201,1.7685],[34.95145,1.76595],[34.94823,1.75846],[34.9472,1.7524],[34.94716,1.74791],[34.94637,1.74528],[34.94571,1.73959],[34.94586,1.72297],[34.94528,1.71895],[34.94584,1.71735],[34.94496,1.71405],[34.94366,1.71198],[34.94379,1.71109],[34.94629,1.70983],[34.94765,1.70842],[34.94793,1.70744],[34.94701,1.70549],[34.94695,1.70339],[34.94328,1.69997],[34.94017,1.69457],[34.94032,1.69235],[34.94242,1.68787],[34.94272,1.68341],[34.94349,1.68065],[34.94308,1.67519],[34.94211,1.67392],[34.93944,1.6613],[34.93859,1.65575],[34.93899,1.65274],[34.93756,1.64826],[34.9361,1.64611],[34.93371,1.64503],[34.92921,1.64368],[34.92709,1.64392],[34.925,1.64211],[34.91957,1.64229],[34.91228,1.63949],[34.91097,1.63694],[34.91164,1.63327],[34.91099,1.63237],[34.90937,1.63157],[34.90857,1.63028],[34.90568,1.62155],[34.90608,1.6162],[34.9067,1.61431],[34.90737,1.61373],[34.90733,1.61263],[34.90853,1.6111],[34.90975,1.61069],[34.91047,1.60952],[34.90939,1.60069],[34.91045,1.59689],[34.90998,1.5926],[34.91033,1.59083],[34.90974,1.58883],[34.91304,1.58077],[34.9127,1.57928],[34.91336,1.57473],[34.91283,1.57187]]}},{"type":"Feature","properties":{"name":"Lokitanyara-Loro-Amudat","functional_class":"Class C National Road","surface_type":"Unsealed","length_km":62.855,"road_no":"C963"},"geometry":{"type":"LineString","coordinates":[[34.8171,2.38097],[34.82072,2.37944],[34.82405,2.37879],[34.83778,2.37817],[34.83856,2.37899],[34.83851,2.38027],[34.83935,2.38083],[34.84865,2.38454],[34.85197,2.38694],[34.86045,2.38993],[34.86536,2.38837],[34.88178,2.37883],[34.88515,2.37795],[34.88852,2.37799],[34.89381,2.37603],[34.90023,2.37466],[34.90339,2.37131],[34.91336,2.36865],[34.91581,2.36734],[34.91543,2.36369],[34.91653,2.36196],[34.91718,2.35834],[34.91572,2.35589],[34.9132,2.34952],[34.91074,2.34722],[34.90937,2.34511],[34.90806,2.34038],[34.90687,2.33802],[34.91059,2.33133],[34.91506,2.32833],[34.91586,2.32554],[34.91433,2.31458],[34.91298,2.31151],[34.91147,2.31008],[34.91211,2.30788],[34.91085,2.3013],[34.91133,2.29749],[34.9128,2.29502],[34.91312,2.28709],[34.91509,2.28462],[34.91367,2.28071],[34.91432,2.27912],[34.91639,2.27675],[34.91658,2.27351],[34.91533,2.26894],[34.91112,2.26205],[34.91046,2.25529],[34.90917,2.25068],[34.90649,2.2457],[34.90302,2.24158],[34.90197,2.23699],[34.8977,2.22534],[34.89579,2.21348],[34.89936,2.2003],[34.90241,2.19424],[34.90773,2.1861],[34.90883,2.18325],[34.90966,2.17596],[34.9157,2.16234],[34.91548,2.16044],[34.91636,2.15831],[34.91669,2.15209],[34.91781,2.14887],[34.91555,2.14749],[34.91052,2.14779],[34.90583,2.14533],[34.90426,2.14236],[34.90004,2.13078],[34.89733,2.12614],[34.89488,2.11979],[34.88843,2.11185],[34.88742,2.1093],[34.88868,2.10691],[34.892,2.10403],[34.89503,2.09937],[34.89926,2.09606],[34.90162,2.09056],[34.9023,2.08324],[34.90518,2.07579],[34.91209,2.07277],[34.91302,2.07168],[34.91238,2.06515],[34.91291,2.05978],[34.91252,2.04825],[34.91399,2.03735],[34.91314,2.03379],[34.91333,2.02595],[34.91457,2.0218],[34.91986,2.01163],[34.92126,2.00985],[34.92274,2.00529],[34.92384,1.99784],[34.92585,1.99424],[34.92709,1.9879],[34.92903,1.98384],[34.93042,1.98238],[34.9348,1.98222],[34.93639,1.98139],[34.94011,1.97523],[34.94331,1.96532],[34.94213,1.96071],[34.94338,1.95869],[34.94455,1.95503]]}},{"type":"Feature","properties":{"name":"Moroto-Lokitanyara","functional_class":"Class C National Road","surface_type":"Bituminous","length_km":28.078,"road_no":"C963"},"geometry":{"type":"LineString","coordinates":[[34.6577,2.533],[34.65506,2.52043],[34.657,2.51728],[34.65672,2.51532],[34.65761,2.51301],[34.65847,2.5023],[34.6615,2.49682],[34.66455,2.495],[34.66696,2.49506],[34.66916,2.49072],[34.67527,2.48412],[34.68032,2.47984],[34.68139,2.47738],[34.68567,2.47324],[34.6906,2.46624],[34.6898,2.46147],[34.68992,2.45112],[34.69067,2.44866],[34.69161,2.44751],[34.69521,2.44603],[34.69987,2.44683],[34.70421,2.44636],[34.70849,2.44374],[34.71539,2.44166],[34.71942,2.43881],[34.72489,2.4321],[34.72786,2.42674],[34.73062,2.42298],[34.7354,2.4183],[34.73692,2.41599],[34.74074,2.41265],[34.74325,2.40475],[34.74701,2.40067],[34.75372,2.39811],[34.75554,2.39603],[34.75703,2.39229],[34.75776,2.39157],[34.76223,2.39021],[34.76731,2.38968],[34.77616,2.39087],[34.78201,2.39058],[34.78813,2.38868],[34.79223,2.38803],[34.79756,2.38434],[34.80071,2.38374],[34.81074,2.38326],[34.8171,2.38097]]}},{"type":"Feature","properties":{"name":"Chosan to Amudat","functional_class":"Class C National Road","surface_type":"Unsealed","length_km":30.731,"road_no":"C961"},"geometry":{"type":"LineString","coordinates":[[34.72802,1.89814],[34.73456,1.8958],[34.7395,1.89482],[34.74232,1.89221],[34.74527,1.8914],[34.7516,1.88785],[34.75362,1.88749],[34.7564,1.88794],[34.75762,1.89009],[34.75846,1.90247],[34.76159,1.90563],[34.76301,1.90854],[34.76833,1.91583],[34.77123,1.91857],[34.7746,1.92069],[34.77743,1.92673],[34.78357,1.9348],[34.78526,1.93586],[34.79216,1.93581],[34.79561,1.93676],[34.79966,1.93997],[34.80284,1.94438],[34.80846,1.94644],[34.81663,1.94712],[34.82136,1.94569],[34.82495,1.94542],[34.82819,1.94243],[34.83121,1.9407],[34.83283,1.93827],[34.83362,1.93783],[34.84996,1.94065],[34.86125,1.93754],[34.868,1.93796],[34.87382,1.93972],[34.87823,1.94231],[34.88527,1.94845],[34.89874,1.95751],[34.90039,1.9581],[34.90278,1.95815],[34.90469,1.95793],[34.90591,1.95706],[34.90803,1.95289],[34.91458,1.94559],[34.91904,1.94127],[34.92101,1.94075],[34.92774,1.942],[34.9309,1.94316],[34.94153,1.95221],[34.94474,1.95421]]}},{"type":"Feature","properties":{"name":"Angatun-Nabilatuk-Lokapel","functional_class":"Class C National Road","surface_type":"Unsealed","length_km":46.817,"road_no":"C960"},"geometry":{"type":"LineString","coordinates":[[34.58186,1.84332],[34.58255,1.84975],[34.58426,1.85515],[34.58466,1.86102],[34.58412,1.86209],[34.58424,1.86703],[34.58274,1.86957],[34.57629,1.87556],[34.57155,1.87916],[34.56723,1.8874],[34.56325,1.90032],[34.56316,1.90973],[34.56252,1.91629],[34.56288,1.9178],[34.56191,1.91961],[34.56184,1.92534],[34.56023,1.93121],[34.55849,1.94226],[34.55838,1.95004],[34.55968,1.96084],[34.55883,1.97112],[34.56088,1.98534],[34.56361,1.99634],[34.56556,2.00878],[34.56666,2.01075],[34.57227,2.01652],[34.57328,2.0196],[34.57288,2.02383],[34.56928,2.03238],[34.56842,2.0356],[34.57227,2.04707],[34.57215,2.04988],[34.57444,2.05485],[34.57696,2.05882],[34.57824,2.0624],[34.58057,2.06494],[34.59102,2.07367],[34.59492,2.07503],[34.60391,2.07631],[34.61128,2.08183],[34.61733,2.08757],[34.62113,2.08909],[34.6234,2.08946],[34.63386,2.08546],[34.63752,2.08461],[34.64044,2.08302],[34.64266,2.08099],[34.64894,2.08138],[34.65004,2.08058],[34.65211,2.07756],[34.65434,2.07635],[34.65698,2.07669],[34.66056,2.0785],[34.66624,2.08795],[34.66756,2.08922],[34.66973,2.09027],[34.67221,2.09636],[34.67339,2.09778],[34.67747,2.10058],[34.68186,2.10072],[34.68442,2.10165],[34.68634,2.10404],[34.68831,2.11503],[34.68978,2.11752],[34.69055,2.12084],[34.69248,2.12458],[34.69262,2.1274],[34.69194,2.13185],[34.69251,2.13544],[34.69188,2.13741],[34.69152,2.14261],[34.69204,2.14653],[34.69301,2.14919]]}},{"type":"Feature","properties":{"name":"Araapo - Mulondo","functional_class":"Class C National Road","surface_type":"Unsealed","length_km":8.598,"road_no":"C946"},"geometry":{"type":"LineString","coordinates":[[33.2284,1.42658],[33.22347,1.42835],[33.2095,1.42768],[33.20494,1.42689],[33.18393,1.41588],[33.17605,1.4133],[33.16191,1.41127],[33.15515,1.41211]]}},{"type":"Feature","properties":{"name":"Kaberamaido - Dokolo","functional_class":"Class C National Road","surface_type":"Unsealed","length_km":16.332,"road_no":"C944"},"geometry":{"type":"LineString","coordinates":[[33.17141,1.9163],[33.17302,1.90934],[33.1743,1.89393],[33.17467,1.87824],[33.17332,1.87487],[33.17285,1.8713],[33.16286,1.76983]]}},{"type":"Feature","properties":{"name":"Lwala - Kaberamaido","functional_class":"Class C National Road","surface_type":"Unsealed","length_km":18.353,"road_no":"C943"},"geometry":{"type":"LineString","coordinates":[[33.27434,1.8718],[33.2747,1.87062],[33.27442,1.86986],[33.27013,1.86361],[33.22948,1.84134],[33.21253,1.82169],[33.18032,1.7995],[33.16101,1.76667],[33.15857,1.76374],[33.15793,1.76154]]}},{"type":"Feature","properties":{"name":"Kalaki - Lwala","functional_class":"Class C National Road","surface_type":"Unsealed","length_km":9.63,"road_no":"C942"},"geometry":{"type":"LineString","coordinates":[[33.26969,1.8633],[33.27053,1.86088],[33.27176,1.85937],[33.29414,1.84539],[33.30871,1.83766],[33.31398,1.83399],[33.32617,1.82341],[33.3378,1.81164]]}},{"type":"Feature","properties":{"name":"Amuria (Kuju) - Obalang","functional_class":"Class C National Road","surface_type":"Unsealed","length_km":33.058,"road_no":"C941"},"geometry":{"type":"LineString","coordinates":[[33.60119,2.04665],[33.59516,2.0741],[33.59985,2.10206],[33.59876,2.11775],[33.59987,2.13912],[33.60943,2.16757],[33.6092,2.17827],[33.57956,2.21959],[33.56538,2.23835],[33.56481,2.27507],[33.58077,2.33242]]}},{"type":"Feature","properties":{"name":"Kapelebyong-Oreta","functional_class":"Class C National Road","surface_type":"Unsealed","length_km":18.98,"road_no":"C940"},"geometry":{"type":"LineString","coordinates":[[33.81705,2.34871],[33.82307,2.35888],[33.83091,2.36502],[33.8395,2.37556],[33.84146,2.38154],[33.84903,2.39869],[33.85563,2.41205],[33.85854,2.4164],[33.86763,2.4357],[33.87365,2.44401],[33.88252,2.46253],[33.89397,2.47789],[33.89967,2.48329],[33.90108,2.48621],[33.90327,2.49336]]}},{"type":"Feature","properties":{"name":"Amuria-Amucu-Kapelebyong","functional_class":"Class C National Road","surface_type":"Unsealed","length_km":35.817,"road_no":"C940"},"geometry":{"type":"LineString","coordinates":[[33.68947,2.0546],[33.69241,2.06469],[33.69767,2.07704],[33.71677,2.12942],[33.72784,2.16285],[33.73369,2.18541],[33.73914,2.19824],[33.77551,2.27686],[33.79069,2.29695],[33.80303,2.31452],[33.81705,2.34871]]}},{"type":"Feature","properties":{"name":"Amuria-Acowa-Usuk","functional_class":"Class C National Road","surface_type":"Unsealed","length_km":39.05,"road_no":"C939"},"geometry":{"type":"LineString","coordinates":[[33.64277,2.02991],[33.64544,2.0297],[33.65057,2.03179],[33.65614,2.03716],[33.6815,2.04999],[33.69065,2.05514],[33.70113,2.05355],[33.72603,2.0562],[33.75123,2.05683],[33.76933,2.06492],[33.78753,2.06986],[33.80827,2.07328],[33.81906,2.0714],[33.82695,2.06842],[33.83872,2.06038],[33.85728,2.04607],[33.87735,2.03905],[33.88617,2.03918],[33.89208,2.03733],[33.89539,2.03461],[33.89932,2.03019],[33.90895,2.02398],[33.91783,2.0226],[33.93048,2.01962],[33.94547,2.02068],[33.96198,2.01481],[33.96501,2.01237]]}},{"type":"Feature","properties":{"name":"Arapai-Amuria","functional_class":"Class C National Road","surface_type":"Unsealed","length_km":27.813,"road_no":"C939"},"geometry":{"type":"LineString","coordinates":[[33.61965,1.78123],[33.62743,1.87455],[33.63277,1.92531],[33.64277,2.02991]]}},{"type":"Feature","properties":{"name":"Katakwi - Toroma","functional_class":"Class C National Road","surface_type":"Unsealed","length_km":18.849,"road_no":"C938"},"geometry":{"type":"LineString","coordinates":[[33.96324,1.91878],[33.96187,1.90762],[33.96015,1.90017],[33.95949,1.89298],[33.95484,1.86915],[33.94348,1.82859],[33.94217,1.81924],[33.94339,1.80825],[33.95649,1.75355]]}},{"type":"Feature","properties":{"name":"Usuk - Katakwi","functional_class":"Class C National Road","surface_type":"Unsealed","length_km":10.522,"road_no":"C938"},"geometry":{"type":"LineString","coordinates":[[33.96501,2.01237],[33.96428,2.01043],[33.96815,1.96188],[33.96823,1.94473],[33.96451,1.92742],[33.96324,1.91878]]}},{"type":"Feature","properties":{"name":"Ngariam-Magoro","functional_class":"Class C National Road","surface_type":"Unsealed","length_km":27.376,"road_no":"C937"},"geometry":{"type":"LineString","coordinates":[[34.09702,1.95569],[34.1016,1.95361],[34.12715,1.92281],[34.13552,1.89674],[34.13857,1.88431],[34.13801,1.87689],[34.12429,1.79188],[34.12249,1.77649],[34.11985,1.76737],[34.11078,1.74508],[34.1028,1.7295]]}},{"type":"Feature","properties":{"name":"Bugondo - Butiku - Kadungulu","functional_class":"Class C National Road","surface_type":"Unsealed","length_km":13.821,"road_no":"C935"},"geometry":{"type":"LineString","coordinates":[[33.2172,1.52399],[33.22425,1.53962],[33.2276,1.54951],[33.23476,1.56629],[33.24086,1.5896],[33.24739,1.60142],[33.25042,1.60498],[33.25634,1.60621],[33.27169,1.61205],[33.28212,1.61964],[33.28598,1.6191]]}},{"type":"Feature","properties":{"name":"Kadungulu - Kagwara","functional_class":"Class C National Road","surface_type":"Unsealed","length_km":14.378,"road_no":"C934"},"geometry":{"type":"LineString","coordinates":[[33.21729,1.52404],[33.20911,1.5207],[33.19566,1.5183],[33.17578,1.50931],[33.14642,1.49513],[33.14,1.49452],[33.12418,1.4957],[33.0912,1.49594]]}},{"type":"Feature","properties":{"name":"Serere - Kasilo - Kadungulu","functional_class":"Class C National Road","surface_type":"Unsealed","length_km":22.807,"road_no":"C934"},"geometry":{"type":"LineString","coordinates":[[33.42447,1.53226],[33.41608,1.53081],[33.39474,1.53151],[33.38704,1.53063],[33.38003,1.52873],[33.37399,1.52781],[33.34966,1.5297],[33.33253,1.53278],[33.31798,1.53071],[33.30611,1.52994],[33.28889,1.52568],[33.28156,1.52444],[33.27348,1.52528],[33.26647,1.52402],[33.25741,1.52369],[33.24752,1.52496],[33.22992,1.52584],[33.22556,1.52661],[33.22316,1.52624],[33.21729,1.52404]]}},{"type":"Feature","properties":{"name":"Pingire-Mugarama","functional_class":"Class C National Road","surface_type":"Unsealed","length_km":5.031,"road_no":"C932"},"geometry":{"type":"LineString","coordinates":[[33.22847,1.42664],[33.22733,1.42515],[33.22476,1.41724],[33.22414,1.41388],[33.22455,1.40254],[33.22386,1.39787],[33.21904,1.38721],[33.21585,1.38329]]}},{"type":"Feature","properties":{"name":"Serere-Pingire","functional_class":"Class C National Road","surface_type":"Unsealed","length_km":30.436,"road_no":"C932"},"geometry":{"type":"LineString","coordinates":[[33.45815,1.51801],[33.45589,1.51634],[33.41837,1.47736],[33.40946,1.47018],[33.39907,1.46002],[33.38849,1.44733],[33.37475,1.43938],[33.37011,1.4372],[33.35926,1.44115],[33.34974,1.45113],[33.33738,1.45915],[33.30563,1.46093],[33.29794,1.46094],[33.28568,1.46001],[33.27732,1.45871],[33.26589,1.45503],[33.24957,1.44207],[33.23669,1.43554],[33.23491,1.43364],[33.2335,1.4311],[33.22847,1.42664]]}},{"type":"Feature","properties":{"name":"Serere - Kateta - Kyere","functional_class":"Class C National Road","surface_type":"Unsealed","length_km":26.463,"road_no":"C931"},"geometry":{"type":"LineString","coordinates":[[33.45908,1.51819],[33.46028,1.51387],[33.47548,1.4881],[33.48645,1.47359],[33.49536,1.45273],[33.5086,1.42429],[33.523,1.40787],[33.52475,1.40797],[33.52988,1.41065],[33.5432,1.41548],[33.55625,1.41715],[33.55906,1.42066],[33.56495,1.42644],[33.57466,1.44071],[33.59111,1.47018],[33.60396,1.48083]]}},{"type":"Feature","properties":{"name":"Ngora - Mukongoro","functional_class":"Class C National Road","surface_type":"Unsealed","length_km":23.068,"road_no":"C930"},"geometry":{"type":"LineString","coordinates":[[33.77863,1.45861],[33.7776,1.45435],[33.7776,1.44998],[33.77397,1.44218],[33.77273,1.43054],[33.77758,1.41778],[33.78541,1.39324],[33.78628,1.38804],[33.78964,1.37602],[33.79056,1.36895],[33.79047,1.36443],[33.79487,1.35699],[33.79929,1.34735],[33.81218,1.34214],[33.83975,1.34533],[33.84621,1.34523],[33.85581,1.34364],[33.86325,1.34149],[33.86651,1.33831],[33.87423,1.33446],[33.88107,1.3291],[33.88324,1.32867],[33.88843,1.32607]]}},{"type":"Feature","properties":{"name":"Orungo Corner - Adachal - Usuku","functional_class":"Class C National Road","surface_type":"Unsealed","length_km":22.155,"road_no":"C945"},"geometry":{"type":"LineString","coordinates":[[34.08513,1.99189],[34.07781,2.01711],[34.0733,2.02715],[34.0559,2.06318],[34.04794,2.07548],[34.04655,2.07632],[34.04315,2.07671],[34.04221,2.07628],[33.96501,2.01237]]}},{"type":"Feature","properties":{"name":"Kapir - Ngora","functional_class":"Class C National Road","surface_type":"Unsealed","length_km":19.678,"road_no":"C930"},"geometry":{"type":"LineString","coordinates":[[33.79986,1.63646],[33.79868,1.63599],[33.79368,1.62639],[33.78937,1.60814],[33.78968,1.59904],[33.78723,1.57676],[33.78021,1.53721],[33.77768,1.51989],[33.7763,1.50669],[33.77645,1.50002],[33.77486,1.47285],[33.77863,1.45861]]}},{"type":"Feature","properties":{"name":"Ongino - Akide","functional_class":"Class C National Road","surface_type":"Unsealed","length_km":20.15,"road_no":"C929"},"geometry":{"type":"LineString","coordinates":[[33.93764,1.48981],[33.9413,1.49277],[33.94284,1.49532],[33.94795,1.49704],[33.96116,1.51183],[33.9783,1.51829],[33.98473,1.52447],[33.99095,1.53319],[33.99593,1.54578],[34.01062,1.55961],[34.03519,1.60481],[34.04923,1.62217],[34.05105,1.6298]]}},{"type":"Feature","properties":{"name":"Kumi - Ongino","functional_class":"Class C National Road","surface_type":"Unsealed","length_km":0.115,"road_no":"C929"},"geometry":{"type":"LineString","coordinates":[[33.93683,1.48913],[33.93764,1.48981]]}},{"type":"Feature","properties":{"name":"Kumi railway access","functional_class":"Class C National Road","surface_type":"Unsealed","length_km":0.46,"road_no":"C928"},"geometry":{"type":"LineString","coordinates":[[33.94213,1.4878],[33.9441,1.49147]]}},{"type":"Feature","properties":{"name":"Kidongole - Mukongoro","functional_class":"Class C National Road","surface_type":"Unsealed","length_km":13.244,"road_no":"C926"},"geometry":{"type":"LineString","coordinates":[[33.97653,1.25792],[33.9651,1.26103],[33.95706,1.26213],[33.94908,1.26457],[33.9182,1.27931],[33.91627,1.28348],[33.91422,1.28621],[33.91307,1.29156],[33.91056,1.29507],[33.90579,1.30739],[33.90436,1.31661],[33.89865,1.32205],[33.89644,1.32237],[33.89145,1.32537],[33.88842,1.32604]]}},{"type":"Feature","properties":{"name":"Soroti - Serere","functional_class":"Class C National Road","surface_type":"Unsealed","length_km":27.443,"road_no":"C925"},"geometry":{"type":"LineString","coordinates":[[33.61319,1.70681],[33.59533,1.69067],[33.58023,1.6694],[33.57595,1.65757],[33.56787,1.65383],[33.54754,1.63181],[33.51896,1.60473],[33.5054,1.58837],[33.48435,1.5599],[33.47492,1.54895],[33.46517,1.53638],[33.46282,1.53214],[33.45913,1.5182]]}},{"type":"Feature","properties":{"name":"Katine to Ochero","functional_class":"Class C National Road","surface_type":"Unsealed","length_km":69.936,"road_no":"C924"},"geometry":{"type":"LineString","coordinates":[[33.49162,1.84587],[33.47929,1.84147],[33.46722,1.83591],[33.45853,1.83349],[33.44341,1.83058],[33.41343,1.84052],[33.38823,1.84824],[33.35898,1.83688],[33.34335,1.83245],[33.33814,1.82597],[33.33898,1.81954],[33.33867,1.81539],[33.33102,1.78508],[33.32683,1.76626],[33.31934,1.75566],[33.31653,1.74999],[33.31479,1.74317],[33.31315,1.74052],[33.30705,1.73572],[33.3028,1.73145],[33.29788,1.72602],[33.29355,1.72003],[33.28935,1.71933],[33.28379,1.71947],[33.27756,1.72097],[33.27637,1.7204],[33.27542,1.71897],[33.27266,1.71963],[33.26247,1.73108],[33.2508,1.73601],[33.18506,1.75283],[33.16663,1.75816],[33.158,1.76159],[33.1561,1.75054],[33.1601,1.72783],[33.13843,1.723],[33.11088,1.71565],[33.07445,1.68613],[33.06104,1.68386],[33.03926,1.681],[33.01374,1.67948]]}},{"type":"Feature","properties":{"name":"Arapai - Railway Station","functional_class":"Class C National Road","surface_type":"Bituminous","length_km":1.93,"road_no":"C923"},"geometry":{"type":"LineString","coordinates":[[33.62877,1.77999],[33.63265,1.78122],[33.64038,1.78684],[33.64376,1.7876]]}},{"type":"Feature","properties":{"name":"Koputh Junction-Orom","functional_class":"Class C National Road","surface_type":"Unsealed","length_km":60,"road_no":"C981"},"geometry":{"type":"MultiLineString","coordinates":[[[34.06965,3.37404],[34.06638,3.37604],[34.06268,3.38003],[34.05933,3.38243],[34.05742,3.38481],[34.05179,3.38856],[34.03991,3.39326],[34.03424,3.39621],[34.0314,3.39882],[34.02478,3.40289],[34.01321,3.40735],[34.00743,3.4068],[34.00546,3.40002],[34.00304,3.39757],[33.99719,3.39436],[33.99551,3.39396],[33.99206,3.39599],[33.9905,3.39617],[33.98881,3.39376],[33.98523,3.39195],[33.98221,3.39457],[33.98089,3.39511],[33.97592,3.39517]],[[33.97592,3.39517],[33.97479,3.39497],[33.97363,3.39546],[33.97191,3.3966],[33.97109,3.39812],[33.96998,3.39888],[33.96477,3.40054],[33.96025,3.40112],[33.95722,3.40025],[33.9554,3.39818],[33.95266,3.39624],[33.95042,3.39336],[33.94849,3.39347],[33.94502,3.39494],[33.93856,3.39614],[33.9365,3.39957],[33.93202,3.40323],[33.9274,3.40506],[33.92462,3.40201],[33.91914,3.40071],[33.91199,3.39589],[33.90664,3.39455],[33.89737,3.38782],[33.89338,3.3872],[33.88434,3.38376],[33.88269,3.38372],[33.86988,3.38705],[33.86211,3.38777],[33.85729,3.38666],[33.85191,3.38647],[33.84717,3.38561],[33.84471,3.38431],[33.83934,3.38332],[33.82607,3.38303],[33.8198,3.38429],[33.8139,3.38335],[33.80584,3.38311],[33.80338,3.38134],[33.7986,3.38062],[33.79161,3.37742],[33.78623,3.37603],[33.78253,3.37319],[33.778,3.37135],[33.77417,3.37111],[33.77064,3.36934],[33.75797,3.3663],[33.74782,3.3627],[33.71527,3.35485],[33.69527,3.35164],[33.6882,3.3493],[33.68157,3.3487],[33.66131,3.34125],[33.65414,3.33991],[33.65005,3.33968],[33.63809,3.33708],[33.61023,3.32872],[33.58688,3.32279],[33.57373,3.32227],[33.56999,3.32006],[33.56123,3.31622],[33.55323,3.31174],[33.53522,3.31575],[33.52971,3.31638],[33.524,3.31638],[33.51285,3.32021],[33.51141,3.32138],[33.50447,3.33168],[33.48854,3.35326],[33.48284,3.37155],[33.47711,3.37922],[33.47491,3.38304],[33.47186,3.39458],[33.46951,3.39951]]]}},{"type":"Feature","properties":{"name":"Kapelimoru-Loyoro - Apaan","functional_class":"Class C National Road","surface_type":"Unsealed","length_km":50,"road_no":"C992"},"geometry":{"type":"MultiLineString","coordinates":[[[34.22723,3.02012],[34.23003,3.02193],[34.23505,3.02239],[34.24024,3.02532],[34.24157,3.03005],[34.23978,3.03408],[34.24151,3.0363],[34.24329,3.03996],[34.24247,3.04528],[34.24271,3.04688],[34.24396,3.04906],[34.24721,3.05189],[34.25092,3.05844],[34.25391,3.06556],[34.25696,3.06854],[34.25784,3.07468],[34.26079,3.07633],[34.26144,3.07936],[34.26405,3.08127],[34.26524,3.08407],[34.26847,3.08554],[34.27535,3.08711],[34.27678,3.08836],[34.27747,3.09961],[34.27657,3.10285],[34.27645,3.10996],[34.27695,3.11179],[34.28211,3.11992],[34.28196,3.12327],[34.28415,3.13252],[34.28407,3.13787],[34.28281,3.14318],[34.28327,3.14722],[34.28294,3.15044],[34.28391,3.154],[34.28375,3.16534],[34.28339,3.17315],[34.28247,3.17697],[34.28215,3.18502],[34.28072,3.18997],[34.27523,3.19677],[34.27549,3.20087],[34.27388,3.20753],[34.27707,3.21254],[34.2776,3.21633],[34.27932,3.22113],[34.27905,3.22393],[34.27688,3.22886],[34.27828,3.2333],[34.27855,3.23759],[34.28267,3.24615],[34.28225,3.25488],[34.28544,3.25824],[34.28586,3.25936],[34.28472,3.26761],[34.27878,3.27941],[34.2786,3.28102],[34.28141,3.29171],[34.28425,3.29418],[34.28777,3.30478],[34.29372,3.314],[34.29419,3.3161],[34.29396,3.32264],[34.29136,3.33601],[34.29074,3.33702],[34.28981,3.33728],[34.2827,3.33482],[34.27911,3.33066],[34.27254,3.33115],[34.27044,3.33034],[34.26691,3.33074],[34.26519,3.32807],[34.26302,3.326],[34.25767,3.32402]],[[34.25785,3.32408],[34.25565,3.32287],[34.25391,3.31697],[34.25263,3.3152],[34.23917,3.31805],[34.23814,3.31893],[34.23783,3.31996],[34.23816,3.3254],[34.23977,3.33232],[34.23924,3.33596],[34.23416,3.34113],[34.23071,3.34272],[34.22713,3.34258],[34.22441,3.34108],[34.22167,3.34286],[34.21729,3.34287],[34.21591,3.34232],[34.21335,3.33851],[34.20963,3.33502],[34.20226,3.33234],[34.19479,3.33221],[34.1929,3.33173],[34.18432,3.33186],[34.17569,3.33497],[34.17127,3.33599],[34.16977,3.33584],[34.16564,3.33319],[34.16437,3.32945],[34.15784,3.32563],[34.15604,3.31665],[34.15516,3.31534],[34.14887,3.31355],[34.13712,3.3133],[34.13495,3.31197],[34.13014,3.31095],[34.1281,3.31169]]]}},{"type":"Feature","properties":{"name":"Old Depoth Bridge Access","functional_class":"Class C National Road","surface_type":"Unsealed","length_km":5.23,"road_no":"C987"},"geometry":{"type":"LineString","coordinates":[[34.04812,3.00425],[34.04349,3.00348],[34.03512,3.00025],[34.02932,2.99897],[34.02403,2.99886],[34.0157,2.99976],[34.01257,2.99947]]}},{"type":"Feature","properties":{"name":"Lorachat - Magoro","functional_class":"Class C National Road","surface_type":"Unsealed","length_km":59,"road_no":"C978"},"geometry":{"type":"LineString","coordinates":[[34.55914,1.93789],[34.54265,1.93232],[34.5027,1.92036],[34.49422,1.91994],[34.47623,1.91698],[34.46671,1.91391],[34.45954,1.91092],[34.45705,1.90934],[34.45184,1.9049],[34.44838,1.90103],[34.44212,1.89671],[34.41971,1.87811],[34.4137,1.87158],[34.40975,1.86589],[34.40389,1.85914],[34.39287,1.84427],[34.39018,1.83959],[34.38587,1.82747],[34.38388,1.82388],[34.37277,1.80742],[34.35922,1.78455],[34.35334,1.77352],[34.34971,1.76867],[34.34685,1.76629],[34.33851,1.76167],[34.33446,1.75823],[34.32798,1.7518],[34.3231,1.74462],[34.31161,1.73254],[34.30618,1.7288],[34.29724,1.71934],[34.29462,1.71753],[34.28469,1.71181],[34.2782,1.70985],[34.26816,1.70579],[34.25406,1.70279],[34.24957,1.69993],[34.24367,1.6971],[34.23375,1.69391],[34.22894,1.69107],[34.22777,1.68811]]}},{"type":"Feature","properties":{"name":"Koputh Junction - Lolelia","functional_class":"Class C National Road","surface_type":"Unsealed","length_km":22,"road_no":"C988"},"geometry":{"type":"LineString","coordinates":[[34.06965,3.37404],[34.06897,3.37284],[34.06864,3.36917],[34.06872,3.36731],[34.06996,3.3648],[34.06991,3.36343],[34.06637,3.35437],[34.0637,3.34958],[34.06194,3.34765],[34.06197,3.34335],[34.06155,3.34263],[34.05817,3.34185],[34.05381,3.34207],[34.05112,3.34095],[34.04634,3.34095],[34.03897,3.33991],[34.03478,3.3402],[34.03281,3.33972],[34.03142,3.34098],[34.03051,3.34396],[34.02936,3.34466],[34.02276,3.34446],[34.02128,3.34482],[34.02,3.34381],[34.01785,3.34349],[34.01355,3.34537],[34.00887,3.34648],[34.00595,3.34653],[34.00335,3.34755],[33.99425,3.34717],[33.9919,3.34779],[33.99023,3.34766],[33.98329,3.34606],[33.98103,3.3434],[33.97717,3.34224],[33.97577,3.34259],[33.97297,3.3376],[33.97153,3.33703],[33.97013,3.33731],[33.96849,3.33948],[33.96633,3.3396],[33.96197,3.33857],[33.9588,3.33933],[33.95572,3.33646],[33.95151,3.33654],[33.94926,3.33495],[33.94498,3.33359],[33.94357,3.33175],[33.93978,3.32936],[33.93928,3.32839],[33.93393,3.32378],[33.92927,3.32328],[33.92745,3.32177],[33.92675,3.32056],[33.92647,3.31835],[33.92444,3.31558]]}},{"type":"Feature","properties":{"name":"Kaabong - Kalapata - Piire","functional_class":"Class C National Road","surface_type":"Unsealed","length_km":33.621,"road_no":"C985"},"geometry":{"type":"LineString","coordinates":[[34.11964,3.5737],[34.12118,3.5754],[34.12375,3.57654],[34.12657,3.57703],[34.12757,3.57773],[34.12797,3.58083],[34.13081,3.58661],[34.13194,3.58711],[34.13803,3.58722],[34.1407,3.59051],[34.14246,3.59969],[34.14202,3.60314],[34.14295,3.60536],[34.14917,3.6114],[34.15089,3.61536],[34.15238,3.6169],[34.15473,3.62181],[34.15946,3.62658],[34.16125,3.62921],[34.16441,3.63181],[34.16667,3.63533],[34.16826,3.63619],[34.16944,3.63856],[34.1714,3.63939],[34.1733,3.6392],[34.17692,3.6373],[34.18097,3.63869],[34.18335,3.64112],[34.18474,3.64569],[34.18318,3.65204],[34.18801,3.65943],[34.18988,3.66374],[34.19002,3.6654],[34.18913,3.66672],[34.18563,3.66708],[34.18174,3.67003],[34.18022,3.67158],[34.17838,3.67656],[34.17438,3.67802],[34.17235,3.6807],[34.1708,3.68137],[34.16723,3.68462],[34.16536,3.68847],[34.16401,3.69428],[34.16179,3.69846],[34.1573,3.70043],[34.1546,3.70082],[34.15096,3.69969],[34.14703,3.70041],[34.14527,3.69964],[34.14425,3.6967],[34.14292,3.69583],[34.13948,3.69608],[34.13447,3.69753],[34.1293,3.69644],[34.12628,3.69534],[34.12449,3.69333],[34.1231,3.69038],[34.11949,3.68912],[34.11628,3.69015],[34.11169,3.68905],[34.11006,3.69023],[34.10632,3.69151],[34.10384,3.69352],[34.10208,3.6939],[34.1007,3.69758],[34.09771,3.7013],[34.09234,3.7124],[34.09225,3.71327],[34.09356,3.71552],[34.09144,3.72124],[34.08947,3.72255],[34.08744,3.72271],[34.0841,3.7212],[34.08185,3.7192],[34.08013,3.71944],[34.07622,3.7219],[34.07439,3.72582],[34.07411,3.72746],[34.07287,3.72942],[34.06884,3.73207],[34.06622,3.7351],[34.06068,3.73909],[34.05789,3.74316],[34.05647,3.7472],[34.06058,3.75432],[34.06066,3.75613],[34.05997,3.75724],[34.05818,3.75805],[34.05531,3.76048],[34.0534,3.76486],[34.05389,3.76589],[34.0606,3.76845],[34.06258,3.77043],[34.06479,3.77135],[34.06548,3.77356],[34.06482,3.77453],[34.0628,3.7752],[34.06325,3.77591],[34.0613,3.77691],[34.05981,3.77839],[34.05733,3.77991],[34.055,3.78051],[34.05415,3.78173],[34.05394,3.78344],[34.05849,3.78475],[34.06008,3.78608],[34.05835,3.78669],[34.05935,3.78825],[34.05798,3.78924],[34.05805,3.79035],[34.06033,3.79381],[34.06038,3.79584],[34.06209,3.7977],[34.06482,3.79733],[34.06605,3.79629],[34.06871,3.79566],[34.07063,3.79447],[34.07517,3.7959],[34.0744,3.79931],[34.07351,3.79954],[34.07296,3.80184],[34.07349,3.80248],[34.07305,3.80331],[34.07849,3.80416],[34.08016,3.80657],[34.08057,3.80893],[34.0795,3.81267],[34.07762,3.81567],[34.0771,3.81984],[34.07603,3.82223],[34.07599,3.82558],[34.07447,3.82581],[34.07345,3.82747],[34.0719,3.82826],[34.0682,3.82898],[34.06611,3.82991],[34.06478,3.83125],[34.06488,3.8323],[34.06089,3.83285],[34.05974,3.83678],[34.05813,3.83731],[34.05797,3.84306],[34.05566,3.84553],[34.05391,3.84543],[34.05297,3.84592],[34.05085,3.84897],[34.05079,3.85002],[34.04857,3.84926],[34.04418,3.85204],[34.04213,3.85431],[34.04335,3.856],[34.04333,3.8568],[34.04277,3.85708]]}},{"type":"Feature","properties":{"name":"Kapedo-Karenga","functional_class":"Class C National Road","surface_type":"Unsealed","length_km":38,"road_no":"C993"},"geometry":{"type":"LineString","coordinates":[[33.94981,3.68565],[33.899,3.69811],[33.89711,3.6978],[33.8732,3.70733],[33.87245,3.70717],[33.86062,3.69625],[33.85689,3.69413],[33.84089,3.68818],[33.83577,3.68654],[33.8307,3.68601],[33.82646,3.68639],[33.82215,3.68873],[33.8165,3.6759],[33.81686,3.66185],[33.78888,3.62716],[33.70095,3.58857],[33.69707,3.57643]]}},{"type":"Feature","properties":{"name":"Karenga - Birra","functional_class":"Class C National Road","surface_type":"Unsealed","length_km":30.23,"road_no":"C986"},"geometry":{"type":"LineString","coordinates":[[33.70095,3.58857],[33.70388,3.59583],[33.7071,3.60117],[33.70741,3.603],[33.70788,3.6068],[33.70564,3.61118],[33.70475,3.61472],[33.70615,3.62388],[33.71311,3.63259],[33.7143,3.63488],[33.71566,3.64003],[33.69277,3.64556],[33.68465,3.64841],[33.68044,3.65078],[33.67645,3.65188],[33.67087,3.65751],[33.66334,3.67044],[33.66011,3.672],[33.65919,3.67351],[33.66009,3.68451],[33.65964,3.68807],[33.65883,3.69023],[33.65854,3.69532],[33.65909,3.69671],[33.6575,3.70201],[33.6561,3.71137],[33.65454,3.71595],[33.65358,3.71584],[33.6527,3.71762],[33.65103,3.71845],[33.64734,3.71819],[33.64332,3.71876],[33.64092,3.71951],[33.63956,3.7208],[33.63679,3.72157],[33.63375,3.72667],[33.63374,3.7278],[33.63625,3.73103],[33.63857,3.73682],[33.64222,3.73926],[33.6432,3.74108],[33.64471,3.74776],[33.64543,3.75627],[33.64634,3.75998],[33.64758,3.76264],[33.65004,3.76599],[33.65206,3.77163],[33.65564,3.77676],[33.6546,3.78745],[33.65688,3.79907],[33.65661,3.8031],[33.65722,3.80916],[33.65454,3.81151],[33.65092,3.81302],[33.64606,3.81264],[33.64212,3.80943],[33.6387,3.80261],[33.63797,3.80265],[33.63601,3.80504],[33.63049,3.8056],[33.62448,3.80787],[33.61743,3.8133],[33.61377,3.8171],[33.60288,3.82086],[33.59736,3.82362],[33.59127,3.8231],[33.58873,3.82462],[33.5881,3.82581]]}},{"type":"Feature","properties":{"name":"Kumi - Umateng - Agule Ferry","functional_class":"Class C National Road","surface_type":"Unsealed","length_km":15,"road_no":"C948"},"geometry":{"type":"LineString","coordinates":[[33.93759,1.48977],[33.93712,1.49075],[33.93861,1.50443],[33.93245,1.50955],[33.92927,1.51416],[33.92795,1.51783],[33.92667,1.52388],[33.91797,1.53891],[33.91645,1.54259],[33.91594,1.54494],[33.91599,1.54937],[33.91359,1.55864],[33.92252,1.623]]}},{"type":"Feature","properties":{"name":"Toroma - Kokorio","functional_class":"Class C National Road","surface_type":"Unsealed","length_km":12,"road_no":"C949"},"geometry":{"type":"LineString","coordinates":[[33.91867,1.66323],[33.91774,1.67753],[33.91802,1.67956],[33.91981,1.68394],[33.92313,1.69132],[33.93061,1.70523],[33.95525,1.749],[33.95701,1.75142],[33.95649,1.75355]]}},{"type":"Feature","properties":{"name":"Olilim - Abim","functional_class":"Class C National Road","surface_type":"Unsealed","length_km":24.9,"road_no":"C650"},"geometry":{"type":"LineString","coordinates":[[33.51852,2.45397],[33.54045,2.46641],[33.56567,2.47902],[33.57303,2.48096],[33.5854,2.48167],[33.60419,2.48053],[33.60828,2.48253],[33.61409,2.48757],[33.61483,2.4899],[33.61508,2.496],[33.61741,2.50834],[33.61852,2.52034],[33.6231,2.541],[33.63185,2.5551],[33.63779,2.56778],[33.64149,2.57346],[33.65204,2.59428],[33.6562,2.60328],[33.65886,2.61225],[33.66232,2.61651],[33.66519,2.62273],[33.6679,2.63209],[33.66174,2.644],[33.65964,2.64684],[33.65941,2.65012],[33.65544,2.66366],[33.65468,2.67027],[33.65376,2.68569],[33.65991,2.71161]]}},{"type":"Feature","properties":{"name":"Kapelimoru - Kotein","functional_class":"Class C National Road","surface_type":"Unsealed","length_km":0.057,"road_no":"C983"},"geometry":{"type":"LineString","coordinates":[[34.22259,2.97136],[34.22299,2.97165]]}},{"type":"Feature","properties":{"name":"Kotein - Kenya Border","functional_class":"Class C National Road","surface_type":"Unsealed","length_km":37.434,"road_no":"C983"},"geometry":{"type":"MultiLineString","coordinates":[[[34.27117,3.03281],[34.28438,3.03664],[34.29524,3.04156],[34.30598,3.04941],[34.31508,3.055],[34.31775,3.05789],[34.32037,3.06222],[34.32386,3.0662],[34.32841,3.06902],[34.34381,3.07343],[34.34786,3.07355],[34.35476,3.07515],[34.36836,3.08429],[34.37514,3.08628],[34.38262,3.08998],[34.38959,3.09526],[34.39146,3.0979],[34.39408,3.10402]],[[34.39408,3.10402],[34.39408,3.10402]],[[34.39408,3.10402],[34.39944,3.11318],[34.40255,3.11649],[34.4049,3.12239],[34.41069,3.13233],[34.41395,3.1355],[34.41315,3.13997],[34.41337,3.14198],[34.41952,3.15439],[34.41913,3.15731],[34.41939,3.15982],[34.41855,3.16394],[34.41888,3.16512],[34.42193,3.16506],[34.42476,3.16613],[34.42818,3.16643],[34.43263,3.1691],[34.43415,3.17171],[34.43542,3.17229]],[[34.22299,2.97165],[34.22453,2.97776],[34.22506,2.98263],[34.22604,2.98456],[34.22395,2.98936],[34.22076,2.99444],[34.22061,2.9961],[34.2231,2.99952],[34.22357,3.00169],[34.22312,3.00721],[34.22205,3.01055],[34.22623,3.01924],[34.2273,3.02016],[34.23141,3.02091],[34.23523,3.02081],[34.24639,3.02271],[34.24976,3.02433],[34.2526,3.02667],[34.26028,3.03027],[34.27166,3.03301]]]}},{"type":"Feature","properties":{"name":"Koputh - Koputh Junction","functional_class":"Class C National Road","surface_type":"Unsealed","length_km":6.354,"road_no":"C981"},"geometry":{"type":"LineString","coordinates":[[34.11999,3.35376],[34.11829,3.35586],[34.11736,3.35925],[34.11464,3.36056],[34.11148,3.36075],[34.10705,3.36264],[34.09646,3.36386],[34.09334,3.36538],[34.08711,3.36675],[34.08137,3.37022],[34.06965,3.37404]]}},{"type":"Feature","properties":{"name":"Soroti State Lodge","functional_class":"Class C National Road","surface_type":"Bituminous","length_km":2,"road_no":"C947"},"geometry":{"type":"LineString","coordinates":[[33.61668,1.71535],[33.61444,1.71173],[33.61315,1.7085],[33.61353,1.70326],[33.61449,1.69867]]}},{"type":"Feature","properties":{"name":"Nyakwae(Aremo)-Kiru","functional_class":"Class C National Road","surface_type":"Unsealed","length_km":13.39,"road_no":"C991"},"geometry":{"type":"LineString","coordinates":[[33.76116,2.58982],[33.74588,2.58677],[33.73935,2.58846],[33.7343,2.59219],[33.72444,2.5949],[33.71998,2.59383],[33.71847,2.59046],[33.71487,2.58804],[33.71354,2.58766],[33.71086,2.58786],[33.68862,2.6002],[33.67721,2.6167],[33.6753,2.62406],[33.67155,2.627],[33.66796,2.63259]]}},{"type":"Feature","properties":{"name":"Kotido - Loslang - Layoro","functional_class":"Class C National Road","surface_type":"Unsealed","length_km":38.709,"road_no":"C982"},"geometry":{"type":"LineString","coordinates":[[34.11441,3.00625],[34.11541,3.009],[34.11672,3.00923],[34.11783,3.01343],[34.12214,3.02357],[34.12557,3.0335],[34.12803,3.03759],[34.12903,3.04399],[34.1327,3.05221],[34.13519,3.06391],[34.13899,3.07375],[34.13967,3.08024],[34.14112,3.08544],[34.14772,3.09185],[34.15384,3.10006],[34.1564,3.11147],[34.15937,3.11643],[34.16349,3.12539],[34.16497,3.12671],[34.16842,3.1282],[34.17145,3.13072],[34.17429,3.13908],[34.17836,3.1468],[34.19233,3.16782],[34.19924,3.17585],[34.20258,3.1813],[34.20868,3.19402],[34.213,3.20104],[34.21475,3.2064],[34.21576,3.20764],[34.21597,3.20912],[34.21539,3.21179],[34.21597,3.21356],[34.2169,3.2145],[34.22022,3.2157],[34.22728,3.22949],[34.23006,3.23687],[34.23466,3.25342],[34.23467,3.26086],[34.23573,3.27381],[34.23772,3.28116],[34.23775,3.28466],[34.24025,3.2893],[34.24252,3.29728],[34.24327,3.30174],[34.24361,3.31071],[34.24553,3.31685]]}},{"type":"Feature","properties":{"name":"Tapach - Katikekile","functional_class":"Class C National Road","surface_type":"Unsealed","length_km":10.567,"road_no":"C975"},"geometry":{"type":"LineString","coordinates":[[34.81703,2.38101],[34.81881,2.3882],[34.82026,2.39049],[34.82028,2.39163],[34.81921,2.39393],[34.81701,2.39614],[34.81651,2.3981],[34.81537,2.39986],[34.81284,2.40137],[34.81198,2.40429],[34.81215,2.40875],[34.81101,2.41176],[34.81128,2.41384],[34.81008,2.41661],[34.80964,2.41971],[34.81018,2.4303],[34.80464,2.43409],[34.80184,2.43806],[34.79693,2.44317],[34.79517,2.44737],[34.79307,2.44857],[34.7896,2.4529],[34.78933,2.45449],[34.78684,2.45813],[34.78691,2.45998],[34.78474,2.46187]]}},{"type":"Feature","properties":{"name":"Girik River - Kalita","functional_class":"Class C National Road","surface_type":"Unsealed","length_km":32.741,"road_no":"C962"},"geometry":{"type":"LineString","coordinates":[[34.72019,1.44827],[34.72676,1.44883],[34.74386,1.44802],[34.75205,1.45169],[34.7609,1.4525],[34.76419,1.45344],[34.76996,1.45135],[34.77419,1.45206],[34.78018,1.44983],[34.78225,1.45004],[34.78387,1.44961],[34.78853,1.45141],[34.79076,1.45387],[34.7946,1.45659],[34.79485,1.45771],[34.79603,1.45881],[34.79855,1.46],[34.80335,1.461],[34.80596,1.46282],[34.80956,1.46642],[34.81284,1.46612],[34.8178,1.47188],[34.81817,1.47292],[34.81798,1.47532],[34.82119,1.47885],[34.82151,1.4811],[34.81916,1.48433],[34.81885,1.48748],[34.81949,1.48998],[34.82336,1.49514],[34.82381,1.49652],[34.82274,1.5017],[34.82416,1.50643],[34.82433,1.5093],[34.82226,1.51683],[34.8236,1.52007],[34.82361,1.52372],[34.82782,1.53353],[34.82895,1.53916],[34.82881,1.54084],[34.82986,1.54274],[34.83447,1.54587],[34.836,1.54603],[34.83883,1.54496],[34.84114,1.54482],[34.84588,1.54691],[34.85211,1.54822],[34.85536,1.55008],[34.86019,1.55763],[34.86341,1.55975],[34.86822,1.56065],[34.8712,1.56218],[34.87778,1.56425],[34.89386,1.56647],[34.90028,1.56873],[34.9015,1.56856],[34.90676,1.56992],[34.90883,1.56989],[34.91835,1.57434],[34.92147,1.57426],[34.92999,1.56623]]}},{"type":"Feature","properties":{"name":"Nakiloro-Lomukura","functional_class":"Class C National Road","surface_type":"Unsealed","length_km":85,"road_no":"C972"},"geometry":{"type":"MultiLineString","coordinates":[[[34.73324,2.63778],[34.73141,2.63964],[34.72976,2.64468],[34.72821,2.64707],[34.72776,2.64956],[34.7259,2.65212],[34.72512,2.65444],[34.72103,2.66149],[34.71769,2.66443],[34.71559,2.66712],[34.71375,2.66792],[34.70902,2.67429],[34.70588,2.67446],[34.7022,2.6783],[34.69981,2.68381],[34.69718,2.68771],[34.69473,2.69508],[34.69451,2.69802],[34.6919,2.70323],[34.69176,2.71301],[34.68879,2.71713],[34.68734,2.71733]],[[34.68734,2.71733],[34.68671,2.71708],[34.68591,2.71784],[34.67748,2.7217],[34.67486,2.72769],[34.67197,2.72982],[34.66869,2.73126],[34.66512,2.74286],[34.66253,2.74626],[34.66369,2.75218],[34.66379,2.75571],[34.6608,2.76253],[34.65906,2.76386],[34.65451,2.77094],[34.6503,2.77275],[34.6475,2.77304],[34.64598,2.7753],[34.64192,2.77926],[34.64023,2.77894],[34.63762,2.78028],[34.63277,2.78852],[34.63,2.7988],[34.62479,2.8063],[34.61915,2.81143],[34.61889,2.81363],[34.61938,2.81519],[34.61853,2.82205],[34.61996,2.82561],[34.62007,2.83415],[34.616,2.84332],[34.61414,2.84537],[34.61211,2.85167],[34.61048,2.85454],[34.61078,2.86106],[34.60762,2.86299],[34.60597,2.86495],[34.60348,2.86953],[34.59816,2.8745],[34.59557,2.87464],[34.59279,2.87183],[34.59083,2.87138],[34.58844,2.87174],[34.58384,2.86964],[34.58299,2.86974],[34.58178,2.87212],[34.58114,2.8771],[34.58286,2.88167],[34.58128,2.88571],[34.57923,2.88862],[34.57635,2.89004],[34.57453,2.89],[34.569,2.89223],[34.56584,2.8945],[34.5642,2.89775],[34.56133,2.89876],[34.55882,2.89898],[34.55761,2.90031],[34.55765,2.90292],[34.55665,2.90544],[34.55674,2.90783],[34.55415,2.91526],[34.55454,2.9177],[34.55283,2.92051],[34.55285,2.92267],[34.55196,2.92432],[34.55227,2.9279],[34.54963,2.93001],[34.54819,2.93233],[34.54647,2.93192],[34.54516,2.93061],[34.54211,2.93066],[34.53749,2.93244],[34.53465,2.9342],[34.5276,2.94414],[34.5261,2.94481],[34.52401,2.94768],[34.52163,2.94965],[34.52031,2.95674],[34.52029,2.95978],[34.52406,2.97186],[34.52445,2.97691],[34.52534,2.98086],[34.52755,2.98471],[34.52875,2.98571],[34.53115,2.98581],[34.53246,2.98529],[34.53293,2.9831]]]}},{"type":"Feature","properties":{"name":"Cegere-Kidilani","functional_class":"Class C National Road","surface_type":"Unsealed","length_km":14.83,"road_no":"C660"},"geometry":{"type":"LineString","coordinates":[[32.38587,2.05402],[32.39662,2.05337],[32.40501,2.05541],[32.43887,2.06059],[32.44423,2.05981],[32.45448,2.05987],[32.48317,2.08085],[32.50916,2.09244]]}},{"type":"Feature","properties":{"name":"Packwach - Panyimur","functional_class":"Class C National Road","surface_type":"Unsealed","length_km":33.96,"road_no":"C746"},"geometry":{"type":"LineString","coordinates":[[31.46849,2.4601],[31.46801,2.45932],[31.45978,2.45439],[31.45813,2.45285],[31.45672,2.44381],[31.45312,2.43796],[31.45275,2.43628],[31.45276,2.43129],[31.4546,2.42106],[31.45331,2.41021],[31.45036,2.40283],[31.44544,2.39348],[31.4433,2.38598],[31.4415,2.38157],[31.44014,2.37587],[31.43749,2.36897],[31.43619,2.36697],[31.42568,2.35934],[31.42107,2.35455],[31.40562,2.34761],[31.39908,2.34638],[31.39281,2.34285],[31.38402,2.34224],[31.3708,2.33564],[31.35913,2.32523],[31.35821,2.3238],[31.3576,2.32138],[31.35705,2.31518],[31.35359,2.30705],[31.3443,2.29795],[31.34003,2.29279],[31.33567,2.29027],[31.33504,2.28762],[31.33189,2.2824],[31.32959,2.27028],[31.32791,2.26572],[31.32177,2.25872],[31.31904,2.25204],[31.31578,2.23907],[31.31219,2.23446],[31.30804,2.23137],[31.30886,2.22993]]}},{"type":"Feature","properties":{"name":"Packwach Railway Access","functional_class":"Class C National Road","surface_type":"Unsealed","length_km":0.21,"road_no":"C687"},"geometry":{"type":"LineString","coordinates":[[31.50683,2.46077],[31.50839,2.46175]]}},{"type":"Feature","properties":{"name":"Dokolo-Ochero","functional_class":"Class C National Road","surface_type":"Unsealed","length_km":45.661,"road_no":"C653"},"geometry":{"type":"LineString","coordinates":[[33.17195,1.91673],[33.14476,1.89699],[33.136,1.89251],[33.13196,1.8888],[33.1263,1.88624],[33.11187,1.87703],[33.10554,1.87107],[33.09451,1.8561],[33.09449,1.85495],[33.0995,1.83957],[33.10054,1.8293],[33.0949,1.79103],[33.09379,1.78958],[33.08968,1.7865],[33.08731,1.78407],[33.08082,1.77085],[33.0491,1.74432],[33.04498,1.73982],[33.03375,1.71948],[33.01373,1.67953],[33.01264,1.67948],[33.01174,1.68028],[33.01089,1.67999],[32.92594,1.63143]]}},{"type":"Feature","properties":{"name":"Omugo-Kubala","functional_class":"Class C National Road","surface_type":"Unsealed","length_km":6.688,"road_no":"C767"},"geometry":{"type":"LineString","coordinates":[[31.11438,3.27552],[31.10883,3.27499],[31.10188,3.27236],[31.09717,3.2713],[31.09004,3.27073],[31.08438,3.26908],[31.05539,3.26638]]}},{"type":"Feature","properties":{"name":"Rhino camp-Ogoko-Inde","functional_class":"Class C National Road","surface_type":"Unsealed","length_km":22.638,"road_no":"C742"},"geometry":{"type":"LineString","coordinates":[[31.39548,2.97271],[31.38964,2.96798],[31.38825,2.96269],[31.37535,2.94513],[31.36956,2.93404],[31.35453,2.91988],[31.33033,2.91313],[31.30118,2.9073],[31.29468,2.9052],[31.28328,2.90408],[31.27889,2.90261],[31.27007,2.89839],[31.26326,2.89639],[31.259,2.89597],[31.25087,2.8929],[31.24459,2.89125],[31.23742,2.8881],[31.23388,2.88192],[31.23235,2.87569]]}},{"type":"Feature","properties":{"name":"Gulu Airport road","functional_class":"Class C National Road","surface_type":"Bituminous","length_km":4.101,"road_no":"C684"},"geometry":{"type":"LineString","coordinates":[[32.29725,2.77725],[32.28732,2.77629],[32.2856,2.78379],[32.28226,2.78889],[32.27742,2.79416],[32.27565,2.79982]]}},{"type":"Feature","properties":{"name":"Ngetta-Apala","functional_class":"Class C National Road","surface_type":"Unsealed","length_km":19.803,"road_no":"C673"},"geometry":{"type":"LineString","coordinates":[[32.91878,2.27611],[32.92711,2.28832],[32.93554,2.29703],[32.93815,2.30052],[32.95163,2.31444],[32.95805,2.31981],[32.97127,2.33279],[32.97723,2.34287],[32.9833,2.35468],[32.9886,2.3626],[32.99127,2.36459],[32.99409,2.36566],[33.00446,2.37597],[33.02575,2.388],[33.03573,2.39559],[33.0381,2.39818],[33.04186,2.40009]]}},{"type":"Feature","properties":{"name":"Zombo-Vurra","functional_class":"Class C National Road","surface_type":"Unsealed","length_km":61.2,"road_no":"C763"},"geometry":{"type":"LineString","coordinates":[[30.92492,2.4774],[30.92368,2.48083],[30.92443,2.48635],[30.92258,2.48807],[30.91904,2.49022],[30.91609,2.496],[30.91406,2.4985],[30.91257,2.50212],[30.91266,2.50433],[30.91178,2.50924],[30.90729,2.51567],[30.90609,2.5199],[30.90816,2.52369],[30.9118,2.52734],[30.91727,2.52882],[30.91779,2.52967],[30.91796,2.53206],[30.91968,2.53381],[30.91978,2.53625],[30.91875,2.53786],[30.91867,2.5394],[30.92074,2.54275],[30.92218,2.54743],[30.92135,2.54936],[30.92129,2.55093],[30.92382,2.5542],[30.92569,2.56177],[30.92707,2.56366],[30.92652,2.56574],[30.92981,2.56919],[30.93075,2.57101],[30.93243,2.57195],[30.933,2.57309],[30.93334,2.58],[30.93301,2.58467],[30.93215,2.58547],[30.93032,2.58592],[30.92614,2.58598],[30.92086,2.58695],[30.91932,2.5864],[30.9165,2.58386],[30.91308,2.58427],[30.90932,2.58312],[30.90577,2.58385],[30.90478,2.58515],[30.90209,2.59521],[30.90098,2.59739],[30.89885,2.59868],[30.89327,2.59797],[30.89008,2.5999],[30.88735,2.60066],[30.88325,2.60029],[30.88301,2.60104],[30.88403,2.60548],[30.87817,2.608],[30.87699,2.61046],[30.87397,2.61434],[30.87327,2.61759],[30.87454,2.62116],[30.87413,2.6252],[30.87531,2.6324],[30.87467,2.63443],[30.8725,2.63587],[30.8684,2.63655],[30.86505,2.63892],[30.85941,2.64089],[30.85345,2.64482],[30.84971,2.64576],[30.84614,2.6437],[30.83961,2.64511],[30.83752,2.64662],[30.83688,2.6478],[30.83724,2.64924],[30.8399,2.6526],[30.84203,2.65658],[30.84609,2.65986],[30.84805,2.66083],[30.85026,2.66089],[30.85189,2.66164],[30.8555,2.6653],[30.85928,2.67246],[30.85972,2.67411],[30.85943,2.67625],[30.85654,2.68157],[30.85644,2.68718],[30.85401,2.69427],[30.85527,2.69755],[30.85514,2.69827],[30.851,2.70139],[30.84971,2.70552],[30.8465,2.70892],[30.84493,2.71323],[30.84463,2.71543],[30.84512,2.71787],[30.84702,2.72023],[30.85158,2.72819],[30.85214,2.72994],[30.85204,2.73323],[30.8507,2.73566],[30.85066,2.73838],[30.84981,2.74089],[30.84964,2.74371],[30.85254,2.75879],[30.85407,2.76314],[30.85773,2.7659],[30.86028,2.7705],[30.86198,2.77987],[30.86351,2.78205],[30.86732,2.78536],[30.86831,2.7909],[30.87373,2.79611],[30.87786,2.80289],[30.88472,2.81063],[30.88563,2.81224],[30.88514,2.82013],[30.88641,2.82897],[30.88573,2.83532],[30.88935,2.84726],[30.88829,2.85028],[30.8905,2.85283],[30.89142,2.85676],[30.88991,2.8638],[30.88819,2.86885],[30.88888,2.87525],[30.88771,2.8795],[30.88595,2.88114],[30.8845,2.88347],[30.87944,2.88644]]}},{"type":"Feature","properties":{"name":"Moyo - Sudan border","functional_class":"Class C National Road","surface_type":"Unsealed","length_km":10.662,"road_no":"C720"},"geometry":{"type":"LineString","coordinates":[[31.7224,3.6541],[31.71724,3.65763],[31.71508,3.66069],[31.71114,3.66278],[31.7113,3.66439],[31.71272,3.66756],[31.71151,3.67515],[31.70971,3.67853],[31.70751,3.68049],[31.70192,3.68392],[31.69281,3.68738],[31.6861,3.69693],[31.67738,3.70323],[31.67369,3.70743],[31.6719,3.7083],[31.66713,3.7092],[31.66321,3.71878]]}},{"type":"Feature","properties":{"name":"Kalongo - Kitgum Matidi","functional_class":"Class C National Road","surface_type":"Unsealed","length_km":45.614,"road_no":"C677"},"geometry":{"type":"LineString","coordinates":[[33.37144,3.03834],[33.36657,3.03585],[33.36038,3.03618],[33.34606,3.04156],[33.33454,3.04406],[33.32143,3.04613],[33.31459,3.04821],[33.31018,3.0505],[33.30592,3.05396],[33.30025,3.06147],[33.2947,3.06611],[33.28785,3.07631],[33.28468,3.07968],[33.26655,3.09562],[33.25931,3.10312],[33.2418,3.11757],[33.23194,3.119],[33.20677,3.13159],[33.19759,3.13694],[33.19413,3.13753],[33.1907,3.13895],[33.1868,3.14444],[33.17808,3.1518],[33.17155,3.15532],[33.16191,3.16287],[33.1557,3.16592],[33.14808,3.17069],[33.14421,3.1739],[33.1405,3.17537],[33.13477,3.17895],[33.11881,3.19114],[33.1129,3.19509],[33.09601,3.2087],[33.08797,3.21885],[33.07334,3.23978],[33.06756,3.24592],[33.06554,3.24873],[33.06085,3.25645],[33.05652,3.26723],[33.05319,3.26855]]}},{"type":"Feature","properties":{"name":"Aber-Anyeke-Ngai","functional_class":"Class C National Road","surface_type":"Unsealed","length_km":36.755,"road_no":"C666"},"geometry":{"type":"LineString","coordinates":[[32.37058,2.21376],[32.3708,2.21565],[32.37165,2.21686],[32.38989,2.23554],[32.39966,2.24482],[32.40523,2.25561],[32.41369,2.26919],[32.4204,2.28495],[32.43307,2.29699],[32.44768,2.31216],[32.45379,2.31893],[32.45604,2.32226],[32.45759,2.32655],[32.45635,2.33949],[32.45651,2.36096],[32.46371,2.37727],[32.46693,2.39271],[32.4681,2.39613],[32.46914,2.39743],[32.49707,2.41648],[32.50102,2.42633],[32.50552,2.4458],[32.50585,2.44884],[32.50312,2.47898],[32.50132,2.4937]]}},{"type":"Feature","properties":{"name":"Opit-Rwackoko","functional_class":"Class C National Road","surface_type":"Unsealed","length_km":26.995,"road_no":"C680"},"geometry":{"type":"LineString","coordinates":[[32.72918,2.68021],[32.75024,2.68158],[32.77389,2.68476],[32.78553,2.68695],[32.78753,2.68799],[32.7939,2.68862],[32.79665,2.69245],[32.80214,2.69588],[32.81725,2.70384],[32.82205,2.70722],[32.83942,2.71454],[32.84652,2.71875],[32.85009,2.72345],[32.8536,2.72575],[32.85878,2.72882],[32.86478,2.73068],[32.87577,2.72956],[32.87837,2.72876],[32.89537,2.71429],[32.89947,2.71002],[32.90244,2.70554],[32.90568,2.70214],[32.90854,2.7003],[32.91269,2.69862],[32.916,2.69777],[32.92533,2.70033],[32.94543,2.70132]]}},{"type":"Feature","properties":{"name":"Lira - Boroboro - Abako - Okude","functional_class":"Class C National Road","surface_type":"Unsealed","length_km":59.43,"road_no":"C670"},"geometry":{"type":"LineString","coordinates":[[32.9104,2.23675],[32.92259,2.20714],[32.93443,2.20111],[32.95563,2.18611],[32.96333,2.17782],[32.97365,2.16944],[32.98173,2.16134],[32.99707,2.15067],[33.00458,2.14619],[33.01764,2.13737],[33.02424,2.13157],[33.02811,2.13048],[33.0544,2.12601],[33.06878,2.12761],[33.09432,2.12837],[33.10521,2.12628],[33.11273,2.12381],[33.12765,2.12265],[33.13742,2.12284],[33.14547,2.12446],[33.16143,2.13091],[33.17406,2.13479],[33.18293,2.13836],[33.20164,2.14192],[33.20944,2.14258],[33.22049,2.14606],[33.22436,2.14669],[33.23566,2.13545],[33.2407,2.13201],[33.24988,2.12733],[33.26179,2.12362],[33.26598,2.12281],[33.27507,2.12234],[33.28325,2.11996],[33.30891,2.11054],[33.31362,2.10836],[33.31672,2.10617],[33.33164,2.1002],[33.33399,2.09741],[33.34217,2.07531],[33.34333,2.07432],[33.35155,2.07203]]}},{"type":"Feature","properties":{"name":"Vurra Customs - Odramacaku","functional_class":"Class C National Road","surface_type":"Unsealed","length_km":34.206,"road_no":"C759"},"geometry":{"type":"LineString","coordinates":[[30.87931,2.88757],[30.87686,2.88736],[30.87516,2.88858],[30.87444,2.89334],[30.87485,2.89855],[30.87212,2.8993],[30.86968,2.90126],[30.86548,2.91324],[30.86562,2.91887],[30.86401,2.92118],[30.85896,2.92517],[30.85899,2.93223],[30.85525,2.93787],[30.85445,2.94157],[30.85615,2.95294],[30.85628,2.95767],[30.85573,2.96026],[30.84441,2.96676],[30.83896,2.97055],[30.83733,2.97232],[30.8327,2.98102],[30.82762,2.98399],[30.82522,2.98636],[30.82417,2.98848],[30.82626,2.99718],[30.82568,2.99961],[30.81718,3.00574],[30.81026,3.0036],[30.80296,3.0051],[30.79822,3.00973],[30.79424,3.01276],[30.79264,3.01498],[30.78844,3.01702],[30.78464,3.0179],[30.78164,3.02016],[30.77869,3.02405],[30.77847,3.029],[30.77939,3.03072],[30.77883,3.0338],[30.77534,3.03916],[30.77127,3.04142],[30.76967,3.04356],[30.76925,3.04902],[30.7732,3.0516],[30.77499,3.05568],[30.77678,3.05692],[30.77946,3.05707],[30.78158,3.05785],[30.78563,3.06022],[30.79193,3.06019],[30.79531,3.06567],[30.79557,3.06817],[30.79445,3.07333],[30.79488,3.07887],[30.79472,3.09187],[30.79524,3.09312],[30.79854,3.09704],[30.80057,3.10088],[30.80055,3.10737],[30.8014,3.11056]]}},{"type":"Feature","properties":{"name":"Palabek - Padibe","functional_class":"Class C National Road","surface_type":"Unsealed","length_km":24.86,"road_no":"C704"},"geometry":{"type":"LineString","coordinates":[[32.83411,3.46871],[32.81873,3.46267],[32.80305,3.46039],[32.78897,3.45584],[32.7854,3.45543],[32.77994,3.45589],[32.75145,3.44315],[32.74796,3.44112],[32.73439,3.43737],[32.72534,3.4297],[32.70729,3.42891],[32.69252,3.42479],[32.68573,3.42438],[32.68281,3.42368],[32.67195,3.41695],[32.66205,3.4116],[32.65084,3.4086],[32.64178,3.40313],[32.62564,3.40017]]}},{"type":"Feature","properties":{"name":"Acholi Pii Army Baracks Access","functional_class":"Class C National Road","surface_type":"Unsealed","length_km":1.342,"road_no":"C707"},"geometry":{"type":"LineString","coordinates":[[33.01691,3.79713],[33.0165,3.79871],[33.01712,3.80107],[33.01898,3.80332],[33.02179,3.80463],[33.02315,3.80601]]}},{"type":"Feature","properties":{"name":"Aduku-Teboke-Loro","functional_class":"Class C National Road","surface_type":"Unsealed","length_km":34.272,"road_no":"C662"},"geometry":{"type":"LineString","coordinates":[[32.53031,2.24584],[32.53127,2.24354],[32.53235,2.23833],[32.53325,2.23668],[32.5607,2.20586],[32.56927,2.20274],[32.5771,2.20097],[32.59448,2.18737],[32.60342,2.17861],[32.60732,2.17299],[32.61697,2.15433],[32.62166,2.14767],[32.63018,2.13897],[32.63244,2.13255],[32.64997,2.10618],[32.65137,2.10286],[32.65239,2.09611],[32.65308,2.09438],[32.66226,2.0871],[32.66952,2.08297],[32.6767,2.07685],[32.6795,2.07555],[32.6873,2.06996],[32.68946,2.06634],[32.69056,2.06323],[32.70197,2.04604],[32.7095,2.0361],[32.71999,2.01859],[32.72064,2.01557]]}},{"type":"Feature","properties":{"name":"Eruba - Logiri","functional_class":"Class C National Road","surface_type":"Unsealed","length_km":23.257,"road_no":"C749"},"geometry":{"type":"LineString","coordinates":[[30.91437,2.9534],[30.91306,2.94485],[30.9153,2.93935],[30.91585,2.93505],[30.91487,2.93145],[30.91105,2.92617],[30.90907,2.9189],[30.90813,2.91171],[30.90919,2.90097],[30.90705,2.89434],[30.90749,2.89174],[30.90739,2.88581],[30.90978,2.87751],[30.90903,2.87076],[30.91011,2.86731],[30.91328,2.86323],[30.91373,2.86045],[30.9105,2.85196],[30.91022,2.84196],[30.90738,2.8293],[30.90764,2.82688],[30.90648,2.82519],[30.90192,2.82124],[30.89971,2.81806],[30.89648,2.81747],[30.89398,2.81435],[30.893,2.81105],[30.8911,2.80752],[30.89093,2.80388],[30.88716,2.80244],[30.8862,2.80127],[30.88439,2.79288],[30.88372,2.79177],[30.88051,2.78936],[30.87378,2.78808],[30.87159,2.78405],[30.86784,2.77937],[30.86679,2.77834],[30.86526,2.77785],[30.86405,2.77615],[30.86088,2.7734]]}},{"type":"Feature","properties":{"name":"Owaffa - Kubala","functional_class":"Class C National Road","surface_type":"Unsealed","length_km":14.557,"road_no":"C755"},"geometry":{"type":"LineString","coordinates":[[31.01237,3.15685],[31.00842,3.16243],[31.0102,3.1695],[31.01624,3.17798],[31.02659,3.19027],[31.03056,3.1979],[31.02977,3.20094],[31.03153,3.20165],[31.03455,3.20499],[31.04038,3.21357],[31.04189,3.21871],[31.04333,3.21971],[31.04686,3.21967],[31.04971,3.22022],[31.05154,3.22108],[31.05272,3.22294],[31.05328,3.22574],[31.05315,3.23068],[31.05224,3.23437],[31.05051,3.24845],[31.05266,3.25528],[31.05529,3.26639]]}},{"type":"Feature","properties":{"name":"Atiak-Palabek","functional_class":"Class C National Road","surface_type":"Unsealed","length_km":65,"road_no":"C700"},"geometry":{"type":"LineString","coordinates":[[32.12109,3.25416],[32.1329,3.24575],[32.14189,3.24256],[32.15962,3.24095],[32.16387,3.24107],[32.16712,3.24301],[32.16977,3.24579],[32.17994,3.24998],[32.18182,3.25173],[32.18568,3.25721],[32.19657,3.26416],[32.20403,3.26419],[32.21138,3.26751],[32.21541,3.26653],[32.22065,3.26618],[32.22396,3.26652],[32.24469,3.27054],[32.24918,3.27231],[32.25731,3.27333],[32.25934,3.27267],[32.26798,3.26689],[32.27251,3.2603],[32.2766,3.25555],[32.27581,3.25036],[32.27653,3.24828],[32.279,3.24641],[32.28118,3.24389],[32.28571,3.24187],[32.29023,3.24195],[32.29505,3.24054],[32.30037,3.24098],[32.30073,3.24136],[32.30042,3.24483],[32.30132,3.2455],[32.30518,3.24379],[32.30783,3.24506],[32.3095,3.24475],[32.31243,3.24325],[32.31476,3.24413],[32.31686,3.2408],[32.31783,3.24015],[32.32713,3.24299],[32.33342,3.24925],[32.33587,3.24827],[32.33678,3.24843],[32.34156,3.25088],[32.34169,3.25249],[32.34423,3.25368],[32.34566,3.25528],[32.34636,3.25522],[32.34782,3.25355],[32.35209,3.25192],[32.35314,3.25223],[32.35408,3.25424],[32.3565,3.25247],[32.35741,3.25232],[32.36685,3.25782],[32.37092,3.26605],[32.3707,3.26808],[32.36163,3.29364],[32.36129,3.2965],[32.36185,3.29811],[32.36358,3.30135],[32.36657,3.30512],[32.37145,3.30682],[32.39379,3.32473],[32.3966,3.32923],[32.41075,3.33786],[32.4111,3.33891],[32.41032,3.35038],[32.41304,3.35497],[32.41255,3.36891],[32.41835,3.37327],[32.42428,3.37465],[32.42998,3.37834],[32.43839,3.3887],[32.44047,3.39322],[32.44738,3.39697],[32.45839,3.40121],[32.47185,3.40341],[32.47868,3.41069],[32.48598,3.40929],[32.49434,3.40871],[32.50827,3.41331],[32.5197,3.42097],[32.52187,3.42646],[32.52255,3.42963],[32.52425,3.43119],[32.53633,3.43418]]}},{"type":"Feature","properties":{"name":"Aduku-Nambieso","functional_class":"Class C National Road","surface_type":"Unsealed","length_km":18.065,"road_no":"C658"},"geometry":{"type":"LineString","coordinates":[[32.72266,1.99298],[32.72456,1.98775],[32.72775,1.98187],[32.7371,1.96747],[32.74475,1.95362],[32.74737,1.94188],[32.75418,1.92886],[32.76196,1.92035],[32.76968,1.9145],[32.77313,1.91003],[32.77505,1.9059],[32.78885,1.88906],[32.79,1.88499],[32.79069,1.86989],[32.79245,1.86407],[32.79436,1.86189],[32.79423,1.85889],[32.79709,1.85386]]}},{"type":"Feature","properties":{"name":"Eruba - Vurra","functional_class":"Class C National Road","surface_type":"Bituminous","length_km":9.411,"road_no":"C744"},"geometry":{"type":"LineString","coordinates":[[30.91646,2.95631],[30.91408,2.95303],[30.91062,2.94956],[30.90954,2.94901],[30.90589,2.94858],[30.90232,2.94663],[30.89932,2.9425],[30.89805,2.93968],[30.89201,2.932],[30.88911,2.9261],[30.88833,2.92079],[30.88693,2.91653],[30.88174,2.90715],[30.88202,2.90002],[30.88163,2.89346],[30.87947,2.88848],[30.87945,2.88635]]}},{"type":"Feature","properties":{"name":"Amuru Junction - Awee","functional_class":"Class C National Road","surface_type":"Unsealed","length_km":43.976,"road_no":"C686"},"geometry":{"type":"LineString","coordinates":[[31.92672,2.81829],[31.92332,2.82027],[31.91698,2.82005],[31.91168,2.82089],[31.90736,2.82083],[31.89679,2.81903],[31.88778,2.81291],[31.88139,2.81305],[31.87767,2.81458],[31.8729,2.81793],[31.86499,2.82033],[31.86198,2.8221],[31.8534,2.82555],[31.84844,2.82942],[31.84509,2.83048],[31.83768,2.83403],[31.83564,2.83585],[31.83189,2.84147],[31.8297,2.84313],[31.82614,2.84265],[31.81861,2.84315],[31.81445,2.84042],[31.81158,2.83969],[31.80919,2.84076],[31.80513,2.84412],[31.80191,2.84532],[31.79784,2.84522],[31.79175,2.84407],[31.78248,2.84363],[31.77842,2.84736],[31.77545,2.84917],[31.77061,2.85126],[31.76799,2.85024],[31.76656,2.85028],[31.76215,2.85333],[31.7573,2.85314],[31.75587,2.85229],[31.75051,2.85188],[31.74707,2.85095],[31.73919,2.85151],[31.73111,2.85059],[31.72898,2.85235],[31.72373,2.85497],[31.72026,2.8605],[31.71766,2.8618],[31.71427,2.86177],[31.69966,2.86498],[31.69571,2.86189],[31.69468,2.86166],[31.68776,2.8668],[31.68106,2.87006],[31.67625,2.8715],[31.66383,2.8766],[31.66273,2.87776],[31.65698,2.88074],[31.65577,2.88089],[31.6487,2.8792],[31.6478,2.87939],[31.64681,2.8814],[31.64536,2.88271],[31.64198,2.88465],[31.63777,2.88583],[31.63415,2.88885],[31.63137,2.88848],[31.62671,2.88634],[31.62075,2.88453],[31.61501,2.87871],[31.61408,2.87407],[31.60685,2.87134],[31.60367,2.86861],[31.59883,2.86279],[31.59571,2.86128],[31.59379,2.86171],[31.58691,2.87014],[31.58589,2.874]]}},{"type":"Feature","properties":{"name":"Okee Bridge-Adwari","functional_class":"Class C National Road","surface_type":"Unsealed","length_km":15.95,"road_no":"C674"},"geometry":{"type":"LineString","coordinates":[[33.26768,2.57235],[33.26459,2.54546],[33.2684,2.53172],[33.2636,2.50955],[33.26357,2.50666],[33.26428,2.49546],[33.26567,2.49046],[33.26621,2.48228],[33.27144,2.46661],[33.26196,2.45076],[33.25666,2.43353]]}},{"type":"Feature","properties":{"name":"Agwata - Aduku","functional_class":"Class C National Road","surface_type":"Unsealed","length_km":30.306,"road_no":"C651"},"geometry":{"type":"LineString","coordinates":[[32.97922,1.97429],[32.9656,1.97655],[32.9592,1.97929],[32.95489,1.98182],[32.94482,1.98275],[32.93441,1.98466],[32.92665,1.98473],[32.91593,1.98946],[32.88534,1.99229],[32.87598,1.99422],[32.86167,1.99568],[32.84544,1.99585],[32.83819,1.9964],[32.82067,1.99904],[32.81262,2.00103],[32.80656,2.00177],[32.79138,2.00207],[32.77151,2.00545],[32.76713,2.00582],[32.75668,2.0046],[32.74889,2.0021],[32.73244,1.99827],[32.72783,1.99615],[32.72277,1.99294],[32.71557,1.99887]]}},{"type":"Feature","properties":{"name":"Pakele - Pabbo","functional_class":"Class C National Road","surface_type":"Unsealed","length_km":59.895,"road_no":"C689"},"geometry":{"type":"LineString","coordinates":[[32.15316,3.01449],[32.15175,3.01761],[32.14618,3.02083],[32.14426,3.02106],[32.1409,3.02024],[32.13884,3.0213],[32.13784,3.02618],[32.13148,3.04093],[32.12802,3.04429],[32.11802,3.05043],[32.10846,3.0639],[32.10559,3.06946],[32.10338,3.08253],[32.0962,3.09076],[32.09197,3.09824],[32.08396,3.10529],[32.08246,3.10872],[32.08162,3.10955],[32.07852,3.11118],[32.07517,3.11221],[32.0733,3.11482],[32.06882,3.11921],[32.06681,3.12343],[32.06095,3.12908],[32.05783,3.13407],[32.0534,3.13846],[32.05282,3.14369],[32.05218,3.14527],[32.05136,3.14699],[32.04795,3.1508],[32.04589,3.15577],[32.04322,3.15939],[32.04176,3.16513],[32.04168,3.16841],[32.04281,3.17218],[32.04419,3.17548],[32.04697,3.17975],[32.04754,3.18186],[32.04501,3.19182],[32.04523,3.19521],[32.04691,3.2009],[32.04672,3.20163],[32.04123,3.2021],[32.04012,3.20059],[32.03776,3.19961],[32.03311,3.19956],[32.03068,3.20037],[32.02488,3.19968],[32.02191,3.19994],[32.01811,3.2009],[32.0156,3.20238],[32.01177,3.20709],[32.01012,3.20828],[32.00633,3.20802],[32.00338,3.20881],[32.00212,3.20837],[31.99997,3.2104],[31.99731,3.21093],[31.99502,3.21212],[31.99348,3.2121],[31.99161,3.2107],[31.98985,3.213],[31.9883,3.21328],[31.98465,3.21573],[31.97807,3.21656],[31.97484,3.21982],[31.96725,3.22246],[31.94687,3.23641],[31.94,3.23909],[31.93673,3.2409],[31.93508,3.24276],[31.92945,3.25627],[31.92301,3.25728],[31.91713,3.25703],[31.90959,3.25861],[31.90978,3.26411],[31.90887,3.26973],[31.90922,3.27219],[31.90825,3.27674],[31.90614,3.28043],[31.90423,3.28581],[31.90402,3.28914],[31.9016,3.29713],[31.8985,3.30289],[31.89663,3.30423],[31.89501,3.30877],[31.89313,3.31691],[31.89125,3.31891],[31.88602,3.32125],[31.88503,3.32224],[31.87726,3.31875],[31.87413,3.31564],[31.87135,3.31408],[31.86952,3.31875],[31.86957,3.32201],[31.8667,3.3298],[31.86769,3.33371],[31.8689,3.33596],[31.86883,3.33721],[31.87011,3.33777],[31.87071,3.3414],[31.87051,3.34341],[31.86323,3.34887],[31.8594,3.35478],[31.85907,3.35728]]}},{"type":"Feature","properties":{"name":"Zambia-Minakulu","functional_class":"Class C National Road","surface_type":"Unsealed","length_km":17.756,"road_no":"C654"},"geometry":{"type":"LineString","coordinates":[[32.23848,2.48236],[32.24282,2.48428],[32.24442,2.48352],[32.25401,2.48157],[32.25899,2.47972],[32.26498,2.47648],[32.2775,2.46736],[32.29126,2.46238],[32.2986,2.45894],[32.30557,2.45666],[32.3076,2.45516],[32.31544,2.4445],[32.32109,2.44015],[32.32566,2.43582],[32.33267,2.43533],[32.33535,2.43559],[32.34106,2.43792],[32.34561,2.43905],[32.35146,2.44265],[32.35577,2.44447],[32.35875,2.4446],[32.36424,2.44338],[32.36632,2.44374],[32.37127,2.44586],[32.37684,2.4454],[32.37946,2.44592]]}},{"type":"Feature","properties":{"name":"Koboko - Yumbe","functional_class":"Class C National Road","surface_type":"Unsealed","length_km":36.23,"road_no":"C740"},"geometry":{"type":"LineString","coordinates":[[30.96002,3.41553],[30.96284,3.41845],[30.96702,3.42126],[30.97409,3.42381],[30.97566,3.42585],[30.97648,3.42965],[30.97893,3.43166],[30.98408,3.43244],[30.99017,3.43474],[30.99543,3.43539],[31.00306,3.43901],[31.00637,3.43911],[31.0101,3.43738],[31.01266,3.43747],[31.01536,3.43806],[31.02328,3.44194],[31.03071,3.44293],[31.03457,3.44178],[31.0436,3.43656],[31.05156,3.43489],[31.0669,3.42841],[31.07002,3.42568],[31.07357,3.42004],[31.07835,3.41681],[31.08241,3.41199],[31.08883,3.40829],[31.09283,3.40705],[31.09811,3.40618],[31.10199,3.40664],[31.10797,3.40883],[31.12479,3.42014],[31.13357,3.42446],[31.13686,3.42478],[31.14809,3.42376],[31.15426,3.42375],[31.16059,3.4246],[31.16783,3.42867],[31.18153,3.43839],[31.19996,3.44578],[31.22213,3.45945],[31.22569,3.46028],[31.22986,3.46305],[31.23498,3.46544],[31.24727,3.46983]]}},{"type":"Feature","properties":{"name":"Gulu - Logere - Adee","functional_class":"Class C National Road","surface_type":"Unsealed","length_km":57.529,"road_no":"C682"},"geometry":{"type":"LineString","coordinates":[[32.29396,2.78376],[32.29265,2.78695],[32.29335,2.79628],[32.29023,2.8037],[32.28984,2.80939],[32.29074,2.81868],[32.28785,2.82985],[32.28672,2.84418],[32.28248,2.85256],[32.28008,2.85944],[32.28106,2.86687],[32.28659,2.879],[32.28871,2.89495],[32.29576,2.90294],[32.29828,2.90828],[32.29831,2.9142],[32.29963,2.92244],[32.29793,2.92828],[32.29448,2.93717],[32.29111,2.94365],[32.2873,2.94813],[32.28698,2.95089],[32.28818,2.95446],[32.29325,2.96162],[32.29838,2.97063],[32.30248,2.97652],[32.3107,2.99433],[32.31626,3.00127],[32.32138,3.01378],[32.33487,3.02758],[32.33575,3.03007],[32.33556,3.03306],[32.33604,3.03426],[32.34378,3.03856],[32.35056,3.04432],[32.35846,3.05501],[32.36219,3.06885],[32.359,3.07839],[32.35821,3.08152],[32.35833,3.08345],[32.35973,3.09139],[32.36442,3.10383],[32.36436,3.11171],[32.36574,3.12394],[32.36887,3.1362],[32.36863,3.13753],[32.36108,3.1509],[32.3635,3.16008],[32.36041,3.17579],[32.3602,3.17824],[32.3607,3.18101],[32.3541,3.19916],[32.35444,3.20477],[32.35599,3.20973],[32.3552,3.21373],[32.35107,3.22085],[32.34577,3.22467],[32.34238,3.22821],[32.34148,3.22858],[32.34028,3.22804],[32.33967,3.22851],[32.33871,3.23012],[32.33925,3.23194],[32.33862,3.23344],[32.33097,3.24417],[32.33136,3.24756]]}},{"type":"Feature","properties":{"name":"Ogur - Apala","functional_class":"Class C National Road","surface_type":"Unsealed","length_km":12.72,"road_no":"C672"},"geometry":{"type":"LineString","coordinates":[[32.93503,2.43721],[32.97439,2.42338],[32.97983,2.42203],[32.9831,2.42038],[32.9999,2.41459],[33.00404,2.41078],[33.00711,2.40941],[33.0294,2.40405],[33.04208,2.40009]]}},{"type":"Feature","properties":{"name":"Arua - Biliafe","functional_class":"Class C National Road","surface_type":"Unsealed","length_km":23,"road_no":"C762"},"geometry":{"type":"LineString","coordinates":[[30.91457,3.01457],[30.91689,3.01397],[30.91961,3.01541],[30.9236,3.01543],[30.92507,3.01661],[30.93675,3.01425],[30.9379,3.01323],[30.94831,3.0077],[30.95183,3.00813],[30.95743,3.01004],[30.96231,3.01329],[30.96882,3.01385],[30.97632,3.01556],[30.99083,3.0173],[30.99296,3.01954],[30.99457,3.02396],[30.99728,3.02851],[31.00046,3.03228],[31.00218,3.03295],[31.00891,3.03123],[31.01106,3.03111],[31.01375,3.03138],[31.01803,3.03272],[31.02093,3.03271],[31.02288,3.03157],[31.0239,3.02977],[31.02471,3.02672],[31.02898,3.02045],[31.03581,3.01854],[31.04168,3.01785],[31.04462,3.01819],[31.04679,3.02075],[31.04863,3.02415],[31.05019,3.02566],[31.05285,3.02707],[31.05689,3.03179],[31.06983,3.05446],[31.07456,3.06024],[31.07742,3.06263]]}},{"type":"Feature","properties":{"name":"Paloga-Potika","functional_class":"Class C National Road","surface_type":"Unsealed","length_km":17.307,"road_no":"C706"},"geometry":{"type":"LineString","coordinates":[[32.94448,3.58961],[32.9388,3.60945],[32.93989,3.61228],[32.94395,3.61846],[32.94477,3.62205],[32.94467,3.62368],[32.94359,3.62984],[32.94122,3.63781],[32.93875,3.6431],[32.93718,3.64966],[32.9357,3.65317],[32.93164,3.65887],[32.92081,3.66987],[32.91734,3.68013],[32.91222,3.68615],[32.9089,3.68879],[32.90714,3.69094],[32.89878,3.69535],[32.89266,3.70035],[32.88087,3.71989]]}},{"type":"Feature","properties":{"name":"Orom - Locomo - Karenga","functional_class":"Class C National Road","surface_type":"Unsealed","length_km":41.4,"road_no":"C710"},"geometry":{"type":"LineString","coordinates":[[33.46951,3.39951],[33.46831,3.40529],[33.48338,3.41977],[33.49307,3.42784],[33.49498,3.43072],[33.49934,3.43549],[33.50773,3.45031],[33.51461,3.4549],[33.5223,3.45758],[33.52741,3.46641],[33.53429,3.47282],[33.53662,3.4741],[33.54192,3.47594],[33.54888,3.47713],[33.55319,3.4788],[33.55674,3.47953],[33.56776,3.48385],[33.56955,3.48369],[33.57429,3.48677],[33.58793,3.49001],[33.59047,3.49192],[33.59319,3.49264],[33.59793,3.49505],[33.60638,3.49579],[33.6123,3.49988],[33.61815,3.49669],[33.62315,3.49636],[33.62707,3.49305],[33.62974,3.48988],[33.63573,3.48651],[33.63683,3.48435],[33.63798,3.47817],[33.64045,3.47593],[33.6416,3.476],[33.64596,3.47965],[33.65158,3.48851],[33.65738,3.49974],[33.66286,3.51196],[33.66174,3.51519],[33.66274,3.52021],[33.6629,3.52588],[33.66123,3.52866],[33.65503,3.53526],[33.65038,3.54203],[33.65082,3.54697],[33.65284,3.54859],[33.65938,3.54946],[33.66226,3.55123],[33.66686,3.55174],[33.66997,3.55365],[33.67632,3.55452],[33.67919,3.55556],[33.684,3.55853],[33.68655,3.55833],[33.68789,3.55881],[33.69414,3.56514],[33.69587,3.5703],[33.69704,3.57643]]}},{"type":"Feature","properties":{"name":"Packwach-Railway Access","functional_class":"Class C National Road","surface_type":"Unsealed","length_km":0.274,"road_no":"C765"},"geometry":{"type":"LineString","coordinates":[[31.50648,2.46144],[31.50511,2.46345]]}},{"type":"Feature","properties":{"name":"Access to Adjumani Prison","functional_class":"Class C National Road","surface_type":"Unsealed","length_km":3.441,"road_no":"C723"},"geometry":{"type":"LineString","coordinates":[[31.77823,3.34159],[31.77194,3.33775],[31.7656,3.33727],[31.75867,3.33264],[31.75205,3.33189],[31.7522,3.33359]]}},{"type":"Feature","properties":{"name":"Lokapel - Adilang","functional_class":"Class C National Road","surface_type":"Unsealed","length_km":37.26,"road_no":"C678"},"geometry":{"type":"LineString","coordinates":[[33.44314,3.07114],[33.44196,3.07748],[33.43659,3.09245],[33.43339,3.10463],[33.43283,3.11859],[33.43399,3.126],[33.43558,3.15596],[33.43729,3.16171],[33.43949,3.1789],[33.44176,3.19011],[33.44321,3.19451],[33.44754,3.20166],[33.44902,3.2054],[33.44953,3.21787],[33.44859,3.23338],[33.44574,3.24085],[33.44254,3.24513],[33.4328,3.2531],[33.42174,3.26481],[33.40249,3.29072],[33.39295,3.30254],[33.37923,3.31903],[33.37042,3.32825],[33.35596,3.34477],[33.35118,3.34762],[33.35044,3.34747],[33.34982,3.3465],[33.34902,3.34655],[33.34449,3.34951],[33.33445,3.34805]]}},{"type":"Feature","properties":{"name":"Arom-Awere","functional_class":"Class C National Road","surface_type":"Unsealed","length_km":11.04,"road_no":"C667"},"geometry":{"type":"LineString","coordinates":[[32.83796,2.61169],[32.83512,2.61413],[32.82647,2.61928],[32.8215,2.62792],[32.81866,2.62896],[32.8141,2.62875],[32.81156,2.62945],[32.80417,2.63435],[32.80284,2.63694],[32.80253,2.63967],[32.79808,2.6538],[32.79621,2.65853],[32.79474,2.66035],[32.79305,2.66747],[32.79033,2.674],[32.78605,2.6825],[32.78521,2.6869]]}},{"type":"Feature","properties":{"name":"Keriri - Midigo","functional_class":"Class C National Road","surface_type":"Unsealed","length_km":14.013,"road_no":"C758"},"geometry":{"type":"LineString","coordinates":[[31.27052,3.49521],[31.26903,3.50229],[31.26634,3.51116],[31.26506,3.51296],[31.25859,3.51896],[31.25598,3.52326],[31.25667,3.52811],[31.25612,3.53329],[31.25502,3.53691],[31.25497,3.54246],[31.25255,3.54908],[31.25365,3.55087],[31.25012,3.55307],[31.24598,3.55675],[31.24447,3.55946],[31.24129,3.56878],[31.2391,3.57267],[31.23938,3.57727],[31.24084,3.58096],[31.24165,3.58616],[31.24051,3.58958],[31.2345,3.60067],[31.23255,3.60791]]}},{"type":"Feature","properties":{"name":"Madi Opei-Agoro Hills","functional_class":"Class C National Road","surface_type":"Unsealed","length_km":49.063,"road_no":"C702"},"geometry":{"type":"LineString","coordinates":[[33.09193,3.62305],[33.08989,3.65024],[33.08917,3.65426],[33.08876,3.67382],[33.08676,3.68283],[33.08537,3.68668],[33.08152,3.69399],[33.07693,3.69963],[33.05807,3.72571],[33.03803,3.76051],[33.02096,3.78798],[33.01691,3.79713],[33.01696,3.79679],[33.01605,3.79668],[33.01548,3.79779],[33.01356,3.79736],[33.00973,3.79543],[33.00584,3.79227],[33.00303,3.78803],[33.00004,3.77849],[32.99995,3.76537],[32.99929,3.76234],[33.00079,3.75463],[33.00024,3.73704],[33.00041,3.73369],[33.00125,3.73097],[33.00091,3.72573],[32.99681,3.71034],[32.98451,3.67285],[32.98409,3.67008],[32.98053,3.67016],[32.97728,3.66918],[32.97423,3.66894],[32.96163,3.66977],[32.95362,3.67149],[32.93239,3.69178],[32.92905,3.69302],[32.92612,3.69609],[32.92415,3.69688],[32.91976,3.6972],[32.90988,3.70269],[32.90619,3.70911],[32.90527,3.71907]]}},{"type":"Feature","properties":{"name":"Apac-Cegere","functional_class":"Class C National Road","surface_type":"Unsealed","length_km":12.278,"road_no":"C661"},"geometry":{"type":"LineString","coordinates":[[32.53416,1.9848],[32.52429,2.02864],[32.5182,2.04424],[32.51478,2.06482],[32.50919,2.09152]]}},{"type":"Feature","properties":{"name":"Pader - Kalongo","functional_class":"Class C National Road","surface_type":"Unsealed","length_km":37.1,"road_no":"C676"},"geometry":{"type":"LineString","coordinates":[[33.08689,2.88204],[33.09663,2.88946],[33.10746,2.89566],[33.11073,2.89626],[33.11822,2.8961],[33.12204,2.89689],[33.12828,2.90006],[33.14082,2.90495],[33.14603,2.9054],[33.15393,2.90835],[33.15831,2.91094],[33.166,2.91784],[33.17259,2.92155],[33.18457,2.92482],[33.19193,2.92589],[33.19884,2.92779],[33.20892,2.93202],[33.22729,2.93173],[33.24432,2.93319],[33.25175,2.93676],[33.25721,2.93816],[33.26038,2.93979],[33.26768,2.9424],[33.2772,2.94799],[33.28385,2.95042],[33.29327,2.95652],[33.3026,2.96356],[33.30984,2.96776],[33.31619,2.97036],[33.32369,2.97533],[33.33684,2.99236],[33.34675,3.00834],[33.35051,3.0162],[33.35353,3.02012],[33.35754,3.02355],[33.37035,3.02878]]}},{"type":"Feature","properties":{"name":"Arua - Lia","functional_class":"Class C National Road","surface_type":"Unsealed","length_km":15.205,"road_no":"C752"},"geometry":{"type":"LineString","coordinates":[[30.91026,3.0225],[30.90753,3.0272],[30.89494,3.03472],[30.89205,3.03558],[30.88612,3.04155],[30.874,3.04876],[30.86728,3.05081],[30.86047,3.05149],[30.85494,3.05373],[30.85191,3.05368],[30.84412,3.05483],[30.82013,3.05454],[30.81662,3.05384],[30.81219,3.05166],[30.80296,3.05344],[30.8009,3.05311],[30.7963,3.05104],[30.79328,3.05364],[30.79189,3.05829],[30.79181,3.06016]]}},{"type":"Feature","properties":{"name":"Gulu Railway Access","functional_class":"Class C National Road","surface_type":"Unsealed","length_km":1.633,"road_no":"C692"},"geometry":{"type":"LineString","coordinates":[[32.29991,2.76282],[32.29139,2.76211],[32.29038,2.76156],[32.29105,2.75913],[32.28888,2.75836]]}},{"type":"Feature","properties":{"name":"Alemere - Muntu","functional_class":"Class C National Road","surface_type":"Unsealed","length_km":11.26,"road_no":"C656"},"geometry":{"type":"LineString","coordinates":[[32.81772,1.63476],[32.8221,1.62931],[32.82718,1.62109],[32.83272,1.61477],[32.84339,1.60587],[32.85452,1.59948],[32.86277,1.59377],[32.86701,1.59182],[32.87257,1.58583],[32.87648,1.58349],[32.88135,1.58369],[32.88727,1.582],[32.89755,1.58183]]}},{"type":"Feature","properties":{"name":"Pakwach-Inde","functional_class":"Class C National Road","surface_type":"Unsealed","length_km":59.771,"road_no":"C743"},"geometry":{"type":"LineString","coordinates":[[31.49486,2.46088],[31.49114,2.46526],[31.47997,2.47247],[31.47653,2.47644],[31.46249,2.48735],[31.46144,2.4899],[31.45721,2.4947],[31.4533,2.50155],[31.44838,2.50873],[31.44661,2.51886],[31.4404,2.5304],[31.42134,2.55235],[31.40815,2.5691],[31.39926,2.58238],[31.38908,2.59556],[31.38596,2.60273],[31.38203,2.60758],[31.38162,2.61041],[31.38271,2.6154],[31.38297,2.62198],[31.3843,2.62844],[31.38947,2.64089],[31.39275,2.64727],[31.39563,2.6571],[31.39776,2.66174],[31.39863,2.67056],[31.39733,2.68974],[31.39641,2.69491],[31.39642,2.7034],[31.39449,2.71032],[31.39279,2.71444],[31.39296,2.71689],[31.39251,2.71853],[31.39285,2.72069],[31.39155,2.72798],[31.38716,2.73611],[31.38308,2.74094],[31.3798,2.7434],[31.37646,2.74539],[31.36694,2.74865],[31.3581,2.75346],[31.34965,2.76074],[31.34855,2.76363],[31.34762,2.77077],[31.34486,2.7791],[31.33638,2.79314],[31.33246,2.80071],[31.3304,2.80252],[31.30667,2.81762],[31.30062,2.82493],[31.29747,2.83056],[31.29303,2.8347],[31.2913,2.83838],[31.27058,2.85196],[31.26355,2.85405],[31.25539,2.85881],[31.24614,2.8653],[31.23809,2.87],[31.23264,2.87539]]}},{"type":"Feature","properties":{"name":"Panyimur - Paidha Via Erusi-Goli","functional_class":"Class C National Road","surface_type":"Unsealed","length_km":52.029,"road_no":"C747"},"geometry":{"type":"LineString","coordinates":[[31.31139,2.23386],[31.30839,2.23432],[31.29447,2.24249],[31.29368,2.24357],[31.29457,2.24573],[31.29317,2.24537],[31.29239,2.24643],[31.29123,2.24686],[31.29012,2.24622],[31.28942,2.24665],[31.28883,2.2485],[31.28769,2.24763],[31.28578,2.24758],[31.28456,2.24684],[31.28038,2.24688],[31.27858,2.24815],[31.27767,2.24817],[31.27561,2.24671],[31.27378,2.24621],[31.26791,2.24599],[31.26008,2.24892],[31.25763,2.25151],[31.25357,2.25295],[31.25061,2.25173],[31.24524,2.2509],[31.23715,2.24681],[31.23332,2.24545],[31.22861,2.24564],[31.22326,2.24717],[31.22014,2.24725],[31.21736,2.24857],[31.21104,2.25384],[31.21028,2.25617],[31.2103,2.25742],[31.21511,2.26409],[31.21545,2.27173],[31.21429,2.27984],[31.21102,2.28255],[31.20928,2.28532],[31.21025,2.29104],[31.21009,2.29437],[31.20767,2.30138],[31.20657,2.30244],[31.20328,2.30379],[31.20286,2.30341],[31.19502,2.30567],[31.18135,2.31117],[31.15864,2.31801],[31.15619,2.31742],[31.15471,2.3197],[31.15169,2.3193],[31.15079,2.32021],[31.14916,2.31985],[31.14797,2.31787],[31.14549,2.31564],[31.13938,2.31384],[31.13724,2.31517],[31.13726,2.3166],[31.13633,2.31718],[31.13546,2.31598],[31.13439,2.31041],[31.13362,2.30989],[31.13102,2.3092],[31.12951,2.30989],[31.1273,2.3154],[31.12652,2.31336],[31.12462,2.31153],[31.12282,2.31051],[31.12108,2.31069],[31.1191,2.31132],[31.117,2.3136],[31.11662,2.31511],[31.11746,2.31566],[31.11469,2.318],[31.11368,2.3213],[31.11411,2.32448],[31.11238,2.32586],[31.11036,2.32434],[31.10375,2.32415],[31.09901,2.31972],[31.09755,2.31895],[31.09565,2.31602],[31.09169,2.3119],[31.09076,2.30992],[31.08881,2.30902],[31.0868,2.30934],[31.08547,2.3087],[31.07967,2.31311],[31.07823,2.31539],[31.07678,2.31968],[31.07467,2.32148],[31.07296,2.32497],[31.07239,2.32812],[31.06998,2.33069],[31.0699,2.33305],[31.0689,2.33586],[31.07015,2.33864],[31.07071,2.34146],[31.07068,2.34464],[31.0696,2.3496],[31.07051,2.35219],[31.06984,2.35827],[31.07099,2.36185],[31.07118,2.36497],[31.06834,2.36771],[31.0667,2.37541],[31.06513,2.37652],[31.06167,2.37695],[31.05812,2.37982],[31.05594,2.3809],[31.05515,2.3808],[31.05408,2.37839],[31.05272,2.37706],[31.05186,2.37703],[31.05115,2.37884],[31.04988,2.37742],[31.04883,2.3771],[31.04852,2.37847],[31.04702,2.38039],[31.0464,2.38033],[31.04522,2.37883],[31.04436,2.37985],[31.04239,2.37993],[31.04279,2.38182],[31.04128,2.38628],[31.03806,2.38547],[31.03417,2.38721],[31.03162,2.38661]]}},{"type":"Feature","properties":{"name":"Amuru Junction - Mungula","functional_class":"Class C National Road","surface_type":"Unsealed","length_km":25.652,"road_no":"C688"},"geometry":{"type":"LineString","coordinates":[[31.92711,2.81803],[31.92683,2.82104],[31.92546,2.82295],[31.92666,2.829],[31.9286,2.83395],[31.93262,2.83887],[31.93595,2.84488],[31.93719,2.84891],[31.93656,2.85503],[31.93541,2.85795],[31.93494,2.86109],[31.93507,2.86501],[31.93451,2.86959],[31.93532,2.87268],[31.93742,2.87525],[31.93959,2.87926],[31.94222,2.8821],[31.94605,2.88485],[31.95193,2.88767],[31.95466,2.8899],[31.95693,2.89492],[31.95892,2.89674],[31.96285,2.9065],[31.96568,2.91134],[31.96602,2.91389],[31.9651,2.91776],[31.96223,2.91997],[31.95839,2.9245],[31.95138,2.93017],[31.94246,2.93311],[31.9379,2.93608],[31.92834,2.93811],[31.92198,2.93849],[31.91844,2.93976],[31.8979,2.94094],[31.89505,2.9416],[31.88836,2.94463],[31.88552,2.94664],[31.88224,2.94732],[31.87934,2.94914],[31.87505,2.95447],[31.87354,2.95842],[31.87215,2.96005],[31.86955,2.96073],[31.86695,2.95948],[31.86576,2.95979]]}},{"type":"Feature","properties":{"name":"Ochero-Namasale","functional_class":"Class C National Road","surface_type":"Unsealed","length_km":42.292,"road_no":"C653"},"geometry":{"type":"LineString","coordinates":[[32.92594,1.63143],[32.91639,1.63233],[32.89903,1.63664],[32.87744,1.64086],[32.85209,1.63952],[32.84244,1.63697],[32.81241,1.63284],[32.79836,1.62786],[32.78442,1.62559],[32.77965,1.62397],[32.77421,1.62114],[32.7638,1.61769],[32.75425,1.61099],[32.73463,1.6052],[32.73092,1.60284],[32.72709,1.59946],[32.72113,1.59244],[32.71476,1.58253],[32.70985,1.57292],[32.70737,1.56408],[32.70732,1.55837],[32.70358,1.55079],[32.69963,1.53689],[32.69702,1.53298],[32.69099,1.52927],[32.68347,1.5218],[32.6816,1.52075],[32.67744,1.51983],[32.67325,1.51583],[32.65239,1.5083],[32.64038,1.50324],[32.6383,1.50314],[32.63202,1.50442],[32.62723,1.50351],[32.61651,1.49627],[32.61444,1.49424]]}},{"type":"Feature","properties":{"name":"Yuku - Lobe spur","functional_class":"Class C National Road","surface_type":"Unsealed","length_km":10.228,"road_no":"C768"},"geometry":{"type":"MultiLineString","coordinates":[[[31.09445,3.57219],[31.09448,3.57414],[31.09337,3.57797],[31.09543,3.58028],[31.0978,3.58134]],[[31.0978,3.58134],[31.0978,3.58134]],[[31.0978,3.58134],[31.10301,3.58797],[31.10515,3.59314],[31.10714,3.59499],[31.11132,3.60076],[31.11423,3.60852],[31.11536,3.60699],[31.11674,3.60338],[31.11785,3.5983],[31.12327,3.594],[31.12829,3.58803],[31.12839,3.58661],[31.13198,3.57762],[31.13132,3.57472],[31.13155,3.57115],[31.13327,3.56805]]]}},{"type":"Feature","properties":{"name":"Adjumani - Sinyanya Ferry landing","functional_class":"Class C National Road","surface_type":"Unsealed","length_km":34.352,"road_no":"C726"},"geometry":{"type":"LineString","coordinates":[[31.79255,3.37791],[31.79149,3.37703],[31.78554,3.37605],[31.78112,3.37699],[31.77806,3.37455],[31.77075,3.37213],[31.75594,3.36898],[31.73447,3.36345],[31.73019,3.36167],[31.71889,3.3541],[31.7162,3.35402],[31.71335,3.35563],[31.70949,3.35594],[31.70331,3.34599],[31.69998,3.33618],[31.69991,3.33486],[31.69808,3.33346],[31.69636,3.32867],[31.69504,3.32736],[31.69113,3.32573],[31.68713,3.3221],[31.68642,3.32087],[31.68552,3.31343],[31.68808,3.30777],[31.6889,3.30267],[31.68809,3.29164],[31.68873,3.28567],[31.68691,3.28402],[31.68175,3.28015],[31.67913,3.27909],[31.67541,3.27574],[31.67218,3.27376],[31.66729,3.27162],[31.6597,3.27056],[31.65509,3.26628],[31.65183,3.26523],[31.64783,3.26311],[31.64322,3.26354],[31.6343,3.26259],[31.62197,3.26508],[31.61868,3.26454],[31.61637,3.26516],[31.61625,3.26385],[31.61123,3.25719],[31.59745,3.24391],[31.58925,3.23925],[31.58217,3.23603],[31.5802,3.23387],[31.57588,3.23125],[31.57168,3.23143],[31.57002,3.23198]]}},{"type":"Feature","properties":{"name":"Acholibur - Aswa","functional_class":"Class C National Road","surface_type":"Bituminous","length_km":45.119,"road_no":"C681"},"geometry":{"type":"LineString","coordinates":[[32.91397,3.14469],[32.91082,3.14167],[32.90697,3.13964],[32.90441,3.13763],[32.89556,3.12609],[32.86918,3.10227],[32.86132,3.09682],[32.84072,3.0804],[32.83627,3.07737],[32.82947,3.07649],[32.82154,3.07371],[32.81402,3.06887],[32.80456,3.06067],[32.7998,3.05848],[32.78992,3.05265],[32.78392,3.04636],[32.77838,3.03527],[32.77344,3.03426],[32.77125,3.03332],[32.76796,3.03108],[32.75784,3.02248],[32.75599,3.02056],[32.75252,3.01326],[32.74514,3.00506],[32.73132,2.99647],[32.71119,2.98006],[32.70772,2.97667],[32.70254,2.96871],[32.69843,2.96567],[32.69339,2.96354],[32.67918,2.96122],[32.67498,2.96097],[32.66571,2.96187],[32.66018,2.96322],[32.64036,2.96606],[32.63069,2.96599],[32.62677,2.96763],[32.62504,2.96786],[32.61369,2.9648],[32.60766,2.96188],[32.60005,2.95972],[32.58878,2.95843],[32.58226,2.95885],[32.5814,2.95851]]}},{"type":"Feature","properties":{"name":"Katikati - Tenumu - Nwoya","functional_class":"Class C National Road","surface_type":"Unsealed","length_km":34.538,"road_no":"C685"},"geometry":{"type":"LineString","coordinates":[[32.23742,2.76777],[32.2263,2.75989],[32.2194,2.75692],[32.21484,2.75594],[32.20666,2.75205],[32.19945,2.75136],[32.19295,2.75329],[32.19009,2.75341],[32.17348,2.74984],[32.16271,2.74922],[32.14485,2.74318],[32.12221,2.74165],[32.11752,2.74025],[32.11314,2.74121],[32.10775,2.74136],[32.09633,2.73595],[32.09188,2.732],[32.08846,2.72997],[32.08534,2.72701],[32.07997,2.72703],[32.07559,2.72544],[32.07164,2.72553],[32.05117,2.71822],[32.04272,2.71603],[32.04013,2.71436],[32.03696,2.71377],[32.03348,2.71021],[32.03102,2.7067],[32.02699,2.69691],[32.02626,2.69163],[32.02668,2.68242],[32.02398,2.67426],[32.02149,2.6721],[32.0095,2.66807],[32.00672,2.66613],[32.00676,2.65949],[32.00618,2.65747],[32.00304,2.65167],[32.00265,2.64688],[32.00055,2.64092],[32.00091,2.63732],[31.99983,2.63419],[32.00012,2.63319]]}},{"type":"Feature","properties":{"name":"Apala-Adwari","functional_class":"Class C National Road","surface_type":"Unsealed","length_km":27.187,"road_no":"C673"},"geometry":{"type":"LineString","coordinates":[[33.04186,2.40009],[33.05353,2.40835],[33.05837,2.41323],[33.06198,2.41446],[33.06744,2.41829],[33.0712,2.42013],[33.07732,2.42537],[33.07976,2.42672],[33.09617,2.43264],[33.1167,2.43809],[33.13378,2.44165],[33.14045,2.44376],[33.14825,2.44916],[33.15558,2.45647],[33.15716,2.45911],[33.16649,2.46465],[33.19291,2.46819],[33.20741,2.46324],[33.21514,2.46043],[33.22357,2.45232],[33.24648,2.43743],[33.25666,2.43353]]}},{"type":"Feature","properties":{"name":"Obongi - Kulikulinga","functional_class":"Class C National Road","surface_type":"Unsealed","length_km":45.546,"road_no":"C721"},"geometry":{"type":"LineString","coordinates":[[31.25046,3.3464],[31.25811,3.34552],[31.26551,3.34871],[31.26785,3.34893],[31.27179,3.34677],[31.28076,3.34442],[31.28491,3.33948],[31.28661,3.33855],[31.29025,3.33855],[31.2945,3.34068],[31.29586,3.34237],[31.29745,3.34248],[31.29995,3.34172],[31.30289,3.33924],[31.30614,3.33845],[31.30878,3.33592],[31.31158,3.33447],[31.31381,3.33198],[31.31441,3.32974],[31.31744,3.3266],[31.31757,3.32404],[31.31852,3.32108],[31.32532,3.30971],[31.32689,3.30902],[31.33098,3.30921],[31.33488,3.3081],[31.33731,3.30612],[31.34342,3.29916],[31.34789,3.29693],[31.35064,3.29384],[31.35182,3.2892],[31.35297,3.2869],[31.35657,3.28353],[31.3594,3.27933],[31.35869,3.27555],[31.35912,3.27282],[31.3559,3.26875],[31.35662,3.26363],[31.35855,3.25843],[31.36551,3.25335],[31.36807,3.24994],[31.37047,3.24844],[31.38462,3.24993],[31.38973,3.24936],[31.39122,3.24748],[31.39219,3.24461],[31.39797,3.24007],[31.40035,3.23581],[31.40091,3.23384],[31.40314,3.23349],[31.40454,3.23188],[31.40786,3.23315],[31.40865,3.23301],[31.41165,3.23011],[31.4129,3.22748],[31.41597,3.22457],[31.42096,3.22512],[31.4284,3.22724],[31.43372,3.23007],[31.43911,3.2306],[31.44391,3.23376],[31.44554,3.23336],[31.45191,3.22994],[31.45624,3.22898],[31.46039,3.23136],[31.464,3.23201],[31.46511,3.23309],[31.46979,3.24075],[31.47245,3.2521],[31.47456,3.25316],[31.47826,3.25394],[31.48904,3.25177],[31.49339,3.25299],[31.49663,3.25318],[31.50573,3.25187],[31.51097,3.24993],[31.51491,3.25135],[31.51652,3.25126],[31.52224,3.25],[31.5273,3.24766],[31.53292,3.24724],[31.53817,3.24542],[31.54233,3.24474],[31.55364,3.24022],[31.55936,3.2388]]}},{"type":"Feature","properties":{"name":"Ngai-Abok-Otwal-Aromo","functional_class":"Class C National Road","surface_type":"Unsealed","length_km":50.098,"road_no":"C666"},"geometry":{"type":"LineString","coordinates":[[32.50132,2.4937],[32.5035,2.51033],[32.50349,2.52195],[32.50393,2.52643],[32.50657,2.53325],[32.52176,2.53877],[32.5325,2.54486],[32.55021,2.55307],[32.58414,2.57181],[32.59241,2.57462],[32.59907,2.57576],[32.60633,2.5754],[32.60985,2.57434],[32.61268,2.57319],[32.62288,2.56725],[32.63214,2.55356],[32.63672,2.54487],[32.64411,2.53658],[32.65031,2.52594],[32.65102,2.52584],[32.6537,2.52336],[32.65968,2.51991],[32.6705,2.51537],[32.68421,2.51587],[32.69659,2.51243],[32.70299,2.51167],[32.70851,2.52301],[32.71121,2.52419],[32.71357,2.52606],[32.71824,2.53307],[32.72977,2.54652],[32.73541,2.54967],[32.74534,2.55319],[32.75661,2.55969],[32.77638,2.5697],[32.78924,2.57913],[32.80386,2.59127],[32.80876,2.6001],[32.81129,2.60348],[32.81974,2.60964],[32.82313,2.61119],[32.82662,2.61167],[32.83784,2.61187]]}},{"type":"Feature","properties":{"name":"Lomunga - Bidibidi - Kochi","functional_class":"Class C National Road","surface_type":"Unsealed","length_km":44.148,"road_no":"C756"},"geometry":{"type":"LineString","coordinates":[[31.28563,3.40923],[31.28788,3.40836],[31.29388,3.40843],[31.30055,3.40584],[31.30351,3.40374],[31.30707,3.39946],[31.31643,3.39746],[31.31763,3.39577],[31.3207,3.39416],[31.32276,3.39196],[31.32811,3.3882],[31.33478,3.38923],[31.33798,3.39136],[31.34173,3.39261],[31.35361,3.39114],[31.35841,3.38755],[31.36137,3.38861],[31.36268,3.38854],[31.36375,3.39065],[31.36611,3.39338],[31.36644,3.39692],[31.37077,3.40043],[31.37546,3.40811],[31.37498,3.41027],[31.37624,3.41212],[31.37879,3.41437],[31.38124,3.41452],[31.38726,3.41737],[31.39012,3.42036],[31.39219,3.42553],[31.39252,3.43111],[31.39209,3.43389],[31.39359,3.43995],[31.38617,3.44898],[31.38247,3.45163],[31.38081,3.45344],[31.37802,3.45405],[31.37517,3.45674],[31.37259,3.456],[31.36366,3.45111],[31.36173,3.4511],[31.35846,3.45327],[31.35655,3.4565],[31.35168,3.46005],[31.35201,3.46338],[31.35136,3.46668],[31.34903,3.46883],[31.34162,3.47357],[31.34029,3.47545],[31.33872,3.4804],[31.33912,3.48904],[31.34313,3.48763],[31.34515,3.48619],[31.34725,3.48291],[31.34872,3.47944],[31.35017,3.47803],[31.35291,3.47647],[31.35665,3.47627],[31.36183,3.47668],[31.36757,3.47834],[31.37659,3.47904],[31.37867,3.48007],[31.3854,3.48564],[31.39977,3.49274],[31.40037,3.49896],[31.40226,3.50144],[31.40457,3.50866],[31.40622,3.51063],[31.41282,3.51418],[31.41456,3.51575],[31.41542,3.51746],[31.41613,3.52092],[31.4145,3.52364],[31.42207,3.52892],[31.42193,3.53067],[31.42327,3.53442],[31.42623,3.5404],[31.42617,3.54338],[31.43017,3.54931],[31.43327,3.55558],[31.43616,3.55641],[31.43783,3.55795],[31.43779,3.55925]]}},{"type":"Feature","properties":{"name":"Logiri - Bondo","functional_class":"Class C National Road","surface_type":"Unsealed","length_km":16.845,"road_no":"C760"},"geometry":{"type":"LineString","coordinates":[[30.85889,2.76857],[30.85989,2.76775],[30.86142,2.76773],[30.86771,2.7585],[30.8778,2.75942],[30.88724,2.7572],[30.88952,2.75808],[30.8907,2.75936],[30.89116,2.7617],[30.89091,2.76643],[30.8951,2.77284],[30.90218,2.77473],[30.90811,2.77118],[30.91021,2.77088],[30.91211,2.77266],[30.91429,2.77361],[30.91859,2.7797],[30.92014,2.77921],[30.92441,2.78161],[30.92556,2.78638],[30.92775,2.7897],[30.93006,2.78966],[30.93343,2.78805],[30.93672,2.78888],[30.9415,2.7884],[30.94573,2.78875],[30.95082,2.78689],[30.95375,2.78703],[30.95933,2.78862],[30.96171,2.79007],[30.97755,2.79668]]}},{"type":"Feature","properties":{"name":"Padibe - Paloga","functional_class":"Class C National Road","surface_type":"Unsealed","length_km":16.832,"road_no":"C705"},"geometry":{"type":"LineString","coordinates":[[33.08745,3.60595],[33.07642,3.60801],[33.06852,3.6118],[33.06376,3.61159],[33.05868,3.61212],[33.04591,3.6142],[33.03979,3.61283],[33.03134,3.61261],[33.01762,3.61519],[32.99802,3.61592],[32.99221,3.61449],[32.98728,3.61178],[32.98145,3.60936],[32.9682,3.60125],[32.95317,3.59334],[32.9475,3.592],[32.94454,3.58966]]}},{"type":"Feature","properties":{"name":"Ngomoromo - Nyimur - Bibia","functional_class":"Class C National Road","surface_type":"Unsealed","length_km":45.085,"road_no":"C708"},"geometry":{"type":"LineString","coordinates":[[32.57713,3.69879],[32.57591,3.69745],[32.57531,3.69575],[32.56694,3.69177],[32.55889,3.68661],[32.55502,3.68682],[32.55298,3.68622],[32.55019,3.6866],[32.54077,3.6909],[32.5294,3.6948],[32.51566,3.69368],[32.51019,3.69136],[32.50476,3.68732],[32.49907,3.68773],[32.49414,3.68906],[32.49246,3.68867],[32.4912,3.68728],[32.48557,3.68743],[32.47843,3.68561],[32.476,3.6855],[32.47182,3.68764],[32.4701,3.68923],[32.46546,3.69093],[32.45573,3.68913],[32.44497,3.68534],[32.43594,3.68336],[32.42956,3.67998],[32.42678,3.67787],[32.42298,3.6724],[32.41688,3.66674],[32.41146,3.66013],[32.40631,3.65239],[32.40407,3.64541],[32.40323,3.63983],[32.40067,3.63776],[32.39656,3.63555],[32.39568,3.63306],[32.3928,3.62814],[32.38359,3.62081],[32.38202,3.61922],[32.37982,3.6155],[32.37637,3.61265],[32.3723,3.61057],[32.36799,3.6092],[32.36388,3.60683],[32.36515,3.60372],[32.37338,3.59464],[32.381,3.58099],[32.38592,3.56997],[32.3847,3.56775],[32.38451,3.56493],[32.38804,3.56322],[32.3891,3.56202],[32.39406,3.55148],[32.39743,3.54232],[32.39884,3.54092],[32.40308,3.53831],[32.40622,3.53453],[32.41445,3.53023],[32.42223,3.52398],[32.42344,3.52177],[32.42618,3.51904],[32.42951,3.51326],[32.43411,3.5076],[32.4384,3.5058],[32.44516,3.49831],[32.44656,3.49738]]}},{"type":"Feature","properties":{"name":"Loro Prisons Access","functional_class":"Class C National Road","surface_type":"Unsealed","length_km":1.935,"road_no":"C663"},"geometry":{"type":"LineString","coordinates":[[32.46966,2.23142],[32.47143,2.21775],[32.47379,2.21721],[32.47367,2.21612]]}},{"type":"Feature","properties":{"name":"Arua - Muni PTTC - Eruba","functional_class":"Class C National Road","surface_type":"Unsealed","length_km":5.971,"road_no":"C750"},"geometry":{"type":"LineString","coordinates":[[30.92,2.97542],[30.92203,2.97561],[30.92444,2.97861],[30.92681,2.9848],[30.92804,2.98677],[30.93229,2.98836],[30.92868,2.99303],[30.92593,3.00084],[30.92137,3.00655],[30.91833,3.01306],[30.9162,3.01185],[30.9151,3.01377],[30.91531,3.01423]]}},{"type":"Feature","properties":{"name":"Pabbo - Ajulu - Uyama","functional_class":"Class C National Road","surface_type":"Unsealed","length_km":20.022,"road_no":"C690"},"geometry":{"type":"LineString","coordinates":[[32.14966,3.01011],[32.15641,3.01164],[32.16406,3.01263],[32.16932,3.0184],[32.1734,3.0192],[32.18369,3.01911],[32.19571,3.01814],[32.20233,3.0188],[32.2092,3.0202],[32.21684,3.01773],[32.2235,3.01774],[32.22572,3.02021],[32.22779,3.02163],[32.23314,3.02253],[32.24745,3.02317],[32.26583,3.01892],[32.27346,3.01791],[32.28299,3.01494],[32.28692,3.01073],[32.28746,3.0062],[32.29026,2.99901],[32.29508,2.99101],[32.29887,2.98821],[32.30704,2.98677]]}},{"type":"Feature","properties":{"name":"Ami-Kidilani","functional_class":"Class C National Road","surface_type":"Unsealed","length_km":16.38,"road_no":"C659"},"geometry":{"type":"LineString","coordinates":[[32.4075,1.93224],[32.39984,1.94145],[32.39569,1.94358],[32.39361,1.94564],[32.39159,1.94574],[32.38724,1.9503],[32.38342,1.95213],[32.3792,1.95749],[32.36747,1.97924],[32.36455,1.99274],[32.36211,2.00804],[32.37045,2.0263],[32.37115,2.02736],[32.37342,2.02876],[32.37436,2.03315],[32.38587,2.05402]]}},{"type":"Feature","properties":{"name":"Nebbi - Goli","functional_class":"Class C National Road","surface_type":"Unsealed","length_km":15.141,"road_no":"C745"},"geometry":{"type":"LineString","coordinates":[[31.0899,2.47849],[31.082,2.47764],[31.07653,2.47642],[31.07307,2.47721],[31.07359,2.47468],[31.07183,2.47401],[31.06961,2.47134],[31.06959,2.46792],[31.0673,2.46848],[31.06624,2.4681],[31.06467,2.46257],[31.06033,2.45652],[31.05716,2.44965],[31.05328,2.44635],[31.05086,2.44022],[31.04618,2.4325],[31.04382,2.42659],[31.0429,2.42276],[31.03995,2.41713],[31.03949,2.41422],[31.03631,2.41047],[31.03374,2.40611],[31.03131,2.39817],[31.02908,2.39502],[31.03006,2.3917],[31.03104,2.39021],[31.03163,2.38658],[31.03132,2.38513],[31.03197,2.38339],[31.03025,2.38081],[31.02993,2.37714]]}},{"type":"Feature","properties":{"name":"Awee - Omee Rhino  Camp","functional_class":"Class C National Road","surface_type":"Unsealed","length_km":23.043,"road_no":"C686"},"geometry":{"type":"LineString","coordinates":[[31.58589,2.874],[31.58707,2.87662],[31.58662,2.8789],[31.58575,2.88078],[31.58156,2.88559],[31.57902,2.8877],[31.57432,2.88853],[31.57046,2.89091],[31.56554,2.88937],[31.55935,2.88901],[31.5559,2.88829],[31.55455,2.88708],[31.54989,2.87964],[31.54477,2.87326],[31.54266,2.87211],[31.53462,2.87259],[31.53148,2.87064],[31.52998,2.87031],[31.5242,2.87095],[31.51781,2.87504],[31.51258,2.87607],[31.50952,2.87752],[31.5016,2.88286],[31.49881,2.88654],[31.49555,2.89228],[31.49406,2.89376],[31.48846,2.89387],[31.48473,2.89529],[31.48278,2.89657],[31.48039,2.89419],[31.47753,2.89267],[31.47535,2.8904],[31.46977,2.88734],[31.45387,2.89115],[31.4507,2.89044],[31.44771,2.89046],[31.44399,2.88794],[31.443,2.88793],[31.44216,2.88863],[31.44092,2.89357],[31.43873,2.89511],[31.43818,2.89624],[31.43664,2.90426],[31.43524,2.90589],[31.43169,2.90669],[31.43033,2.90609],[31.42844,2.90911]]}},{"type":"Feature","properties":{"name":"Agwata - Kachung","functional_class":"Class C National Road","surface_type":"Unsealed","length_km":9.141,"road_no":"C652"},"geometry":{"type":"LineString","coordinates":[[32.97958,1.97413],[32.98053,1.96817],[32.97954,1.96233],[32.96456,1.9228],[32.96834,1.90505],[32.97305,1.89644]]}},{"type":"Feature","properties":{"name":"Elefe - Odokibo (Iti)","functional_class":"Class C National Road","surface_type":"Unsealed","length_km":9.455,"road_no":"C766"},"geometry":{"type":"LineString","coordinates":[[31.1788,3.32594],[31.17735,3.32813],[31.17377,3.33057],[31.1693,3.33619],[31.16478,3.3453],[31.16237,3.34703],[31.15844,3.348],[31.15777,3.34872],[31.15682,3.35319],[31.15773,3.36091],[31.15707,3.36326],[31.1556,3.36568],[31.1477,3.37183],[31.14617,3.3743],[31.14062,3.37741],[31.13234,3.38313],[31.12868,3.38647]]}},{"type":"Feature","properties":{"name":"Bobi-Aboke-Ayer","functional_class":"Class C National Road","surface_type":"Unsealed","length_km":54.222,"road_no":"C655"},"geometry":{"type":"LineString","coordinates":[[32.3565,2.56955],[32.35816,2.5701],[32.36025,2.56958],[32.36916,2.56578],[32.3905,2.55322],[32.39314,2.54851],[32.39384,2.53887],[32.39607,2.53468],[32.40273,2.52465],[32.42081,2.5317],[32.42222,2.53173],[32.42936,2.52647],[32.4351,2.52127],[32.44973,2.51307],[32.4661,2.50744],[32.47178,2.5045],[32.48548,2.49976],[32.49163,2.49663],[32.5018,2.49332],[32.51392,2.48852],[32.52159,2.48494],[32.53304,2.47843],[32.5392,2.47578],[32.56785,2.46721],[32.58058,2.4622],[32.58982,2.45713],[32.62124,2.43708],[32.64813,2.40211],[32.65287,2.39312],[32.65478,2.3864],[32.68182,2.36064],[32.68259,2.35714],[32.68527,2.33337],[32.68974,2.2846]]}},{"type":"Feature","properties":{"name":"Wandi - Rhino camp","functional_class":"Class C National Road","surface_type":"Unsealed","length_km":51.549,"road_no":"C741"},"geometry":{"type":"LineString","coordinates":[[30.97878,3.10074],[30.98304,3.1013],[30.98608,3.10111],[30.99394,3.09855],[31.0026,3.09438],[31.00987,3.08832],[31.01132,3.08764],[31.01599,3.08769],[31.02704,3.09035],[31.02907,3.08706],[31.03084,3.08584],[31.03421,3.08569],[31.03541,3.08624],[31.04099,3.08465],[31.04422,3.0824],[31.04657,3.08166],[31.05225,3.08003],[31.06159,3.07861],[31.06926,3.07527],[31.07644,3.07285],[31.08309,3.06781],[31.09419,3.06569],[31.09867,3.06309],[31.10172,3.06213],[31.10511,3.06172],[31.11235,3.06309],[31.11536,3.06249],[31.12022,3.0591],[31.12618,3.05291],[31.13204,3.04987],[31.13929,3.0433],[31.14426,3.03782],[31.15391,3.03249],[31.16148,3.02698],[31.16641,3.02561],[31.16996,3.02194],[31.17168,3.02134],[31.173,3.0215],[31.17878,3.02514],[31.18215,3.02594],[31.18983,3.02424],[31.19394,3.02255],[31.20609,3.01565],[31.21498,3.00692],[31.2245,3.0042],[31.23009,3.00194],[31.24056,3.00022],[31.24724,2.99709],[31.25756,2.99377],[31.27192,2.99235],[31.27885,2.99048],[31.2873,2.9898],[31.30212,2.98321],[31.30974,2.98084],[31.32216,2.97812],[31.32797,2.97756],[31.33688,2.97544],[31.34508,2.97453],[31.35761,2.97507],[31.36697,2.97628],[31.37763,2.97287],[31.38346,2.97192],[31.40032,2.97283],[31.40107,2.97334],[31.40116,2.97411]]}},{"type":"Feature","properties":{"name":"Layibi - Custom corner","functional_class":"Class C National Road","surface_type":"Bituminous","length_km":3.911,"road_no":"C683"},"geometry":{"type":"LineString","coordinates":[[32.30581,2.74343],[32.29474,2.7436],[32.29335,2.74415],[32.27923,2.7612]]}},{"type":"Feature","properties":{"name":"Apala-Aloi","functional_class":"Class C National Road","surface_type":"Unsealed","length_km":20.683,"road_no":"C672"},"geometry":{"type":"LineString","coordinates":[[33.04208,2.40009],[33.05258,2.39357],[33.05595,2.39016],[33.06492,2.38416],[33.07448,2.37602],[33.07879,2.37502],[33.08329,2.37283],[33.08714,2.36818],[33.10911,2.34587],[33.11927,2.3366],[33.13364,2.31988],[33.14376,2.30927],[33.16052,2.29224],[33.17059,2.28287],[33.17411,2.27783],[33.17542,2.27386]]}},{"type":"Feature","properties":{"name":"Potika - Lututur","functional_class":"Class C National Road","surface_type":"Unsealed","length_km":12.038,"road_no":"C706"},"geometry":{"type":"LineString","coordinates":[[32.88087,3.71989],[32.88733,3.71872],[32.89621,3.71599],[32.89937,3.71574],[32.90238,3.71631],[32.90523,3.71906],[32.91971,3.72786],[32.92085,3.73036],[32.9244,3.73131],[32.92483,3.73241],[32.92345,3.7345],[32.9268,3.73329],[32.9272,3.73363],[32.92673,3.73461],[32.92934,3.73516],[32.92727,3.73613],[32.93073,3.73724],[32.9308,3.73924],[32.9296,3.74092],[32.93334,3.74179],[32.93183,3.74429],[32.92561,3.74851],[32.92393,3.74878],[32.92294,3.75038],[32.92062,3.75138],[32.91801,3.75169],[32.91643,3.7528],[32.91432,3.7553],[32.91347,3.75577],[32.91317,3.7553],[32.91176,3.7564]]}},{"type":"Feature","properties":{"name":"Pajimo-Army Barracks","functional_class":"Class C National Road","surface_type":"Unsealed","length_km":1.264,"road_no":"C711"},"geometry":{"type":"LineString","coordinates":[[32.78908,3.32922],[32.78951,3.33398],[32.7906,3.33586],[32.7927,3.33607],[32.79486,3.33545]]}},{"type":"Feature","properties":{"name":"Patongo - Kalongo","functional_class":"Class C National Road","surface_type":"Unsealed","length_km":31.986,"road_no":"C677"},"geometry":{"type":"LineString","coordinates":[[33.30719,2.76619],[33.30822,2.77753],[33.31472,2.78843],[33.3174,2.79111],[33.32709,2.80414],[33.33176,2.81541],[33.33513,2.81965],[33.33622,2.82213],[33.33719,2.82744],[33.33981,2.83443],[33.34076,2.84193],[33.3437,2.85181],[33.34378,2.86794],[33.34545,2.87814],[33.3473,2.88143],[33.3527,2.88812],[33.35749,2.89558],[33.36947,2.93685],[33.37022,2.95154],[33.37252,2.96459],[33.37214,2.97158],[33.37004,2.98735],[33.36969,3.00603],[33.3692,3.00802],[33.36981,3.01124],[33.36985,3.02586],[33.37155,3.03441],[33.37187,3.03858]]}},{"type":"Feature","properties":{"name":"Gulu-Opit","functional_class":"Class C National Road","surface_type":"Unsealed","length_km":64.108,"road_no":"C680"},"geometry":{"type":"LineString","coordinates":[[32.2979,2.77171],[32.31907,2.77422],[32.33206,2.77361],[32.34389,2.7744],[32.35175,2.77612],[32.36259,2.77973],[32.36913,2.78038],[32.37484,2.77973],[32.38203,2.77511],[32.39062,2.76516],[32.39516,2.75698],[32.39581,2.75353],[32.39694,2.75107],[32.39875,2.748],[32.40356,2.74231],[32.40563,2.73281],[32.41108,2.719],[32.41194,2.71277],[32.41471,2.70734],[32.41668,2.70016],[32.41798,2.69865],[32.42024,2.69784],[32.43099,2.69604],[32.44087,2.69218],[32.44456,2.68931],[32.45088,2.681],[32.45339,2.67651],[32.46665,2.66945],[32.47345,2.64598],[32.4802,2.62872],[32.47942,2.61969],[32.47765,2.61504],[32.48298,2.61595],[32.49398,2.6154],[32.51527,2.62792],[32.53114,2.64093],[32.55796,2.63303],[32.57736,2.63349],[32.58636,2.63691],[32.60426,2.64433],[32.60513,2.64581],[32.6065,2.65389],[32.60755,2.65543],[32.61955,2.65975],[32.62288,2.66046],[32.63451,2.66523],[32.64912,2.68204],[32.66024,2.68803],[32.67315,2.68798],[32.68533,2.68998],[32.68887,2.6913],[32.69501,2.69201],[32.70064,2.69379],[32.70803,2.69163],[32.7246,2.68426],[32.72858,2.67999],[32.72918,2.68021]]}},{"type":"Feature","properties":{"name":"Lira Railway Access","functional_class":"Class C National Road","surface_type":"Bituminous","length_km":2.277,"road_no":"C669"},"geometry":{"type":"LineString","coordinates":[[32.90508,2.25483],[32.90905,2.25274],[32.91217,2.25386],[32.91488,2.2542],[32.9182,2.24863],[32.91623,2.2456]]}},{"type":"Feature","properties":{"name":"Midigo - Kerwa","functional_class":"Class C National Road","surface_type":"Unsealed","length_km":21.733,"road_no":"C758"},"geometry":{"type":"LineString","coordinates":[[31.23255,3.60791],[31.23417,3.61529],[31.23696,3.62005],[31.24221,3.62548],[31.24414,3.6287],[31.24494,3.63263],[31.24371,3.63638],[31.24366,3.64006],[31.24411,3.64171],[31.24704,3.64665],[31.25114,3.65174],[31.25427,3.65428],[31.26163,3.65652],[31.26687,3.65657],[31.27444,3.65853],[31.27868,3.66079],[31.28038,3.66233],[31.28661,3.67755],[31.29096,3.68391],[31.29561,3.69229],[31.30016,3.69779],[31.30236,3.70245],[31.30578,3.70681],[31.3135,3.71988],[31.31392,3.72242],[31.31352,3.726],[31.30889,3.73619],[31.30277,3.7438],[31.29003,3.75439],[31.28827,3.75637]]}},{"type":"Feature","properties":{"name":"Kitgum - Orom","functional_class":"Class C National Road","surface_type":"Unsealed","length_km":79.113,"road_no":"C703"},"geometry":{"type":"LineString","coordinates":[[32.89854,3.27339],[32.90524,3.27194],[32.91571,3.26777],[32.92763,3.26022],[32.93665,3.25269],[32.94948,3.23906],[32.95625,3.23609],[32.96469,3.234],[32.96883,3.23231],[32.98374,3.23037],[32.99469,3.2323],[33.00057,3.23414],[33.00408,3.23624],[33.00678,3.23698],[33.01117,3.23923],[33.01658,3.24296],[33.02109,3.24702],[33.02585,3.25588],[33.03886,3.26334],[33.04912,3.26811],[33.056,3.26866],[33.06245,3.26547],[33.06864,3.26045],[33.07611,3.25786],[33.10349,3.25522],[33.1182,3.25473],[33.12639,3.25503],[33.13535,3.25687],[33.15559,3.25937],[33.17096,3.25896],[33.17493,3.25932],[33.20357,3.26601],[33.20603,3.2658],[33.20834,3.26735],[33.21196,3.2682],[33.21698,3.27036],[33.22419,3.27486],[33.24283,3.28848],[33.26228,3.30171],[33.27205,3.30665],[33.28911,3.31648],[33.29439,3.31849],[33.30249,3.32256],[33.31781,3.3346],[33.3206,3.3385],[33.32946,3.3468],[33.33457,3.34811],[33.3478,3.37253],[33.35846,3.38778],[33.36255,3.39624],[33.36567,3.39742],[33.36874,3.39773],[33.40378,3.39918],[33.43961,3.4019],[33.45269,3.40061],[33.4619,3.40072],[33.46951,3.39951]]}},{"type":"Feature","properties":{"name":"Cegere-Teboke","functional_class":"Class C National Road","surface_type":"Unsealed","length_km":14.621,"road_no":"C661"},"geometry":{"type":"LineString","coordinates":[[32.50919,2.09152],[32.50916,2.09245],[32.51596,2.09706],[32.52783,2.10903],[32.53561,2.11724],[32.54165,2.12643],[32.54815,2.13137],[32.54998,2.13348],[32.55692,2.15058],[32.5664,2.16135],[32.57697,2.18116],[32.57961,2.18761],[32.58441,2.19522]]}},{"type":"Feature","properties":{"name":"Ragem Prisons Access","functional_class":"Class C National Road","surface_type":"Unsealed","length_km":3.65,"road_no":"C753"},"geometry":{"type":"LineString","coordinates":[[31.39302,2.71371],[31.38982,2.71],[31.37915,2.70517],[31.37067,2.70381],[31.36984,2.71113]]}},{"type":"Feature","properties":{"name":"Atapara-Aber-Atura-Kidilani","functional_class":"Class C National Road","surface_type":"Unsealed","length_km":23.087,"road_no":"C693"},"geometry":{"type":"LineString","coordinates":[[32.36694,2.2143],[32.36574,2.21186],[32.35253,2.20655],[32.34509,2.20155],[32.34534,2.17734],[32.34415,2.16022],[32.34227,2.15543],[32.33311,2.13711],[32.33244,2.13435],[32.33611,2.12909],[32.33543,2.12548],[32.3425,2.12536],[32.3459,2.12587],[32.3492,2.12424],[32.35154,2.12181],[32.35501,2.11558],[32.36389,2.11121],[32.37358,2.1051],[32.37875,2.09664],[32.3801,2.09024],[32.38422,2.08165],[32.38384,2.07639],[32.38617,2.05561],[32.38587,2.05402]]}},{"type":"Feature","properties":{"name":"Odyek - Muntu","functional_class":"Class C National Road","surface_type":"Unsealed","length_km":9.255,"road_no":"C657"},"geometry":{"type":"LineString","coordinates":[[32.92607,1.63143],[32.90422,1.59946],[32.90218,1.59544],[32.89384,1.57213],[32.89226,1.56894],[32.88857,1.56381],[32.88829,1.55821]]}},{"type":"Feature","properties":{"name":"Inde-Ocoko","functional_class":"Class C National Road","surface_type":"Unsealed","length_km":33.019,"road_no":"C743"},"geometry":{"type":"LineString","coordinates":[[31.23264,2.87539],[31.22929,2.87822],[31.22688,2.87944],[31.20379,2.88537],[31.1974,2.88822],[31.18654,2.89],[31.17854,2.88902],[31.17425,2.88904],[31.15363,2.89332],[31.14435,2.89374],[31.1282,2.897],[31.11543,2.89684],[31.11148,2.89771],[31.1047,2.89694],[31.09864,2.89706],[31.08852,2.90041],[31.08266,2.90121],[31.0791,2.90256],[31.07079,2.90349],[31.06224,2.90898],[31.05501,2.90839],[31.04913,2.91184],[31.04067,2.91323],[31.03111,2.91663],[31.01852,2.91465],[31.01491,2.91629],[31.01257,2.91664],[31.00997,2.91627],[31.00572,2.91825],[31.00164,2.92125],[30.99516,2.92408],[30.99255,2.92383],[30.98513,2.92488],[30.98227,2.92622],[30.9818,2.9276],[30.98268,2.93351],[30.98142,2.93681],[30.98115,2.93943],[30.97696,2.94564],[30.96324,2.94627]]}},{"type":"Feature","properties":{"name":"Lamogi - Amuru Junction","functional_class":"Class C National Road","surface_type":"Unsealed","length_km":31.103,"road_no":"C686"},"geometry":{"type":"LineString","coordinates":[[32.1734,2.8385],[32.15519,2.83157],[32.14931,2.8309],[32.14728,2.82882],[32.14605,2.82485],[32.14294,2.81974],[32.14168,2.81992],[32.1404,2.82187],[32.13541,2.83492],[32.13352,2.83651],[32.13017,2.84147],[32.12543,2.84248],[32.11867,2.84079],[32.10256,2.84036],[32.09722,2.84073],[32.0902,2.83967],[32.08521,2.83813],[32.08256,2.83669],[32.07948,2.83637],[32.07663,2.8354],[32.06934,2.83082],[32.06466,2.83008],[32.05704,2.82704],[32.05341,2.82348],[32.04863,2.82006],[32.04721,2.81983],[32.04358,2.82095],[32.03867,2.82088],[32.03693,2.82025],[32.0316,2.81619],[32.02435,2.81424],[32.02184,2.814],[32.01428,2.81553],[32.01192,2.81536],[31.99389,2.81288],[31.98618,2.81001],[31.9793,2.80828],[31.97344,2.80933],[31.96389,2.81286],[31.95236,2.81255],[31.94411,2.8149],[31.93943,2.81361],[31.92672,2.81829]]}},{"type":"Feature","properties":{"name":"Patongo-Okee Bridge","functional_class":"Class C National Road","surface_type":"Unsealed","length_km":22.085,"road_no":"C674"},"geometry":{"type":"LineString","coordinates":[[33.31134,2.7644],[33.31062,2.76049],[33.30481,2.74826],[33.30026,2.74144],[33.29694,2.73481],[33.29425,2.72641],[33.28991,2.70574],[33.28477,2.69545],[33.27708,2.67693],[33.27439,2.66599],[33.27547,2.65959],[33.2738,2.64404],[33.27452,2.62954],[33.26768,2.57235]]}},{"type":"Feature","properties":{"name":"Okullo - Inde","functional_class":"Class C National Road","surface_type":"Unsealed","length_km":28.15,"road_no":"C748"},"geometry":{"type":"LineString","coordinates":[[31.13947,2.65699],[31.14236,2.66204],[31.14344,2.66581],[31.14344,2.66932],[31.14639,2.68732],[31.14847,2.695],[31.15081,2.69995],[31.15238,2.70832],[31.15464,2.71367],[31.16067,2.72443],[31.16432,2.73312],[31.16795,2.73711],[31.16939,2.74013],[31.17561,2.76257],[31.17691,2.77472],[31.17937,2.7839],[31.18231,2.79061],[31.1852,2.79266],[31.18846,2.79627],[31.18929,2.80393],[31.189,2.80502],[31.18967,2.80664],[31.19409,2.81147],[31.196,2.81426],[31.2067,2.82494],[31.22217,2.84484],[31.22481,2.84602],[31.22745,2.84636],[31.23406,2.8441],[31.23544,2.84405],[31.23835,2.84496],[31.24142,2.84739],[31.25209,2.84961],[31.25298,2.85055],[31.25337,2.85355],[31.25525,2.85891]]}},{"type":"Feature","properties":{"name":"Mungula - Adjumani","functional_class":"Class C National Road","surface_type":"Unsealed","length_km":59.454,"road_no":"C688"},"geometry":{"type":"LineString","coordinates":[[31.86576,2.95979],[31.86537,2.96091],[31.8634,2.96282],[31.85719,2.96531],[31.85196,2.97014],[31.84993,2.97311],[31.84461,2.97504],[31.84135,2.97711],[31.83908,2.97954],[31.83537,2.98743],[31.8343,2.98852],[31.83229,2.98904],[31.82814,2.98795],[31.82417,2.98831],[31.81676,2.99122],[31.81136,2.99202],[31.80555,2.9921],[31.80142,2.99424],[31.78768,2.9997],[31.78301,2.99963],[31.77738,3.00039],[31.77585,3.00099],[31.77367,3.00284],[31.77049,3.01005],[31.77063,3.01111],[31.77196,3.01315],[31.77245,3.01693],[31.77117,3.02287],[31.77332,3.02693],[31.77401,3.03021],[31.77535,3.0331],[31.77413,3.04056],[31.77553,3.04144],[31.77723,3.04471],[31.77654,3.04945],[31.77677,3.05156],[31.77789,3.05379],[31.77772,3.05654],[31.77839,3.06131],[31.77763,3.06599],[31.7792,3.07234],[31.77743,3.07683],[31.77883,3.08325],[31.78783,3.09712],[31.7907,3.09947],[31.79693,3.10257],[31.79841,3.10634],[31.80155,3.11096],[31.80302,3.11209],[31.8036,3.11474],[31.80586,3.11748],[31.80585,3.12126],[31.80702,3.12682],[31.8082,3.12992],[31.80768,3.13195],[31.81072,3.13476],[31.81193,3.13844],[31.81197,3.1404],[31.81323,3.14249],[31.81386,3.14493],[31.81388,3.15092],[31.81448,3.15398],[31.81564,3.15544],[31.81609,3.15708],[31.80977,3.16127],[31.80333,3.16412],[31.80296,3.17122],[31.79954,3.17671],[31.79888,3.17909],[31.79203,3.18471],[31.7913,3.18792],[31.78598,3.19777],[31.78364,3.20475],[31.78195,3.2075],[31.78339,3.22154],[31.782,3.22936],[31.78136,3.237],[31.78288,3.24293],[31.78329,3.2514],[31.78413,3.25362],[31.7903,3.25999],[31.79849,3.28314],[31.80236,3.28818],[31.80284,3.2899],[31.8023,3.29346],[31.803,3.29824],[31.80206,3.31313],[31.80118,3.31395],[31.79825,3.3143],[31.79511,3.31566],[31.79114,3.3212],[31.78692,3.32451],[31.78571,3.32656],[31.77999,3.32915],[31.77944,3.33719],[31.77823,3.34183],[31.78283,3.36335],[31.78285,3.36823],[31.78773,3.3744],[31.78749,3.37637]]}},{"type":"Feature","properties":{"name":"Kamdini-Zambia","functional_class":"Class C National Road","surface_type":"Unsealed","length_km":28.852,"road_no":"C654"},"geometry":{"type":"LineString","coordinates":[[32.31156,2.24637],[32.31096,2.25194],[32.30674,2.25627],[32.3046,2.26162],[32.30405,2.26502],[32.30416,2.27591],[32.30245,2.27948],[32.30041,2.28993],[32.29903,2.29223],[32.29592,2.2949],[32.29337,2.29796],[32.29075,2.29965],[32.29005,2.30111],[32.29021,2.30569],[32.29141,2.31386],[32.29018,2.31727],[32.28573,2.32274],[32.28482,2.3251],[32.28454,2.32837],[32.28589,2.33657],[32.28549,2.34016],[32.28197,2.34439],[32.27847,2.34983],[32.27475,2.35357],[32.27325,2.36088],[32.27113,2.36437],[32.26743,2.36835],[32.26224,2.37901],[32.25923,2.38949],[32.25184,2.40048],[32.24789,2.41406],[32.24266,2.42239],[32.24229,2.42543],[32.24075,2.42841],[32.23699,2.43224],[32.2361,2.43394],[32.23679,2.43899],[32.23411,2.45509],[32.23615,2.47032],[32.23754,2.47567],[32.23848,2.48236]]}},{"type":"Feature","properties":{"name":"Tete - Nimule Border","functional_class":"Class C National Road","surface_type":"Unsealed","length_km":14.329,"road_no":"C727"},"geometry":{"type":"LineString","coordinates":[[32.01257,3.48438],[32.00986,3.48834],[32.01091,3.49186],[32.01092,3.49483],[32.00728,3.50258],[32.00648,3.50677],[32.00829,3.51226],[32.00601,3.51933],[32.00615,3.52152],[32.00695,3.524],[32.00722,3.52713],[32.00984,3.53316],[32.01095,3.53448],[32.01271,3.53545],[32.01456,3.53851],[32.01831,3.54196],[32.02056,3.54519],[32.02269,3.54993],[32.02432,3.55201],[32.02845,3.55488],[32.03102,3.55759],[32.03386,3.5583],[32.03531,3.56003],[32.03873,3.56169],[32.04609,3.56753],[32.04885,3.56899],[32.05515,3.57019],[32.06081,3.5683],[32.06401,3.56803],[32.06729,3.56703],[32.07103,3.56716]]}},{"type":"Feature","properties":{"name":"Aswa - Gulu","functional_class":"Class C National Road","surface_type":"Bituminous","length_km":38.622,"road_no":"C681"},"geometry":{"type":"LineString","coordinates":[[32.5814,2.95851],[32.57403,2.9527],[32.56339,2.94748],[32.5593,2.94255],[32.55693,2.94069],[32.54126,2.93178],[32.53272,2.9286],[32.52467,2.92636],[32.51478,2.92251],[32.51068,2.92042],[32.50498,2.91649],[32.49827,2.9133],[32.48979,2.90773],[32.48441,2.9063],[32.47427,2.9065],[32.4718,2.90615],[32.45676,2.89839],[32.45197,2.89643],[32.44369,2.88869],[32.42583,2.87566],[32.41363,2.86873],[32.4064,2.86226],[32.39808,2.853],[32.38329,2.84155],[32.37839,2.83818],[32.36698,2.83185],[32.36097,2.82928],[32.35345,2.82472],[32.3445,2.82108],[32.33828,2.81732],[32.30745,2.79275],[32.30382,2.78968],[32.30167,2.78707],[32.29625,2.786],[32.29389,2.78354],[32.29519,2.77899]]}},{"type":"Feature","properties":{"name":"Aloi - Aboko - Bata - Dokolo","functional_class":"Class C National Road","surface_type":"Unsealed","length_km":42.37,"road_no":"C671"},"geometry":{"type":"LineString","coordinates":[[33.17195,1.91675],[33.17605,1.92315],[33.17575,1.93274],[33.1748,1.93529],[33.17464,1.93931],[33.17763,1.94884],[33.18016,1.96032],[33.18771,1.97385],[33.18911,1.97796],[33.19485,1.98584],[33.19741,2.00191],[33.19685,2.00878],[33.19868,2.01557],[33.20037,2.01962],[33.20534,2.02543],[33.20938,2.04016],[33.21479,2.04873],[33.21049,2.06176],[33.21096,2.07894],[33.21186,2.08453],[33.21509,2.09573],[33.21973,2.10691],[33.2243,2.14615],[33.20947,2.18043],[33.19446,2.19826],[33.19011,2.21721],[33.18996,2.2219],[33.18794,2.22913],[33.18736,2.23777],[33.1859,2.24257],[33.18386,2.24597],[33.18223,2.25014],[33.18108,2.25584],[33.17903,2.26041],[33.17779,2.26679],[33.1752,2.27383]]}},{"type":"Feature","properties":{"name":"Lodonga - Iti - Otumbari","functional_class":"Class C National Road","surface_type":"Unsealed","length_km":17.651,"road_no":"C761"},"geometry":{"type":"LineString","coordinates":[[31.14473,3.2709],[31.14229,3.275],[31.1334,3.29887],[31.1295,3.30541],[31.12973,3.31614],[31.12752,3.33288],[31.12846,3.34043],[31.12407,3.35364],[31.12321,3.36319],[31.12326,3.36853],[31.12268,3.37179],[31.12359,3.37438],[31.12561,3.37763],[31.13236,3.39647],[31.12677,3.40082],[31.12033,3.40262],[31.11864,3.40372],[31.116,3.40701],[31.11462,3.40986],[31.11425,3.41112],[31.11462,3.4133]]}},{"type":"Feature","properties":{"name":"Akia - Olilim","functional_class":"Class C National Road","surface_type":"Unsealed","length_km":75.6,"road_no":"C650"},"geometry":{"type":"LineString","coordinates":[[32.97404,2.23975],[32.99287,2.23796],[33.00172,2.23798],[33.0262,2.24146],[33.03385,2.24362],[33.04469,2.24799],[33.04907,2.24881],[33.07213,2.24553],[33.07954,2.2462],[33.09094,2.24578],[33.1,2.24788],[33.10604,2.25351],[33.12171,2.25906],[33.13259,2.26422],[33.15106,2.26999],[33.1553,2.27039],[33.16963,2.2734],[33.17728,2.27418],[33.18056,2.28613],[33.18124,2.29088],[33.18825,2.31211],[33.19241,2.32311],[33.2019,2.34419],[33.21232,2.35917],[33.21822,2.36562],[33.22247,2.37395],[33.22691,2.37847],[33.23181,2.3904],[33.23307,2.39679],[33.23501,2.40138],[33.23896,2.40712],[33.24334,2.41125],[33.24601,2.41554],[33.24776,2.42239],[33.25102,2.42959],[33.25652,2.43354],[33.27959,2.42442],[33.29226,2.421],[33.29937,2.42116],[33.30452,2.41983],[33.3091,2.41732],[33.32139,2.40495],[33.32842,2.40352],[33.34667,2.40046],[33.34972,2.40209],[33.35765,2.40379],[33.39612,2.40914],[33.41476,2.40669],[33.43517,2.40272],[33.44277,2.40652],[33.44935,2.41349],[33.45212,2.41774],[33.46613,2.42371],[33.51852,2.45397]]}},{"type":"Feature","properties":{"name":"Katrini - Nyadri","functional_class":"Class C National Road","surface_type":"Unsealed","length_km":22.055,"road_no":"C764"},"geometry":{"type":"LineString","coordinates":[[30.95399,3.27279],[30.95684,3.26582],[30.95718,3.26221],[30.95665,3.25847],[30.95903,3.25557],[30.96038,3.25143],[30.96239,3.24963],[30.97006,3.24864],[30.97269,3.24709],[30.97625,3.23762],[30.97826,3.22818],[30.97765,3.22461],[30.97851,3.21925],[30.97704,3.21112],[30.97479,3.20551],[30.97023,3.19893],[30.9697,3.19699],[30.96992,3.19584],[30.97163,3.1932],[30.97215,3.19056],[30.97217,3.18796],[30.97122,3.18504],[30.9728,3.17914],[30.9723,3.17415],[30.97379,3.17322],[30.9768,3.17321],[30.98027,3.16811],[30.98113,3.16499],[30.9804,3.1626],[30.97763,3.15749],[30.97492,3.14829],[30.97268,3.14278],[30.97214,3.12913],[30.97017,3.12192],[30.96759,3.11626],[30.96709,3.11233],[30.96746,3.10796],[30.96672,3.10246],[30.96403,3.09773]]}},{"type":"Feature","properties":{"name":"Moyo - Obongi","functional_class":"Class C National Road","surface_type":"Unsealed","length_km":53.037,"road_no":"C722"},"geometry":{"type":"LineString","coordinates":[[31.66803,3.62963],[31.66628,3.62682],[31.66472,3.621],[31.66239,3.61659],[31.65499,3.60706],[31.65185,3.60552],[31.65153,3.60166],[31.64988,3.59833],[31.64806,3.59253],[31.64424,3.58721],[31.64438,3.58263],[31.64694,3.57512],[31.64688,3.57042],[31.64547,3.56455],[31.64436,3.56237],[31.64484,3.55615],[31.64286,3.54786],[31.64327,3.5446],[31.64121,3.54155],[31.64134,3.54012],[31.6407,3.53834],[31.64124,3.53603],[31.64026,3.53349],[31.63997,3.53043],[31.64312,3.52645],[31.64567,3.52462],[31.6467,3.51998],[31.64859,3.51912],[31.65066,3.51734],[31.6521,3.51697],[31.6554,3.51284],[31.65759,3.51149],[31.66091,3.50794],[31.66465,3.50495],[31.67344,3.4954],[31.64898,3.48257],[31.63941,3.47454],[31.63584,3.47264],[31.6325,3.46917],[31.63022,3.46531],[31.6274,3.45864],[31.62572,3.44889],[31.6223,3.44368],[31.62147,3.4408],[31.6174,3.43213],[31.61645,3.42527],[31.60916,3.40582],[31.60736,3.40198],[31.60245,3.39562],[31.59961,3.39481],[31.58404,3.39325],[31.57955,3.39218],[31.57075,3.38753],[31.56457,3.38201],[31.56368,3.37607],[31.56344,3.36842],[31.5615,3.36312],[31.55944,3.35942],[31.5592,3.35544],[31.55701,3.34474],[31.55523,3.3387],[31.54298,3.28556],[31.53972,3.27642],[31.53829,3.26687],[31.53881,3.26334],[31.53969,3.26128],[31.55039,3.24163]]}},{"type":"Feature","properties":{"name":"Naamokora - Lokapel","functional_class":"Class C National Road","surface_type":"Unsealed","length_km":37.201,"road_no":"C678"},"geometry":{"type":"LineString","coordinates":[[33.48082,2.7416],[33.47959,2.74786],[33.47881,2.75709],[33.47897,2.7771],[33.4783,2.78731],[33.47833,2.8047],[33.47879,2.81043],[33.47818,2.8222],[33.47887,2.82969],[33.48136,2.84353],[33.48152,2.86008],[33.48257,2.86683],[33.48115,2.87464],[33.48099,2.88211],[33.48012,2.88963],[33.48121,2.89709],[33.48073,2.90716],[33.47907,2.91576],[33.47564,2.92776],[33.4744,2.93861],[33.47278,2.94276],[33.46848,2.96095],[33.46691,2.97989],[33.46587,2.98459],[33.46562,2.98956],[33.46448,2.99501],[33.46382,3.00161],[33.46042,3.01804],[33.45848,3.02443],[33.45377,3.03375],[33.44918,3.04967],[33.44773,3.05644],[33.44736,3.06076],[33.44314,3.07114]]}},{"type":"Feature","properties":{"name":"Agweng-Arom","functional_class":"Class C National Road","surface_type":"Unsealed","length_km":18.392,"road_no":"C667"},"geometry":{"type":"LineString","coordinates":[[32.93477,2.48767],[32.92094,2.49163],[32.91338,2.49487],[32.91075,2.49671],[32.90789,2.50206],[32.90064,2.5216],[32.89645,2.5418],[32.89482,2.54485],[32.87051,2.57993],[32.85718,2.59464],[32.85524,2.59516],[32.85427,2.5968],[32.84806,2.60351],[32.84276,2.60793],[32.8398,2.60955],[32.83796,2.61169]]}},{"type":"Feature","properties":{"name":"Keri - Lima - Midigo - Kerila","functional_class":"Class C National Road","surface_type":"Unsealed","length_km":38.536,"road_no":"C757"},"geometry":{"type":"LineString","coordinates":[[30.9399,3.50242],[30.94087,3.50336],[30.9415,3.50559],[30.95097,3.50501],[30.95806,3.50277],[30.96575,3.49897],[30.96731,3.49868],[30.96929,3.49919],[30.97034,3.5004],[30.97091,3.50646],[30.97233,3.50802],[30.97616,3.50992],[30.98477,3.51294],[30.9978,3.51688],[31.00899,3.52436],[31.01457,3.5268],[31.02288,3.52922],[31.03073,3.53692],[31.03382,3.54149],[31.03839,3.54457],[31.04451,3.55232],[31.04989,3.55488],[31.05383,3.5582],[31.05925,3.55976],[31.06583,3.559],[31.06949,3.55721],[31.07406,3.55908],[31.07904,3.55967],[31.08044,3.56091],[31.08326,3.56537],[31.08605,3.56707],[31.08886,3.57054],[31.09204,3.57194],[31.09463,3.5721],[31.09871,3.56924],[31.10955,3.56982],[31.11054,3.56906],[31.11127,3.56613],[31.11222,3.56481],[31.11409,3.5639],[31.1172,3.5635],[31.12386,3.56486],[31.13404,3.56831],[31.1386,3.57126],[31.14464,3.57607],[31.14964,3.57793],[31.16274,3.57945],[31.18164,3.57733],[31.18814,3.57732],[31.20371,3.58089],[31.21036,3.58403],[31.21231,3.58573],[31.21807,3.59208],[31.22824,3.60164],[31.23253,3.60803]]}},{"type":"Feature","properties":{"name":"Kitgum-Lukung-Ngomoromo","functional_class":"Class C National Road","surface_type":"Unsealed","length_km":67.331,"road_no":"C701"},"geometry":{"type":"LineString","coordinates":[[32.90277,3.32377],[32.90044,3.33412],[32.89804,3.33864],[32.89096,3.34923],[32.86088,3.38609],[32.85408,3.4394],[32.84736,3.45337],[32.84207,3.46043],[32.82192,3.48163],[32.8184,3.48603],[32.81265,3.4914],[32.8004,3.51079],[32.79038,3.51917],[32.78893,3.5198],[32.78712,3.52169],[32.77502,3.53067],[32.73577,3.5801],[32.719,3.58809],[32.7094,3.59353],[32.70422,3.59348],[32.70085,3.59413],[32.69641,3.59374],[32.69204,3.59506],[32.6898,3.60087],[32.68822,3.60328],[32.68402,3.60754],[32.68119,3.61177],[32.67674,3.6147],[32.66676,3.61354],[32.65008,3.61487],[32.64243,3.61997],[32.63907,3.62459],[32.63636,3.62668],[32.62798,3.63074],[32.62231,3.63495],[32.61763,3.63575],[32.61131,3.63816],[32.60986,3.64016],[32.60722,3.64865],[32.59809,3.66523],[32.59152,3.66846],[32.59022,3.67312],[32.59045,3.67547],[32.59168,3.67741],[32.59107,3.67892],[32.59085,3.68436],[32.59014,3.6855],[32.58479,3.68984],[32.58008,3.69507],[32.57864,3.69751],[32.57547,3.70021],[32.57409,3.70335],[32.57395,3.71041],[32.57258,3.71276],[32.57092,3.71934],[32.55675,3.73182],[32.55041,3.74098],[32.54572,3.74419],[32.53867,3.75255]]}},{"type":"Feature","properties":{"name":"Paloga - Madiopei","functional_class":"Class C National Road","surface_type":"Unsealed","length_km":18.978,"road_no":"C705"},"geometry":{"type":"LineString","coordinates":[[32.94454,3.58966],[32.94097,3.58713],[32.91163,3.57169],[32.889,3.54602],[32.86475,3.5199],[32.86109,3.51635],[32.85169,3.51084],[32.83859,3.4739],[32.83672,3.4659]]}},{"type":"Feature","properties":{"name":"Potika - Aweno Olwiyo - Ngomoromo","functional_class":"Class C National Road","surface_type":"Unsealed","length_km":37.125,"road_no":"C709"},"geometry":{"type":"LineString","coordinates":[[32.57677,3.699],[32.58207,3.70079],[32.58438,3.70254],[32.58598,3.70294],[32.59872,3.70404],[32.6201,3.71048],[32.62283,3.71104],[32.62669,3.71054],[32.63568,3.71525],[32.64471,3.71657],[32.64713,3.71829],[32.65194,3.72023],[32.65673,3.72037],[32.66359,3.7244],[32.67349,3.72804],[32.67872,3.73274],[32.68498,3.7347],[32.68723,3.73477],[32.69023,3.73594],[32.69747,3.73516],[32.69935,3.73575],[32.70371,3.73885],[32.71042,3.73622],[32.71452,3.73313],[32.72043,3.73081],[32.72388,3.72716],[32.72799,3.72671],[32.73197,3.72716],[32.7359,3.72563],[32.73755,3.7255],[32.74163,3.72294],[32.74377,3.72272],[32.74788,3.71917],[32.75064,3.71974],[32.75312,3.72277],[32.75447,3.72736],[32.75676,3.72933],[32.75813,3.72985],[32.76291,3.72849],[32.76583,3.72929],[32.77059,3.72782],[32.77292,3.72828],[32.77536,3.72785],[32.7816,3.72841],[32.79586,3.72333],[32.80327,3.72187],[32.81433,3.72766],[32.81916,3.73083],[32.82254,3.73018],[32.83785,3.72506],[32.84391,3.72442],[32.8537,3.72195],[32.86931,3.72273],[32.88088,3.7199]]}},{"type":"Feature","properties":{"name":"Atopi Prisons Access","functional_class":"Class C National Road","surface_type":"Unsealed","length_km":0.648,"road_no":"C664"},"geometry":{"type":"LineString","coordinates":[[32.50073,1.97734],[32.50096,1.97153]]}},{"type":"Feature","properties":{"name":"Arua - Girigiri - Ovisoni","functional_class":"Class C National Road","surface_type":"Unsealed","length_km":14.61,"road_no":"C751"},"geometry":{"type":"LineString","coordinates":[[30.9122,3.01899],[30.90388,3.0145],[30.9016,3.0108],[30.89736,3.00946],[30.8962,3.00836],[30.89566,3.00639],[30.89435,3.00525],[30.89147,3.00003],[30.88897,2.9967],[30.88773,2.98991],[30.88589,2.98653],[30.88507,2.98331],[30.88245,2.97767],[30.88169,2.96969],[30.87818,2.96495],[30.87677,2.9582],[30.88118,2.94671],[30.88143,2.9404],[30.88072,2.93809],[30.8742,2.92783],[30.87549,2.92418],[30.87524,2.91684],[30.87787,2.91343],[30.88004,2.90894],[30.88191,2.9076]]}},{"type":"Feature","properties":{"name":"Gulu Army Barracks Access","functional_class":"Class C National Road","surface_type":"Unsealed","length_km":3.961,"road_no":"C691"},"geometry":{"type":"LineString","coordinates":[[32.28363,2.78657],[32.28216,2.78783],[32.27805,2.78962],[32.27636,2.78807],[32.27296,2.78673],[32.27048,2.77627],[32.26748,2.77215],[32.26736,2.77081],[32.26612,2.76853],[32.2663,2.76509]]}},{"type":"Feature","properties":{"name":"Namasale - Alemere","functional_class":"Class C National Road","surface_type":"Unsealed","length_km":40.907,"road_no":"C656"},"geometry":{"type":"LineString","coordinates":[[32.6247,1.50193],[32.62557,1.50489],[32.62691,1.51913],[32.6268,1.531],[32.62809,1.54521],[32.62822,1.55818],[32.64758,1.60123],[32.65076,1.61491],[32.65171,1.62431],[32.68291,1.64419],[32.69319,1.65478],[32.69635,1.65731],[32.71507,1.66668],[32.72605,1.66967],[32.74212,1.67224],[32.75134,1.67982],[32.75816,1.68802],[32.76087,1.69575],[32.76264,1.70433],[32.7644,1.70615],[32.76647,1.7066],[32.77389,1.70507],[32.78404,1.69058],[32.78938,1.67841],[32.8003,1.65722],[32.80742,1.64656],[32.81772,1.63476]]}},{"type":"Feature","properties":{"name":"Adwari-Okwang","functional_class":"Class C National Road","surface_type":"Unsealed","length_km":24.864,"road_no":"C998"},"geometry":{"type":"LineString","coordinates":[[33.19238,2.46815],[33.1926,2.47359],[33.19027,2.48436],[33.18652,2.49229],[33.18534,2.49865],[33.17916,2.50976],[33.17788,2.51329],[33.17353,2.52955],[33.17131,2.54288],[33.1674,2.55758],[33.1613,2.57694],[33.16323,2.57677],[33.17235,2.57833],[33.17716,2.57829],[33.19233,2.58193],[33.19959,2.58217],[33.21963,2.57851],[33.23661,2.57862],[33.24022,2.57813],[33.24556,2.57673],[33.24944,2.57402],[33.25725,2.5704],[33.25983,2.57037],[33.26352,2.57171],[33.26771,2.57233]]}},{"type":"Feature","properties":{"name":"Aloi-Aleptong","functional_class":"Class C National Road","surface_type":"Unsealed","length_km":10.415,"road_no":"C997"},"geometry":{"type":"LineString","coordinates":[[33.17731,2.2742],[33.17872,2.27278],[33.18874,2.26669],[33.19494,2.26358],[33.19966,2.2601],[33.20664,2.25855],[33.21541,2.25975],[33.23052,2.26061],[33.24073,2.26036],[33.25833,2.26305],[33.26611,2.2633]]}},{"type":"Feature","properties":{"name":"Kalongo - Paimol","functional_class":"Class C National Road","surface_type":"Unsealed","length_km":8.828,"road_no":"C996"},"geometry":{"type":"LineString","coordinates":[[33.37144,3.03834],[33.40466,3.05526],[33.41478,3.05893],[33.43462,3.06483],[33.43873,3.06719],[33.44314,3.07096]]}},{"type":"Feature","properties":{"name":"Okwang-Okwang Subcounty spur","functional_class":"Class C National Road","surface_type":"Unsealed","length_km":3.21,"road_no":"C994"},"geometry":{"type":"LineString","coordinates":[[33.16131,2.57694],[33.14922,2.60122],[33.14754,2.60141]]}},{"type":"Feature","properties":{"name":"Obalang - Alito","functional_class":"Class C National Road","surface_type":"Unsealed","length_km":17.094,"road_no":"C941"},"geometry":{"type":"LineString","coordinates":[[33.58077,2.33241],[33.59232,2.37258],[33.5943,2.38675],[33.60095,2.39692],[33.60118,2.40496],[33.59957,2.42143],[33.59682,2.43281],[33.59231,2.44073],[33.58741,2.45269],[33.57885,2.46952],[33.57432,2.48104]]}},{"type":"Feature","properties":{"name":"Corner Chwagera-Ekwera","functional_class":"Class C National Road","surface_type":"Unsealed","length_km":14.56,"road_no":"C999"},"geometry":{"type":"LineString","coordinates":[[33.09608,1.85835],[33.09188,1.86074],[33.09101,1.86072],[33.03645,1.83997],[33.02653,1.83678],[33.01591,1.83438],[33.01462,1.83454],[33.01231,1.83642],[33.0097,1.83728],[33.00198,1.83086],[32.98198,1.82586],[32.98034,1.82597],[32.97535,1.82808]]}},{"type":"Feature","properties":{"name":"Okwang-Okee River - Omwonylee","functional_class":"Class C National Road","surface_type":"Unsealed","length_km":12.46,"road_no":"C998"},"geometry":{"type":"LineString","coordinates":[[33.26771,2.57233],[33.2869,2.57011],[33.29254,2.57078],[33.30514,2.57056],[33.31448,2.5724],[33.32248,2.57235],[33.32606,2.57195],[33.32982,2.57013],[33.33105,2.57],[33.33797,2.5707],[33.34377,2.57222],[33.34962,2.57257],[33.3606,2.57602],[33.36637,2.57532],[33.3713,2.57253],[33.37539,2.57311],[33.37683,2.57387]]}},{"type":"Feature","properties":{"name":"Teokur - Aboo","functional_class":"Class C National Road","surface_type":"Unsealed","length_km":13.21,"road_no":"C694"},"geometry":{"type":"LineString","coordinates":[[31.46885,2.88731],[31.46615,2.88053],[31.46375,2.87837],[31.46133,2.87795],[31.45669,2.87384],[31.45265,2.8713],[31.44885,2.86543],[31.44716,2.8644],[31.44429,2.86385],[31.44204,2.86218],[31.44105,2.86043],[31.43655,2.85783],[31.43178,2.85743],[31.42947,2.85513],[31.42584,2.85359],[31.42204,2.8493],[31.41896,2.8439],[31.41649,2.84311],[31.41395,2.84149],[31.41271,2.84155],[31.41079,2.84261],[31.40828,2.84261],[31.40711,2.84449],[31.40238,2.84794],[31.3988,2.85194],[31.39419,2.85352],[31.38742,2.85449],[31.38523,2.85582],[31.37699,2.85825]]}},{"type":"Feature","properties":{"name":"Rhino Camp Ferry Access","functional_class":"Class C National Road","surface_type":"Unsealed","length_km":5.85,"road_no":"C769"},"geometry":{"type":"MultiLineString","coordinates":[[[31.36966,2.93419],[31.3755,2.93572],[31.38367,2.93478],[31.38799,2.93639],[31.38944,2.94196],[31.39053,2.94978],[31.38966,2.95583],[31.38985,2.96128],[31.38873,2.96425]],[[31.3953,2.94683],[31.39032,2.94764]]]}},{"type":"Feature","properties":{"name":"Pader - Kwonkwic (Palwo)","functional_class":"Class C National Road","surface_type":"Unsealed","length_km":9.2,"road_no":"C675"},"geometry":{"type":"LineString","coordinates":[[33.08668,2.88223],[33.0873,2.8809],[33.08523,2.87406],[33.08857,2.86822],[33.09109,2.85907],[33.09349,2.85625],[33.09967,2.85167],[33.10114,2.84882],[33.10204,2.84622],[33.10215,2.84287],[33.10322,2.83813],[33.10444,2.83548],[33.10527,2.8319],[33.10864,2.82403],[33.1121,2.81919],[33.11171,2.80791]]}},{"type":"Feature","properties":{"name":"Pajule - Pader","functional_class":"Class C National Road","surface_type":"Unsealed","length_km":18.1,"road_no":"C675"},"geometry":{"type":"LineString","coordinates":[[32.942,2.94489],[32.94397,2.94614],[32.95133,2.94569],[32.97769,2.936],[32.98846,2.93301],[33.00343,2.92754],[33.00886,2.92412],[33.01928,2.91978],[33.02438,2.91479],[33.02795,2.90961],[33.05142,2.9014],[33.0584,2.90136],[33.06168,2.90037],[33.07328,2.89358],[33.08668,2.88223]]}},{"type":"Feature","properties":{"name":"Anyeke-Minakulu","functional_class":"Class C National Road","surface_type":"Unsealed","length_km":20.679,"road_no":"C665"},"geometry":{"type":"LineString","coordinates":[[32.51572,2.34821],[32.51558,2.35803],[32.51439,2.37046],[32.51094,2.37628],[32.50734,2.38699],[32.49706,2.38758],[32.48517,2.38966],[32.46815,2.39615],[32.44356,2.4046],[32.43545,2.4085],[32.43229,2.40868],[32.42721,2.41656],[32.41985,2.42602],[32.41681,2.42902],[32.40527,2.43524],[32.38888,2.44264],[32.38632,2.44348],[32.38291,2.4437],[32.38268,2.44649],[32.37944,2.44623]]}},{"type":"Feature","properties":{"name":"Palabek-Kitgum","functional_class":"Class C National Road","surface_type":"Unsealed","length_km":43,"road_no":"C700"},"geometry":{"type":"LineString","coordinates":[[32.53633,3.43418],[32.54588,3.43639],[32.55596,3.43654],[32.56445,3.43734],[32.56856,3.43581],[32.57428,3.43451],[32.57733,3.43303],[32.58088,3.43332],[32.58272,3.42731],[32.58743,3.42026],[32.60145,3.40736],[32.61571,3.4012],[32.61899,3.40052],[32.62537,3.40022],[32.62824,3.39906],[32.6329,3.39529],[32.6398,3.39109],[32.6441,3.38649],[32.64623,3.3823],[32.65023,3.37825],[32.67129,3.37411],[32.69375,3.37056],[32.71655,3.36074],[32.73886,3.35357],[32.75735,3.34451],[32.76289,3.34055],[32.77963,3.33254],[32.79157,3.32832],[32.80125,3.32558],[32.81744,3.31971],[32.83767,3.31407],[32.84552,3.31276],[32.85717,3.30807],[32.85971,3.30785],[32.87288,3.30946],[32.87908,3.30828],[32.88073,3.30678],[32.88091,3.30536],[32.88035,3.30386]]}},{"type":"Feature","properties":{"name":"Dzaipi - Tete","functional_class":"Class C National Road","surface_type":"Unsealed","length_km":12.2,"road_no":"C725"},"geometry":{"type":"LineString","coordinates":[[31.96299,3.39547],[31.9777,3.40179],[31.98826,3.42227],[31.996,3.43054],[32.00102,3.43438],[32.00199,3.43578],[32.00528,3.44223],[32.00612,3.45301],[32.00771,3.46062],[32.00749,3.46452],[32.00827,3.47113],[32.00797,3.47519],[32.00918,3.48233],[32.01069,3.48395],[32.01194,3.48426]]}},{"type":"Feature","properties":{"name":"Tete - Bibia (Nimule border)","functional_class":"Class C National Road","surface_type":"Unsealed","length_km":6.6,"road_no":"C725"},"geometry":{"type":"LineString","coordinates":[[32.01194,3.48426],[32.01257,3.48438],[32.0135,3.48317],[32.01453,3.48275],[32.02613,3.48009],[32.03436,3.47698],[32.04471,3.47438],[32.04796,3.47435],[32.06071,3.47238],[32.06796,3.4739]]}},{"type":"Feature","properties":{"name":"Biliafe - Otrevu","functional_class":"Class C National Road","surface_type":"Unsealed","length_km":13.8,"road_no":"C762"},"geometry":{"type":"LineString","coordinates":[[31.07742,3.06263],[31.08134,3.06497],[31.0841,3.06744],[31.08404,3.07237],[31.08649,3.08018],[31.08336,3.09577],[31.08488,3.10161],[31.08517,3.10632],[31.08791,3.11257],[31.08843,3.11524],[31.08837,3.12042],[31.08749,3.12698],[31.08536,3.13636],[31.08567,3.14909],[31.08445,3.15353],[31.0791,3.16495],[31.07992,3.17565],[31.08071,3.17876]]}},{"type":"Feature","properties":{"name":"Paidha-Zombo","functional_class":"Class C National Road","surface_type":"Unsealed","length_km":22,"road_no":"C763"},"geometry":{"type":"LineString","coordinates":[[31.0314,2.38572],[31.02841,2.38552],[31.0274,2.38663],[31.02594,2.38709],[31.02318,2.38556],[31.01915,2.38759],[31.01405,2.38853],[31.01332,2.38968],[31.01154,2.39604],[31.0083,2.40107],[31.00645,2.40511],[31.0057,2.40598],[31.00221,2.4074],[31.00062,2.40865],[31.00033,2.41205],[30.99744,2.41536],[30.99663,2.41759],[30.99544,2.41879],[30.99229,2.41881],[30.99066,2.41666],[30.98214,2.41664],[30.98145,2.41561],[30.98089,2.41223],[30.97806,2.41061],[30.97523,2.40809],[30.96749,2.40805],[30.96456,2.41103],[30.96234,2.41254],[30.9611,2.41442],[30.95982,2.41383],[30.95974,2.41661],[30.95671,2.41762],[30.95585,2.41849],[30.95526,2.42042],[30.95936,2.42403],[30.95938,2.42503],[30.95835,2.42634],[30.9583,2.42769],[30.95708,2.42892],[30.95627,2.43206],[30.95701,2.43307],[30.9584,2.43364],[30.95897,2.43608],[30.96116,2.43989],[30.96139,2.4428],[30.95993,2.45126],[30.95868,2.45414],[30.95692,2.45585],[30.95566,2.46311],[30.95356,2.4654],[30.94836,2.46633],[30.94613,2.46961],[30.94287,2.47099],[30.93992,2.47186],[30.93718,2.47093],[30.93557,2.47101],[30.93225,2.47192],[30.93101,2.47353],[30.92895,2.47303],[30.92686,2.47359],[30.92492,2.4774]]}},{"type":"Feature","properties":{"name":"Agwata Bypass","functional_class":"Class C National Road","surface_type":"Bituminous","length_km":1.6,"road_no":"C668"},"geometry":{"type":"LineString","coordinates":[[32.97864,1.98057],[32.98178,1.97778],[32.98609,1.97677]]}},{"type":"Feature","properties":{"name":"Lira bypas","functional_class":"Class C National Road","surface_type":"Bituminous","length_km":3.8,"road_no":"C679"},"geometry":{"type":"LineString","coordinates":[[32.87565,2.26062],[32.89317,2.23383]]}},{"type":"Feature","properties":{"name":"Aliodranusi-Gobolo-Matu-Kerwa-kei","functional_class":"Class C National Road","surface_type":"Unsealed","length_km":76,"road_no":"C728"},"geometry":{"type":"LineString","coordinates":[[31.51554,3.57894],[31.51149,3.58878],[31.50935,3.592],[31.50858,3.59565],[31.50406,3.60365],[31.50122,3.61056],[31.49691,3.61425],[31.49478,3.61687],[31.49067,3.62374],[31.48655,3.62944],[31.47854,3.63107],[31.4727,3.63377],[31.46982,3.636],[31.46552,3.63713],[31.45664,3.63613],[31.45558,3.63676],[31.44849,3.6382],[31.44623,3.63925],[31.44196,3.64251],[31.43767,3.64392],[31.43525,3.6458],[31.42731,3.64698],[31.41763,3.64556],[31.40657,3.65376],[31.40305,3.65861],[31.39943,3.65795],[31.3936,3.65572],[31.39075,3.65518],[31.38863,3.65638],[31.38616,3.6561],[31.38409,3.65743],[31.38227,3.65988],[31.38079,3.66058],[31.37479,3.66138],[31.37124,3.66258],[31.36939,3.66191],[31.36767,3.66223],[31.35977,3.66121],[31.35766,3.66148],[31.35439,3.66014],[31.35229,3.65815],[31.34978,3.65889],[31.34905,3.65988],[31.33897,3.66725],[31.33572,3.67396],[31.33548,3.67838],[31.33393,3.68046],[31.32813,3.68257],[31.32468,3.6851],[31.32328,3.68676],[31.32453,3.69248],[31.32608,3.6956],[31.32665,3.70577],[31.32532,3.71134],[31.32003,3.71888],[31.31377,3.72133]]}},{"type":"Feature","properties":{"name":"Loro - Anyeke","functional_class":"Class C National Road","surface_type":"Unsealed","length_km":11.857,"road_no":"C665"},"geometry":{"type":"LineString","coordinates":[[32.53068,2.24603],[32.52092,2.27054],[32.51066,2.30117],[32.51045,2.3051],[32.51195,2.31038],[32.51569,2.32994],[32.51603,2.33625],[32.51572,2.34821]]}},{"type":"Feature","properties":{"name":"Lira Army Barracks Access","functional_class":"Class C National Road","surface_type":"Bituminous","length_km":1.4,"road_no":"C649"},"geometry":{"type":"LineString","coordinates":[[32.90535,2.24823],[32.9104,2.23675]]}},{"type":"Feature","properties":{"name":"Kikagati - Murungo bridge","functional_class":"Class C National Road","surface_type":"Bituminous","length_km":2.719,"road_no":"C354"},"geometry":{"type":"LineString","coordinates":[[30.65827,-1.04216],[30.65513,-1.04683],[30.64825,-1.06405]]}},{"type":"Feature","properties":{"name":"Rushere-Rwakitura","functional_class":"Class C National Road","surface_type":"Bituminous","length_km":8.605,"road_no":"C383"},"geometry":{"type":"LineString","coordinates":[[30.93805,-0.2115],[30.94052,-0.20819],[30.94145,-0.20429],[30.94562,-0.19355],[30.95201,-0.18406],[30.95327,-0.18049],[30.95346,-0.17717],[30.95254,-0.17405],[30.94937,-0.16796],[30.9477,-0.16233],[30.94482,-0.15748],[30.94486,-0.1543],[30.94656,-0.15178],[30.94749,-0.14917],[30.94761,-0.14567],[30.94651,-0.14085]]}},{"type":"Feature","properties":{"name":"Rwentobo - Ngoma - Kizinga","functional_class":"Class C National Road","surface_type":"Unsealed","length_km":18.188,"road_no":"C422"},"geometry":{"type":"LineString","coordinates":[[30.17857,-1.11355],[30.18002,-1.11547],[30.18019,-1.11891],[30.1887,-1.12276],[30.20301,-1.13033],[30.20822,-1.1334],[30.21316,-1.1372],[30.2143,-1.14125],[30.21298,-1.15051],[30.21332,-1.15253],[30.21402,-1.15348],[30.2236,-1.15473],[30.22746,-1.15475],[30.23124,-1.1537],[30.23565,-1.1536],[30.24189,-1.15267],[30.25082,-1.15422],[30.25362,-1.15268],[30.26036,-1.15069],[30.26325,-1.14874],[30.26968,-1.14268],[30.27127,-1.14217],[30.28119,-1.14329],[30.28308,-1.14301],[30.28534,-1.14444],[30.28691,-1.14713],[30.28818,-1.1476],[30.2931,-1.14684],[30.30051,-1.1428],[30.30319,-1.14196],[30.30637,-1.14614]]}},{"type":"Feature","properties":{"name":"Ruhoko - Kabujogera","functional_class":"Class C National Road","surface_type":"Unsealed","length_km":14.531,"road_no":"C373"},"geometry":{"type":"LineString","coordinates":[[30.47918,-0.15445],[30.47755,-0.15387],[30.47385,-0.15427],[30.47215,-0.15294],[30.46678,-0.15199],[30.46051,-0.14769],[30.45841,-0.1459],[30.45627,-0.14245],[30.45386,-0.13829],[30.45331,-0.13442],[30.45083,-0.1314],[30.4462,-0.13108],[30.44226,-0.13298],[30.43879,-0.13289],[30.4374,-0.13194],[30.43802,-0.13075],[30.43663,-0.12735],[30.43467,-0.12606],[30.42925,-0.12463],[30.42895,-0.12362],[30.42979,-0.12164],[30.42935,-0.11882],[30.43006,-0.11647],[30.42975,-0.11475],[30.42798,-0.11205],[30.42747,-0.11011],[30.4259,-0.10911],[30.42428,-0.10557],[30.42397,-0.10309],[30.42207,-0.10201],[30.42097,-0.10036],[30.4186,-0.09888],[30.41716,-0.09947],[30.4109,-0.09871],[30.40861,-0.09635],[30.40722,-0.09358],[30.4039,-0.09627],[30.40094,-0.09634],[30.39699,-0.09506],[30.39405,-0.09601],[30.39385,-0.0954],[30.39492,-0.09321]]}},{"type":"Feature","properties":{"name":"Kiburara T/c - Kiburara Prison Fram","functional_class":"Class C National Road","surface_type":"Unsealed","length_km":1.487,"road_no":"C377"},"geometry":{"type":"LineString","coordinates":[[30.47422,0.07861],[30.47286,0.0792],[30.47094,0.07898],[30.46959,0.07729],[30.46889,0.07711],[30.46765,0.0778],[30.46595,0.07999],[30.46363,0.08143]]}},{"type":"Feature","properties":{"name":"Biharwe - Rushozi - Ruhengere - Kikatsi","functional_class":"Class C National Road","surface_type":"Unsealed","length_km":49.51,"road_no":"C367"},"geometry":{"type":"LineString","coordinates":[[30.73341,-0.52361],[30.73297,-0.51919],[30.73212,-0.51657],[30.73222,-0.51494],[30.73158,-0.513],[30.73053,-0.51193],[30.72913,-0.5071],[30.73081,-0.50437],[30.73645,-0.50092],[30.7388,-0.49624],[30.73857,-0.49106],[30.73969,-0.48326],[30.73846,-0.48038],[30.73851,-0.47019],[30.74038,-0.45787],[30.74296,-0.44772],[30.74378,-0.44598],[30.74983,-0.44144],[30.75074,-0.43912],[30.75254,-0.43822],[30.7539,-0.43824],[30.75589,-0.43907],[30.76134,-0.43769],[30.76391,-0.43773],[30.77097,-0.44013],[30.77021,-0.41598],[30.77452,-0.41288],[30.77432,-0.41063],[30.78266,-0.40385],[30.77997,-0.38429],[30.78705,-0.38516],[30.79454,-0.37904],[30.79553,-0.37381],[30.79432,-0.37073],[30.79143,-0.36756],[30.79225,-0.36541],[30.79882,-0.36311],[30.80346,-0.36309],[30.80683,-0.36377],[30.81521,-0.36338],[30.82577,-0.36016],[30.82948,-0.36133],[30.83167,-0.36134],[30.84198,-0.36662],[30.84658,-0.36807],[30.84981,-0.36832],[30.85127,-0.368],[30.85496,-0.36398],[30.856,-0.36204],[30.85755,-0.35381],[30.85828,-0.35206],[30.85848,-0.34926],[30.85789,-0.34503],[30.8587,-0.34242],[30.85796,-0.33957],[30.85801,-0.33602],[30.85618,-0.32842],[30.85755,-0.32522],[30.85805,-0.32262],[30.85768,-0.3181],[30.85869,-0.31445],[30.859,-0.31095],[30.8624,-0.30145],[30.8621,-0.29864],[30.8593,-0.29221],[30.85931,-0.28878],[30.86139,-0.28577],[30.86745,-0.27943],[30.86844,-0.26619],[30.87262,-0.2553],[30.8718,-0.24665],[30.87344,-0.24125],[30.8732,-0.23078],[30.87274,-0.22855],[30.87383,-0.22078],[30.87324,-0.2187],[30.87324,-0.21322],[30.87077,-0.20295]]}},{"type":"Feature","properties":{"name":"Kakukuru - Rubale","functional_class":"Class C National Road","surface_type":"Unsealed","length_km":11.343,"road_no":"C418"},"geometry":{"type":"LineString","coordinates":[[30.29494,-0.97366],[30.29044,-0.97224],[30.28672,-0.97325],[30.28015,-0.98076],[30.2783,-0.98042],[30.27113,-0.98522],[30.26248,-0.98487],[30.25683,-0.98528],[30.25142,-0.98458],[30.24404,-0.98451],[30.22034,-0.99064],[30.2079,-0.98987],[30.2038,-0.98837],[30.20011,-0.98593]]}},{"type":"Feature","properties":{"name":"Kijuma-Rwakitura","functional_class":"Class C National Road","surface_type":"Unsealed","length_km":31.257,"road_no":"C358"},"geometry":{"type":"LineString","coordinates":[[30.95346,-0.17732],[30.95235,-0.17359],[30.94923,-0.16774],[30.94773,-0.16244],[30.94488,-0.15785],[30.94482,-0.15438],[30.94733,-0.14974],[30.94757,-0.14559],[30.9467,-0.14314],[30.94629,-0.13972],[30.94435,-0.1367],[30.94207,-0.12963],[30.94073,-0.1271],[30.94104,-0.12386],[30.93753,-0.11974],[30.93591,-0.11462],[30.93248,-0.11064],[30.9317,-0.10891],[30.92974,-0.107],[30.92848,-0.10361],[30.92528,-0.09843],[30.92351,-0.09717],[30.91738,-0.09584],[30.91546,-0.09441],[30.91441,-0.0904],[30.91434,-0.0803],[30.91131,-0.0747],[30.91061,-0.07044],[30.90999,-0.06927],[30.90556,-0.06689],[30.90092,-0.06601],[30.89776,-0.06332],[30.89527,-0.06218],[30.89227,-0.05926],[30.8895,-0.05294],[30.88798,-0.05125],[30.88146,-0.03998],[30.87636,-0.03273],[30.87351,-0.02576],[30.87172,-0.0233],[30.8747,-0.02205],[30.8774,-0.0217],[30.87864,-0.02063],[30.87861,-0.01191],[30.87814,-0.00818],[30.8772,-0.00563],[30.87703,-0.00118],[30.87392,0.00464],[30.87289,0.00952],[30.87052,0.01363],[30.86977,0.01614],[30.86998,0.02067],[30.86712,0.02502],[30.8695,0.03029],[30.86988,0.03841],[30.86949,0.04184],[30.86748,0.04824],[30.86364,0.04915],[30.86177,0.05114],[30.86235,0.05445],[30.86101,0.0568]]}},{"type":"Feature","properties":{"name":"Kabingo - Nyakitunda - Kabuyanda - Kyezi","functional_class":"Class C National Road","surface_type":"Unsealed","length_km":39.36,"road_no":"C363"},"geometry":{"type":"LineString","coordinates":[[30.77828,-0.77311],[30.77522,-0.77302],[30.77388,-0.77269],[30.77388,-0.77201],[30.77292,-0.77199],[30.77292,-0.77371],[30.77237,-0.77446],[30.76076,-0.78216],[30.75831,-0.78257],[30.75662,-0.78568],[30.75384,-0.78804],[30.75417,-0.78954],[30.75483,-0.78989],[30.75535,-0.79114],[30.75412,-0.79506],[30.75607,-0.80002],[30.75533,-0.80288],[30.75333,-0.80519],[30.75402,-0.81051],[30.75284,-0.81836],[30.75555,-0.82831],[30.74923,-0.83977],[30.74654,-0.84222],[30.74569,-0.84287],[30.74448,-0.84289],[30.74299,-0.83998],[30.74073,-0.84085],[30.73789,-0.83882],[30.73406,-0.83774],[30.72791,-0.8324],[30.72221,-0.82908],[30.71901,-0.82583],[30.71686,-0.82569],[30.71752,-0.82736],[30.71693,-0.82831],[30.7166,-0.83088],[30.71738,-0.83333],[30.71602,-0.83778],[30.71372,-0.84087],[30.71246,-0.84384],[30.71081,-0.84546],[30.70571,-0.84875],[30.70404,-0.85234],[30.7036,-0.8545],[30.7031,-0.86023],[30.70341,-0.86241],[30.70636,-0.86397],[30.70855,-0.86804],[30.7083,-0.8733],[30.70764,-0.87434],[30.70747,-0.87607],[30.70786,-0.88499],[30.7049,-0.89064],[30.70039,-0.89233],[30.69811,-0.89388],[30.69431,-0.89479],[30.68703,-0.90117],[30.68717,-0.90456],[30.6847,-0.90632],[30.6847,-0.90734],[30.68568,-0.90889],[30.68698,-0.91316],[30.68531,-0.91808],[30.68655,-0.926],[30.68598,-0.92719],[30.68084,-0.93189],[30.68061,-0.93629],[30.68238,-0.94228],[30.68832,-0.95002],[30.68948,-0.95465],[30.69087,-0.95757],[30.69108,-0.9637],[30.69338,-0.97279],[30.69411,-0.97417],[30.69546,-0.9749],[30.69638,-0.97758],[30.69489,-0.9829],[30.69854,-0.99362],[30.69832,-0.99775],[30.69724,-1.00202],[30.69744,-1.00502],[30.69672,-1.00565],[30.69606,-1.00499],[30.69499,-1.00493],[30.69399,-1.00593],[30.69394,-1.00687],[30.69524,-1.0092],[30.69549,-1.01239],[30.6949,-1.01377]]}},{"type":"Feature","properties":{"name":"Bihanga - Nsiika","functional_class":"Class C National Road","surface_type":"Unsealed","length_km":13.222,"road_no":"C416"},"geometry":{"type":"LineString","coordinates":[[30.4555,-0.43851],[30.45143,-0.43331],[30.45237,-0.43051],[30.45316,-0.42578],[30.4529,-0.4247],[30.45169,-0.42377],[30.44544,-0.42284],[30.44107,-0.42031],[30.43864,-0.41809],[30.43358,-0.41496],[30.43162,-0.41055],[30.43157,-0.40874],[30.42851,-0.40198],[30.42814,-0.4003],[30.429,-0.39945],[30.42904,-0.3976],[30.42998,-0.39678],[30.4297,-0.39499],[30.43171,-0.39108],[30.42862,-0.38722],[30.42671,-0.38036],[30.42425,-0.3771],[30.42453,-0.37458],[30.42502,-0.37392],[30.42655,-0.37366],[30.42633,-0.37296],[30.4254,-0.37274],[30.42543,-0.37132],[30.42623,-0.37084],[30.42693,-0.36945],[30.43002,-0.36857],[30.43051,-0.36875],[30.43092,-0.37014],[30.43307,-0.36945],[30.43358,-0.37258],[30.43428,-0.37271],[30.4349,-0.37017],[30.43882,-0.36752],[30.43921,-0.36674],[30.43903,-0.36627],[30.43435,-0.36409]]}},{"type":"Feature","properties":{"name":"Ibanda-Kanoni-Kazo","functional_class":"Class C National Road","surface_type":"Bituminous","length_km":32.433,"road_no":"C356"},"geometry":{"type":"LineString","coordinates":[[30.50084,-0.13067],[30.50688,-0.13188],[30.51083,-0.13421],[30.5165,-0.13263],[30.52152,-0.13313],[30.52411,-0.13398],[30.52699,-0.13398],[30.52931,-0.13291],[30.53093,-0.13288],[30.53463,-0.13675],[30.53864,-0.13797],[30.54625,-0.13454],[30.55161,-0.13445],[30.5554,-0.13592],[30.55829,-0.13474],[30.56047,-0.13462],[30.56395,-0.13143],[30.56857,-0.13042],[30.56965,-0.12715],[30.57225,-0.12428],[30.57545,-0.12186],[30.57731,-0.12094],[30.57905,-0.12078],[30.58702,-0.11721],[30.59025,-0.11499],[30.5989,-0.11148],[30.60156,-0.10932],[30.60484,-0.10875],[30.60778,-0.10911],[30.61084,-0.10741],[30.61757,-0.10864],[30.6205,-0.10747],[30.6248,-0.10271],[30.62604,-0.09894],[30.62692,-0.09801],[30.63354,-0.09873],[30.63844,-0.0986],[30.64578,-0.09669],[30.65037,-0.09731],[30.65767,-0.0974],[30.66495,-0.09656],[30.6683,-0.09524],[30.67229,-0.09548],[30.67482,-0.09641],[30.6776,-0.09615],[30.67923,-0.09673],[30.68222,-0.09667],[30.68524,-0.09791],[30.69077,-0.09678],[30.69347,-0.09482],[30.69618,-0.09457],[30.69917,-0.09241],[30.70045,-0.09043],[30.70427,-0.08799],[30.70658,-0.08384],[30.70986,-0.08328],[30.7152,-0.08341],[30.7186,-0.08296],[30.72152,-0.08169],[30.72663,-0.08077],[30.73272,-0.0773],[30.73718,-0.07368],[30.74204,-0.07111],[30.75017,-0.06509],[30.75243,-0.06163],[30.75373,-0.05807]]}},{"type":"Feature","properties":{"name":"Kiyoora PTC Access","functional_class":"Class C National Road","surface_type":"Unsealed","length_km":0.229,"road_no":"C386"},"geometry":{"type":"LineString","coordinates":[[30.33905,-0.84558],[30.33992,-0.84382]]}},{"type":"Feature","properties":{"name":"Kisoro - Kyanika","functional_class":"Class C National Road","surface_type":"Bituminous","length_km":9.89,"road_no":"C412"},"geometry":{"type":"LineString","coordinates":[[29.68823,-1.28339],[29.6929,-1.29107],[29.69493,-1.2908],[29.70008,-1.29347],[29.70091,-1.29497],[29.70091,-1.29777],[29.70234,-1.29807],[29.70235,-1.30043],[29.70297,-1.30176],[29.70407,-1.30238],[29.70876,-1.30289],[29.70962,-1.30457],[29.71105,-1.30584],[29.71362,-1.30705],[29.72609,-1.31671],[29.7281,-1.32042],[29.72932,-1.32465],[29.72862,-1.3277],[29.72891,-1.32908],[29.72966,-1.32956],[29.7321,-1.32876],[29.73391,-1.32921],[29.73482,-1.3324],[29.73645,-1.33369],[29.73895,-1.33906],[29.73995,-1.33968],[29.74022,-1.3407]]}},{"type":"Feature","properties":{"name":"Kityaza-Burema-Bugango(Uganda/Tanzania border)","functional_class":"Class C National Road","surface_type":"Unsealed","length_km":25.217,"road_no":"C352"},"geometry":{"type":"LineString","coordinates":[[30.97052,-0.80861],[30.97148,-0.81149],[30.9711,-0.81442],[30.96503,-0.82722],[30.96411,-0.8316],[30.96276,-0.83358],[30.96214,-0.8372],[30.96425,-0.85043],[30.96649,-0.85479],[30.96825,-0.85637],[30.97415,-0.86388],[30.98612,-0.8733],[30.98755,-0.87588],[30.98767,-0.87701],[30.98361,-0.8884],[30.97707,-0.91284],[30.97115,-0.92446],[30.96615,-0.94842],[30.96526,-0.96742],[30.96792,-0.97288],[30.97118,-0.97662],[30.97566,-0.97944],[30.98257,-0.98275],[30.98464,-0.98428],[30.98873,-0.98907],[30.9914,-0.99115],[30.99453,-0.99233],[30.99933,-0.99545],[31.00418,-0.99735],[31.00525,-0.99853]]}},{"type":"Feature","properties":{"name":"Engarusya - Buremba","functional_class":"Class C National Road","surface_type":"Unsealed","length_km":24.312,"road_no":"C380"},"geometry":{"type":"LineString","coordinates":[[30.62616,-0.0985],[30.62444,-0.09583],[30.62604,-0.08943],[30.62428,-0.08597],[30.62418,-0.08481],[30.62719,-0.08297],[30.6279,-0.08187],[30.62878,-0.07843],[30.62844,-0.07439],[30.62945,-0.07139],[30.6323,-0.06826],[30.63298,-0.06174],[30.6349,-0.05886],[30.64114,-0.04437],[30.64245,-0.04255],[30.6431,-0.03835],[30.64616,-0.03564],[30.64729,-0.03341],[30.64764,-0.03177],[30.64661,-0.02779],[30.65317,-0.02234],[30.6588,-0.01098],[30.65845,-0.00774],[30.66151,-0.00524],[30.6618,-0.00213],[30.66106,0.00005],[30.66382,0.00702],[30.66416,0.01057],[30.66326,0.01513],[30.66173,0.01882],[30.66284,0.02104],[30.66386,0.02581],[30.66276,0.02987],[30.66179,0.03162],[30.66272,0.03666],[30.66077,0.04017],[30.65944,0.04155],[30.65479,0.04354],[30.65288,0.04854],[30.65337,0.05095],[30.65251,0.05529],[30.65284,0.05752],[30.65377,0.061],[30.65786,0.06826],[30.65742,0.07091],[30.65778,0.07385],[30.65565,0.07635],[30.65598,0.0816],[30.65921,0.08823],[30.65822,0.09196],[30.65576,0.09461]]}},{"type":"Feature","properties":{"name":"Ruhumba - Byanamira","functional_class":"Class C National Road","surface_type":"Unsealed","length_km":6.301,"road_no":"C370"},"geometry":{"type":"LineString","coordinates":[[30.5942,-0.2995],[30.59679,-0.29824],[30.6048,-0.29709],[30.60588,-0.29624],[30.60707,-0.29394],[30.60807,-0.29343],[30.60978,-0.29345],[30.61245,-0.2945],[30.61461,-0.29657],[30.61579,-0.29698],[30.61656,-0.29652],[30.6173,-0.29352],[30.61875,-0.29229],[30.62218,-0.29243],[30.62602,-0.29429],[30.63092,-0.29332],[30.63277,-0.29247],[30.63427,-0.29079],[30.63885,-0.28827],[30.64097,-0.28587]]}},{"type":"Feature","properties":{"name":"Kabale access roads","functional_class":"Class C National Road","surface_type":"Bituminous","length_km":2.897,"road_no":"C420"},"geometry":{"type":"LineString","coordinates":[[29.9932,-1.25953],[29.99219,-1.25937],[29.99025,-1.25746],[29.98456,-1.24811],[29.98104,-1.24787],[29.97693,-1.24567],[29.97402,-1.24476]]}},{"type":"Feature","properties":{"name":"Katete-Isingiro","functional_class":"Class C National Road","surface_type":"Bituminous","length_km":30.649,"road_no":"C350"},"geometry":{"type":"LineString","coordinates":[[30.64058,-0.6198],[30.64123,-0.6204],[30.64333,-0.62004],[30.64483,-0.62048],[30.64807,-0.62507],[30.6584,-0.631],[30.67155,-0.63728],[30.68326,-0.64701],[30.68817,-0.65371],[30.68877,-0.6552],[30.68956,-0.66341],[30.69244,-0.67687],[30.69251,-0.68733],[30.69299,-0.69031],[30.69386,-0.69228],[30.69318,-0.69484],[30.6936,-0.69607],[30.69723,-0.69798],[30.70035,-0.6984],[30.70497,-0.70045],[30.71151,-0.70963],[30.71539,-0.71224],[30.71978,-0.71344],[30.72402,-0.71696],[30.72873,-0.72366],[30.73341,-0.72881],[30.73563,-0.72998],[30.74069,-0.7312],[30.74279,-0.73248],[30.75139,-0.74062],[30.75447,-0.74556],[30.75894,-0.74962],[30.76088,-0.75236],[30.76443,-0.75513],[30.78424,-0.78059],[30.78525,-0.78114],[30.78668,-0.78102],[30.78908,-0.77887],[30.79016,-0.77848],[30.7963,-0.77941],[30.80216,-0.77831],[30.80603,-0.77923],[30.80877,-0.78125],[30.81291,-0.78787],[30.81604,-0.7905],[30.81712,-0.79469],[30.81694,-0.7958]]}},{"type":"Feature","properties":{"name":"Ishongororo - Bisheshe","functional_class":"Class C National Road","surface_type":"Unsealed","length_km":24.126,"road_no":"C375"},"geometry":{"type":"LineString","coordinates":[[30.48781,-0.05768],[30.48614,-0.05662],[30.48398,-0.0536],[30.48126,-0.04833],[30.47899,-0.04699],[30.47605,-0.04894],[30.47437,-0.05178],[30.47065,-0.0554],[30.46873,-0.05846],[30.46581,-0.06099],[30.4614,-0.06165],[30.45796,-0.0636],[30.45272,-0.06145],[30.45278,-0.06008],[30.45472,-0.05849],[30.45567,-0.05614],[30.45599,-0.05101],[30.45496,-0.04612],[30.45521,-0.04536],[30.45639,-0.04524],[30.45668,-0.04385],[30.45485,-0.03905],[30.45533,-0.03732],[30.45535,-0.0322],[30.45405,-0.03111],[30.4479,-0.02262],[30.4466,-0.01827],[30.44355,-0.01527],[30.4398,-0.01352],[30.43658,-0.00689],[30.43533,-0.00551],[30.43523,-0.00431],[30.43427,-0.0039],[30.43019,-0.00396],[30.42739,-0.00182],[30.42574,0.00393],[30.42625,0.00584],[30.43027,0.01144],[30.43504,0.01624],[30.44037,0.01849],[30.45083,0.02479],[30.45205,0.02612],[30.45345,0.0297],[30.45633,0.03413],[30.458,0.03791],[30.45942,0.03943],[30.46168,0.04048],[30.46472,0.03873],[30.46631,0.03935],[30.46871,0.03946],[30.47094,0.04041],[30.47454,0.0429],[30.4756,0.04453],[30.47684,0.04506],[30.47699,0.04727],[30.47888,0.0492],[30.48057,0.05314],[30.48151,0.05407],[30.48293,0.05422],[30.48441,0.05582]]}},{"type":"Feature","properties":{"name":"Ruzinga (Bugamba) Chitwe","functional_class":"Class C National Road","surface_type":"Unsealed","length_km":19.497,"road_no":"C365"},"geometry":{"type":"LineString","coordinates":[[30.53131,-0.82965],[30.53242,-0.83191],[30.53332,-0.83558],[30.53295,-0.83805],[30.53178,-0.84048],[30.53301,-0.84389],[30.53285,-0.85304],[30.53127,-0.85427],[30.52507,-0.85253],[30.52411,-0.85287],[30.51926,-0.86019],[30.51598,-0.86299],[30.51383,-0.86577],[30.50852,-0.86973],[30.50606,-0.87512],[30.50514,-0.88094],[30.50264,-0.88595],[30.49997,-0.89352],[30.50184,-0.89998],[30.50418,-0.90496],[30.50439,-0.91014],[30.50647,-0.91581],[30.50625,-0.91941],[30.50373,-0.92411],[30.49992,-0.92591],[30.49743,-0.92826],[30.49416,-0.9368],[30.49091,-0.93992],[30.48745,-0.94131],[30.48476,-0.94483],[30.48404,-0.94692],[30.48496,-0.95313],[30.48467,-0.95853],[30.48325,-0.96232],[30.48016,-0.96561],[30.47789,-0.97101],[30.47521,-0.97313]]}},{"type":"Feature","properties":{"name":"Kakukuru-Kafunzo","functional_class":"Class C National Road","surface_type":"Bituminous","length_km":16.132,"road_no":"C417"},"geometry":{"type":"LineString","coordinates":[[30.29453,-0.97338],[30.30082,-0.9755],[30.31257,-0.98256],[30.32977,-0.98407],[30.33843,-0.98687],[30.34304,-0.98686],[30.34833,-0.98534],[30.35168,-0.98545],[30.36505,-0.9914],[30.37209,-0.99298],[30.37617,-0.99465],[30.38082,-0.99834],[30.38617,-1.00127],[30.39771,-1.00727],[30.40138,-1.00824],[30.41137,-1.01321],[30.41593,-1.01691],[30.42029,-1.01807],[30.42267,-1.018],[30.42639,-1.01621],[30.42726,-1.01535]]}},{"type":"Feature","properties":{"name":"Kyankanda-Bitsya","functional_class":"Class C National Road","surface_type":"Unsealed","length_km":17.099,"road_no":"C372"},"geometry":{"type":"LineString","coordinates":[[30.47923,-0.15501],[30.47561,-0.15872],[30.47314,-0.16028],[30.47296,-0.16405],[30.47204,-0.16804],[30.47046,-0.1702],[30.46927,-0.17042],[30.46699,-0.16907],[30.46366,-0.16929],[30.46049,-0.17224],[30.45758,-0.17392],[30.45523,-0.17457],[30.45282,-0.17732],[30.45131,-0.17781],[30.44927,-0.17763],[30.44552,-0.18014],[30.44534,-0.1824],[30.44829,-0.18649],[30.44981,-0.19146],[30.4496,-0.19763],[30.44786,-0.20054],[30.44332,-0.20604],[30.44015,-0.209],[30.43758,-0.2101],[30.43727,-0.21377],[30.43521,-0.21696],[30.43505,-0.22066],[30.43115,-0.23372],[30.43159,-0.23478],[30.43328,-0.23628],[30.43238,-0.23895],[30.43491,-0.24227],[30.43502,-0.24649],[30.43182,-0.24999],[30.4315,-0.25159],[30.4303,-0.2527],[30.42836,-0.25366],[30.42671,-0.2532],[30.42417,-0.25677],[30.42314,-0.25914],[30.42358,-0.2623],[30.42321,-0.26407],[30.42602,-0.26789]]}},{"type":"Feature","properties":{"name":"Ekitindo - Ngarama - Kasheshe","functional_class":"Class C National Road","surface_type":"Unsealed","length_km":41.2,"road_no":"C360"},"geometry":{"type":"LineString","coordinates":[[30.81189,-0.86153],[30.81153,-0.86398],[30.81243,-0.86666],[30.81217,-0.86919],[30.81417,-0.8713],[30.81779,-0.8772],[30.82048,-0.88327],[30.82009,-0.89009],[30.82216,-0.89245],[30.82323,-0.89495],[30.82458,-0.90406],[30.83157,-0.90717],[30.83917,-0.90728],[30.84776,-0.91182],[30.85427,-0.91799],[30.85559,-0.91854],[30.85626,-0.91049],[30.85582,-0.90707],[30.85628,-0.90553],[30.86057,-0.90326],[30.86462,-0.90234],[30.86618,-0.89755],[30.87231,-0.8886],[30.87377,-0.88452],[30.87568,-0.883],[30.88013,-0.87477],[30.88308,-0.87179],[30.88745,-0.86405],[30.88957,-0.86219],[30.89778,-0.86279],[30.90736,-0.86049],[30.91121,-0.85864],[30.91376,-0.85959],[30.91628,-0.85923],[30.92061,-0.85965],[30.92889,-0.85838],[30.9313,-0.85868],[30.93964,-0.86291],[30.94834,-0.86371],[30.95387,-0.86637],[30.96282,-0.87302],[30.97077,-0.88103],[30.97174,-0.88301],[30.9714,-0.88424],[30.96854,-0.88924],[30.96789,-0.89191],[30.96514,-0.89494],[30.96544,-0.89887],[30.96674,-0.90375],[30.96425,-0.90904],[30.9638,-0.91595],[30.95966,-0.92697],[30.95829,-0.93745],[30.95591,-0.94778],[30.9558,-0.95148],[30.95402,-0.95769],[30.95399,-0.96254],[30.9556,-0.96547],[30.95846,-0.96753],[30.9586,-0.97075],[30.9602,-0.9767],[30.95799,-0.97937],[30.95716,-0.97973],[30.95647,-0.98193],[30.95712,-0.98398],[30.95701,-0.98531],[30.9558,-0.98724],[30.95366,-0.98905],[30.94993,-0.98884],[30.94741,-0.98808],[30.94303,-0.98546],[30.94043,-0.9853],[30.93865,-0.98789],[30.93779,-0.99103],[30.93783,-0.99341],[30.94153,-1.00161]]}},{"type":"Feature","properties":{"name":"Kabwohe - Nyakambu - Bihanga","functional_class":"Class C National Road","surface_type":"Unsealed","length_km":21.129,"road_no":"C415"},"geometry":{"type":"LineString","coordinates":[[30.37839,-0.58011],[30.37951,-0.57535],[30.37952,-0.57156],[30.3827,-0.56703],[30.38118,-0.56317],[30.38727,-0.54842],[30.3877,-0.54592],[30.38669,-0.53641],[30.38299,-0.53204],[30.38087,-0.52634],[30.38394,-0.51895],[30.38566,-0.51094],[30.38705,-0.5094],[30.38824,-0.50506],[30.38819,-0.5003],[30.39108,-0.49516],[30.3946,-0.49081],[30.40003,-0.47843],[30.40188,-0.47162],[30.40316,-0.46912],[30.40423,-0.46543],[30.40752,-0.46373],[30.40819,-0.4625],[30.41615,-0.46096],[30.4179,-0.45968],[30.4235,-0.45762],[30.42894,-0.45416],[30.43706,-0.45016],[30.4443,-0.44764],[30.4491,-0.44406],[30.45176,-0.44275],[30.45513,-0.43882],[30.46024,-0.43457]]}},{"type":"Feature","properties":{"name":"Buremba-Remiyaga","functional_class":"Class C National Road","surface_type":"Unsealed","length_km":32.53,"road_no":"C357"},"geometry":{"type":"LineString","coordinates":[[30.9304,0.13409],[30.93715,0.1349],[30.94113,0.13404],[30.94601,0.13541],[30.95173,0.13954],[30.95578,0.13916],[30.95763,0.13828],[30.96606,0.13867],[30.97263,0.14153],[30.97547,0.14203],[30.98057,0.13943],[30.98556,0.13867],[30.98777,0.13422],[30.98928,0.13422],[30.99015,0.13527],[30.99194,0.13517],[30.99596,0.13097],[31.001,0.13021],[31.00436,0.12854],[31.00923,0.1272],[31.01311,0.12659],[31.01759,0.12678],[31.02231,0.12525],[31.02646,0.1268],[31.03158,0.12749],[31.03538,0.13062],[31.04125,0.13022],[31.04552,0.12613],[31.04676,0.12136],[31.05256,0.11777],[31.05368,0.11776],[31.05586,0.12092],[31.05953,0.1207],[31.06526,0.12228],[31.06793,0.1218],[31.06974,0.11861],[31.07111,0.11731],[31.07172,0.11567],[31.07316,0.11447],[31.0774,0.10888],[31.08395,0.10443],[31.08531,0.09841],[31.08511,0.09166],[31.08678,0.09062],[31.08857,0.08856],[31.09338,0.0892],[31.09652,0.08426],[31.09881,0.08249],[31.10092,0.08362],[31.1084,0.08516],[31.11644,0.08578],[31.1214,0.08755],[31.12563,0.08983],[31.12744,0.08926],[31.12949,0.08738],[31.13161,0.08646],[31.13863,0.08571],[31.14305,0.08461],[31.14557,0.08486],[31.14682,0.08566],[31.14761,0.08711],[31.14758,0.09003],[31.1484,0.09381],[31.15419,0.11236]]}},{"type":"Feature","properties":{"name":"Kebisoni-Rukungiri","functional_class":"Class C National Road","surface_type":"Bituminous","length_km":13.941,"road_no":"C410"},"geometry":{"type":"LineString","coordinates":[[30.01018,-0.85565],[30.00239,-0.8515],[29.99895,-0.85177],[29.99261,-0.85084],[29.98788,-0.85149],[29.98105,-0.84701],[29.97702,-0.84617],[29.97555,-0.8448],[29.97467,-0.84245],[29.97167,-0.83755],[29.96761,-0.83469],[29.96438,-0.82902],[29.95915,-0.8255],[29.95587,-0.82521],[29.95014,-0.82243],[29.94479,-0.8207],[29.93917,-0.81022],[29.93232,-0.80427],[29.93124,-0.80056],[29.92953,-0.79951],[29.93018,-0.79637],[29.92955,-0.7952],[29.92695,-0.79307],[29.92757,-0.79152],[29.92633,-0.79087],[29.92651,-0.78541],[29.92547,-0.7832]]}},{"type":"Feature","properties":{"name":"Nyakahita-Rushere","functional_class":"Class C National Road","surface_type":"Bituminous","length_km":33.232,"road_no":"C355"},"geometry":{"type":"LineString","coordinates":[[31.12174,-0.41707],[31.11603,-0.41541],[31.10864,-0.40839],[31.10206,-0.39967],[31.10135,-0.39688],[31.09971,-0.39412],[31.09879,-0.3906],[31.09848,-0.3846],[31.09676,-0.38092],[31.0944,-0.36864],[31.09313,-0.36523],[31.09336,-0.36248],[31.09207,-0.3609],[31.09145,-0.35784],[31.08895,-0.35308],[31.07759,-0.33501],[31.07661,-0.33409],[31.07392,-0.33295],[31.0719,-0.33107],[31.06614,-0.32826],[31.0573,-0.32577],[31.05291,-0.32165],[31.05085,-0.31855],[31.04717,-0.31499],[31.04324,-0.30883],[31.0429,-0.30543],[31.03784,-0.29327],[31.034,-0.28898],[31.03167,-0.28529],[31.02448,-0.26968],[31.01915,-0.26723],[31.00858,-0.26633],[31.00336,-0.26328],[30.99644,-0.25311],[30.99291,-0.24604],[30.98591,-0.23675],[30.9843,-0.23355],[30.98306,-0.22933],[30.98057,-0.22643],[30.96834,-0.22074],[30.95726,-0.21205],[30.94293,-0.21059],[30.93815,-0.21145]]}},{"type":"Feature","properties":{"name":"Nyakayojo TC-Kibingo PTC","functional_class":"Class C National Road","surface_type":"Unsealed","length_km":2.839,"road_no":"C384"},"geometry":{"type":"LineString","coordinates":[[30.56037,-0.64279],[30.55869,-0.64441],[30.55777,-0.64859],[30.55548,-0.65173],[30.55507,-0.6546],[30.55527,-0.66019],[30.54939,-0.65781]]}},{"type":"Feature","properties":{"name":"Kabujogera - Mahyoro Junction","functional_class":"Class C National Road","surface_type":"Unsealed","length_km":21.03,"road_no":"C373"},"geometry":{"type":"LineString","coordinates":[[30.39492,-0.09321],[30.39298,-0.09406],[30.38763,-0.0949],[30.38245,-0.09431],[30.3803,-0.09349],[30.37936,-0.09181],[30.37612,-0.09063],[30.37474,-0.08873],[30.37504,-0.08738],[30.37434,-0.08625],[30.36799,-0.0857],[30.35932,-0.0881],[30.35897,-0.09178],[30.35795,-0.09377],[30.35766,-0.0956],[30.35477,-0.09849],[30.35363,-0.09857],[30.35131,-0.10005],[30.34895,-0.10043],[30.34639,-0.10261],[30.34409,-0.10289],[30.34073,-0.10133],[30.33949,-0.10225],[30.33689,-0.10208],[30.32984,-0.09508],[30.32936,-0.09261],[30.32967,-0.09093],[30.32868,-0.08812],[30.32925,-0.08628],[30.329,-0.08474],[30.32576,-0.08309],[30.32264,-0.07927],[30.31889,-0.07759],[30.31783,-0.07563],[30.3166,-0.07486],[30.31614,-0.07213],[30.3115,-0.07073],[30.30791,-0.06447],[30.30578,-0.06294],[30.30182,-0.06235],[30.29643,-0.06309],[30.29497,-0.06397],[30.29454,-0.0657],[30.2919,-0.06724],[30.28871,-0.06772],[30.28668,-0.06749],[30.28231,-0.06532],[30.2795,-0.06574],[30.27734,-0.06518],[30.27459,-0.06272],[30.26406,-0.05768],[30.26187,-0.05735],[30.25881,-0.05775],[30.25393,-0.05152]]}},{"type":"Feature","properties":{"name":"Ruti - Mwizi - Kabuyanda - Kikagati","functional_class":"Class C National Road","surface_type":"Unsealed","length_km":63.63,"road_no":"C364"},"geometry":{"type":"LineString","coordinates":[[30.61492,-0.63576],[30.61011,-0.64186],[30.60721,-0.64765],[30.60296,-0.64704],[30.60052,-0.64782],[30.59481,-0.65541],[30.58474,-0.66404],[30.57499,-0.67105],[30.56712,-0.67498],[30.56443,-0.68195],[30.56476,-0.68493],[30.56264,-0.68746],[30.56161,-0.69186],[30.56199,-0.69386],[30.56402,-0.69749],[30.56499,-0.70081],[30.56473,-0.70471],[30.5655,-0.70878],[30.564,-0.71305],[30.56329,-0.71344],[30.55987,-0.71333],[30.55129,-0.70935],[30.54833,-0.70892],[30.54528,-0.70756],[30.54072,-0.70754],[30.53594,-0.709],[30.52971,-0.71307],[30.52733,-0.71767],[30.52663,-0.72255],[30.52954,-0.7261],[30.53081,-0.72902],[30.53275,-0.72972],[30.53373,-0.73091],[30.53489,-0.73031],[30.53374,-0.72605],[30.53398,-0.72427],[30.53578,-0.72113],[30.53945,-0.71878],[30.54137,-0.71927],[30.54439,-0.72093],[30.54857,-0.72187],[30.5525,-0.72427],[30.55669,-0.72587],[30.55936,-0.7277],[30.56544,-0.72907],[30.56977,-0.73332],[30.57104,-0.73627],[30.58178,-0.74433],[30.58461,-0.74802],[30.59174,-0.75244],[30.59509,-0.75889],[30.60285,-0.76353],[30.60354,-0.76502],[30.60293,-0.76766],[30.60193,-0.76929],[30.60006,-0.77079],[30.59971,-0.77178],[30.60448,-0.77857],[30.60784,-0.78534],[30.61536,-0.79017],[30.62474,-0.78839],[30.62724,-0.79029],[30.62849,-0.79269],[30.62853,-0.79831],[30.63013,-0.80157],[30.63455,-0.81541],[30.6411,-0.82197],[30.64223,-0.82368],[30.64302,-0.82799],[30.6402,-0.82966],[30.63731,-0.83234],[30.63526,-0.83255],[30.63464,-0.83319],[30.63537,-0.83749],[30.63481,-0.84063],[30.6363,-0.8457],[30.63559,-0.85037],[30.63844,-0.85489],[30.63996,-0.85588],[30.63971,-0.85901],[30.64041,-0.8606],[30.64595,-0.8666],[30.64872,-0.87128],[30.64904,-0.87342],[30.64959,-0.87376],[30.65187,-0.8807],[30.6518,-0.88476],[30.64766,-0.89376],[30.64786,-0.90003],[30.64574,-0.90859],[30.64389,-0.91245],[30.63595,-0.92352],[30.63208,-0.92596],[30.63038,-0.92806],[30.62885,-0.93713],[30.6252,-0.94601],[30.61998,-0.96242],[30.61894,-0.97537],[30.61687,-0.98854],[30.61785,-1.00076],[30.6176,-1.00363],[30.6165,-1.00651],[30.61391,-1.01079],[30.61003,-1.01374],[30.60751,-1.0169],[30.60578,-1.02123]]}},{"type":"Feature","properties":{"name":"Biharwe - Bwizibwera","functional_class":"Class C National Road","surface_type":"Unsealed","length_km":22.944,"road_no":"C368"},"geometry":{"type":"LineString","coordinates":[[30.57275,-0.43639],[30.57571,-0.43223],[30.57688,-0.43186],[30.57899,-0.43213],[30.58506,-0.43661],[30.59449,-0.43675],[30.59996,-0.43858],[30.6044,-0.43877],[30.60617,-0.43999],[30.60772,-0.44253],[30.61026,-0.44358],[30.61277,-0.44612],[30.61662,-0.44676],[30.62257,-0.44919],[30.62657,-0.4496],[30.62912,-0.45115],[30.63253,-0.45221],[30.63771,-0.45278],[30.64729,-0.45479],[30.65046,-0.45488],[30.65971,-0.45357],[30.66418,-0.45138],[30.66598,-0.45177],[30.66803,-0.45427],[30.6668,-0.45771],[30.6671,-0.45888],[30.66918,-0.46184],[30.67347,-0.46525],[30.67453,-0.46747],[30.6759,-0.47553],[30.67717,-0.47901],[30.68053,-0.48079],[30.68248,-0.48547],[30.68552,-0.48935],[30.68915,-0.49248],[30.69522,-0.49628],[30.69742,-0.49825],[30.70028,-0.49896],[30.70169,-0.49997],[30.70608,-0.50506],[30.70833,-0.51092],[30.70981,-0.5113],[30.71337,-0.50998],[30.72427,-0.50843],[30.72831,-0.50898],[30.72969,-0.5103],[30.73063,-0.51217]]}},{"type":"Feature","properties":{"name":"Kafunzo-Kikagati","functional_class":"Class C National Road","surface_type":"Unsealed","length_km":30.111,"road_no":"C419"},"geometry":{"type":"LineString","coordinates":[[30.42765,-1.01504],[30.4359,-1.00968],[30.43861,-1.00683],[30.44049,-1.00373],[30.45038,-0.99923],[30.45395,-0.99441],[30.46679,-0.98132],[30.47032,-0.97864],[30.47365,-0.97399],[30.47548,-0.97313],[30.48073,-0.97421],[30.48693,-0.97686],[30.49434,-0.9784],[30.50239,-0.98209],[30.50589,-0.98284],[30.5108,-0.98313],[30.51578,-0.98528],[30.52138,-0.98573],[30.52976,-0.98809],[30.53254,-0.98814],[30.534,-0.98751],[30.54041,-0.98655],[30.54838,-0.98804],[30.55523,-0.98849],[30.56063,-0.98983],[30.56309,-0.99374],[30.56525,-0.99363],[30.56618,-0.99422],[30.57364,-1.00377],[30.58418,-1.01243],[30.59206,-1.01491],[30.61312,-1.02482],[30.62423,-1.02917],[30.62667,-1.03121],[30.63023,-1.0369],[30.63382,-1.03668],[30.63749,-1.03781],[30.64094,-1.03621],[30.6476,-1.03982],[30.65813,-1.04213]]}},{"type":"Feature","properties":{"name":"Byanamira - Kashwa","functional_class":"Class C National Road","surface_type":"Unsealed","length_km":25.047,"road_no":"C370"},"geometry":{"type":"LineString","coordinates":[[30.64097,-0.28587],[30.64542,-0.28466],[30.64769,-0.28312],[30.65456,-0.28132],[30.65851,-0.28264],[30.66277,-0.28055],[30.66824,-0.28161],[30.67123,-0.28094],[30.67454,-0.27817],[30.6763,-0.27588],[30.68279,-0.27175],[30.68441,-0.26678],[30.68561,-0.26545],[30.68828,-0.26402],[30.68975,-0.2606],[30.6929,-0.25647],[30.70561,-0.24784],[30.71033,-0.247],[30.7212,-0.24876],[30.72759,-0.24632],[30.73292,-0.24596],[30.73661,-0.24642],[30.74053,-0.24872],[30.74609,-0.2481],[30.74782,-0.2486],[30.74916,-0.24962],[30.75106,-0.24991],[30.7551,-0.24908],[30.75629,-0.24709],[30.75674,-0.24484],[30.75909,-0.23951],[30.75986,-0.23869],[30.76316,-0.2374],[30.76445,-0.23481],[30.76788,-0.23406],[30.77347,-0.23798],[30.7745,-0.23823],[30.78052,-0.23558],[30.78888,-0.23447],[30.78952,-0.23297],[30.79022,-0.22756],[30.79146,-0.22503],[30.79495,-0.22313],[30.79709,-0.22127],[30.79917,-0.22072],[30.80056,-0.21973],[30.8033,-0.21694],[30.80609,-0.21496],[30.81042,-0.20952],[30.81188,-0.20888],[30.81957,-0.20884],[30.82268,-0.20807]]}},{"type":"Feature","properties":{"name":"Rugaaga-Rushasha-Rwentaha","functional_class":"Class C National Road","surface_type":"Unsealed","length_km":49.707,"road_no":"C359"},"geometry":{"type":"LineString","coordinates":[[31.02347,-0.82902],[31.0225,-0.82316],[31.02379,-0.81825],[31.02805,-0.81],[31.03344,-0.80682],[31.03511,-0.80643],[31.04068,-0.80671],[31.04497,-0.80501],[31.04985,-0.80226],[31.05897,-0.79576],[31.0619,-0.79036],[31.06753,-0.78544],[31.07358,-0.77863],[31.08101,-0.76851],[31.08325,-0.76407],[31.08542,-0.75723],[31.08802,-0.75286],[31.089,-0.74879],[31.09065,-0.74678],[31.0907,-0.74451],[31.08916,-0.74184],[31.08977,-0.73927],[31.08841,-0.73875],[31.08743,-0.73667],[31.08884,-0.73284],[31.09143,-0.7314],[31.08833,-0.72374],[31.08894,-0.72034],[31.08619,-0.71906],[31.08415,-0.71679],[31.07574,-0.70483],[31.07497,-0.70234],[31.07453,-0.69383],[31.0735,-0.69112],[31.07348,-0.68847],[31.07473,-0.68675],[31.08356,-0.6818],[31.08634,-0.68139],[31.08847,-0.68254],[31.09058,-0.68639],[31.09227,-0.68772],[31.09412,-0.68831],[31.09642,-0.68815],[31.09882,-0.68616],[31.10084,-0.68565],[31.10367,-0.68656],[31.10761,-0.6895],[31.1101,-0.68673],[31.11295,-0.68616],[31.11562,-0.68713],[31.11799,-0.68942],[31.11928,-0.68962],[31.12193,-0.68859],[31.12631,-0.68885],[31.1281,-0.68946],[31.13014,-0.69217],[31.13164,-0.69622],[31.1338,-0.69711],[31.14388,-0.70425],[31.14761,-0.70516],[31.15066,-0.70694],[31.15171,-0.70837],[31.1521,-0.71085],[31.14931,-0.71628],[31.14934,-0.71834],[31.1504,-0.7193],[31.15585,-0.71991],[31.15915,-0.72219],[31.16056,-0.72392],[31.16222,-0.72983],[31.16396,-0.733],[31.16684,-0.73385],[31.16914,-0.73637],[31.17064,-0.73613],[31.17491,-0.73676],[31.17855,-0.73926],[31.17977,-0.74138],[31.18001,-0.74317],[31.18223,-0.7442],[31.18507,-0.74245],[31.18856,-0.7426],[31.19303,-0.74811],[31.19612,-0.76013],[31.19464,-0.7741],[31.19483,-0.77668],[31.194,-0.78234],[31.19306,-0.78508],[31.1901,-0.79021],[31.1864,-0.79885],[31.18225,-0.80247],[31.17656,-0.80463],[31.16678,-0.80518],[31.16353,-0.80793],[31.16217,-0.81264],[31.1623,-0.8147],[31.16146,-0.81649],[31.16052,-0.82204],[31.15972,-0.82397]]}},{"type":"Feature","properties":{"name":"Kalengyere bypass-Katojo-Rubuguri","functional_class":"Class C National Road","surface_type":"Unsealed","length_km":28.218,"road_no":"C413"},"geometry":{"type":"MultiLineString","coordinates":[[[29.80408,-1.22562],[29.79996,-1.22416],[29.79851,-1.22252],[29.79741,-1.21869],[29.79476,-1.21719],[29.79297,-1.21389],[29.79443,-1.21238],[29.79317,-1.20938],[29.79179,-1.20757],[29.78912,-1.20692],[29.78854,-1.20613],[29.78808,-1.2023],[29.7884,-1.20009],[29.78754,-1.19834],[29.78779,-1.19648],[29.78707,-1.19555],[29.78714,-1.19385],[29.78632,-1.19198],[29.78314,-1.18982],[29.77554,-1.18115],[29.77364,-1.17994],[29.77135,-1.18043],[29.769,-1.17953],[29.76838,-1.179],[29.76806,-1.17703],[29.76715,-1.17707],[29.76562,-1.17597],[29.76513,-1.17392],[29.75936,-1.17173],[29.75964,-1.17053],[29.75809,-1.16907],[29.7562,-1.16931],[29.75438,-1.17057],[29.75199,-1.16782],[29.75096,-1.16773],[29.7503,-1.16664],[29.74794,-1.16529],[29.74706,-1.16266],[29.74569,-1.16131],[29.74415,-1.15678],[29.74408,-1.15548],[29.74516,-1.15404],[29.74499,-1.15183],[29.74401,-1.15072],[29.74484,-1.14914],[29.74819,-1.14911],[29.74853,-1.14694],[29.74739,-1.14616],[29.74676,-1.1445],[29.74534,-1.14493],[29.744,-1.14412],[29.74358,-1.14041],[29.74204,-1.14134],[29.74181,-1.14315],[29.74124,-1.14259],[29.74018,-1.14263],[29.74101,-1.1398],[29.7397,-1.13919],[29.73971,-1.13809],[29.74125,-1.13634],[29.74152,-1.1353],[29.74056,-1.13491],[29.73941,-1.13312],[29.7402,-1.13194],[29.7391,-1.1322],[29.73767,-1.131],[29.73751,-1.13353],[29.73687,-1.13503],[29.73618,-1.13547],[29.73506,-1.13437],[29.73387,-1.13409],[29.73289,-1.13458],[29.73245,-1.13339],[29.73159,-1.13323],[29.73113,-1.13425],[29.73129,-1.1369],[29.73079,-1.13758],[29.73012,-1.136],[29.72856,-1.13586],[29.72705,-1.13663],[29.72402,-1.13605],[29.72367,-1.13384],[29.72241,-1.13391],[29.72198,-1.13298],[29.72067,-1.13253],[29.71834,-1.13236],[29.7185,-1.13101],[29.71909,-1.13045],[29.71863,-1.1299],[29.71679,-1.13009],[29.71573,-1.12964],[29.71533,-1.12997],[29.7146,-1.12925],[29.71277,-1.12948],[29.71255,-1.12837],[29.71203,-1.12823],[29.71258,-1.12772],[29.7136,-1.12815],[29.71382,-1.12744],[29.71326,-1.12677],[29.71172,-1.12667],[29.71114,-1.12736],[29.71069,-1.1267],[29.70892,-1.12631],[29.70811,-1.12549],[29.70639,-1.12528],[29.70578,-1.12327],[29.70414,-1.12076],[29.70391,-1.12126],[29.70491,-1.12244],[29.70586,-1.12594],[29.70482,-1.12567],[29.70421,-1.12657],[29.70233,-1.12587],[29.70162,-1.12609],[29.7023,-1.12817],[29.69892,-1.1279],[29.69993,-1.13149],[29.69803,-1.13093],[29.69746,-1.13316],[29.69497,-1.13078],[29.69438,-1.12712],[29.6929,-1.12691],[29.69174,-1.12764],[29.68997,-1.12729],[29.68623,-1.12428],[29.68367,-1.12342],[29.68288,-1.12377]],[[29.67318,-1.13176],[29.67564,-1.13143],[29.67646,-1.13205],[29.67864,-1.12998],[29.68081,-1.12999],[29.68136,-1.12843],[29.68099,-1.1268],[29.68287,-1.12378]]]}},{"type":"Feature","properties":{"name":"Nsiika -  Bihanga -Katerera(Ishaka T/C)","functional_class":"Class C National Road","surface_type":"Unsealed","length_km":44.31,"road_no":"C416"},"geometry":{"type":"LineString","coordinates":[[30.43435,-0.36409],[30.43301,-0.36163],[30.43308,-0.35886],[30.43204,-0.35867],[30.43145,-0.35796],[30.43191,-0.34688],[30.42919,-0.34334],[30.42745,-0.33907],[30.42747,-0.33673],[30.42537,-0.33438],[30.42454,-0.33187],[30.42286,-0.33106],[30.42026,-0.33153],[30.41441,-0.33434],[30.41328,-0.33274],[30.41002,-0.33066],[30.40726,-0.33026],[30.405,-0.33109],[30.4006,-0.32901],[30.39963,-0.3281],[30.39889,-0.32608],[30.39927,-0.32405],[30.39992,-0.32312],[30.40215,-0.32305],[30.40246,-0.32265],[30.40001,-0.31953],[30.398,-0.31873],[30.39676,-0.31472],[30.39285,-0.30869],[30.39302,-0.30597],[30.39205,-0.30105],[30.39,-0.29918],[30.39178,-0.29794],[30.39253,-0.29633],[30.39109,-0.29297],[30.38948,-0.29158],[30.38834,-0.29134],[30.3902,-0.28908],[30.39213,-0.28793],[30.39053,-0.28524],[30.3891,-0.28692],[30.38928,-0.28501],[30.3887,-0.2829],[30.38759,-0.28226],[30.38707,-0.28092],[30.38648,-0.28062],[30.38691,-0.27908],[30.38556,-0.27587],[30.38534,-0.27217],[30.38456,-0.26957],[30.38304,-0.26763],[30.38336,-0.26631],[30.38169,-0.26146],[30.38178,-0.25956],[30.38097,-0.25929],[30.37941,-0.26076],[30.37769,-0.25921],[30.37666,-0.25969],[30.37463,-0.25899],[30.3709,-0.26119],[30.36819,-0.25982],[30.3673,-0.25994],[30.3664,-0.25937],[30.3648,-0.25544],[30.36441,-0.25634],[30.36355,-0.2547],[30.36087,-0.25489],[30.36023,-0.25384],[30.35825,-0.25296],[30.35731,-0.25032],[30.35818,-0.24816],[30.35653,-0.24762],[30.35548,-0.24834],[30.35427,-0.25059],[30.35235,-0.25218],[30.3516,-0.25351],[30.35375,-0.26196],[30.35345,-0.26712],[30.35436,-0.26956],[30.35217,-0.27141],[30.35266,-0.27379],[30.35149,-0.27402],[30.34983,-0.27601],[30.34821,-0.27325],[30.34418,-0.2724],[30.34056,-0.2701],[30.33978,-0.26872],[30.33817,-0.2677],[30.33672,-0.26454],[30.33446,-0.26328],[30.3331,-0.26349],[30.33041,-0.26199],[30.32806,-0.26324],[30.32712,-0.26305],[30.32573,-0.26366],[30.32476,-0.26291],[30.32393,-0.2612],[30.32283,-0.26076],[30.32166,-0.25851],[30.31449,-0.2503],[30.31176,-0.25008],[30.31016,-0.24627],[30.30341,-0.24466],[30.30323,-0.24168],[30.30145,-0.23835],[30.2996,-0.23658],[30.2956,-0.23502],[30.29098,-0.23484],[30.28908,-0.23324],[30.28787,-0.22905],[30.28702,-0.22764],[30.28687,-0.22569],[30.28769,-0.22358],[30.28449,-0.21788],[30.28432,-0.21615],[30.28306,-0.21553],[30.28101,-0.21331],[30.27945,-0.20867],[30.28016,-0.20708],[30.28005,-0.20498],[30.27718,-0.20099],[30.27569,-0.19996],[30.2719,-0.19861],[30.27071,-0.19758],[30.27012,-0.19827],[30.26872,-0.19779],[30.26794,-0.19626],[30.26489,-0.19282],[30.26032,-0.18898],[30.25752,-0.18821],[30.25602,-0.18608],[30.25065,-0.18225],[30.24609,-0.17999],[30.24446,-0.18018],[30.24299,-0.17971],[30.2422,-0.18016]]}},{"type":"Feature","properties":{"name":"Kazo-Buremba","functional_class":"Class C National Road","surface_type":"Unsealed","length_km":29.938,"road_no":"C356"},"geometry":{"type":"LineString","coordinates":[[30.75373,-0.05807],[30.75898,-0.04196],[30.76027,-0.03972],[30.76009,-0.03717],[30.76264,-0.03351],[30.76518,-0.02851],[30.77332,-0.02198],[30.77819,-0.00969],[30.77847,-0.00622],[30.78135,-0.00078],[30.783,0.00682],[30.78669,0.013],[30.79072,0.01533],[30.79351,0.01602],[30.80269,0.02345],[30.80686,0.02407],[30.80847,0.02559],[30.81563,0.02946],[30.82482,0.03884],[30.83293,0.04386],[30.83506,0.04773],[30.83738,0.05004],[30.83911,0.05267],[30.84242,0.05324],[30.84596,0.05257],[30.85062,0.05405],[30.85382,0.0541],[30.86006,0.0563],[30.86147,0.05716],[30.86487,0.061],[30.87532,0.06717],[30.88114,0.07374],[30.88349,0.07795],[30.88673,0.08012],[30.88703,0.08209],[30.89158,0.08682],[30.89273,0.09186],[30.89527,0.09596],[30.89913,0.09745],[30.90806,0.10338],[30.91043,0.1099],[30.91049,0.12085],[30.90791,0.12657],[30.90952,0.13045]]}},{"type":"Feature","properties":{"name":"Kyambura-Kashaka","functional_class":"Class C National Road","surface_type":"Unsealed","length_km":19.055,"road_no":"C387"},"geometry":{"type":"MultiLineString","coordinates":[[[30.17052,-0.08974],[30.17052,-0.08974]],[[30.17052,-0.08972],[30.17052,-0.08974]],[[30.10703,-0.20291],[30.1069,-0.20215],[30.10811,-0.20006],[30.10866,-0.19611],[30.10596,-0.18684],[30.10616,-0.18562],[30.10965,-0.18338],[30.11655,-0.17747],[30.11927,-0.1741],[30.12546,-0.17172],[30.12701,-0.17278],[30.12773,-0.1702],[30.12959,-0.16934],[30.13542,-0.16303],[30.13745,-0.15099],[30.14002,-0.14924],[30.1511,-0.14469],[30.15609,-0.14328],[30.15695,-0.14242],[30.15861,-0.13875],[30.16176,-0.13562],[30.16221,-0.13328],[30.16166,-0.12932],[30.16321,-0.12187],[30.16335,-0.11708],[30.16654,-0.11066],[30.17014,-0.10153],[30.17052,-0.08971]],[[30.17052,-0.08974],[30.17052,-0.08972]],[[30.17052,-0.08972],[30.17052,-0.08971]],[[30.17052,-0.08971],[30.17052,-0.08972]],[[30.17052,-0.08971],[30.17024,-0.08446],[30.17068,-0.08153],[30.17179,-0.07855],[30.17506,-0.07558],[30.18005,-0.07409]]]}},{"type":"Feature","properties":{"name":"Nsongezi-Kyaka","functional_class":"Class C National Road","surface_type":"Unsealed","length_km":13.783,"road_no":"C353"},"geometry":{"type":"LineString","coordinates":[[30.75281,-0.98848],[30.75661,-0.98664],[30.76043,-0.98288],[30.77388,-0.98228],[30.78462,-0.98639],[30.7863,-0.98619],[30.79724,-0.99087],[30.81559,-0.9969],[30.82575,-0.99752],[30.84192,-0.99714],[30.84913,-0.99769],[30.85178,-0.99869],[30.85389,-0.99824],[30.85875,-0.9984],[30.86076,-0.99766],[30.86367,-0.99762],[30.87033,-0.99936]]}},{"type":"Feature","properties":{"name":"Ntare-Mutonto-Kacwangobe","functional_class":"Class C National Road","surface_type":"Unsealed","length_km":17.736,"road_no":"C382"},"geometry":{"type":"LineString","coordinates":[[30.64937,-0.60332],[30.64627,-0.59648],[30.65,-0.58735],[30.65837,-0.57955],[30.66086,-0.57625],[30.66165,-0.5743],[30.66381,-0.56251],[30.66368,-0.55909],[30.66204,-0.55145],[30.65979,-0.53427],[30.65657,-0.52939],[30.65601,-0.51956],[30.65625,-0.50614],[30.65743,-0.50258],[30.66006,-0.49753],[30.65774,-0.49198],[30.65957,-0.48865],[30.66132,-0.48198],[30.66232,-0.46861],[30.66143,-0.46116],[30.65854,-0.45373]]}},{"type":"Feature","properties":{"name":"Kahunga - Nyakyera-Rukoni","functional_class":"Class C National Road","surface_type":"Unsealed","length_km":31,"road_no":"C421"},"geometry":{"type":"LineString","coordinates":[[30.299,-0.93578],[30.30038,-0.93487],[30.30227,-0.9355],[30.30301,-0.93515],[30.30549,-0.93088],[30.30977,-0.92875],[30.31552,-0.92299],[30.31788,-0.92352],[30.3189,-0.9245],[30.3206,-0.92328],[30.33119,-0.92575],[30.33464,-0.92421],[30.34101,-0.92345],[30.34586,-0.92588],[30.35959,-0.92121],[30.36796,-0.9172],[30.36985,-0.91694],[30.37236,-0.91484],[30.37834,-0.91116],[30.38247,-0.911],[30.38496,-0.90904],[30.3894,-0.90952],[30.40476,-0.90722],[30.41352,-0.9047],[30.41548,-0.90468],[30.42764,-0.90031],[30.43133,-0.90069],[30.43766,-0.89833],[30.44053,-0.89799],[30.44433,-0.89789],[30.45577,-0.899],[30.46024,-0.90012],[30.46437,-0.90208],[30.47639,-0.9059],[30.48208,-0.91066],[30.48681,-0.91771],[30.48761,-0.91954],[30.48816,-0.92302],[30.49098,-0.92678],[30.49397,-0.92793],[30.49755,-0.92813]]}},{"type":"Feature","properties":{"name":"Bitsya-Ruhoko","functional_class":"Class C National Road","surface_type":"Unsealed","length_km":25.89,"road_no":"C372"},"geometry":{"type":"LineString","coordinates":[[30.42599,-0.2679],[30.42661,-0.26997],[30.42898,-0.27059],[30.42989,-0.27273],[30.43051,-0.27608],[30.42921,-0.27777],[30.42909,-0.28113],[30.43087,-0.28464],[30.43263,-0.28381],[30.4332,-0.28491],[30.43486,-0.28483],[30.4344,-0.2855],[30.4364,-0.2871],[30.43628,-0.28796],[30.43521,-0.28849],[30.43515,-0.2892],[30.43626,-0.29056],[30.43728,-0.29017],[30.43776,-0.2905],[30.43739,-0.29342],[30.43871,-0.29457],[30.43909,-0.29659],[30.4414,-0.29703],[30.44403,-0.29387],[30.45156,-0.29352],[30.45224,-0.29561],[30.45505,-0.29952],[30.45432,-0.30144],[30.45644,-0.30646],[30.4585,-0.30869],[30.46163,-0.31102],[30.46261,-0.31267],[30.46334,-0.31522],[30.46209,-0.31725],[30.46425,-0.31854],[30.46675,-0.3226],[30.46993,-0.32445],[30.47001,-0.3255],[30.46882,-0.32798],[30.47152,-0.32789],[30.47261,-0.33172],[30.47582,-0.33582],[30.48096,-0.33716],[30.48227,-0.33815],[30.48065,-0.34063],[30.47858,-0.3418],[30.47888,-0.34491],[30.47751,-0.34593],[30.47565,-0.34295],[30.47406,-0.34277],[30.47492,-0.3457],[30.47469,-0.34829],[30.47151,-0.35722],[30.47113,-0.36106],[30.47148,-0.36688],[30.47094,-0.36792],[30.46967,-0.36843],[30.47044,-0.3696],[30.4702,-0.37107],[30.47096,-0.37297],[30.46898,-0.3754],[30.46887,-0.37715],[30.46784,-0.37994],[30.46804,-0.38183],[30.46671,-0.38359],[30.46614,-0.38615],[30.46493,-0.38776],[30.46243,-0.38841],[30.46036,-0.39141],[30.45845,-0.39274],[30.45651,-0.39289],[30.45587,-0.39456],[30.45116,-0.39776],[30.45044,-0.3998],[30.45057,-0.40263],[30.44867,-0.40585],[30.44824,-0.4075],[30.44897,-0.41336],[30.44864,-0.41444],[30.4441,-0.418],[30.44048,-0.41758],[30.4383,-0.41789]]}},{"type":"Feature","properties":{"name":"Isingiro-Nsongezi","functional_class":"Class C National Road","surface_type":"Bituminous","length_km":23.654,"road_no":"C350"},"geometry":{"type":"LineString","coordinates":[[30.81694,-0.7958],[30.81338,-0.79937],[30.80421,-0.80568],[30.802,-0.80856],[30.79715,-0.81192],[30.79378,-0.81647],[30.78882,-0.82419],[30.78684,-0.8299],[30.78177,-0.83388],[30.77981,-0.84039],[30.77757,-0.84544],[30.77353,-0.85246],[30.76823,-0.86608],[30.76657,-0.87504],[30.76597,-0.88204],[30.76261,-0.89027],[30.76198,-0.89591],[30.7587,-0.90463],[30.75626,-0.9205],[30.75427,-0.92791],[30.75186,-0.93326],[30.75144,-0.93597],[30.75118,-0.94638],[30.74989,-0.95246],[30.75063,-0.96782],[30.75209,-0.97389],[30.75281,-0.98848]]}},{"type":"Feature","properties":{"name":"Kanyarigiri-Nyamarebe-Ishongororo","functional_class":"Class C National Road","surface_type":"Unsealed","length_km":23.427,"road_no":"C376"},"geometry":{"type":"LineString","coordinates":[[30.49738,0.05241],[30.49905,0.05241],[30.50157,0.05363],[30.50302,0.05847],[30.5031,0.06103],[30.50379,0.06212],[30.50486,0.06294],[30.50836,0.0635],[30.51339,0.06646],[30.51564,0.06923],[30.51566,0.07258],[30.51685,0.07483],[30.52383,0.07988],[30.52407,0.08138],[30.52313,0.08539],[30.52324,0.09099],[30.52181,0.09462],[30.52241,0.09879],[30.52377,0.10064],[30.52679,0.10165],[30.53227,0.10467],[30.53462,0.10426],[30.53661,0.10275],[30.53832,0.10342],[30.54171,0.1084],[30.5429,0.11157],[30.54588,0.1149],[30.54836,0.11604],[30.55372,0.11685],[30.55561,0.11578],[30.56229,0.11373],[30.56481,0.11393],[30.56931,0.11102],[30.57434,0.11221],[30.5753,0.11291],[30.58057,0.12161],[30.58208,0.12311],[30.58605,0.12926],[30.5917,0.12613],[30.5935,0.12442],[30.59356,0.12177],[30.59173,0.11881],[30.59154,0.11578],[30.59474,0.11173],[30.59413,0.10833],[30.59427,0.10504],[30.59304,0.10136],[30.59311,0.10005],[30.59356,0.09917],[30.59683,0.0968],[30.59828,0.09485],[30.5989,0.09158],[30.60138,0.08785],[30.60256,0.08376],[30.60396,0.08129],[30.60556,0.08023],[30.60714,0.07661]]}},{"type":"Feature","properties":{"name":"Nyamukana-Kahambo-Kashuro","functional_class":"Class C National Road","surface_type":"Unsealed","length_km":23.33,"road_no":"C366"},"geometry":{"type":"LineString","coordinates":[[30.33501,-0.75315],[30.33546,-0.75455],[30.34801,-0.7649],[30.34959,-0.76735],[30.35063,-0.77],[30.35063,-0.77505],[30.35123,-0.77764],[30.35209,-0.77886],[30.35183,-0.78345],[30.35251,-0.78504],[30.35913,-0.79113],[30.36315,-0.79271],[30.37035,-0.79683],[30.37399,-0.80116],[30.37458,-0.80342],[30.37639,-0.80609],[30.38021,-0.80704],[30.389,-0.81175],[30.39001,-0.81356],[30.38983,-0.81483],[30.39107,-0.81752],[30.39254,-0.8242],[30.39768,-0.82839],[30.39945,-0.82922],[30.40121,-0.83213],[30.40122,-0.8331],[30.40015,-0.83514],[30.39595,-0.8421],[30.39462,-0.8435],[30.39222,-0.84877],[30.393,-0.85336],[30.39237,-0.85401],[30.38997,-0.85467],[30.39004,-0.85813],[30.3889,-0.85971],[30.38851,-0.86285],[30.38695,-0.86624],[30.38507,-0.86897],[30.3822,-0.87084],[30.38144,-0.87203],[30.38087,-0.87924],[30.38163,-0.88134],[30.38562,-0.88494],[30.39369,-0.8979],[30.39708,-0.90175],[30.40057,-0.90356],[30.40875,-0.90622]]}},{"type":"Feature","properties":{"name":"Kafunzo-Kakitumba","functional_class":"Class C National Road","surface_type":"Bituminous","length_km":6.04,"road_no":"C417"},"geometry":{"type":"LineString","coordinates":[[30.42726,-1.01535],[30.42765,-1.01504],[30.4283,-1.01634],[30.42661,-1.01915],[30.42608,-1.0214],[30.42634,-1.02284],[30.42787,-1.02581],[30.43178,-1.03102],[30.44136,-1.04073],[30.44348,-1.04366],[30.45007,-1.04802],[30.45708,-1.04992],[30.45915,-1.05083],[30.45934,-1.0514]]}},{"type":"Feature","properties":{"name":"Ntantamukyi - Kamwema","functional_class":"Class C National Road","surface_type":"Unsealed","length_km":16.544,"road_no":"C361"},"geometry":{"type":"LineString","coordinates":[[31.21429,-0.89801],[31.21527,-0.9074],[31.21203,-0.92057],[31.21088,-0.92319],[31.20907,-0.92544],[31.20787,-0.92868],[31.20767,-0.93077],[31.20884,-0.93499],[31.20765,-0.93803],[31.20552,-0.94017],[31.1986,-0.94414],[31.19415,-0.9477],[31.18801,-0.9508],[31.18256,-0.95743],[31.18145,-0.95943],[31.18351,-0.96258],[31.1868,-0.96577],[31.19701,-0.97221],[31.20419,-0.97292],[31.20684,-0.97419],[31.22438,-0.97925],[31.22806,-0.98189],[31.22895,-0.98321],[31.23039,-0.98828],[31.23277,-0.99295],[31.23181,-0.99616],[31.23298,-0.99922]]}},{"type":"Feature","properties":{"name":"Bihanga - Bwizibwera","functional_class":"Class C National Road","surface_type":"Unsealed","length_km":14.057,"road_no":"C415"},"geometry":{"type":"LineString","coordinates":[[30.46024,-0.43457],[30.46247,-0.4327],[30.4696,-0.42948],[30.47331,-0.4257],[30.47972,-0.42314],[30.48254,-0.42055],[30.48812,-0.41945],[30.49504,-0.42048],[30.5022,-0.41957],[30.50576,-0.4201],[30.512,-0.42198],[30.5212,-0.42609],[30.52281,-0.42751],[30.52605,-0.42814],[30.52814,-0.42925],[30.53185,-0.43289],[30.53331,-0.43313],[30.53616,-0.43252],[30.53792,-0.43312],[30.54139,-0.43204],[30.5448,-0.43317],[30.54678,-0.43245],[30.55174,-0.43281],[30.55871,-0.43067],[30.5673,-0.43712],[30.57404,-0.43964]]}},{"type":"Feature","properties":{"name":"Rushere-Kazo","functional_class":"Class C National Road","surface_type":"Bituminous","length_km":34.758,"road_no":"C355"},"geometry":{"type":"LineString","coordinates":[[30.93815,-0.21145],[30.93168,-0.21208],[30.92883,-0.21048],[30.92545,-0.20736],[30.92252,-0.20557],[30.9173,-0.20366],[30.90863,-0.20304],[30.90491,-0.20359],[30.90086,-0.20338],[30.89534,-0.20407],[30.89021,-0.20674],[30.88636,-0.20584],[30.88133,-0.20638],[30.87829,-0.20554],[30.87531,-0.20354],[30.87172,-0.20324],[30.86342,-0.20026],[30.85871,-0.19958],[30.85761,-0.20016],[30.85191,-0.20986],[30.84882,-0.21028],[30.84634,-0.20981],[30.83986,-0.21013],[30.83315,-0.21079],[30.82547,-0.20805],[30.82218,-0.20786],[30.82163,-0.20524],[30.82019,-0.20289],[30.81993,-0.1965],[30.81887,-0.19391],[30.81698,-0.19123],[30.81852,-0.1889],[30.8179,-0.17944],[30.81842,-0.1764],[30.81935,-0.17333],[30.82186,-0.16967],[30.82186,-0.16873],[30.82022,-0.16705],[30.81896,-0.16333],[30.81155,-0.15467],[30.80902,-0.15074],[30.80721,-0.15005],[30.80031,-0.15087],[30.798,-0.14985],[30.79175,-0.1347],[30.79012,-0.13292],[30.78879,-0.12921],[30.78589,-0.12622],[30.78549,-0.12305],[30.7841,-0.11844],[30.78245,-0.11518],[30.78006,-0.11242],[30.7791,-0.10802],[30.77692,-0.10296],[30.77507,-0.1009],[30.77333,-0.09736],[30.77089,-0.09494],[30.76771,-0.08932],[30.7672,-0.08634],[30.76785,-0.08445],[30.76761,-0.08061],[30.7646,-0.07914],[30.76309,-0.07411],[30.76171,-0.07188],[30.76131,-0.07026],[30.75737,-0.06577],[30.75822,-0.05908],[30.75668,-0.05734],[30.75383,-0.05793]]}},{"type":"Feature","properties":{"name":"Bihanga Army Barracks Access","functional_class":"Class C National Road","surface_type":"Unsealed","length_km":1.71,"road_no":"C385"},"geometry":{"type":"LineString","coordinates":[[30.61533,0.08132],[30.61721,0.07985],[30.61722,0.07906],[30.61482,0.07871],[30.61234,0.07633],[30.61531,0.07452],[30.61745,0.07502]]}},{"type":"Feature","properties":{"name":"Rwemikoma-Kijuma","functional_class":"Class C National Road","surface_type":"Unsealed","length_km":4.212,"road_no":"C358"},"geometry":{"type":"LineString","coordinates":[[30.93818,-0.21145],[30.94045,-0.20831],[30.94143,-0.20431],[30.94573,-0.19334],[30.95236,-0.18338],[30.95325,-0.18059],[30.95346,-0.17732]]}},{"type":"Feature","properties":{"name":"Muhanga-Kisiizi-Kebisoni","functional_class":"Class C National Road","surface_type":"Unsealed","length_km":59.882,"road_no":"C411"},"geometry":{"type":"LineString","coordinates":[[30.12389,-1.17148],[30.12053,-1.16937],[30.11308,-1.16751],[30.10927,-1.16552],[30.10354,-1.15898],[30.09895,-1.1593],[30.09398,-1.16101],[30.09089,-1.16018],[30.08742,-1.15753],[30.08532,-1.15501],[30.08415,-1.15527],[30.08233,-1.15458],[30.07459,-1.14953],[30.06966,-1.14453],[30.06516,-1.14196],[30.06133,-1.14159],[30.05724,-1.14421],[30.05355,-1.14172],[30.04858,-1.13624],[30.04038,-1.12068],[30.03277,-1.11348],[30.03094,-1.10791],[30.02884,-1.1049],[30.02575,-1.10257],[30.02451,-1.10223],[30.02376,-1.10028],[30.01975,-1.09677],[30.01768,-1.0942],[30.01301,-1.09127],[30.00717,-1.0866],[30.00386,-1.08549],[29.99647,-1.07694],[29.99376,-1.07562],[29.9925,-1.07289],[29.99005,-1.07216],[29.98783,-1.07061],[29.98296,-1.06508],[29.97814,-1.05497],[29.97313,-1.05189],[29.97188,-1.05199],[29.97056,-1.0528],[29.97017,-1.05238],[29.97029,-1.05121],[29.96857,-1.05011],[29.96728,-1.04853],[29.96628,-1.04826],[29.96605,-1.04739],[29.96194,-1.04458],[29.96083,-1.04467],[29.9607,-1.04367],[29.95912,-1.04217],[29.95976,-1.03941],[29.95933,-1.03799],[29.96046,-1.03565],[29.96009,-1.03469],[29.95952,-1.03384],[29.95682,-1.0328],[29.95611,-1.03204],[29.95511,-1.03247],[29.95468,-1.03141],[29.95334,-1.03168],[29.95315,-1.03068],[29.95106,-1.02932],[29.94991,-1.0272],[29.9489,-1.02702],[29.94911,-1.02574],[29.94831,-1.02345],[29.94754,-1.02254],[29.9456,-1.0222],[29.94601,-1.02054],[29.94401,-1.01827],[29.94353,-1.016],[29.94163,-1.01397],[29.94347,-1.01242],[29.94253,-1.00946],[29.94117,-1.00118],[29.94154,-1.00023],[29.94315,-0.99954],[29.94237,-0.9981],[29.94235,-0.99695],[29.94419,-0.99549],[29.9447,-0.99751],[29.94786,-0.99931],[29.95343,-1],[29.95774,-0.99983],[29.9616,-0.99795],[29.97381,-1.00004],[29.97845,-0.99909],[29.98091,-0.99922],[29.98544,-0.99787],[29.9935,-0.99871],[30.00248,-0.99712],[30.01354,-0.99139],[30.01678,-0.98865],[30.01841,-0.98616],[30.0309,-0.97777],[30.03556,-0.9687],[30.03761,-0.96351],[30.03946,-0.95628],[30.04135,-0.95207],[30.04006,-0.93595],[30.03541,-0.93079],[30.02933,-0.9271],[30.02497,-0.91941],[30.02426,-0.91527],[30.02264,-0.91417],[30.02164,-0.91133],[30.01976,-0.91099],[30.01569,-0.90858],[30.01222,-0.90808],[30.01233,-0.90723],[30.01142,-0.90589],[30.01218,-0.904],[30.01214,-0.90274],[30.01446,-0.89866],[30.01484,-0.89634],[30.01727,-0.89296],[30.01735,-0.89111],[30.01645,-0.88967],[30.01793,-0.88168],[30.01955,-0.87906],[30.02268,-0.87694],[30.02149,-0.87071],[30.01807,-0.86598],[30.01618,-0.86178],[30.01054,-0.85573]]}},{"type":"Feature","properties":{"name":"Saano - Endizi Junction","functional_class":"Class C National Road","surface_type":"Unsealed","length_km":10.941,"road_no":"C379"},"geometry":{"type":"LineString","coordinates":[[31.12972,-0.85634],[31.13011,-0.85398],[31.12934,-0.85157],[31.12915,-0.84619],[31.12784,-0.84222],[31.12743,-0.83766],[31.12398,-0.83123],[31.12176,-0.82901],[31.12096,-0.82573],[31.12119,-0.82471],[31.12021,-0.82138],[31.1197,-0.81533],[31.12098,-0.81251],[31.12419,-0.81026],[31.12719,-0.80937],[31.13021,-0.80538],[31.13448,-0.80455],[31.13625,-0.80486],[31.1395,-0.80703],[31.14222,-0.81097],[31.14399,-0.81265],[31.14674,-0.81403],[31.14868,-0.81441],[31.14959,-0.81676],[31.15406,-0.82391],[31.15654,-0.82356],[31.15862,-0.82432],[31.15971,-0.82399]]}},{"type":"Feature","properties":{"name":"Nabitanga - Rushere","functional_class":"Class C National Road","surface_type":"Unsealed","length_km":29.727,"road_no":"C228"},"geometry":{"type":"LineString","coordinates":[[31.12889,-0.01909],[31.12567,-0.02075],[31.12316,-0.02319],[31.12113,-0.02655],[31.11917,-0.02735],[31.11631,-0.03008],[31.11416,-0.03379],[31.11113,-0.03347],[31.10928,-0.0313],[31.10787,-0.03057],[31.10653,-0.03062],[31.1031,-0.03144],[31.10158,-0.03269],[31.09902,-0.0319],[31.0979,-0.03207],[31.09539,-0.03325],[31.09129,-0.03645],[31.08997,-0.03828],[31.08766,-0.04021],[31.08555,-0.04476],[31.08202,-0.04897],[31.07928,-0.05373],[31.07213,-0.06106],[31.06744,-0.06844],[31.06463,-0.07401],[31.06612,-0.08063],[31.06406,-0.08157],[31.06289,-0.08145],[31.06089,-0.08053],[31.05988,-0.07938],[31.05244,-0.07708],[31.0516,-0.08097],[31.05007,-0.08382],[31.04569,-0.08919],[31.03711,-0.09768],[31.03572,-0.1005],[31.03064,-0.10586],[31.02016,-0.11076],[31.01503,-0.11448],[31.00977,-0.11578],[31.0085,-0.11737],[31.00624,-0.11817],[31.00462,-0.11959],[31.00257,-0.12288],[30.99913,-0.13239],[30.99658,-0.13639],[30.99513,-0.14043],[30.98583,-0.1512],[30.98418,-0.15551],[30.98128,-0.15937],[30.97925,-0.1612],[30.97716,-0.16214],[30.96893,-0.16127],[30.96641,-0.1614],[30.96474,-0.16209],[30.96293,-0.16344],[30.9577,-0.1691],[30.95414,-0.17491],[30.95346,-0.17731]]}},{"type":"Feature","properties":{"name":"Mahyoro Junction- Mahyoro landing site","functional_class":"Class C National Road","surface_type":"Bituminous","length_km":4.605,"road_no":"C374"},"geometry":{"type":"LineString","coordinates":[[30.4919,-0.13448],[30.48177,-0.13835],[30.47058,-0.13735],[30.46609,-0.13763],[30.46046,-0.13604],[30.45603,-0.13318],[30.45263,-0.13368]]}},{"type":"Feature","properties":{"name":"Nyakiraguju - Ruzinga (Bugamba) Chitwe","functional_class":"Class C National Road","surface_type":"Unsealed","length_km":32.825,"road_no":"C365"},"geometry":{"type":"LineString","coordinates":[[30.3782,-0.71728],[30.38686,-0.71962],[30.39285,-0.71964],[30.39792,-0.71835],[30.4017,-0.71607],[30.40544,-0.7146],[30.40774,-0.71437],[30.41796,-0.71114],[30.42405,-0.70988],[30.43229,-0.70719],[30.43766,-0.70705],[30.44357,-0.71041],[30.44785,-0.71127],[30.45064,-0.71239],[30.45321,-0.71601],[30.45861,-0.71623],[30.4621,-0.71705],[30.46854,-0.72085],[30.47028,-0.72102],[30.47627,-0.71993],[30.47935,-0.7206],[30.48412,-0.72271],[30.49143,-0.7272],[30.49739,-0.73224],[30.50007,-0.7339],[30.50103,-0.73488],[30.50186,-0.73696],[30.5038,-0.73764],[30.50898,-0.74089],[30.511,-0.74141],[30.51575,-0.74471],[30.51736,-0.74466],[30.51812,-0.74158],[30.52078,-0.74393],[30.52198,-0.74437],[30.52883,-0.74451],[30.53058,-0.74838],[30.5298,-0.75014],[30.52991,-0.75175],[30.53175,-0.75485],[30.53203,-0.75623],[30.5328,-0.7569],[30.5321,-0.75804],[30.53187,-0.7606],[30.53043,-0.76251],[30.52538,-0.76568],[30.52045,-0.77008],[30.51838,-0.77597],[30.51809,-0.78011],[30.51715,-0.78235],[30.51494,-0.7846],[30.5131,-0.78752],[30.51142,-0.79284],[30.50647,-0.79784],[30.50545,-0.80085],[30.50533,-0.80435],[30.50377,-0.80871],[30.50308,-0.81274],[30.50313,-0.81871],[30.50092,-0.82151],[30.50067,-0.82294],[30.50314,-0.82302],[30.50891,-0.82021],[30.51597,-0.8205],[30.52149,-0.82267],[30.52541,-0.82311],[30.52836,-0.82419],[30.52988,-0.82596],[30.53131,-0.82965]]}},{"type":"Feature","properties":{"name":"Ntungamo-Kakukuru","functional_class":"Class C National Road","surface_type":"Bituminous","length_km":13.539,"road_no":"C417"},"geometry":{"type":"LineString","coordinates":[[30.26688,-0.87447],[30.26892,-0.87564],[30.27037,-0.88032],[30.27319,-0.88486],[30.28281,-0.88676],[30.28588,-0.89132],[30.288,-0.8914],[30.29467,-0.89391],[30.29639,-0.89526],[30.29723,-0.89674],[30.29711,-0.90524],[30.29856,-0.91733],[30.29817,-0.92261],[30.29996,-0.93212],[30.29898,-0.93596],[30.29933,-0.93963],[30.29875,-0.9432],[30.29917,-0.94827],[30.29432,-0.95633],[30.29123,-0.96401],[30.29298,-0.96796],[30.29244,-0.97153],[30.29453,-0.97338]]}},{"type":"Feature","properties":{"name":"Lubingo-Kacwangobe-Kashenshama","functional_class":"Class C National Road","surface_type":"Unsealed","length_km":20.465,"road_no":"C369"},"geometry":{"type":"LineString","coordinates":[[30.65531,-0.45415],[30.65613,-0.45097],[30.65722,-0.43464],[30.65617,-0.43109],[30.65705,-0.42824],[30.65769,-0.42275],[30.65725,-0.41722],[30.65579,-0.41127],[30.65539,-0.40646],[30.65443,-0.40181],[30.65297,-0.39855],[30.65269,-0.39573],[30.65408,-0.38975],[30.65622,-0.38586],[30.65712,-0.3827],[30.65584,-0.3684],[30.65742,-0.35921],[30.66045,-0.34906],[30.66019,-0.34497],[30.66151,-0.34324],[30.66194,-0.34171],[30.66261,-0.33708],[30.66156,-0.33262],[30.66199,-0.32836],[30.66251,-0.32649],[30.66472,-0.32277],[30.66526,-0.32026],[30.66796,-0.31616],[30.67111,-0.30366],[30.67362,-0.29985],[30.67561,-0.2953],[30.67456,-0.29336],[30.6706,-0.29142],[30.66896,-0.28928],[30.66904,-0.28549],[30.67044,-0.28122]]}},{"type":"Feature","properties":{"name":"Kikagati-Nsongezi","functional_class":"Class C National Road","surface_type":"Bituminous","length_km":13.765,"road_no":"C419"},"geometry":{"type":"LineString","coordinates":[[30.65813,-1.04213],[30.66451,-1.04239],[30.66842,-1.04198],[30.66849,-1.04008],[30.6693,-1.03777],[30.67218,-1.03336],[30.67726,-1.02925],[30.68121,-1.02699],[30.68494,-1.0233],[30.68917,-1.02058],[30.69079,-1.01885],[30.69156,-1.0165],[30.69497,-1.01373],[30.69704,-1.0132],[30.70058,-1.01326],[30.71023,-1.01131],[30.71677,-1.00921],[30.72348,-1.00618],[30.72668,-1.00539],[30.72888,-1.00393],[30.7308,-0.9962],[30.7313,-0.99587],[30.73217,-0.99573],[30.73797,-1.0001],[30.74425,-0.99885],[30.75151,-0.99143],[30.75281,-0.98848]]}},{"type":"Feature","properties":{"name":"Kashongi - Kantaganya","functional_class":"Class C National Road","surface_type":"Unsealed","length_km":24.475,"road_no":"C371"},"geometry":{"type":"LineString","coordinates":[[30.64092,-0.28591],[30.6395,-0.28],[30.63667,-0.27556],[30.63641,-0.27446],[30.63893,-0.2523],[30.63705,-0.24718],[30.63365,-0.24131],[30.63431,-0.23247],[30.63195,-0.22665],[30.62932,-0.21253],[30.63008,-0.20253],[30.63113,-0.20024],[30.63106,-0.19834],[30.63255,-0.196],[30.63478,-0.18891],[30.6342,-0.18156],[30.63332,-0.17775],[30.63374,-0.17551],[30.63523,-0.17361],[30.63577,-0.17099],[30.63414,-0.16702],[30.63067,-0.16186],[30.62942,-0.15742],[30.63073,-0.15667],[30.63026,-0.15438],[30.6315,-0.15197],[30.63507,-0.15167],[30.637,-0.15],[30.64154,-0.1489],[30.64257,-0.14805],[30.64487,-0.14408],[30.64451,-0.14203],[30.6448,-0.13955],[30.64742,-0.13743],[30.64856,-0.1329],[30.65115,-0.13099],[30.65244,-0.12849],[30.65535,-0.12685],[30.65417,-0.12074],[30.6535,-0.11926],[30.6524,-0.11877],[30.65163,-0.11435],[30.65045,-0.11204],[30.65054,-0.11131],[30.65316,-0.10852],[30.65545,-0.10438],[30.66147,-0.10134],[30.6632,-0.09997],[30.66465,-0.09764],[30.66473,-0.0966]]}},{"type":"Feature","properties":{"name":"Rwentaha-Endizi","functional_class":"Class C National Road","surface_type":"Unsealed","length_km":5.209,"road_no":"C359"},"geometry":{"type":"LineString","coordinates":[[31.15972,-0.82397],[31.15775,-0.82967],[31.15865,-0.83184],[31.16089,-0.83362],[31.1617,-0.83608],[31.16059,-0.84519],[31.15709,-0.85221],[31.15373,-0.8554],[31.1503,-0.85999],[31.14876,-0.86339],[31.14854,-0.86511]]}},{"type":"Feature","properties":{"name":"Katunguru - Ishasha","functional_class":"Class C National Road","surface_type":"Unsealed","length_km":87.025,"road_no":"C414"},"geometry":{"type":"LineString","coordinates":[[29.6282,-0.72738],[29.63397,-0.72253],[29.63924,-0.71349],[29.65614,-0.69211],[29.6732,-0.67583],[29.69434,-0.64569],[29.71171,-0.59919],[29.71795,-0.58835],[29.71882,-0.58202],[29.72001,-0.57957],[29.73914,-0.55601],[29.76032,-0.53972],[29.7811,-0.5063],[29.7978,-0.49491],[29.79941,-0.49325],[29.8001,-0.49151],[29.80012,-0.48978],[29.79648,-0.47462],[29.7962,-0.47184],[29.80122,-0.45856],[29.80253,-0.45622],[29.80457,-0.45487],[29.81362,-0.4527],[29.82432,-0.44766],[29.85376,-0.43648],[29.86555,-0.42683],[29.86685,-0.42509],[29.86928,-0.41919],[29.87591,-0.38351],[29.87568,-0.38099],[29.86922,-0.36045],[29.87133,-0.34594],[29.87074,-0.33504],[29.86879,-0.31778],[29.86977,-0.31438],[29.87284,-0.31077],[29.87397,-0.31073],[29.87727,-0.31211],[29.88083,-0.30917],[29.88578,-0.30856],[29.88759,-0.30595],[29.89066,-0.3038],[29.89483,-0.30125],[29.89974,-0.29997],[29.90679,-0.29492],[29.90831,-0.29289],[29.91168,-0.28467],[29.91726,-0.27728],[29.92861,-0.26632],[29.93873,-0.26384],[29.94111,-0.26267],[29.95305,-0.25115],[29.95648,-0.24741],[29.96421,-0.23218],[29.99546,-0.20653],[30.00381,-0.19902],[30.02584,-0.16994],[30.03278,-0.16631],[30.0415,-0.16005],[30.06072,-0.15268],[30.06617,-0.14829]]}},{"type":"Feature","properties":{"name":"Muzizi-Buremba","functional_class":"Class C National Road","surface_type":"Unsealed","length_km":53.483,"road_no":"C357"},"geometry":{"type":"LineString","coordinates":[[30.53235,-0.00588],[30.53298,-0.003],[30.53472,-0.00139],[30.53635,0.00649],[30.54016,0.01257],[30.54264,0.01527],[30.54419,0.02101],[30.54405,0.02391],[30.54672,0.02432],[30.55026,0.0272],[30.5508,0.0288],[30.54991,0.03166],[30.55003,0.03294],[30.55656,0.03686],[30.55782,0.03907],[30.55958,0.04039],[30.56104,0.04328],[30.56082,0.04602],[30.56159,0.04726],[30.57086,0.04949],[30.57179,0.05039],[30.57361,0.05063],[30.57561,0.0534],[30.57896,0.05472],[30.58559,0.06129],[30.58762,0.06549],[30.5897,0.06719],[30.59128,0.06981],[30.59399,0.07075],[30.59729,0.07381],[30.60064,0.07568],[30.60966,0.07673],[30.61431,0.08009],[30.61687,0.08281],[30.6211,0.08248],[30.62405,0.08046],[30.62701,0.08171],[30.62955,0.08174],[30.63316,0.08341],[30.63731,0.0844],[30.63991,0.08725],[30.64452,0.09096],[30.6537,0.09445],[30.65675,0.09449],[30.65788,0.09537],[30.65953,0.0957],[30.66234,0.09805],[30.66373,0.10058],[30.67181,0.10017],[30.67655,0.10318],[30.67948,0.10376],[30.68092,0.10521],[30.68531,0.10497],[30.68872,0.10537],[30.69339,0.10832],[30.69855,0.1104],[30.70063,0.11029],[30.70527,0.11228],[30.70826,0.1119],[30.70979,0.11023],[30.71162,0.11142],[30.71794,0.11339],[30.72298,0.11676],[30.72835,0.11751],[30.73235,0.11606],[30.73562,0.11788],[30.74013,0.11862],[30.74627,0.12132],[30.7497,0.12223],[30.75252,0.12236],[30.76144,0.12127],[30.76477,0.12333],[30.76923,0.12405],[30.7726,0.12548],[30.77433,0.12686],[30.77697,0.13032],[30.77879,0.13169],[30.7959,0.13285],[30.805,0.13686],[30.80759,0.13619],[30.81423,0.13572],[30.8166,0.136],[30.81841,0.13718],[30.82058,0.13774],[30.8248,0.13395],[30.82593,0.13363],[30.83037,0.13488],[30.83623,0.13503],[30.8417,0.1361],[30.84768,0.13463],[30.86259,0.12915],[30.86506,0.12867],[30.87152,0.12871],[30.87502,0.12934],[30.87957,0.1278],[30.8819,0.12615],[30.88525,0.12633],[30.88771,0.1259],[30.89258,0.1278],[30.89721,0.12629],[30.8999,0.12726],[30.90622,0.12803],[30.91045,0.13115],[30.91494,0.13251],[30.91904,0.12957],[30.92137,0.12868],[30.92499,0.13066],[30.92836,0.13386],[30.9304,0.13409]]}},{"type":"Feature","properties":{"name":"Kagamba-Kebisoni","functional_class":"Class C National Road","surface_type":"Bituminous","length_km":20.602,"road_no":"C410"},"geometry":{"type":"LineString","coordinates":[[30.1599,-0.81804],[30.15449,-0.81745],[30.15092,-0.81811],[30.14756,-0.81971],[30.14129,-0.8198],[30.13969,-0.82024],[30.13516,-0.82597],[30.13414,-0.82945],[30.13389,-0.83267],[30.12764,-0.83584],[30.12565,-0.83761],[30.12428,-0.83812],[30.12279,-0.83786],[30.12091,-0.8366],[30.11872,-0.83322],[30.11695,-0.83179],[30.11554,-0.83138],[30.11223,-0.83225],[30.09967,-0.83295],[30.09738,-0.83346],[30.09417,-0.83519],[30.08964,-0.83389],[30.08553,-0.83476],[30.08195,-0.8326],[30.0768,-0.83264],[30.0732,-0.83379],[30.07,-0.83604],[30.0629,-0.83752],[30.05923,-0.83518],[30.05185,-0.83366],[30.05073,-0.83182],[30.04976,-0.8312],[30.04991,-0.82984],[30.04838,-0.8298],[30.04585,-0.83112],[30.04436,-0.83338],[30.04036,-0.83266],[30.03948,-0.83306],[30.03883,-0.8397],[30.03548,-0.84219],[30.03428,-0.8452],[30.03026,-0.84956],[30.02875,-0.84997],[30.02477,-0.84903],[30.02198,-0.85039],[30.01876,-0.85373],[30.01391,-0.85454],[30.01171,-0.85566],[30.01018,-0.85565]]}},{"type":"Feature","properties":{"name":"Nyakabirizi-Burere-Nsiika","functional_class":"Class C National Road","surface_type":"Unsealed","length_km":43.812,"road_no":"C449"},"geometry":{"type":"MultiLineString","coordinates":[[[30.21994,-0.54463],[30.22058,-0.54373],[30.22196,-0.54309],[30.22218,-0.5399],[30.22701,-0.5366],[30.22978,-0.53393],[30.23413,-0.52679],[30.23459,-0.5243],[30.23687,-0.52361],[30.23924,-0.52466],[30.24005,-0.52428],[30.24112,-0.52204],[30.24061,-0.52067],[30.24297,-0.51825],[30.24346,-0.51298],[30.2454,-0.50968],[30.24796,-0.50719],[30.2482,-0.50511],[30.24909,-0.5032],[30.25231,-0.5014],[30.25498,-0.50058],[30.25647,-0.49921],[30.26031,-0.49936],[30.26434,-0.49702],[30.26556,-0.49717],[30.26574,-0.49934],[30.26687,-0.50067],[30.26764,-0.50055],[30.27022,-0.49827],[30.27314,-0.49985],[30.27423,-0.49982],[30.27812,-0.49729],[30.27843,-0.49308],[30.28112,-0.49103],[30.28312,-0.49082],[30.28508,-0.48964],[30.28838,-0.4899],[30.29074,-0.48864],[30.29266,-0.48616],[30.29796,-0.48411],[30.30241,-0.48525],[30.30603,-0.4852],[30.30732,-0.48462],[30.30905,-0.48172],[30.31184,-0.47088],[30.31412,-0.46429],[30.31472,-0.46346],[30.31562,-0.46349],[30.31719,-0.46116],[30.31723,-0.45823],[30.31853,-0.45529],[30.31829,-0.45389]],[[30.31829,-0.45389],[30.31829,-0.45388]],[[30.31829,-0.45389],[30.31897,-0.4532],[30.31945,-0.45086],[30.32376,-0.44968],[30.32239,-0.44632],[30.3213,-0.44573],[30.32071,-0.44377],[30.31801,-0.44174],[30.3201,-0.4284],[30.31959,-0.42699],[30.31814,-0.42552],[30.318,-0.42357],[30.31901,-0.42316],[30.31999,-0.42406],[30.32016,-0.4227],[30.32216,-0.42054],[30.31877,-0.4198],[30.3179,-0.41812],[30.31643,-0.41764],[30.31664,-0.41463],[30.31745,-0.41359],[30.31752,-0.41225],[30.31862,-0.41173],[30.32029,-0.412],[30.32336,-0.41127],[30.32415,-0.41173],[30.32503,-0.4106],[30.32971,-0.41029],[30.33918,-0.40576],[30.3404,-0.40482],[30.34054,-0.40318],[30.34165,-0.404],[30.34287,-0.40345],[30.34456,-0.40399],[30.34519,-0.40506],[30.34515,-0.40374],[30.34385,-0.40309],[30.34492,-0.402],[30.34485,-0.40128],[30.34416,-0.4008],[30.34293,-0.40127],[30.34286,-0.39726],[30.34473,-0.39683],[30.34553,-0.39429],[30.34698,-0.39326],[30.34763,-0.39372],[30.34908,-0.3929],[30.35016,-0.39097],[30.35169,-0.38994],[30.3522,-0.38842],[30.35332,-0.38857],[30.3554,-0.38751],[30.35684,-0.38742],[30.3577,-0.38657],[30.35848,-0.3865],[30.3587,-0.38561],[30.36003,-0.38535],[30.36021,-0.38435],[30.36254,-0.38342],[30.36321,-0.38262],[30.36426,-0.38299],[30.36586,-0.38046],[30.3681,-0.37976],[30.36866,-0.37769],[30.36996,-0.37688],[30.3715,-0.37369],[30.37498,-0.37256],[30.38091,-0.36721],[30.38395,-0.36685],[30.38714,-0.36751],[30.39018,-0.36662],[30.39478,-0.3632],[30.39626,-0.36297],[30.39861,-0.36031],[30.40058,-0.36032],[30.40296,-0.36198],[30.40454,-0.3607],[30.40448,-0.35972],[30.40541,-0.35923],[30.40758,-0.35983],[30.40931,-0.361],[30.41007,-0.3607],[30.41139,-0.35893],[30.41301,-0.35815],[30.41429,-0.35898],[30.4158,-0.36112],[30.41691,-0.36139],[30.42027,-0.36068],[30.42321,-0.36418],[30.42521,-0.36303],[30.42721,-0.36508],[30.42874,-0.36512],[30.43054,-0.36388],[30.4309,-0.3614],[30.43148,-0.36105],[30.4339,-0.36348]]]}},{"type":"Feature","properties":{"name":"Accesses to Rwimi Prisons","functional_class":"Class C National Road","surface_type":"Unsealed","length_km":1.047,"road_no":"C574"},"geometry":{"type":"LineString","coordinates":[[30.21635,0.37876],[30.21663,0.37679],[30.22016,0.37029]]}},{"type":"Feature","properties":{"name":"Mgahinga - Ntebeko","functional_class":"Class C National Road","surface_type":"Unsealed","length_km":9.365,"road_no":"C448"},"geometry":{"type":"LineString","coordinates":[[29.67871,-1.31469],[29.66917,-1.31441],[29.66305,-1.31342],[29.6559,-1.31439],[29.65111,-1.31287],[29.64901,-1.31375],[29.64655,-1.31569],[29.6446,-1.3185],[29.64402,-1.32122],[29.64161,-1.32481],[29.64181,-1.32748],[29.64057,-1.33012],[29.63919,-1.3319],[29.63728,-1.33325],[29.63281,-1.33998],[29.62603,-1.3449],[29.62225,-1.35138],[29.61919,-1.35389]]}},{"type":"Feature","properties":{"name":"Kabwohe - Kitagata - Kabira(Mitooma)","functional_class":"Class C National Road","surface_type":"Unsealed","length_km":50.5,"road_no":"C447"},"geometry":{"type":"LineString","coordinates":[[30.37808,-0.58007],[30.3703,-0.58723],[30.35969,-0.59466],[30.351,-0.59948],[30.34948,-0.60083],[30.34457,-0.60248],[30.3422,-0.60182],[30.3381,-0.60276],[30.33455,-0.605],[30.33409,-0.60619],[30.33136,-0.60681],[30.32304,-0.61105],[30.32173,-0.61241],[30.31723,-0.61518],[30.31304,-0.61902],[30.31025,-0.62044],[30.30721,-0.62073],[30.29917,-0.61853],[30.29769,-0.61908],[30.29501,-0.62149],[30.29157,-0.62228],[30.29041,-0.62337],[30.28695,-0.62343],[30.28498,-0.62175],[30.28268,-0.6219],[30.28011,-0.62387],[30.27735,-0.62474],[30.27312,-0.62729],[30.26932,-0.63176],[30.25867,-0.63579],[30.25554,-0.63484],[30.25047,-0.63563],[30.24227,-0.63245],[30.23965,-0.63359],[30.23845,-0.63324],[30.23626,-0.63351],[30.2349,-0.63283],[30.23342,-0.63302],[30.23182,-0.6355],[30.22923,-0.63464],[30.22069,-0.63575],[30.21665,-0.63921],[30.21336,-0.64088],[30.21086,-0.64196],[30.20753,-0.64257],[30.20556,-0.64425],[30.20348,-0.64501],[30.19973,-0.64532],[30.19714,-0.64797],[30.19168,-0.65035],[30.18967,-0.65229],[30.18646,-0.65389],[30.18099,-0.65565],[30.1764,-0.65813],[30.17313,-0.65817],[30.17103,-0.65936],[30.16338,-0.6613],[30.15696,-0.6705],[30.15601,-0.67309],[30.15497,-0.67368],[30.15139,-0.6735],[30.14827,-0.67464],[30.14526,-0.67483],[30.14181,-0.67466],[30.13925,-0.67355],[30.13597,-0.67443],[30.1308,-0.6746],[30.12918,-0.67554],[30.12746,-0.67456],[30.12602,-0.67462],[30.12442,-0.67553],[30.11967,-0.6766],[30.11673,-0.67784],[30.11334,-0.68065],[30.10695,-0.68425],[30.09825,-0.68581],[30.09428,-0.6881],[30.09262,-0.68847],[30.09053,-0.68746],[30.08788,-0.68515],[30.08574,-0.68482],[30.08066,-0.68522],[30.07651,-0.68404],[30.07171,-0.6841],[30.06954,-0.68331],[30.0681,-0.68186],[30.06449,-0.68251],[30.06158,-0.68437],[30.05535,-0.68647],[30.05336,-0.6864],[30.05057,-0.6852],[30.04547,-0.68405],[30.04129,-0.68441],[30.03854,-0.68734],[30.03486,-0.68915],[30.03369,-0.69123],[30.03239,-0.69159],[30.0313,-0.69291],[30.02995,-0.6935],[30.02917,-0.69356],[30.02672,-0.69112],[30.02138,-0.69381],[30.01829,-0.69367],[30.01471,-0.69607],[30.01201,-0.69553],[30.00809,-0.69633],[30.00671,-0.69873],[30.00399,-0.69965],[30.00211,-0.70193],[29.99813,-0.70298],[29.99726,-0.70511],[29.9943,-0.70682],[29.99218,-0.70936],[29.98801,-0.7128],[29.98664,-0.71509]]}},{"type":"Feature","properties":{"name":"Bukurungu - Nyamirama","functional_class":"Class C National Road","surface_type":"Bituminous","length_km":15.782,"road_no":"C446"},"geometry":{"type":"LineString","coordinates":[[29.84476,-0.64818],[29.84328,-0.64843],[29.84192,-0.65002],[29.83988,-0.65071],[29.83756,-0.65291],[29.83479,-0.65371],[29.832,-0.65368],[29.83064,-0.65427],[29.82871,-0.65582],[29.82511,-0.65754],[29.82215,-0.66136],[29.82014,-0.66276],[29.81866,-0.6652],[29.81471,-0.66582],[29.81357,-0.66789],[29.81374,-0.66975],[29.81276,-0.67126],[29.81321,-0.67585],[29.81111,-0.6783],[29.80922,-0.6781],[29.80795,-0.67884],[29.80727,-0.6841],[29.80423,-0.68504],[29.80285,-0.68497],[29.80027,-0.68244],[29.79818,-0.68382],[29.79638,-0.683],[29.79371,-0.68608],[29.79176,-0.68533],[29.78901,-0.68594],[29.78549,-0.68974],[29.78312,-0.69085],[29.7798,-0.69076],[29.77523,-0.69342],[29.77197,-0.69633],[29.76688,-0.70335],[29.76413,-0.69947],[29.7616,-0.69844],[29.75939,-0.69816],[29.756,-0.70012],[29.75502,-0.7],[29.75432,-0.69908],[29.75408,-0.69733],[29.75191,-0.6979],[29.75107,-0.69747],[29.75045,-0.69546],[29.75153,-0.6937],[29.75107,-0.69249],[29.74997,-0.69235],[29.74861,-0.69355]]}},{"type":"Feature","properties":{"name":"Bukurungu - Bwambara","functional_class":"Class C National Road","surface_type":"Unsealed","length_km":22.656,"road_no":"C445"},"geometry":{"type":"LineString","coordinates":[[29.84476,-0.64818],[29.84489,-0.64693],[29.84308,-0.64664],[29.84169,-0.64452],[29.84034,-0.63899],[29.8387,-0.63673],[29.8387,-0.63305],[29.83706,-0.63216],[29.83754,-0.62751],[29.83447,-0.62327],[29.83385,-0.6188],[29.83155,-0.61759],[29.82768,-0.61313],[29.82263,-0.60879],[29.82258,-0.60747],[29.82157,-0.60722],[29.82093,-0.60594],[29.82028,-0.60642],[29.81877,-0.60627],[29.81607,-0.60351],[29.8132,-0.60341],[29.81082,-0.60221],[29.80805,-0.59826],[29.80596,-0.59872],[29.80443,-0.59796],[29.80429,-0.59587],[29.80276,-0.59525],[29.80333,-0.59383],[29.80312,-0.59293],[29.80386,-0.59195],[29.80332,-0.59126],[29.80341,-0.59019],[29.80451,-0.58822],[29.80268,-0.58798],[29.80254,-0.58658],[29.80156,-0.58522],[29.7992,-0.58435],[29.79826,-0.58329],[29.7963,-0.58316],[29.79509,-0.58431],[29.79421,-0.58394],[29.79244,-0.57979],[29.78805,-0.57437],[29.78782,-0.5729],[29.78826,-0.57171],[29.78921,-0.56983],[29.79103,-0.56845],[29.79151,-0.5666],[29.79545,-0.56491],[29.79694,-0.56331],[29.79727,-0.56063],[29.79601,-0.55712],[29.79553,-0.55319],[29.79726,-0.54537],[29.79562,-0.54269],[29.79614,-0.54108],[29.79551,-0.53687],[29.79591,-0.53199],[29.79882,-0.52015],[29.80356,-0.50812],[29.80176,-0.49778],[29.80006,-0.49165]]}},{"type":"Feature","properties":{"name":"Nyakaliiro-Kabagole","functional_class":"Class C National Road","surface_type":"Unsealed","length_km":10.156,"road_no":"C552"},"geometry":{"type":"LineString","coordinates":[[30.93052,0.13409],[30.9312,0.13588],[30.9313,0.14031],[30.92991,0.14844],[30.92685,0.15017],[30.92242,0.15107],[30.92068,0.15193],[30.91813,0.15562],[30.91731,0.15777],[30.9177,0.16023],[30.91666,0.16228],[30.90678,0.16865],[30.90553,0.17008],[30.90311,0.17568],[30.9019,0.18051],[30.90186,0.18305],[30.90243,0.18514],[30.90222,0.18758],[30.90193,0.18977],[30.90074,0.19282],[30.90007,0.1942],[30.89637,0.19353],[30.8935,0.19477],[30.89167,0.20166],[30.89176,0.20368]]}},{"type":"Feature","properties":{"name":"Katobo - Bugangari","functional_class":"Class C National Road","surface_type":"Unsealed","length_km":9.909,"road_no":"C445"},"geometry":{"type":"LineString","coordinates":[[29.89546,-0.78753],[29.89549,-0.78551],[29.89471,-0.78264],[29.89558,-0.77996],[29.89565,-0.77755],[29.89416,-0.77397],[29.89214,-0.77164],[29.89152,-0.76875],[29.89024,-0.76696],[29.88947,-0.76348],[29.88962,-0.76161],[29.88884,-0.75954],[29.88617,-0.7567],[29.88381,-0.75774],[29.88161,-0.75688],[29.87883,-0.75134],[29.87758,-0.74525],[29.87647,-0.74389],[29.87588,-0.74156],[29.87449,-0.74049],[29.87425,-0.73893],[29.87263,-0.73813],[29.87109,-0.73286],[29.86813,-0.73079],[29.86548,-0.73126],[29.86215,-0.72867],[29.85563,-0.7278],[29.85375,-0.72348]]}},{"type":"Feature","properties":{"name":"Rwenjaza - Kabujogera","functional_class":"Class C National Road","surface_type":"Unsealed","length_km":33.454,"road_no":"C572"},"geometry":{"type":"LineString","coordinates":[[30.43597,0.15064],[30.43453,0.14842],[30.4275,0.14049],[30.42409,0.13432],[30.42256,0.1329],[30.42219,0.13165],[30.42243,0.12907],[30.42024,0.12423],[30.42006,0.1188],[30.41373,0.10858],[30.41341,0.10697],[30.40861,0.10539],[30.40676,0.1036],[30.4052,0.09863],[30.40483,0.09484],[30.40387,0.09296],[30.40247,0.09134],[30.39727,0.08789],[30.39585,0.08296],[30.39326,0.08005],[30.39177,0.07737],[30.38909,0.0749],[30.38815,0.07144],[30.38655,0.07063],[30.38646,0.06749],[30.38543,0.06721],[30.38348,0.06457],[30.38282,0.06233],[30.38278,0.05886],[30.38294,0.05569],[30.38376,0.0548],[30.38396,0.05093],[30.38234,0.04874],[30.38161,0.04512],[30.37889,0.04358],[30.3777,0.04082],[30.37825,0.03909],[30.38056,0.038],[30.38132,0.03686],[30.38114,0.03555],[30.37936,0.03356],[30.38171,0.03045],[30.38177,0.02888],[30.38302,0.02739],[30.38444,0.02689],[30.38484,0.02481],[30.38571,0.02414],[30.38614,0.02252],[30.38339,0.02034],[30.37854,0.01811],[30.37371,0.01324],[30.36589,0.0043],[30.36277,-0.00064],[30.35986,-0.00341],[30.35817,-0.0069],[30.35842,-0.00799],[30.36133,-0.00939],[30.36255,-0.01186],[30.36167,-0.01335],[30.36217,-0.01785],[30.36144,-0.02394],[30.36648,-0.02645],[30.36803,-0.02819],[30.36694,-0.03273],[30.36804,-0.04164],[30.3744,-0.05384],[30.37509,-0.05621],[30.37954,-0.06167],[30.38211,-0.06777],[30.38502,-0.07013],[30.3863,-0.07329],[30.38834,-0.07594],[30.38902,-0.07885],[30.39304,-0.08506],[30.39351,-0.08704],[30.39482,-0.0885],[30.39495,-0.09313]]}},{"type":"Feature","properties":{"name":"Access to Rukungiri PTTC","functional_class":"Class C National Road","surface_type":"Unsealed","length_km":1.402,"road_no":"C444"},"geometry":{"type":"LineString","coordinates":[[29.96807,-0.83508],[29.96806,-0.83692],[29.96733,-0.83788],[29.96712,-0.84033],[29.96622,-0.84182],[29.9657,-0.84523],[29.96664,-0.84646]]}},{"type":"Feature","properties":{"name":"Bugangari - Rwerere","functional_class":"Class C National Road","surface_type":"Unsealed","length_km":10.63,"road_no":"C443"},"geometry":{"type":"LineString","coordinates":[[29.84601,-0.79683],[29.84628,-0.79366],[29.84718,-0.79218],[29.84761,-0.78997],[29.84764,-0.78508],[29.84555,-0.78219],[29.84604,-0.78075],[29.8452,-0.78068],[29.84374,-0.77942],[29.84512,-0.7767],[29.84326,-0.7752],[29.84291,-0.77266],[29.84349,-0.76919],[29.84302,-0.7676],[29.84503,-0.76537],[29.8446,-0.76472],[29.84565,-0.76406],[29.84562,-0.75958],[29.84638,-0.75741],[29.84608,-0.75614],[29.84469,-0.75599],[29.84365,-0.75454],[29.84249,-0.75446],[29.84196,-0.75112],[29.84338,-0.75059],[29.84261,-0.74939],[29.84306,-0.74884],[29.84467,-0.74764],[29.84599,-0.74757],[29.8462,-0.74607],[29.84723,-0.74545],[29.84704,-0.74461],[29.84808,-0.74255],[29.84984,-0.74159],[29.84944,-0.74014],[29.84873,-0.74069],[29.84789,-0.73993],[29.84783,-0.73823],[29.84862,-0.73543],[29.84788,-0.73473],[29.84896,-0.73404],[29.84896,-0.73305],[29.84955,-0.73297],[29.8525,-0.7296],[29.85341,-0.72714],[29.85292,-0.72585],[29.85357,-0.72517],[29.85375,-0.72347]]}},{"type":"Feature","properties":{"name":"Mitaano - Kanungu","functional_class":"Class C National Road","surface_type":"Unsealed","length_km":11.933,"road_no":"C442"},"geometry":{"type":"LineString","coordinates":[[29.78601,-0.82711],[29.78664,-0.82786],[29.78666,-0.82894],[29.78577,-0.82983],[29.78418,-0.82885],[29.78327,-0.82938],[29.78252,-0.82894],[29.78024,-0.82924],[29.77873,-0.83019],[29.77918,-0.83072],[29.77877,-0.83286],[29.77756,-0.83385],[29.77863,-0.83602],[29.77756,-0.83556],[29.77582,-0.83642],[29.77571,-0.83744],[29.77669,-0.83778],[29.77695,-0.83862],[29.77625,-0.83949],[29.77533,-0.83968],[29.77514,-0.84112],[29.77637,-0.84345],[29.7775,-0.84362],[29.77742,-0.84436],[29.77891,-0.84688],[29.777,-0.849],[29.77386,-0.84905],[29.77323,-0.84981],[29.77382,-0.85177],[29.7756,-0.8526],[29.77614,-0.85415],[29.77625,-0.85498],[29.7752,-0.85611],[29.77617,-0.85885],[29.7758,-0.86137],[29.77651,-0.86233],[29.77649,-0.86561],[29.77791,-0.86839],[29.77877,-0.86882],[29.77858,-0.86986],[29.77999,-0.87035],[29.77976,-0.87252],[29.7804,-0.87368],[29.78009,-0.87497],[29.78112,-0.87571],[29.78108,-0.87668],[29.78029,-0.87642],[29.77962,-0.87681],[29.77994,-0.8783],[29.77826,-0.88028],[29.77874,-0.882],[29.77845,-0.88335],[29.77734,-0.88268],[29.77732,-0.88373],[29.77662,-0.8845],[29.7781,-0.88535],[29.77865,-0.88706],[29.77811,-0.88834],[29.7793,-0.88901],[29.77933,-0.8904],[29.77591,-0.89551],[29.77604,-0.89681],[29.77495,-0.89732]]}},{"type":"Feature","properties":{"name":"Nchwera-Rwenshama","functional_class":"Class C National Road","surface_type":"Unsealed","length_km":6.709,"road_no":"C522"},"geometry":{"type":"LineString","coordinates":[[29.80555,-0.45464],[29.80483,-0.45344],[29.79699,-0.44862],[29.79432,-0.44391],[29.79275,-0.43963],[29.7887,-0.4336],[29.78779,-0.42963],[29.78573,-0.42833],[29.7828,-0.42442],[29.77886,-0.42096],[29.7757,-0.41331],[29.77526,-0.40811],[29.77447,-0.4061]]}},{"type":"Feature","properties":{"name":"Ruerere - Mitaano","functional_class":"Class C National Road","surface_type":"Unsealed","length_km":21.211,"road_no":"C442"},"geometry":{"type":"LineString","coordinates":[[29.84655,-0.79692],[29.84285,-0.7973],[29.84233,-0.79868],[29.84293,-0.80075],[29.84091,-0.80179],[29.84046,-0.80257],[29.84151,-0.80462],[29.84018,-0.80426],[29.83754,-0.80599],[29.83532,-0.80502],[29.83453,-0.80612],[29.83326,-0.80665],[29.833,-0.80848],[29.83178,-0.80842],[29.8313,-0.80595],[29.83267,-0.80255],[29.83226,-0.80184],[29.83266,-0.80035],[29.83213,-0.80006],[29.83108,-0.80076],[29.83008,-0.80075],[29.82816,-0.79802],[29.82614,-0.79675],[29.82397,-0.79416],[29.82378,-0.79318],[29.82479,-0.79208],[29.82317,-0.79179],[29.8229,-0.7912],[29.8232,-0.78948],[29.82246,-0.78607],[29.82311,-0.7842],[29.82167,-0.78319],[29.82213,-0.78132],[29.82144,-0.77616],[29.8218,-0.77348],[29.81935,-0.76958],[29.82002,-0.76838],[29.81864,-0.76687],[29.81864,-0.76504],[29.81806,-0.7638],[29.81837,-0.76235],[29.81759,-0.76103],[29.81796,-0.76065],[29.81896,-0.7608],[29.81943,-0.75963],[29.81837,-0.75873],[29.81723,-0.75956],[29.81502,-0.76474],[29.81562,-0.76996],[29.81514,-0.77103],[29.81097,-0.77401],[29.80954,-0.77928],[29.80676,-0.78139],[29.80504,-0.78545],[29.80382,-0.78585],[29.80385,-0.78818],[29.80471,-0.78817],[29.80484,-0.789],[29.80382,-0.79492],[29.80503,-0.79557],[29.80456,-0.79678],[29.80493,-0.79841],[29.80627,-0.79984],[29.80676,-0.8019],[29.80583,-0.80513],[29.80546,-0.80951],[29.8033,-0.81226],[29.80157,-0.81296],[29.80053,-0.8141],[29.79987,-0.81697],[29.8016,-0.81884],[29.80124,-0.82013],[29.79938,-0.82109],[29.79836,-0.82292],[29.79736,-0.82296],[29.79684,-0.82351],[29.79509,-0.82327],[29.79229,-0.82372],[29.79127,-0.82425],[29.7914,-0.8256],[29.78972,-0.82619],[29.78848,-0.82623],[29.78718,-0.82523],[29.78581,-0.8253],[29.78538,-0.82578],[29.78601,-0.82711]]}},{"type":"Feature","properties":{"name":"Muruseghe - Ihandiro","functional_class":"Class C National Road","surface_type":"Unsealed","length_km":6.827,"road_no":"C521"},"geometry":{"type":"LineString","coordinates":[[29.75022,0.07407],[29.75132,0.07516],[29.75466,0.07591],[29.75528,0.07656],[29.75678,0.07558],[29.75864,0.07597],[29.75926,0.0756],[29.76013,0.07623],[29.76013,0.07569],[29.7616,0.07511],[29.76252,0.07402],[29.763,0.07877],[29.76348,0.07934],[29.7653,0.0798],[29.76551,0.07906],[29.76498,0.07811],[29.76593,0.07743],[29.766,0.07644],[29.7677,0.07659],[29.76727,0.07716],[29.76804,0.07815],[29.76789,0.0801],[29.76976,0.08217],[29.77194,0.0837],[29.77371,0.08332],[29.77555,0.08529],[29.77625,0.08809],[29.77825,0.0883],[29.78084,0.08946],[29.78301,0.09219],[29.78444,0.09252],[29.78491,0.09382]]}},{"type":"Feature","properties":{"name":"Kithoma - Kiraro","functional_class":"Class C National Road","surface_type":"Unsealed","length_km":8.016,"road_no":"C520"},"geometry":{"type":"LineString","coordinates":[[29.75021,0.07411],[29.75041,0.0765],[29.74877,0.08071],[29.7488,0.08327],[29.74768,0.08376],[29.74676,0.08542],[29.74397,0.08799],[29.74375,0.08879],[29.74194,0.08914],[29.73962,0.09071],[29.7393,0.09209],[29.7396,0.09412],[29.74085,0.09566],[29.73954,0.09746],[29.73934,0.09896],[29.74056,0.10062],[29.74079,0.10219],[29.7415,0.10224],[29.74122,0.10373],[29.74243,0.10448],[29.74328,0.10663],[29.74568,0.10769],[29.74592,0.10941],[29.74714,0.11113],[29.74718,0.11276],[29.74849,0.11505],[29.74882,0.11687],[29.75165,0.11727],[29.75323,0.11873],[29.753,0.12375],[29.75457,0.12455],[29.75488,0.1263],[29.75641,0.12726],[29.75746,0.12889],[29.75958,0.12971],[29.76252,0.13226]]}},{"type":"Feature","properties":{"name":"Rukungiri - Ruerere","functional_class":"Class C National Road","surface_type":"Unsealed","length_km":11.144,"road_no":"C442"},"geometry":{"type":"LineString","coordinates":[[29.92644,-0.79094],[29.92581,-0.79154],[29.92082,-0.79065],[29.91593,-0.79661],[29.91504,-0.7973],[29.91381,-0.79744],[29.90928,-0.79561],[29.90674,-0.79566],[29.90311,-0.79226],[29.89981,-0.79117],[29.89681,-0.7877],[29.89595,-0.78733],[29.89537,-0.78762],[29.89464,-0.78971],[29.89363,-0.79054],[29.89204,-0.7939],[29.88986,-0.79575],[29.88759,-0.79655],[29.88465,-0.79572],[29.88106,-0.79565],[29.87901,-0.7969],[29.87872,-0.79808],[29.87607,-0.79864],[29.87512,-0.79758],[29.87453,-0.79863],[29.87218,-0.79988],[29.87118,-0.79926],[29.86997,-0.79977],[29.86835,-0.79862],[29.8681,-0.79753],[29.86637,-0.79749],[29.86461,-0.79664],[29.86219,-0.79627],[29.85724,-0.79694],[29.85562,-0.79655],[29.85366,-0.79799],[29.85252,-0.79753],[29.85112,-0.79779],[29.84971,-0.79692],[29.84813,-0.7973],[29.84655,-0.79692]]}},{"type":"Feature","properties":{"name":"Bwera - Kithoma","functional_class":"Class C National Road","surface_type":"Unsealed","length_km":5.477,"road_no":"C520"},"geometry":{"type":"LineString","coordinates":[[29.75507,0.0341],[29.75374,0.0348],[29.75136,0.03964],[29.7506,0.04651],[29.75098,0.05306],[29.74572,0.05935],[29.74372,0.0641],[29.74439,0.06597],[29.74628,0.06706],[29.7484,0.06745],[29.75058,0.06927],[29.75091,0.07156],[29.75156,0.07258],[29.75021,0.07411]]}},{"type":"Feature","properties":{"name":"Katojo - Kihihi","functional_class":"Class C National Road","surface_type":"Unsealed","length_km":16.961,"road_no":"C441"},"geometry":{"type":"LineString","coordinates":[[29.78576,-0.82673],[29.78305,-0.82127],[29.77778,-0.8185],[29.77643,-0.81592],[29.7727,-0.81205],[29.77382,-0.80617],[29.77287,-0.80351],[29.77253,-0.79942],[29.77154,-0.79549],[29.76884,-0.79089],[29.76431,-0.78803],[29.76335,-0.78621],[29.76003,-0.78522],[29.75549,-0.78276],[29.75441,-0.78183],[29.75328,-0.77899],[29.75098,-0.77697],[29.75,-0.77341],[29.74992,-0.7625],[29.74839,-0.75871],[29.74548,-0.75872],[29.74207,-0.75715],[29.73706,-0.75863],[29.73397,-0.75707],[29.73269,-0.75774],[29.73021,-0.76124],[29.72801,-0.76244],[29.72715,-0.76221],[29.72655,-0.76364],[29.72719,-0.7642],[29.72672,-0.76479],[29.72569,-0.76467],[29.72428,-0.76565],[29.71898,-0.76523],[29.71725,-0.76561],[29.71596,-0.75976],[29.71469,-0.75876],[29.71295,-0.7587],[29.71144,-0.75688],[29.70666,-0.75339],[29.70222,-0.74939],[29.70001,-0.7457]]}},{"type":"Feature","properties":{"name":"Butogota - Kyeshero-Buhom","functional_class":"Class C National Road","surface_type":"Unsealed","length_km":14.115,"road_no":"C440"},"geometry":{"type":"LineString","coordinates":[[29.64525,-0.90619],[29.64264,-0.90616],[29.64137,-0.90552],[29.63871,-0.90657],[29.63733,-0.90757],[29.6375,-0.90888],[29.63575,-0.91127],[29.63449,-0.91177],[29.63353,-0.91285],[29.6312,-0.91243],[29.63065,-0.91479],[29.62778,-0.91665],[29.62703,-0.91625],[29.62638,-0.9135],[29.62578,-0.91295],[29.62383,-0.91347],[29.62149,-0.91261],[29.61719,-0.91234],[29.6108,-0.91486],[29.60917,-0.91788],[29.608,-0.92128],[29.60791,-0.92322],[29.60827,-0.92535],[29.61033,-0.92983],[29.61014,-0.93452],[29.61059,-0.93826],[29.6114,-0.93878],[29.61337,-0.93776],[29.61402,-0.9381],[29.61835,-0.94485],[29.61928,-0.94797],[29.61889,-0.95001],[29.61495,-0.95393],[29.61433,-0.95598],[29.61487,-0.95798],[29.61421,-0.96479],[29.61455,-0.96906],[29.61667,-0.97202],[29.61701,-0.97535],[29.61766,-0.97686],[29.61699,-0.97763],[29.61749,-0.98072],[29.61625,-0.98276],[29.61648,-0.98588]]}},{"type":"Feature","properties":{"name":"Hima army barracks off Kasese FP- Redone","functional_class":"Class C National Road","surface_type":"Unsealed","length_km":3.722,"road_no":"C518"},"geometry":{"type":"LineString","coordinates":[[30.17996,0.29813],[30.19033,0.29591],[30.19142,0.29395],[30.19439,0.29442],[30.1979,0.29405],[30.20439,0.29202],[30.20553,0.28506]]}},{"type":"Feature","properties":{"name":"Kanyantorogo - Butogota","functional_class":"Class C National Road","surface_type":"Unsealed","length_km":17.31,"road_no":"C440"},"geometry":{"type":"LineString","coordinates":[[29.71008,-0.8279],[29.70924,-0.82934],[29.70594,-0.82729],[29.70036,-0.82799],[29.69845,-0.82997],[29.69595,-0.83155],[29.69429,-0.83096],[29.69249,-0.83277],[29.6877,-0.83424],[29.68621,-0.83535],[29.6834,-0.83579],[29.68192,-0.83655],[29.68119,-0.83636],[29.68035,-0.83473],[29.67876,-0.83499],[29.67766,-0.83448],[29.67426,-0.83516],[29.67203,-0.83464],[29.66996,-0.83559],[29.66824,-0.83514],[29.66426,-0.83598],[29.6621,-0.83702],[29.65919,-0.8374],[29.65773,-0.84056],[29.65683,-0.84116],[29.65549,-0.84115],[29.65259,-0.83978],[29.64793,-0.8388],[29.64168,-0.83882],[29.64009,-0.83952],[29.64002,-0.84052],[29.64111,-0.84145],[29.64198,-0.84406],[29.64142,-0.8461],[29.64194,-0.84771],[29.64184,-0.84966],[29.64091,-0.8527],[29.63855,-0.8565],[29.64214,-0.85902],[29.64252,-0.85991],[29.64139,-0.86529],[29.64084,-0.87176],[29.6388,-0.87413],[29.63958,-0.87859],[29.63856,-0.88224],[29.63666,-0.88601],[29.63664,-0.88801],[29.63998,-0.89954],[29.64337,-0.90238],[29.64525,-0.90619]]}},{"type":"Feature","properties":{"name":"Kasese Railway station Road","functional_class":"Class C National Road","surface_type":"Bituminous","length_km":0.764,"road_no":"C517"},"geometry":{"type":"LineString","coordinates":[[30.08589,0.17233],[30.08654,0.17182],[30.09129,0.17124],[30.09207,0.17049]]}},{"type":"Feature","properties":{"name":"Natete - Busanza - Mpaka","functional_class":"Class C National Road","surface_type":"Unsealed","length_km":18.389,"road_no":"C439"},"geometry":{"type":"LineString","coordinates":[[29.6622,-1.26865],[29.65753,-1.26284],[29.65107,-1.25941],[29.6483,-1.25574],[29.64778,-1.25428],[29.64862,-1.25097],[29.64734,-1.24923],[29.64553,-1.24922],[29.64417,-1.24669],[29.64428,-1.24524],[29.64511,-1.24462],[29.64537,-1.24318],[29.64462,-1.24277],[29.64277,-1.24334],[29.64392,-1.24133],[29.64349,-1.24114],[29.64258,-1.24189],[29.64185,-1.24168],[29.64148,-1.24093],[29.64214,-1.24024],[29.6422,-1.23906],[29.64013,-1.23787],[29.64064,-1.23728],[29.64001,-1.23466],[29.64097,-1.23436],[29.64093,-1.23354],[29.63941,-1.23314],[29.63829,-1.23341],[29.63821,-1.23116],[29.6357,-1.22936],[29.63273,-1.22937],[29.63207,-1.22688],[29.63241,-1.22512],[29.63176,-1.22432],[29.63156,-1.22259],[29.63037,-1.22175],[29.63047,-1.2206],[29.6295,-1.22055],[29.62882,-1.21942],[29.62693,-1.21926],[29.62489,-1.21809],[29.62219,-1.2133],[29.62069,-1.21199],[29.61788,-1.20784],[29.61836,-1.20546],[29.61773,-1.20334],[29.6137,-1.1991],[29.61188,-1.19854],[29.61102,-1.19883],[29.61138,-1.19698],[29.60757,-1.19618],[29.60625,-1.19467],[29.60619,-1.19392],[29.60511,-1.19487],[29.60437,-1.19491],[29.60091,-1.19111],[29.59901,-1.18661],[29.59755,-1.18544],[29.59441,-1.18122],[29.59168,-1.17641],[29.58908,-1.17371],[29.58723,-1.17042],[29.58709,-1.16864],[29.58468,-1.1668],[29.58427,-1.16521],[29.58302,-1.16368],[29.58368,-1.16114]]}},{"type":"Feature","properties":{"name":"Rwentale-Lake George","functional_class":"Class C National Road","surface_type":"Unsealed","length_km":16.422,"road_no":"C516"},"geometry":{"type":"LineString","coordinates":[[30.03012,-0.08142],[30.03617,-0.07582],[30.04478,-0.06939],[30.05195,-0.05906],[30.06046,-0.05487],[30.06545,-0.05151],[30.06942,-0.04673],[30.07187,-0.04148],[30.07251,-0.03875],[30.07764,-0.03762],[30.07972,-0.03781],[30.08708,-0.04269],[30.08944,-0.04339],[30.10258,-0.0412],[30.11016,-0.03898],[30.11394,-0.03953],[30.11796,-0.03902],[30.12268,-0.0373],[30.12689,-0.03246],[30.14341,-0.02893],[30.14556,-0.02772],[30.14808,-0.03031],[30.14906,-0.03226],[30.15008,-0.03201]]}},{"type":"Feature","properties":{"name":"Nyarusiza - Muhabura","functional_class":"Class C National Road","surface_type":"Unsealed","length_km":4.886,"road_no":"C438"},"geometry":{"type":"LineString","coordinates":[[29.67869,-1.31473],[29.67711,-1.31746],[29.67721,-1.3193],[29.67435,-1.32303],[29.67416,-1.32817],[29.67316,-1.33438],[29.67149,-1.3373],[29.66735,-1.34148],[29.66712,-1.34448],[29.66352,-1.35103],[29.66146,-1.35224]]}},{"type":"Feature","properties":{"name":"Katojo-Katwe-Rwentale","functional_class":"Class C National Road","surface_type":"Unsealed","length_km":38.816,"road_no":"C516"},"geometry":{"type":"MultiLineString","coordinates":[[[29.76854,-0.01753],[29.81947,-0.07998],[29.84244,-0.12343],[29.84502,-0.12354],[29.86283,-0.13735],[29.86882,-0.13858],[29.87739,-0.13765],[29.88343,-0.14343],[29.88824,-0.14442],[29.9062,-0.14211],[29.91429,-0.14246],[29.91841,-0.14078],[29.93007,-0.134],[29.93306,-0.13157],[29.93448,-0.12976],[29.94052,-0.1174],[29.96964,-0.09394],[29.97537,-0.09359],[29.98152,-0.0971],[29.98727,-0.09749],[29.99124,-0.09667],[29.99515,-0.09464],[30.01272,-0.08853],[30.01817,-0.08718],[30.02612,-0.08412],[30.03024,-0.08178]],[[30.03008,-0.08143],[30.03012,-0.08142]]]}},{"type":"Feature","properties":{"name":"Katojo-Mundongo-Bwera","functional_class":"Class C National Road","surface_type":"Unsealed","length_km":7.656,"road_no":"C515"},"geometry":{"type":"LineString","coordinates":[[29.77276,-0.01815],[29.7725,-0.01225],[29.77329,-0.00556],[29.77879,0.01682],[29.78003,0.02351],[29.77986,0.02626],[29.7779,0.02763],[29.77568,0.0325],[29.77354,0.03253],[29.76865,0.03484],[29.76559,0.0351],[29.75928,0.03304]]}},{"type":"Feature","properties":{"name":"Kisoro - Nyarusiza","functional_class":"Class C National Road","surface_type":"Unsealed","length_km":3.986,"road_no":"C438"},"geometry":{"type":"LineString","coordinates":[[29.68885,-1.28453],[29.68604,-1.28868],[29.68357,-1.29108],[29.6822,-1.29352],[29.67828,-1.29678],[29.6781,-1.29967],[29.67921,-1.30485],[29.68147,-1.30963],[29.68099,-1.3115],[29.67869,-1.31473]]}},{"type":"Feature","properties":{"name":"Kisinga-Nsenyi","functional_class":"Class C National Road","surface_type":"Unsealed","length_km":2.142,"road_no":"C514"},"geometry":{"type":"LineString","coordinates":[[29.90016,0.07542],[29.89215,0.09294]]}},{"type":"Feature","properties":{"name":"Nyakabande - Mutorere","functional_class":"Class C National Road","surface_type":"Unsealed","length_km":4.932,"road_no":"C437"},"geometry":{"type":"LineString","coordinates":[[29.74041,-1.27879],[29.73793,-1.27651],[29.73557,-1.27308],[29.73315,-1.27289],[29.73029,-1.27052],[29.72955,-1.26812],[29.72849,-1.26807],[29.72794,-1.26504],[29.72603,-1.26224],[29.72182,-1.26345],[29.71917,-1.26564],[29.71529,-1.26739],[29.71186,-1.26826],[29.70809,-1.27023]]}},{"type":"Feature","properties":{"name":"Kiburara -Kisinga","functional_class":"Class C National Road","surface_type":"Unsealed","length_km":8.012,"road_no":"C514"},"geometry":{"type":"LineString","coordinates":[[29.89666,0.00898],[29.89585,0.01351],[29.8942,0.01772],[29.89007,0.02404],[29.88924,0.03727],[29.89018,0.047],[29.89113,0.05069],[29.89485,0.0561],[29.90067,0.06676],[29.90092,0.07216],[29.90179,0.07479],[29.90016,0.07542]]}},{"type":"Feature","properties":{"name":"Nyabwishenya - Nteko","functional_class":"Class C National Road","surface_type":"Unsealed","length_km":42.736,"road_no":"C436"},"geometry":{"type":"LineString","coordinates":[[29.70794,-1.27031],[29.70966,-1.26812],[29.71114,-1.26387],[29.71389,-1.26127],[29.71344,-1.25465],[29.71386,-1.25143],[29.71309,-1.24836],[29.7138,-1.2435],[29.71378,-1.23907],[29.71084,-1.22956],[29.71265,-1.2273],[29.71346,-1.22534],[29.7151,-1.22494],[29.71628,-1.22352],[29.71761,-1.22367],[29.7175,-1.22236],[29.71548,-1.22046],[29.71594,-1.21773],[29.71519,-1.21591],[29.71441,-1.21523],[29.71313,-1.21518],[29.71303,-1.21363],[29.70934,-1.20957],[29.71077,-1.20788],[29.71111,-1.20509],[29.70973,-1.20529],[29.70994,-1.20413],[29.70917,-1.20223],[29.71005,-1.19704],[29.70922,-1.19698],[29.7105,-1.19113],[29.70887,-1.1905],[29.70906,-1.18883],[29.70775,-1.1877],[29.70864,-1.18665],[29.7088,-1.18515],[29.7072,-1.18592],[29.70605,-1.18764],[29.70527,-1.18766],[29.7041,-1.18505],[29.70464,-1.18131],[29.70534,-1.18021],[29.7049,-1.17938],[29.70379,-1.18007],[29.70237,-1.18002],[29.7026,-1.17778],[29.70108,-1.17816],[29.69935,-1.17669],[29.69836,-1.17653],[29.69868,-1.17438],[29.69669,-1.17489],[29.69564,-1.17417],[29.69502,-1.17297],[29.69406,-1.17286],[29.69057,-1.16621],[29.69071,-1.16395],[29.68813,-1.16432],[29.68702,-1.16257],[29.68569,-1.16188],[29.68557,-1.1605],[29.68502,-1.16009],[29.68521,-1.15897],[29.68428,-1.15895],[29.68438,-1.15762],[29.68303,-1.15729],[29.68298,-1.15621],[29.682,-1.15614],[29.68272,-1.15394],[29.68056,-1.15385],[29.68159,-1.15178],[29.67846,-1.15102],[29.67896,-1.14992],[29.67814,-1.14952],[29.67845,-1.14762],[29.67724,-1.14623],[29.6757,-1.14227],[29.67516,-1.14194],[29.67534,-1.14118],[29.67371,-1.13872],[29.67338,-1.13681],[29.67386,-1.13563],[29.67308,-1.13532],[29.67287,-1.13423],[29.67332,-1.13341],[29.67261,-1.13303],[29.67318,-1.13176],[29.67202,-1.1316],[29.67165,-1.12972],[29.66936,-1.12906],[29.66802,-1.12727],[29.66644,-1.12689],[29.6659,-1.12554],[29.66363,-1.12515],[29.66344,-1.12392],[29.66261,-1.12329],[29.66284,-1.12221],[29.66058,-1.1212],[29.66046,-1.12043],[29.6596,-1.12014],[29.65799,-1.11646],[29.65676,-1.11585],[29.65625,-1.11443],[29.65647,-1.11317],[29.65554,-1.11243],[29.65588,-1.10985],[29.65499,-1.1101],[29.65163,-1.10853],[29.65026,-1.10863],[29.64969,-1.10657],[29.65168,-1.10476],[29.65061,-1.10304],[29.64826,-1.1024],[29.64785,-1.10127],[29.64627,-1.10087],[29.64507,-1.09883],[29.64384,-1.09945],[29.64328,-1.09926],[29.64072,-1.09617],[29.63917,-1.09624],[29.63818,-1.09685],[29.63791,-1.09281],[29.63596,-1.09285],[29.63577,-1.08981],[29.63524,-1.08867],[29.63387,-1.08799],[29.63249,-1.08563],[29.63057,-1.0853],[29.63085,-1.08339],[29.62807,-1.08164],[29.62592,-1.0791],[29.62563,-1.07808],[29.62396,-1.07706],[29.62133,-1.07665],[29.61977,-1.07548],[29.61871,-1.07545],[29.61664,-1.07358],[29.6153,-1.07719],[29.61404,-1.07711],[29.61256,-1.07386],[29.61181,-1.07442],[29.61124,-1.07325],[29.60949,-1.07259],[29.60647,-1.06765],[29.60614,-1.06568],[29.60501,-1.06474],[29.60322,-1.06451],[29.60386,-1.06385],[29.60444,-1.06138],[29.60265,-1.06062],[29.60147,-1.059],[29.60033,-1.0586],[29.59925,-1.05732],[29.59802,-1.05752],[29.59771,-1.05208],[29.59641,-1.0508],[29.59329,-1.05001],[29.59219,-1.04692],[29.59222,-1.04475],[29.59085,-1.04395],[29.59341,-1.04055],[29.59357,-1.03855],[29.59113,-1.03464],[29.59103,-1.03179],[29.58821,-1.02928],[29.58896,-1.02723],[29.58806,-1.02372]]}},{"type":"Feature","properties":{"name":"Kisinga-Kyarumba-Kibirizi","functional_class":"Class C National Road","surface_type":"Unsealed","length_km":26.445,"road_no":"C513"},"geometry":{"type":"LineString","coordinates":[[29.90017,0.07552],[29.90607,0.08035],[29.90831,0.08098],[29.91213,0.08459],[29.91404,0.0839],[29.91475,0.0841],[29.9164,0.08547],[29.91681,0.08723],[29.92197,0.09296],[29.92644,0.09473],[29.92791,0.09614],[29.9291,0.09555],[29.93023,0.09595],[29.93311,0.09846],[29.93521,0.09962],[29.93729,0.09974],[29.93835,0.10052],[29.94067,0.10456],[29.94248,0.10973],[29.94368,0.11036],[29.94618,0.11459],[29.94756,0.11835],[29.9477,0.12185],[29.95039,0.1231],[29.95157,0.12149],[29.95194,0.12003],[29.95164,0.11817],[29.9528,0.11538],[29.95155,0.1142],[29.95179,0.11309],[29.95062,0.11336],[29.94913,0.11208],[29.94913,0.11051],[29.94793,0.10975],[29.94482,0.10437],[29.94412,0.10152],[29.94435,0.09992],[29.94492,0.09946],[29.94469,0.09868],[29.94551,0.09747],[29.94824,0.09619],[29.94713,0.09312],[29.94779,0.09081],[29.94624,0.08929],[29.94472,0.08914],[29.94305,0.09187],[29.94194,0.0919],[29.9412,0.09112],[29.94002,0.09086],[29.93612,0.09363],[29.93287,0.09125],[29.93136,0.09086],[29.92331,0.08198],[29.922,0.07874],[29.92222,0.07552],[29.91983,0.07522],[29.91814,0.07217],[29.9167,0.07084],[29.92064,0.06221],[29.9199,0.05528],[29.91782,0.0474],[29.9176,0.04482],[29.91809,0.04167],[29.9221,0.03094],[29.92693,0.02503],[29.93901,0.0176],[29.94329,0.01403],[29.94527,0.01094]]}},{"type":"Feature","properties":{"name":"Kisoro - Nyabwishenya","functional_class":"Class C National Road","surface_type":"Unsealed","length_km":1.964,"road_no":"C436"},"geometry":{"type":"LineString","coordinates":[[29.69688,-1.28245],[29.70002,-1.2793],[29.70298,-1.27744],[29.70437,-1.27521],[29.70562,-1.27151],[29.70794,-1.27031]]}},{"type":"Feature","properties":{"name":"Kabagole-Kyegegwa","functional_class":"Class C National Road","surface_type":"Unsealed","length_km":40.784,"road_no":"C552"},"geometry":{"type":"LineString","coordinates":[[30.89176,0.20368],[30.89271,0.20737],[30.89685,0.2128],[30.89897,0.21924],[30.9005,0.2209],[30.9012,0.22346],[30.90356,0.22504],[30.90642,0.23324],[30.90794,0.23516],[30.91109,0.23653],[30.91373,0.23891],[30.91527,0.24352],[30.91913,0.24806],[30.91903,0.25441],[30.92072,0.25702],[30.92412,0.26061],[30.92491,0.265],[30.92966,0.2684],[30.93232,0.27104],[30.93648,0.27289],[30.94023,0.27324],[30.9443,0.27696],[30.95086,0.28008],[30.95103,0.28402],[30.95268,0.28718],[30.953,0.29216],[30.95395,0.29409],[30.95644,0.29627],[30.96365,0.29795],[30.96869,0.30221],[30.97084,0.30596],[30.97168,0.30984],[30.9739,0.3149],[30.97628,0.31814],[30.98105,0.32114],[30.98314,0.32375],[30.98411,0.3267],[30.98597,0.32898],[30.99071,0.33139],[30.99193,0.3376],[30.99533,0.34154],[30.99757,0.34552],[30.99863,0.3486],[30.9987,0.35241],[30.99801,0.35597],[30.9986,0.35845],[30.99361,0.36671],[30.99194,0.37067],[30.98636,0.37394],[30.98487,0.37538],[30.98306,0.38141],[30.98532,0.38598],[30.98652,0.39584],[30.98763,0.39906],[30.9867,0.40657],[30.98717,0.40874],[30.98933,0.40974],[30.99328,0.41362],[30.9962,0.41445],[31.0021,0.41815],[31.00631,0.4193],[31.01129,0.42374],[31.0144,0.42577],[31.01545,0.42863],[31.01522,0.43133],[31.01563,0.43338],[31.01674,0.4352],[31.01732,0.43793],[31.02293,0.44263],[31.02548,0.44565],[31.02695,0.44864],[31.03026,0.45254],[31.03341,0.46033],[31.03527,0.46138],[31.03679,0.46313],[31.03856,0.4636],[31.03926,0.46443],[31.04241,0.4723],[31.04565,0.47487],[31.04749,0.47865],[31.04902,0.47968],[31.05425,0.48138]]}},{"type":"Feature","properties":{"name":"Ikumba - Nfasha - Ruhija - Mpungu - Hama","functional_class":"Class C National Road","surface_type":"Unsealed","length_km":63.56,"road_no":"C434"},"geometry":{"type":"LineString","coordinates":[[29.877,-1.12298],[29.87321,-1.12117],[29.86958,-1.11631],[29.86939,-1.11064],[29.86819,-1.11047],[29.86754,-1.1109],[29.86623,-1.11027],[29.86513,-1.10926],[29.86489,-1.10834],[29.86414,-1.10824],[29.86393,-1.10704],[29.86216,-1.10463],[29.86117,-1.10434],[29.85995,-1.10536],[29.85806,-1.10334],[29.8572,-1.10319],[29.85682,-1.10222],[29.85595,-1.10276],[29.85531,-1.10252],[29.85532,-1.10107],[29.85431,-1.10098],[29.85366,-1.09997],[29.85287,-1.10033],[29.85225,-1.10004],[29.85109,-1.09779],[29.84956,-1.09787],[29.84842,-1.0969],[29.84688,-1.09743],[29.84624,-1.0955],[29.84405,-1.09529],[29.843,-1.09408],[29.84187,-1.09631],[29.83874,-1.09867],[29.83779,-1.10042],[29.83606,-1.10099],[29.83479,-1.10012],[29.83194,-1.10242],[29.8305,-1.10193],[29.83064,-1.10298],[29.82964,-1.10338],[29.82953,-1.10431],[29.82654,-1.10485],[29.82725,-1.10566],[29.82652,-1.10622],[29.82404,-1.10703],[29.82223,-1.10609],[29.82089,-1.1071],[29.819,-1.10725],[29.81874,-1.10849],[29.81793,-1.10929],[29.81652,-1.11023],[29.81472,-1.11064],[29.81542,-1.11164],[29.81388,-1.1121],[29.81397,-1.11457],[29.81314,-1.11507],[29.81242,-1.11345],[29.8109,-1.11379],[29.81101,-1.10858],[29.81012,-1.10808],[29.80811,-1.10871],[29.80689,-1.10791],[29.80644,-1.10686],[29.80681,-1.10538],[29.80607,-1.10337],[29.808,-1.10167],[29.80996,-1.10182],[29.81018,-1.10047],[29.81188,-1.10056],[29.81186,-1.09945],[29.81315,-1.0973],[29.81128,-1.09754],[29.81066,-1.09825],[29.80946,-1.09751],[29.80897,-1.09787],[29.80711,-1.0974],[29.80597,-1.09831],[29.80501,-1.09656],[29.80379,-1.09662],[29.80326,-1.09499],[29.80583,-1.09334],[29.80821,-1.09273],[29.8107,-1.09021],[29.81108,-1.08788],[29.80827,-1.08777],[29.80765,-1.0869],[29.80821,-1.08414],[29.80894,-1.0835],[29.81086,-1.08372],[29.8113,-1.08336],[29.8106,-1.08034],[29.80726,-1.07824],[29.8061,-1.0786],[29.80586,-1.07703],[29.80528,-1.07637],[29.80367,-1.07636],[29.80307,-1.07486],[29.80208,-1.07455],[29.80112,-1.07301],[29.80079,-1.07175],[29.80109,-1.07022],[29.80044,-1.06952],[29.79626,-1.06822],[29.79459,-1.06933],[29.79159,-1.06709],[29.79069,-1.06738],[29.78945,-1.06693],[29.7892,-1.06619],[29.78726,-1.06589],[29.78633,-1.06505],[29.78605,-1.06384],[29.78734,-1.06321],[29.78785,-1.06199],[29.78738,-1.06075],[29.78582,-1.06285],[29.78489,-1.06229],[29.78387,-1.06308],[29.78317,-1.06303],[29.78152,-1.06113],[29.78195,-1.0601],[29.78115,-1.05961],[29.78081,-1.0584],[29.78156,-1.05712],[29.78023,-1.05701],[29.77985,-1.05581],[29.77877,-1.05517],[29.77897,-1.05334],[29.77837,-1.05199],[29.77869,-1.04986],[29.77796,-1.04857],[29.77677,-1.04827],[29.77637,-1.04733],[29.77434,-1.04665],[29.77207,-1.04791],[29.77186,-1.04702],[29.77105,-1.04657],[29.77228,-1.04559],[29.7719,-1.04374],[29.76812,-1.043],[29.76686,-1.04362],[29.76476,-1.04124],[29.76258,-1.04015],[29.76366,-1.03681],[29.76549,-1.03552],[29.76513,-1.03401],[29.76585,-1.0333],[29.76526,-1.03193],[29.76332,-1.03139],[29.76581,-1.02941],[29.76348,-1.02817],[29.76304,-1.02605],[29.76117,-1.02592],[29.76043,-1.02497],[29.75883,-1.02503],[29.75875,-1.02441],[29.75975,-1.02373],[29.76019,-1.02251],[29.75828,-1.02074],[29.75914,-1.01923],[29.75843,-1.01806],[29.75729,-1.0178],[29.75789,-1.0161],[29.75574,-1.01592],[29.75567,-1.01495],[29.75463,-1.01461],[29.75537,-1.01359],[29.75507,-1.01295],[29.75422,-1.01263],[29.75338,-1.01296],[29.75295,-1.01208],[29.75155,-1.0121],[29.75199,-1.01115],[29.75159,-1.01046],[29.74911,-1.00943],[29.74704,-1.00976],[29.74608,-1.00876],[29.74669,-1.00788],[29.744,-1.00774],[29.74394,-1.00619],[29.74247,-1.00609],[29.74214,-1.00539],[29.74243,-1.00283],[29.74147,-1.00294],[29.74124,-1.00421],[29.74046,-1.00377],[29.73787,-1.00605],[29.73716,-1.005],[29.73566,-1.00425],[29.73778,-1.0025],[29.73818,-1.00071],[29.73513,-1.00121],[29.73384,-1.00231],[29.731,-1.00241],[29.72947,-1.00348],[29.72608,-1.0043],[29.7246,-1.00351],[29.72386,-1.00247],[29.72124,-1.00212],[29.72006,-1.00073],[29.71854,-1.00083],[29.71816,-1.0015],[29.71685,-1.00164],[29.71472,-1.00045],[29.71188,-0.99721],[29.71242,-0.99423],[29.70993,-0.99491],[29.70781,-0.99293],[29.70626,-0.99395],[29.70472,-0.99278],[29.70303,-0.99307],[29.70065,-0.99238],[29.70044,-0.99114],[29.699,-0.99012],[29.69765,-0.98666],[29.69671,-0.98605],[29.69547,-0.9873],[29.69542,-0.9886],[29.69433,-0.98805],[29.69361,-0.98922],[29.69327,-0.98814],[29.6926,-0.9878],[29.69257,-0.98696],[29.69141,-0.98656],[29.69064,-0.98686],[29.69033,-0.98847],[29.69048,-0.98646],[29.69251,-0.98587],[29.69102,-0.98511],[29.69127,-0.98314],[29.69073,-0.98186],[29.69158,-0.98046],[29.69144,-0.9789],[29.68995,-0.97922],[29.68936,-0.97846],[29.68931,-0.97708],[29.68853,-0.97658],[29.688,-0.97707],[29.68777,-0.97641],[29.68695,-0.97611],[29.68775,-0.97574],[29.68755,-0.97443],[29.68917,-0.97381],[29.68925,-0.97229],[29.68847,-0.97223],[29.68849,-0.97125],[29.68671,-0.97117],[29.68757,-0.9703],[29.68615,-0.96833],[29.68359,-0.96844],[29.68482,-0.96738],[29.68422,-0.96707],[29.68313,-0.96469],[29.67999,-0.96424],[29.68005,-0.96354],[29.67901,-0.96258],[29.67966,-0.96213],[29.67864,-0.96155],[29.67931,-0.96077],[29.67902,-0.95839],[29.67975,-0.95783],[29.67981,-0.95714],[29.67851,-0.95556],[29.67749,-0.95531],[29.67712,-0.95593],[29.67674,-0.95579],[29.67722,-0.95466],[29.67653,-0.95362],[29.67479,-0.95387],[29.67713,-0.95204],[29.67669,-0.95093],[29.67566,-0.95069],[29.67594,-0.95008],[29.6755,-0.94862],[29.67752,-0.94895],[29.67724,-0.9477],[29.67788,-0.94662],[29.67682,-0.94629],[29.67696,-0.94476],[29.67487,-0.9454],[29.67537,-0.94373],[29.67724,-0.94227],[29.67719,-0.94096],[29.67538,-0.94084],[29.67565,-0.93882],[29.67633,-0.93802],[29.67614,-0.93733],[29.67448,-0.93565],[29.67074,-0.9334],[29.67053,-0.93134],[29.6689,-0.92914],[29.66841,-0.92932],[29.66825,-0.93082],[29.66733,-0.93136],[29.66329,-0.93151],[29.66175,-0.93095],[29.65856,-0.93211],[29.65626,-0.92973],[29.65661,-0.92881],[29.65629,-0.92816],[29.65418,-0.92824],[29.65436,-0.92717],[29.65241,-0.92615],[29.65092,-0.92454],[29.65085,-0.92358],[29.65214,-0.92168],[29.65023,-0.9205],[29.64984,-0.91968],[29.65039,-0.91756],[29.65012,-0.91624],[29.65053,-0.9132],[29.64856,-0.9087],[29.64673,-0.90819],[29.64538,-0.90612]]}},{"type":"Feature","properties":{"name":"Kinyamaseke-Kisinga","functional_class":"Class C National Road","surface_type":"Unsealed","length_km":12.747,"road_no":"C513"},"geometry":{"type":"LineString","coordinates":[[29.83533,-0.00439],[29.83451,0.01018],[29.83766,0.01584],[29.84157,0.01951],[29.84267,0.02288],[29.84394,0.0249],[29.84906,0.03188],[29.85159,0.03398],[29.85313,0.03991],[29.86372,0.05607],[29.86995,0.0618],[29.87326,0.06323],[29.87615,0.06607],[29.87724,0.06783],[29.87874,0.06862],[29.88091,0.07104],[29.88214,0.07006],[29.88618,0.06957],[29.89542,0.07102],[29.90017,0.07552]]}},{"type":"Feature","properties":{"name":"Kazinga - Isaka","functional_class":"Class C National Road","surface_type":"Unsealed","length_km":5.477,"road_no":"C433"},"geometry":{"type":"LineString","coordinates":[[29.68019,-0.71759],[29.67881,-0.71553],[29.67754,-0.71475],[29.67319,-0.71369],[29.66936,-0.71343],[29.66526,-0.70785],[29.66859,-0.69357],[29.67076,-0.67987],[29.67047,-0.67857]]}},{"type":"Feature","properties":{"name":"Rugendabara - Kaswangali","functional_class":"Class C National Road","surface_type":"Unsealed","length_km":24.661,"road_no":"C512"},"geometry":{"type":"LineString","coordinates":[[30.20073,0.35517],[30.19766,0.35595],[30.19549,0.3582],[30.18982,0.36082],[30.18346,0.36248],[30.17958,0.37115],[30.17772,0.37327],[30.17637,0.37586],[30.17359,0.37896],[30.176,0.38021],[30.17472,0.38459],[30.17227,0.38561],[30.17209,0.38642],[30.17377,0.39136],[30.17479,0.39205],[30.17614,0.39114],[30.17694,0.39193],[30.17561,0.39383],[30.17556,0.39471],[30.17863,0.40322],[30.17752,0.4053],[30.17701,0.40872],[30.17523,0.41212],[30.17282,0.41311],[30.17191,0.41475],[30.16945,0.4149],[30.16778,0.41594],[30.16578,0.41757],[30.16284,0.422],[30.16139,0.42298],[30.15697,0.42206],[30.15456,0.42289],[30.15278,0.42394],[30.15239,0.42519],[30.14992,0.42609],[30.14602,0.42559],[30.14702,0.42329],[30.14479,0.42364],[30.1437,0.42606],[30.14163,0.42414],[30.14099,0.42454],[30.14088,0.42556],[30.14032,0.42584],[30.14064,0.42695],[30.13934,0.42777],[30.1391,0.42913],[30.13795,0.4294],[30.13855,0.4303],[30.13772,0.43156],[30.13564,0.43298],[30.13514,0.43413],[30.13575,0.43432],[30.13512,0.43534],[30.136,0.43537],[30.13635,0.4364],[30.13717,0.43574],[30.13827,0.43618],[30.1402,0.43544],[30.14112,0.43817],[30.14103,0.43933],[30.14239,0.44026],[30.14216,0.44147],[30.14105,0.44194],[30.14042,0.44351],[30.13931,0.44381],[30.13835,0.44493],[30.13821,0.44634],[30.13764,0.44694],[30.1383,0.44985],[30.13674,0.45052],[30.13386,0.45554],[30.13349,0.45752],[30.13198,0.45732],[30.13127,0.45915],[30.1294,0.45945],[30.12686,0.45876],[30.1253,0.45771],[30.12468,0.45791],[30.12494,0.46048],[30.12438,0.46265],[30.12294,0.46538],[30.12068,0.46666],[30.12072,0.46725],[30.1231,0.46775],[30.12251,0.46899],[30.12072,0.47043],[30.12129,0.4719],[30.11927,0.47146],[30.11848,0.47268],[30.11661,0.47284],[30.11687,0.47083]]}},{"type":"Feature","properties":{"name":"Kasese - Kilembe mines","functional_class":"Class C National Road","surface_type":"Bituminous","length_km":11.734,"road_no":"C511"},"geometry":{"type":"LineString","coordinates":[[30.08573,0.17218],[30.07684,0.181],[30.07252,0.18309],[30.07126,0.18435],[30.07061,0.18644],[30.06828,0.18753],[30.06491,0.18727],[30.06337,0.18806],[30.06184,0.18816],[30.05945,0.18724],[30.0575,0.18764],[30.0556,0.18625],[30.0508,0.18807],[30.04709,0.18679],[30.04381,0.18781],[30.03773,0.18796],[30.03122,0.18551],[30.02927,0.18391],[30.02507,0.18303],[30.0213,0.18337],[30.01856,0.18515],[30.01437,0.19364],[30.01376,0.19634],[30.0127,0.19763],[30.01165,0.20053],[30.00936,0.20213],[30.00748,0.20924]]}},{"type":"Feature","properties":{"name":"Kanungu - Kihihi","functional_class":"Class C National Road","surface_type":"Bituminous","length_km":22.226,"road_no":"C433"},"geometry":{"type":"LineString","coordinates":[[29.77495,-0.89732],[29.77294,-0.8971],[29.76927,-0.8955],[29.76792,-0.89557],[29.76604,-0.89434],[29.76481,-0.89116],[29.76319,-0.88978],[29.76335,-0.88802],[29.7628,-0.88724],[29.76061,-0.8856],[29.75525,-0.88397],[29.75436,-0.88097],[29.7518,-0.87879],[29.74972,-0.87835],[29.74889,-0.87478],[29.74986,-0.87273],[29.7481,-0.86933],[29.74738,-0.8662],[29.74538,-0.86418],[29.74238,-0.8631],[29.74118,-0.86176],[29.74026,-0.85889],[29.73676,-0.85806],[29.73479,-0.85666],[29.73361,-0.855],[29.73209,-0.85492],[29.73046,-0.85402],[29.72906,-0.85412],[29.72662,-0.8524],[29.72646,-0.84634],[29.7257,-0.84579],[29.72618,-0.84466],[29.72536,-0.84395],[29.72505,-0.84152],[29.72384,-0.84],[29.72288,-0.83613],[29.72011,-0.83475],[29.71906,-0.83341],[29.71661,-0.83188],[29.71605,-0.82815],[29.71543,-0.82717],[29.7142,-0.82731],[29.71336,-0.82859],[29.71248,-0.82898],[29.71058,-0.82832],[29.70971,-0.82725],[29.7092,-0.82254],[29.70648,-0.81698],[29.70654,-0.81414],[29.70565,-0.80934],[29.70335,-0.80378],[29.70275,-0.80085],[29.70138,-0.7984],[29.70094,-0.79608],[29.69889,-0.79352],[29.69865,-0.78776],[29.70022,-0.78303],[29.69988,-0.77623],[29.69504,-0.76404],[29.69605,-0.75619],[29.69934,-0.75041],[29.70012,-0.74611]]}},{"type":"Feature","properties":{"name":"Ikumba - Kanungu","functional_class":"Class C National Road","surface_type":"Unsealed","length_km":46.813,"road_no":"C433"},"geometry":{"type":"LineString","coordinates":[[29.90796,-1.13207],[29.90796,-1.12592],[29.9075,-1.12393],[29.90668,-1.12305],[29.90492,-1.12352],[29.90399,-1.12302],[29.90173,-1.1187],[29.90154,-1.11679],[29.90269,-1.11532],[29.9048,-1.11477],[29.9058,-1.11376],[29.90845,-1.11638],[29.9094,-1.11635],[29.90881,-1.11209],[29.90995,-1.11086],[29.91275,-1.11016],[29.91308,-1.10918],[29.91226,-1.10822],[29.91229,-1.10741],[29.91147,-1.10686],[29.91189,-1.10454],[29.91031,-1.10488],[29.90914,-1.10323],[29.90889,-1.10046],[29.91161,-1.09942],[29.91329,-1.10083],[29.91498,-1.10093],[29.91652,-1.10039],[29.91688,-1.09964],[29.9166,-1.09775],[29.91804,-1.09571],[29.91801,-1.09344],[29.9194,-1.0908],[29.91938,-1.08806],[29.9199,-1.08691],[29.91859,-1.08144],[29.91855,-1.06985],[29.91743,-1.0696],[29.91679,-1.0706],[29.91578,-1.07059],[29.91358,-1.06903],[29.9131,-1.06818],[29.91331,-1.06722],[29.91111,-1.0648],[29.90673,-1.06257],[29.90424,-1.0629],[29.90371,-1.06191],[29.90436,-1.06109],[29.90433,-1.05876],[29.90345,-1.05706],[29.90183,-1.05593],[29.89947,-1.05524],[29.89671,-1.05302],[29.89596,-1.05291],[29.8943,-1.05398],[29.89145,-1.05267],[29.88966,-1.05298],[29.88712,-1.05212],[29.88647,-1.05009],[29.88284,-1.04726],[29.88303,-1.04459],[29.88479,-1.04293],[29.88447,-1.04113],[29.88483,-1.03973],[29.88386,-1.03454],[29.88249,-1.03316],[29.88163,-1.03072],[29.87803,-1.02828],[29.87492,-1.02765],[29.87327,-1.02605],[29.86646,-1.02265],[29.86706,-1.02192],[29.86609,-1.01861],[29.86217,-1.01382],[29.85968,-1.0134],[29.85901,-1.01429],[29.85726,-1.01463],[29.85513,-1.01362],[29.85435,-1.01395],[29.85213,-1.01355],[29.8521,-1.01567],[29.85086,-1.01651],[29.84889,-1.01631],[29.84804,-1.01552],[29.84912,-1.01391],[29.84884,-1.01275],[29.8497,-1.01232],[29.84875,-1.01114],[29.84954,-1.01021],[29.84493,-1.00651],[29.84561,-1.00586],[29.84586,-1.00396],[29.84701,-1.0033],[29.84735,-1.00226],[29.84622,-0.99903],[29.84823,-0.99834],[29.84746,-0.99676],[29.84762,-0.99534],[29.8502,-0.99524],[29.84967,-0.99316],[29.85096,-0.99168],[29.8526,-0.99215],[29.85291,-0.9913],[29.85182,-0.98796],[29.85005,-0.98512],[29.84844,-0.98445],[29.84613,-0.98226],[29.84533,-0.97931],[29.84384,-0.9778],[29.84323,-0.97539],[29.84176,-0.97396],[29.84137,-0.9716],[29.83999,-0.9689],[29.83766,-0.96698],[29.83697,-0.96489],[29.83755,-0.96385],[29.83637,-0.96372],[29.83674,-0.96209],[29.83598,-0.96021],[29.83891,-0.96017],[29.83946,-0.95966],[29.83691,-0.95814],[29.83397,-0.95888],[29.83213,-0.95761],[29.83142,-0.95356],[29.83183,-0.95273],[29.8311,-0.95177],[29.82913,-0.95214],[29.82821,-0.95065],[29.82704,-0.95069],[29.82661,-0.94957],[29.82559,-0.9499],[29.8248,-0.94914],[29.82538,-0.94812],[29.82344,-0.9481],[29.82213,-0.94602],[29.82152,-0.94637],[29.82071,-0.94538],[29.81914,-0.94505],[29.81829,-0.94505],[29.81778,-0.94577],[29.81667,-0.94559],[29.81161,-0.94229],[29.80441,-0.93968],[29.80601,-0.93964],[29.80658,-0.93908],[29.80588,-0.9373],[29.80443,-0.93765],[29.80384,-0.9371],[29.80379,-0.9351],[29.79956,-0.93414],[29.79931,-0.93249],[29.7981,-0.93307],[29.79624,-0.9313],[29.79651,-0.92962],[29.79852,-0.92804],[29.79553,-0.92839],[29.79503,-0.93037],[29.79385,-0.92853],[29.79299,-0.92806],[29.79316,-0.92717],[29.7918,-0.92474],[29.79167,-0.92333],[29.78966,-0.92118],[29.78914,-0.91989],[29.78785,-0.91908],[29.78695,-0.91912],[29.78575,-0.91725],[29.7847,-0.91671],[29.78404,-0.91435],[29.78256,-0.91425],[29.783,-0.91176],[29.78429,-0.90932],[29.78251,-0.9085],[29.78197,-0.90681],[29.78061,-0.90604],[29.78174,-0.9041],[29.78247,-0.90113],[29.78089,-0.90183],[29.7789,-0.90125],[29.77733,-0.89931],[29.77725,-0.89831],[29.77553,-0.89804],[29.77495,-0.89732]]}},{"type":"Feature","properties":{"name":"Kisoro - Muganzi - Chahi","functional_class":"Class C National Road","surface_type":"Bituminous","length_km":5.1,"road_no":"C457"},"geometry":{"type":"MultiLineString","coordinates":[[[29.72118,-1.29849],[29.72483,-1.30562],[29.72437,-1.30702],[29.72196,-1.3082],[29.72107,-1.30916],[29.72127,-1.31306]],[[29.70127,-1.28283],[29.70479,-1.28752],[29.70974,-1.28858],[29.71075,-1.29196],[29.71267,-1.29295],[29.71791,-1.29381],[29.72006,-1.29526],[29.7208,-1.29617],[29.72118,-1.29849]]]}},{"type":"Feature","properties":{"name":"Kanungu - Rugyeyo - Kabaranga","functional_class":"Class C National Road","surface_type":"Unsealed","length_km":30.663,"road_no":"C432"},"geometry":{"type":"LineString","coordinates":[[29.77686,-0.89439],[29.77825,-0.89659],[29.78063,-0.89728],[29.78139,-0.89682],[29.78134,-0.89557],[29.78187,-0.89475],[29.78264,-0.89441],[29.78317,-0.89498],[29.7848,-0.89484],[29.78629,-0.89293],[29.78733,-0.89295],[29.78801,-0.89389],[29.7916,-0.89322],[29.79266,-0.89072],[29.79424,-0.89098],[29.79491,-0.89157],[29.79485,-0.89229],[29.79629,-0.89252],[29.7967,-0.89194],[29.79591,-0.89039],[29.79668,-0.88914],[29.8008,-0.88992],[29.80628,-0.88769],[29.80996,-0.88734],[29.81102,-0.88796],[29.81616,-0.88781],[29.81717,-0.88697],[29.82147,-0.89335],[29.83093,-0.89966],[29.83211,-0.90121],[29.83208,-0.9031],[29.83133,-0.90437],[29.83212,-0.90532],[29.83268,-0.90753],[29.83205,-0.90898],[29.83382,-0.91049],[29.8334,-0.9112],[29.83566,-0.91285],[29.83261,-0.91468],[29.83361,-0.91638],[29.83989,-0.91686],[29.84466,-0.91616],[29.84523,-0.9174],[29.84636,-0.91745],[29.84673,-0.91847],[29.84884,-0.91867],[29.85003,-0.9181],[29.84993,-0.91727],[29.85075,-0.91577],[29.84953,-0.91384],[29.85056,-0.91304],[29.85198,-0.91345],[29.85295,-0.91172],[29.85345,-0.91508],[29.85502,-0.91591],[29.85608,-0.91584],[29.85571,-0.91815],[29.85652,-0.91915],[29.8593,-0.92091],[29.86212,-0.92008],[29.86351,-0.9204],[29.86651,-0.92233],[29.86802,-0.92513],[29.87466,-0.92966],[29.87533,-0.93165],[29.87529,-0.93796],[29.8738,-0.94192],[29.87464,-0.9417],[29.87627,-0.9388],[29.87915,-0.93709],[29.88149,-0.93735],[29.88234,-0.93919],[29.88489,-0.9408],[29.88594,-0.94263],[29.88815,-0.94228],[29.8893,-0.94279],[29.89154,-0.94258],[29.89528,-0.94355],[29.89622,-0.9422],[29.89669,-0.94218],[29.89662,-0.94768],[29.89795,-0.94735],[29.89909,-0.94597],[29.89952,-0.94774],[29.90111,-0.94846],[29.90192,-0.95265],[29.90353,-0.95433],[29.90265,-0.95579],[29.90347,-0.9572],[29.90338,-0.95851],[29.90466,-0.95957],[29.90426,-0.96322],[29.90273,-0.96678],[29.90495,-0.97058],[29.90234,-0.97228],[29.90235,-0.97396],[29.90534,-0.97842],[29.9069,-0.97933],[29.90677,-0.98396],[29.9059,-0.98503],[29.90687,-0.98738],[29.90562,-0.98906],[29.90356,-0.98887],[29.90334,-0.98935],[29.90569,-0.99194],[29.90658,-0.99414],[29.90997,-0.99682]]}},{"type":"Feature","properties":{"name":"Rwabuteera-Kanyansande spur","functional_class":"Class C National Road","surface_type":"Unsealed","length_km":6.74,"road_no":"C456"},"geometry":{"type":"LineString","coordinates":[[29.65089,-0.92438],[29.6495,-0.92362],[29.64857,-0.92439],[29.64732,-0.92398],[29.64663,-0.92538],[29.64684,-0.92653],[29.64495,-0.92557],[29.64039,-0.92908],[29.64013,-0.93015],[29.63843,-0.92988],[29.63738,-0.92888],[29.6367,-0.92913],[29.63597,-0.93125],[29.63653,-0.93359],[29.63486,-0.9337],[29.63416,-0.93427],[29.63446,-0.93518],[29.63615,-0.93581],[29.63492,-0.9367],[29.6358,-0.93748],[29.63419,-0.93744],[29.63355,-0.93852],[29.63576,-0.94466],[29.63493,-0.94627],[29.63273,-0.94706],[29.63219,-0.94628],[29.63039,-0.94559],[29.62932,-0.94638],[29.62817,-0.94631],[29.62791,-0.94776],[29.62639,-0.94817],[29.62454,-0.94788],[29.62364,-0.94833],[29.61905,-0.94688]]}},{"type":"Feature","properties":{"name":"Kyempene - Rubirizi","functional_class":"Class C National Road","surface_type":"Unsealed","length_km":15.755,"road_no":"C431"},"geometry":{"type":"LineString","coordinates":[[30.11909,-1.02516],[30.11458,-1.0288],[30.11144,-1.02996],[30.11004,-1.02916],[30.10725,-1.0261],[30.1046,-1.0255],[30.10003,-1.02346],[30.09766,-1.02341],[30.09458,-1.02189],[30.08527,-1.01927],[30.08062,-1.01567],[30.07822,-1.01535],[30.07613,-1.01571],[30.07451,-1.01436],[30.0721,-1.01351],[30.06687,-1.01456],[30.06589,-1.01389],[30.06513,-1.01156],[30.0638,-1.01006],[30.05918,-1.01277],[30.04931,-1.01546],[30.04645,-1.0154],[30.04421,-1.01622],[30.03986,-1.0161],[30.02713,-1.01156],[30.0201,-1.00715],[30.01164,-1.00327],[30.00542,-1.0013],[29.99473,-1.00001],[29.99256,-0.99839]]}},{"type":"Feature","properties":{"name":"Muhanga-Kyogo-Kamwezi","functional_class":"Class C National Road","surface_type":"Unsealed","length_km":20.134,"road_no":"C455"},"geometry":{"type":"LineString","coordinates":[[30.12322,-1.17146],[30.12411,-1.17254],[30.13327,-1.17738],[30.13383,-1.17837],[30.13791,-1.17963],[30.13869,-1.18203],[30.14037,-1.18179],[30.1431,-1.18526],[30.14407,-1.18531],[30.1444,-1.1843],[30.14606,-1.18455],[30.14654,-1.18395],[30.14697,-1.18458],[30.14893,-1.1851],[30.14912,-1.1859],[30.15072,-1.18592],[30.14945,-1.18701],[30.14995,-1.18768],[30.15211,-1.18742],[30.15269,-1.18782],[30.15425,-1.18681],[30.15525,-1.18699],[30.15582,-1.18858],[30.1575,-1.18816],[30.15821,-1.18913],[30.15823,-1.19047],[30.16193,-1.19277],[30.16463,-1.20019],[30.16666,-1.20329],[30.16675,-1.20519],[30.16818,-1.20852],[30.17084,-1.21315],[30.17161,-1.21683],[30.17373,-1.21929],[30.17519,-1.2241],[30.17558,-1.22649],[30.17482,-1.23327],[30.17576,-1.23511],[30.17523,-1.23748],[30.1754,-1.24526],[30.17762,-1.25251],[30.17991,-1.25342],[30.18052,-1.25426],[30.1846,-1.25691],[30.19274,-1.25647],[30.19448,-1.25578],[30.19725,-1.25338],[30.20011,-1.24964],[30.21112,-1.2422],[30.21678,-1.24322],[30.21862,-1.24418],[30.22251,-1.24353],[30.2302,-1.24553]]}},{"type":"Feature","properties":{"name":"Rubaare - Kyempene","functional_class":"Class C National Road","surface_type":"Unsealed","length_km":7.88,"road_no":"C431"},"geometry":{"type":"LineString","coordinates":[[30.18815,-1.01743],[30.18575,-1.01741],[30.17696,-1.02078],[30.17534,-1.02015],[30.17082,-1.02057],[30.15158,-1.02474],[30.14144,-1.02626],[30.1331,-1.02502],[30.12532,-1.02449],[30.11909,-1.02516]]}},{"type":"Feature","properties":{"name":"Rwashameire-Kyafora-Kiyenje","functional_class":"Class C National Road","surface_type":"Unsealed","length_km":18.84,"road_no":"C454"},"geometry":{"type":"LineString","coordinates":[[30.13429,-0.83485],[30.13416,-0.83795],[30.1331,-0.84024],[30.1322,-0.84542],[30.13199,-0.85584],[30.12663,-0.85987],[30.1199,-0.86404],[30.11694,-0.86964],[30.11082,-0.87648],[30.10781,-0.88398],[30.10617,-0.88639],[30.10536,-0.89017],[30.10513,-0.89453],[30.10369,-0.90001],[30.10099,-0.90576],[30.09757,-0.91031],[30.09273,-0.91317],[30.09002,-0.91266],[30.08852,-0.91294],[30.08572,-0.9142],[30.08432,-0.91545],[30.08339,-0.91703],[30.08411,-0.92086],[30.08309,-0.92279],[30.08227,-0.92612],[30.08266,-0.93125],[30.07655,-0.92714],[30.07038,-0.92494],[30.06803,-0.92619],[30.06615,-0.9257],[30.06462,-0.92603],[30.06223,-0.92807],[30.05992,-0.93184],[30.0576,-0.93312],[30.05497,-0.93399],[30.04781,-0.93413],[30.04011,-0.93573]]}},{"type":"Feature","properties":{"name":"Accesses to Ibuga","functional_class":"Class C National Road","surface_type":"Unsealed","length_km":7.169,"road_no":"C578"},"geometry":{"type":"LineString","coordinates":[[30.20691,0.36898],[30.20662,0.36725],[30.20754,0.36379],[30.20785,0.36003],[30.21217,0.3547],[30.21409,0.35146],[30.21712,0.34993],[30.22067,0.34651],[30.22487,0.34501],[30.23387,0.3393],[30.23615,0.33717],[30.23725,0.33451],[30.23904,0.33378],[30.24066,0.33109],[30.2453,0.32973],[30.24539,0.32632],[30.24683,0.32629]]}},{"type":"Feature","properties":{"name":"Rwashamaire - Rwahi","functional_class":"Class C National Road","surface_type":"Unsealed","length_km":37.745,"road_no":"C430"},"geometry":{"type":"LineString","coordinates":[[30.12733,-1.13979],[30.12421,-1.13584],[30.12329,-1.13354],[30.12342,-1.13176],[30.12291,-1.13029],[30.12378,-1.1276],[30.12369,-1.12474],[30.12198,-1.12132],[30.12267,-1.11607],[30.11938,-1.11069],[30.11814,-1.10558],[30.11912,-1.0967],[30.11848,-1.09215],[30.11899,-1.0839],[30.11803,-1.08078],[30.11823,-1.07642],[30.11928,-1.07381],[30.12287,-1.06881],[30.12466,-1.06434],[30.12399,-1.06216],[30.12228,-1.05985],[30.12275,-1.0577],[30.12243,-1.0565],[30.11931,-1.05599],[30.11952,-1.05411],[30.1191,-1.05221],[30.12106,-1.04784],[30.12143,-1.04251],[30.12101,-1.04042],[30.11802,-1.03858],[30.11776,-1.03719],[30.11978,-1.01924],[30.11863,-1.01078],[30.11973,-1.00627],[30.11905,-0.99986],[30.11954,-0.99275],[30.12051,-0.98612],[30.12363,-0.97871],[30.12847,-0.97006],[30.12847,-0.96751],[30.12996,-0.96311],[30.13107,-0.95741],[30.1312,-0.94991],[30.13291,-0.94382],[30.1348,-0.94253],[30.13526,-0.94062],[30.13695,-0.93841],[30.13666,-0.93576],[30.13728,-0.93271],[30.13802,-0.93163],[30.14039,-0.93058],[30.14195,-0.92845],[30.1453,-0.92552],[30.14762,-0.92158],[30.15068,-0.91415],[30.15257,-0.90125],[30.15243,-0.89503],[30.1553,-0.88585],[30.15602,-0.87896],[30.15612,-0.87228],[30.155,-0.86713],[30.15598,-0.85946],[30.15321,-0.85136],[30.15155,-0.84938],[30.14884,-0.84774],[30.14735,-0.84623],[30.14487,-0.84546],[30.14386,-0.84462],[30.14308,-0.84299],[30.13866,-0.84024],[30.13461,-0.83552],[30.13397,-0.83256]]}},{"type":"Feature","properties":{"name":"Butobere - Muyumbu - Rwamucucu","functional_class":"Class C National Road","surface_type":"Unsealed","length_km":18.254,"road_no":"C429"},"geometry":{"type":"LineString","coordinates":[[30.00358,-1.255],[30.00515,-1.25289],[30.00695,-1.25167],[30.00804,-1.25248],[30.01043,-1.25289],[30.01232,-1.25423],[30.01589,-1.25394],[30.01867,-1.25054],[30.01923,-1.24803],[30.02182,-1.24794],[30.02567,-1.24422],[30.02993,-1.24201],[30.0321,-1.23936],[30.03269,-1.23716],[30.03224,-1.23524],[30.03086,-1.23368],[30.03111,-1.23137],[30.0307,-1.22993],[30.03181,-1.22761],[30.03451,-1.22437],[30.03509,-1.2214],[30.03705,-1.21955],[30.0374,-1.2183],[30.0364,-1.21565],[30.03856,-1.21177],[30.03803,-1.21066],[30.0388,-1.20925],[30.03828,-1.20874],[30.03815,-1.20678],[30.03685,-1.20515],[30.03684,-1.20339],[30.03512,-1.20303],[30.03536,-1.20172],[30.03462,-1.20088],[30.0351,-1.19993],[30.03491,-1.1989],[30.03555,-1.19799],[30.03504,-1.19713],[30.0396,-1.19597],[30.03985,-1.1942],[30.04307,-1.19261],[30.04459,-1.19014],[30.04538,-1.18988],[30.04594,-1.18688],[30.04725,-1.18689],[30.04728,-1.18501],[30.0487,-1.18378],[30.04987,-1.18355],[30.05227,-1.18468],[30.05414,-1.1865],[30.05449,-1.18271],[30.05728,-1.17834],[30.05888,-1.17482],[30.05897,-1.17276],[30.05789,-1.16867],[30.05791,-1.16535],[30.05809,-1.16435],[30.05981,-1.16194],[30.06006,-1.15986],[30.05903,-1.156],[30.05663,-1.15092],[30.05613,-1.14803],[30.05395,-1.14422],[30.05475,-1.14255]]}},{"type":"Feature","properties":{"name":"Nyakabande-Muganzi","functional_class":"Class C National Road","surface_type":"Bituminous","length_km":2.105,"road_no":"C453"},"geometry":{"type":"LineString","coordinates":[[29.72155,-1.28193],[29.7206,-1.28274],[29.72044,-1.2839],[29.72249,-1.28956],[29.72407,-1.29209],[29.72433,-1.29372],[29.72121,-1.29854]]}},{"type":"Feature","properties":{"name":"Access to Kacwekano Agriculture Research","functional_class":"Class C National Road","surface_type":"Unsealed","length_km":0.404,"road_no":"C427"},"geometry":{"type":"LineString","coordinates":[[29.94469,-1.25845],[29.9427,-1.25541]]}},{"type":"Feature","properties":{"name":"Kabale - Lake Bunyonyi","functional_class":"Class C National Road","surface_type":"Unsealed","length_km":7.874,"road_no":"C426"},"geometry":{"type":"MultiLineString","coordinates":[[[29.97397,-1.24475],[29.96946,-1.24856],[29.96822,-1.25073],[29.96692,-1.2519],[29.96453,-1.25269],[29.95864,-1.2523],[29.95531,-1.25274],[29.95203,-1.25419],[29.95024,-1.25615]],[[29.95024,-1.25615],[29.95024,-1.25615]],[[29.95024,-1.25615],[29.94781,-1.25711],[29.94462,-1.25252],[29.94406,-1.25246],[29.94383,-1.25393],[29.94499,-1.2576],[29.94389,-1.2615],[29.94322,-1.26166],[29.94243,-1.26111],[29.94206,-1.26151],[29.94159,-1.2635],[29.94256,-1.26546],[29.94011,-1.2642],[29.93799,-1.26451],[29.93783,-1.26512],[29.93911,-1.26564],[29.94007,-1.26689],[29.93828,-1.26831],[29.93763,-1.27003],[29.93648,-1.27019],[29.9367,-1.26908],[29.93803,-1.26874]]]}},{"type":"Feature","properties":{"name":"Kisoro army barracks off Kabale - Kisoro","functional_class":"Class C National Road","surface_type":"Unsealed","length_km":0.093,"road_no":"C451"},"geometry":{"type":"LineString","coordinates":[[29.68954,-1.28296],[29.68977,-1.28376]]}},{"type":"Feature","properties":{"name":"Buhindagye - Mahyoro","functional_class":"Class C National Road","surface_type":"Unsealed","length_km":8.269,"road_no":"C450"},"geometry":{"type":"LineString","coordinates":[[30.23327,-0.11646],[30.23683,-0.11298],[30.23737,-0.1105],[30.2393,-0.10768],[30.24167,-0.10605],[30.24412,-0.10563],[30.24973,-0.09961],[30.25188,-0.09816],[30.25408,-0.09335],[30.25853,-0.08828],[30.26266,-0.08124],[30.26517,-0.07809],[30.26587,-0.06836],[30.26523,-0.06723],[30.26374,-0.06625],[30.26263,-0.06239],[30.2591,-0.0578]]}},{"type":"Feature","properties":{"name":"Katuna - Rubaya - Muko","functional_class":"Class C National Road","surface_type":"Unsealed","length_km":66.59,"road_no":"C425"},"geometry":{"type":"LineString","coordinates":[[30.01071,-1.42311],[30.0093,-1.42507],[30.00868,-1.42742],[30.00574,-1.42892],[30.00422,-1.4291],[30.00048,-1.4248],[29.99331,-1.4188],[29.99252,-1.41764],[29.99206,-1.41552],[29.98973,-1.41429],[29.98765,-1.41109],[29.98664,-1.41057],[29.98567,-1.41123],[29.98546,-1.41301],[29.98382,-1.41379],[29.98452,-1.41507],[29.98332,-1.41586],[29.98137,-1.41426],[29.97995,-1.41454],[29.97931,-1.41665],[29.97687,-1.41565],[29.97561,-1.41674],[29.97589,-1.41815],[29.97432,-1.41814],[29.97372,-1.41945],[29.97247,-1.41901],[29.97145,-1.42013],[29.96904,-1.41955],[29.96668,-1.42154],[29.96369,-1.42038],[29.96225,-1.41917],[29.96016,-1.41936],[29.95936,-1.4174],[29.95674,-1.41679],[29.9553,-1.41547],[29.95424,-1.41564],[29.95261,-1.41686],[29.95082,-1.42284],[29.94966,-1.42442],[29.94921,-1.42613],[29.94967,-1.42873],[29.95145,-1.43252],[29.95117,-1.43661],[29.95132,-1.4384],[29.95236,-1.44026],[29.95204,-1.44136],[29.95285,-1.44262],[29.95367,-1.44271],[29.95446,-1.44369],[29.95248,-1.44369],[29.95166,-1.44415],[29.9511,-1.44545],[29.95217,-1.44669],[29.95205,-1.4475],[29.94993,-1.44733],[29.94848,-1.44782],[29.94828,-1.45138],[29.94944,-1.45662],[29.94898,-1.45762],[29.94855,-1.45776],[29.94799,-1.45649],[29.94686,-1.45643],[29.94748,-1.45519],[29.94672,-1.4547],[29.94689,-1.45367],[29.94635,-1.45313],[29.94273,-1.45451],[29.94105,-1.45751],[29.93953,-1.45707],[29.94051,-1.45478],[29.93885,-1.45434],[29.93788,-1.45519],[29.93843,-1.45715],[29.93804,-1.46055],[29.9395,-1.46122],[29.94007,-1.46212],[29.93591,-1.46135],[29.93502,-1.45797],[29.93412,-1.45765],[29.93354,-1.45823],[29.93485,-1.46017],[29.9347,-1.46216],[29.93421,-1.46287],[29.93326,-1.46274],[29.93258,-1.46345],[29.93253,-1.46663],[29.93157,-1.46901],[29.93041,-1.46996],[29.92673,-1.46936],[29.92583,-1.46967],[29.92246,-1.46884],[29.91904,-1.46685],[29.91719,-1.46723],[29.91522,-1.46902],[29.91414,-1.46852],[29.91392,-1.46743],[29.91477,-1.46489],[29.91306,-1.46372],[29.91323,-1.46157],[29.9112,-1.46013],[29.91114,-1.45887],[29.90914,-1.45796],[29.90956,-1.45641],[29.90762,-1.45176],[29.90458,-1.44998],[29.90444,-1.4493],[29.90502,-1.44853],[29.90463,-1.44707],[29.90372,-1.44656],[29.9037,-1.44542],[29.90216,-1.44448],[29.89707,-1.43803],[29.8953,-1.43219],[29.89568,-1.4276],[29.89349,-1.42377],[29.89262,-1.42352],[29.89179,-1.42151],[29.89151,-1.42011],[29.89192,-1.4191],[29.89134,-1.41647],[29.89209,-1.41123],[29.88996,-1.40721],[29.88881,-1.40672],[29.88887,-1.40428],[29.88742,-1.40282],[29.88782,-1.40134],[29.8872,-1.39725],[29.8881,-1.39653],[29.88875,-1.39478],[29.8871,-1.39293],[29.88689,-1.39205],[29.88809,-1.38955],[29.88787,-1.3878],[29.88721,-1.38696],[29.88601,-1.38721],[29.88564,-1.38664],[29.88562,-1.38574],[29.88666,-1.38536],[29.88701,-1.3845],[29.88705,-1.38286],[29.88655,-1.38181],[29.88678,-1.38011],[29.88587,-1.37884],[29.88359,-1.37871],[29.88317,-1.37743],[29.88305,-1.37592],[29.88535,-1.37409],[29.88505,-1.37166],[29.88386,-1.3706],[29.88429,-1.36968],[29.8838,-1.36803],[29.88248,-1.3674],[29.88311,-1.36553],[29.88217,-1.36468],[29.88266,-1.36247],[29.88207,-1.36078],[29.88307,-1.35742],[29.88454,-1.35635],[29.88457,-1.35566],[29.88263,-1.35526],[29.87966,-1.35164],[29.87732,-1.35179],[29.87661,-1.35014],[29.87444,-1.34807],[29.87382,-1.34587],[29.87164,-1.34356],[29.87175,-1.34259],[29.87026,-1.33971],[29.87061,-1.33853],[29.87016,-1.33772],[29.86947,-1.33764],[29.86844,-1.33506],[29.86703,-1.33412],[29.86767,-1.33326],[29.86645,-1.33298],[29.8655,-1.3288],[29.86435,-1.32826],[29.8644,-1.32709],[29.86326,-1.32468],[29.86336,-1.32347],[29.86268,-1.32269],[29.86225,-1.32002],[29.86,-1.31782],[29.85937,-1.31267],[29.85399,-1.30552],[29.85243,-1.30427],[29.85232,-1.30291],[29.85045,-1.30183],[29.84985,-1.30013],[29.85035,-1.29774],[29.85167,-1.29718],[29.85257,-1.29823],[29.8541,-1.29874],[29.85426,-1.29948],[29.85447,-1.29861],[29.85308,-1.29759],[29.85233,-1.29513],[29.85341,-1.29399],[29.85497,-1.29447],[29.85593,-1.29384],[29.85696,-1.29018],[29.85796,-1.28871],[29.86111,-1.29115],[29.8619,-1.29268],[29.86413,-1.29304],[29.8641,-1.29148],[29.86499,-1.29144],[29.86562,-1.29057],[29.86584,-1.28729],[29.86556,-1.28428],[29.86409,-1.28272],[29.86475,-1.2817],[29.86246,-1.28112],[29.86217,-1.27917],[29.86077,-1.27956],[29.85988,-1.27887],[29.85993,-1.27656],[29.85896,-1.2755],[29.85901,-1.27302],[29.85668,-1.26972],[29.85574,-1.26679],[29.85473,-1.26632],[29.85365,-1.26659],[29.85267,-1.26544],[29.85331,-1.2635],[29.85214,-1.26156],[29.85171,-1.25922],[29.85037,-1.25715],[29.84855,-1.25637],[29.84846,-1.25525],[29.84664,-1.2533],[29.8469,-1.25046],[29.84616,-1.24931],[29.83874,-1.24778],[29.83705,-1.24683],[29.83547,-1.2477],[29.83407,-1.24551],[29.83261,-1.24593],[29.83314,-1.24299],[29.83245,-1.24276],[29.83134,-1.24351],[29.83144,-1.24167],[29.83093,-1.24071],[29.82754,-1.24035],[29.82618,-1.23825],[29.82449,-1.23748],[29.82581,-1.2367],[29.82667,-1.23487],[29.82603,-1.23246],[29.82648,-1.23075],[29.82525,-1.22988],[29.82572,-1.22874],[29.82392,-1.22491],[29.82443,-1.22303],[29.82345,-1.22271],[29.82213,-1.22351],[29.82166,-1.22282],[29.8222,-1.22181],[29.82039,-1.22025],[29.82075,-1.21958],[29.82204,-1.21946],[29.82242,-1.21823],[29.82442,-1.21824],[29.82523,-1.2189],[29.82693,-1.21789],[29.82416,-1.21575],[29.82247,-1.21586],[29.82171,-1.21499],[29.82219,-1.21358],[29.82327,-1.21291],[29.823,-1.21228],[29.82174,-1.21206],[29.82137,-1.21125],[29.8213,-1.20958],[29.82226,-1.2085]]}},{"type":"Feature","properties":{"name":"Katerera - Buhindagye","functional_class":"Class C National Road","surface_type":"Unsealed","length_km":8.864,"road_no":"C450"},"geometry":{"type":"LineString","coordinates":[[30.24217,-0.18026],[30.24144,-0.17743],[30.2403,-0.17654],[30.24007,-0.17488],[30.23904,-0.17327],[30.23692,-0.17339],[30.23323,-0.17243],[30.23077,-0.16929],[30.22747,-0.16815],[30.22983,-0.16375],[30.2262,-0.15364],[30.22381,-0.15045],[30.2225,-0.14747],[30.22286,-0.13866],[30.22401,-0.13566],[30.22417,-0.13328],[30.22557,-0.1285],[30.22582,-0.12453],[30.22799,-0.12189],[30.23261,-0.11884],[30.23327,-0.11646]]}},{"type":"Feature","properties":{"name":"Old Kabale Road (Kigata - Kabunyonyi - N","functional_class":"Class C National Road","surface_type":"Unsealed","length_km":20.068,"road_no":"C424"},"geometry":{"type":"LineString","coordinates":[[30.08085,-1.25401],[30.07789,-1.25976],[30.07797,-1.2606],[30.08023,-1.26486],[30.08155,-1.26549],[30.08212,-1.26674],[30.08359,-1.26777],[30.08464,-1.26935],[30.08454,-1.27322],[30.08635,-1.27427],[30.08626,-1.27576],[30.08872,-1.27981],[30.08989,-1.28086],[30.09129,-1.28451],[30.09289,-1.28631],[30.09485,-1.28735],[30.0962,-1.29085],[30.09755,-1.29238],[30.09753,-1.29388],[30.09944,-1.29757],[30.10037,-1.30093],[30.10142,-1.3023],[30.1011,-1.30371],[30.10221,-1.30462],[30.10172,-1.30571],[30.10009,-1.30635],[30.09906,-1.30826],[30.09797,-1.30906],[30.09857,-1.31014],[30.09812,-1.31112],[30.09539,-1.31236],[30.09457,-1.3135],[30.08294,-1.3171],[30.08006,-1.31861],[30.07858,-1.31784],[30.07395,-1.31305],[30.07208,-1.30989],[30.07121,-1.30725],[30.07001,-1.30618],[30.06835,-1.30578],[30.06471,-1.30231],[30.06238,-1.29928],[30.06148,-1.29657],[30.06023,-1.29824],[30.05851,-1.29854],[30.05288,-1.29661],[30.0503,-1.2939],[30.04591,-1.28748],[30.0443,-1.28601],[30.0431,-1.28295],[30.0398,-1.28136],[30.03961,-1.28014],[30.03812,-1.27879],[30.03349,-1.27781],[30.03091,-1.27594],[30.02973,-1.27241],[30.02964,-1.27064],[30.03225,-1.26764],[30.0325,-1.26611],[30.034,-1.2647],[30.03255,-1.26367],[30.03223,-1.26268],[30.03109,-1.26169]]}},{"type":"Feature","properties":{"name":"Kyambura - Katerera","functional_class":"Class C National Road","surface_type":"Unsealed","length_km":18.566,"road_no":"C450"},"geometry":{"type":"LineString","coordinates":[[30.10224,-0.21364],[30.10451,-0.2088],[30.10645,-0.20834],[30.10663,-0.20535],[30.10746,-0.2039],[30.10703,-0.2029],[30.1076,-0.20258],[30.11393,-0.20191],[30.11982,-0.2022],[30.12736,-0.20528],[30.13265,-0.20561],[30.13956,-0.20351],[30.14179,-0.20181],[30.14483,-0.20242],[30.14672,-0.20072],[30.15166,-0.19994],[30.15455,-0.20126],[30.15655,-0.19981],[30.16139,-0.19854],[30.16655,-0.19522],[30.16821,-0.19662],[30.17022,-0.19672],[30.1756,-0.19424],[30.17875,-0.19416],[30.18247,-0.19514],[30.1839,-0.19845],[30.18612,-0.19925],[30.19354,-0.19618],[30.20106,-0.19111],[30.20666,-0.19022],[30.20882,-0.1907],[30.21176,-0.19059],[30.2175,-0.19273],[30.21824,-0.19358],[30.22149,-0.1921],[30.22431,-0.19294],[30.2265,-0.19023],[30.23266,-0.18789],[30.23272,-0.18699],[30.23516,-0.18526],[30.23543,-0.1841],[30.24047,-0.18209],[30.24217,-0.18026]]}},{"type":"Feature","properties":{"name":"Rutobo - Kamwezi","functional_class":"Class C National Road","surface_type":"Unsealed","length_km":17.685,"road_no":"C423"},"geometry":{"type":"LineString","coordinates":[[30.13131,-1.15573],[30.13245,-1.15606],[30.13305,-1.15687],[30.13729,-1.15742],[30.13843,-1.15835],[30.13889,-1.1601],[30.14221,-1.16216],[30.15195,-1.16081],[30.15235,-1.16132],[30.1518,-1.16317],[30.15241,-1.16582],[30.15158,-1.16733],[30.15401,-1.16686],[30.15619,-1.16832],[30.15854,-1.16868],[30.1601,-1.16985],[30.16254,-1.17027],[30.16865,-1.17478],[30.17283,-1.1769],[30.17801,-1.17874],[30.17994,-1.18294],[30.183,-1.18589],[30.18668,-1.19243],[30.19437,-1.20002],[30.20028,-1.20297],[30.21087,-1.20571],[30.21187,-1.20743],[30.21295,-1.2124],[30.21538,-1.21767],[30.21714,-1.22375],[30.21648,-1.22419],[30.21658,-1.2247],[30.22122,-1.22837],[30.22145,-1.23077],[30.22336,-1.23558],[30.22922,-1.24181],[30.22962,-1.24408],[30.23248,-1.25106]]}},{"type":"Feature","properties":{"name":"Chanya-Nyuyo Institute","functional_class":"Class C National Road","surface_type":"Unsealed","length_km":2.869,"road_no":"C523"},"geometry":{"type":"LineString","coordinates":[[30.07781,0.33443],[30.0742,0.33625],[30.07244,0.33791],[30.07232,0.34077],[30.07471,0.34181],[30.07226,0.34173],[30.07107,0.34096],[30.07115,0.34021],[30.07034,0.34026],[30.07054,0.34184],[30.0714,0.34304],[30.07119,0.34576],[30.0702,0.34643]]}},{"type":"Feature","properties":{"name":"Nkenda - Bugoye","functional_class":"Class C National Road","surface_type":"Unsealed","length_km":16.933,"road_no":"C519"},"geometry":{"type":"LineString","coordinates":[[30.11688,0.25429],[30.11273,0.26401],[30.10868,0.26883],[30.10431,0.28596],[30.10066,0.2933],[30.09708,0.30588],[30.09717,0.30721],[30.09185,0.31202],[30.08977,0.31798],[30.08583,0.32315],[30.07984,0.32785],[30.07697,0.32833],[30.06871,0.33418],[30.06798,0.33584],[30.06701,0.33659],[30.06484,0.33697],[30.0618,0.33849],[30.0569,0.33975],[30.05259,0.34009],[30.04668,0.34214],[30.04253,0.34225],[30.03815,0.34364],[30.03681,0.34342],[30.03533,0.34504],[30.03536,0.34589],[30.03455,0.34715],[30.03278,0.34903],[30.02809,0.35202],[30.02722,0.35548],[30.02526,0.35708]]}},{"type":"Feature","properties":{"name":"Mubuku-Maliba-Nyakalingijo","functional_class":"Class C National Road","surface_type":"Unsealed","length_km":15.32,"road_no":"C510"},"geometry":{"type":"LineString","coordinates":[[30.12332,0.2613],[30.11835,0.26809],[30.11568,0.27465],[30.11418,0.28354],[30.11133,0.29066],[30.11066,0.29927],[30.10915,0.30432],[30.1071,0.30874],[30.10538,0.31786],[30.10369,0.32166],[30.10252,0.32256],[30.09235,0.32196],[30.09026,0.32272],[30.0861,0.32634],[30.0809,0.33241],[30.08064,0.33332],[30.07793,0.33437],[30.07449,0.33025]]}},{"type":"Feature","properties":{"name":"Nyanga Swamp","functional_class":"Class C National Road","surface_type":"Unsealed","length_km":0.7,"road_no":"C388"},"geometry":{"type":"LineString","coordinates":[[31.12602,-0.68882],[31.12722,-0.68308]]}},{"type":"Feature","properties":{"name":"Kityaza Bugango access","functional_class":"Class C National Road","surface_type":"Unsealed","length_km":1,"road_no":"C389"},"geometry":{"type":"LineString","coordinates":[[30.95618,-0.96594],[30.95831,-0.96594],[30.96116,-0.96467],[30.96276,-0.96562],[30.96371,-0.96721],[30.96542,-0.96796]]}},{"type":"Feature","properties":{"name":"Mabona Loop","functional_class":"Class C National Road","surface_type":"Bituminous","length_km":7.1,"road_no":"C362"},"geometry":{"type":"LineString","coordinates":[[30.81719,-0.79554],[30.81556,-0.80396],[30.81654,-0.80765],[30.81662,-0.81177],[30.81755,-0.81271],[30.81214,-0.81501],[30.80383,-0.81969],[30.79362,-0.83091],[30.78907,-0.83403],[30.78577,-0.83724],[30.78332,-0.8381],[30.78104,-0.83726]]}},{"type":"Feature","properties":{"name":"Mbarara Bypass","functional_class":"Class C National Road","surface_type":"Bituminous","length_km":14,"road_no":"C390"},"geometry":{"type":"LineString","coordinates":[[30.68152,-0.58334],[30.66826,-0.58238],[30.66354,-0.58152],[30.65688,-0.58168],[30.65197,-0.58338],[30.64763,-0.58616],[30.64244,-0.58845],[30.63561,-0.5906],[30.63126,-0.59028],[30.62444,-0.59312],[30.62186,-0.59575],[30.61789,-0.60458],[30.61142,-0.61328],[30.61097,-0.61872],[30.6102,-0.62043],[30.60403,-0.62435],[30.59638,-0.6358],[30.58811,-0.6421]]}},{"type":"Feature","properties":{"name":"Access to Tumu hospital","functional_class":"Class C National Road","surface_type":"Unsealed","length_km":10.195,"road_no":"C391"},"geometry":{"type":"LineString","coordinates":[[30.46647,-0.38517],[30.46802,-0.38859],[30.47051,-0.39086],[30.47027,-0.385],[30.47128,-0.38012],[30.4735,-0.3794],[30.47767,-0.37909],[30.47868,-0.3795],[30.4794,-0.37853],[30.48068,-0.37897],[30.48244,-0.37791],[30.48452,-0.38076],[30.48469,-0.37884],[30.48606,-0.37548],[30.4891,-0.37455],[30.49041,-0.37485],[30.49048,-0.37388],[30.49198,-0.37268],[30.49058,-0.36932],[30.4922,-0.36733],[30.49071,-0.36627],[30.4899,-0.36112],[30.48752,-0.35916],[30.48491,-0.35843],[30.48679,-0.35399],[30.48635,-0.35101],[30.48494,-0.35009],[30.48354,-0.35038],[30.48187,-0.35237],[30.48035,-0.35312],[30.47919,-0.35059],[30.47879,-0.3475],[30.47806,-0.34633],[30.47856,-0.34526]]}},{"type":"Feature","properties":{"name":"Kityanza-Nakabanga","functional_class":"Class C National Road","surface_type":"Unsealed","length_km":41.311,"road_no":"C351"},"geometry":{"type":"LineString","coordinates":[[30.98671,-0.81035],[30.98842,-0.81088],[30.99051,-0.81403],[30.99656,-0.81783],[30.99878,-0.82011],[31.00238,-0.82611],[31.00348,-0.83088],[31.00627,-0.83482],[31.00764,-0.83493],[31.01444,-0.83179],[31.01765,-0.83108],[31.0215,-0.82941],[31.02215,-0.82946],[31.02264,-0.83037],[31.02344,-0.829],[31.02531,-0.83682],[31.02917,-0.83706],[31.03317,-0.84133],[31.03659,-0.84388],[31.04787,-0.8458],[31.05711,-0.84476],[31.06885,-0.83886],[31.0767,-0.83631],[31.08158,-0.83576],[31.08481,-0.83625],[31.09153,-0.83994],[31.10069,-0.84726],[31.10948,-0.84812],[31.11904,-0.85286],[31.13202,-0.85696],[31.13699,-0.85948],[31.14355,-0.86199],[31.15037,-0.86629],[31.15251,-0.86855],[31.15769,-0.87215],[31.16635,-0.87546],[31.17349,-0.87901],[31.19269,-0.89288],[31.19783,-0.89484],[31.21029,-0.89623],[31.21684,-0.89907],[31.22114,-0.90223],[31.23333,-0.90955],[31.2356,-0.91046],[31.23882,-0.913],[31.24287,-0.91474],[31.25087,-0.91975],[31.2573,-0.92122],[31.26508,-0.92484],[31.26875,-0.93024],[31.278,-0.93844],[31.2816,-0.94268],[31.28808,-0.94716],[31.29045,-0.94711],[31.2932,-0.94836],[31.29482,-0.94821]]}},{"type":"Feature","properties":{"name":"Isingiro-Kityanza","functional_class":"Class C National Road","surface_type":"Unsealed","length_km":22.203,"road_no":"C351"},"geometry":{"type":"LineString","coordinates":[[30.8176,-0.81262],[30.81912,-0.8132],[30.82062,-0.81475],[30.82255,-0.81818],[30.82321,-0.82049],[30.82512,-0.82337],[30.82781,-0.82707],[30.83238,-0.8308],[30.83494,-0.83612],[30.8384,-0.83982],[30.84034,-0.84102],[30.84382,-0.84048],[30.8461,-0.84196],[30.848,-0.84219],[30.85007,-0.84177],[30.85545,-0.83779],[30.85595,-0.8329],[30.8567,-0.83225],[30.86342,-0.83227],[30.86939,-0.83409],[30.87373,-0.83399],[30.87779,-0.83623],[30.87973,-0.83634],[30.88164,-0.83554],[30.88516,-0.83269],[30.89246,-0.83032],[30.89657,-0.82966],[30.89993,-0.83038],[30.90231,-0.83029],[30.91184,-0.82831],[30.92946,-0.82083],[30.9609,-0.81042],[30.96383,-0.80811],[30.98671,-0.81035]]}},{"type":"Feature","properties":{"name":"Nakabanga-Rakai","functional_class":"Class C National Road","surface_type":"Unsealed","length_km":40.058,"road_no":"C351"},"geometry":{"type":"LineString","coordinates":[[31.29482,-0.94821],[31.30505,-0.94378],[31.30804,-0.94102],[31.31434,-0.9375],[31.31881,-0.93247],[31.32588,-0.92598],[31.34391,-0.92842],[31.35164,-0.92629],[31.36064,-0.92553],[31.36549,-0.92224],[31.36583,-0.91917],[31.36499,-0.91691],[31.35978,-0.90937],[31.35778,-0.90435],[31.35725,-0.89959],[31.35746,-0.89156],[31.35669,-0.88427],[31.3524,-0.874],[31.35405,-0.86847],[31.35378,-0.86604],[31.3566,-0.86373],[31.35929,-0.86271],[31.36365,-0.85939],[31.36235,-0.85486],[31.36378,-0.84794],[31.36014,-0.83337],[31.35909,-0.82578],[31.35734,-0.82005],[31.35707,-0.81429],[31.35603,-0.80718],[31.35298,-0.80048],[31.35168,-0.7963],[31.3462,-0.7853],[31.34459,-0.77936],[31.34596,-0.77898],[31.35001,-0.77006],[31.35206,-0.76806],[31.36615,-0.76092],[31.37052,-0.7595],[31.37989,-0.75924],[31.3832,-0.76029],[31.38532,-0.76021],[31.39033,-0.75556],[31.39214,-0.7525],[31.39908,-0.74973],[31.40215,-0.74654],[31.40627,-0.74326],[31.40748,-0.73443],[31.40601,-0.72873],[31.40922,-0.72199],[31.40933,-0.71692],[31.40766,-0.7131]]}},{"type":"Feature","properties":{"name":"Kabira - Rukungiri","functional_class":"Class C National Road","surface_type":"Unsealed","length_km":15,"road_no":"C447"},"geometry":{"type":"LineString","coordinates":[[29.98664,-0.71509],[29.98391,-0.71966],[29.98258,-0.72406],[29.97939,-0.72783],[29.98114,-0.73038],[29.98383,-0.73238],[29.98429,-0.73595],[29.98583,-0.73967],[29.98652,-0.74046],[29.98886,-0.74084],[29.99013,-0.74229],[29.99155,-0.74681],[29.99073,-0.74996],[29.99082,-0.7534],[29.98832,-0.75469],[29.98562,-0.75535],[29.98444,-0.75625],[29.98292,-0.75571],[29.97906,-0.75564],[29.97805,-0.75652],[29.97721,-0.75889],[29.97602,-0.75996],[29.97281,-0.76111],[29.97009,-0.76037],[29.96871,-0.76128],[29.96805,-0.76297],[29.96591,-0.76226],[29.96342,-0.76311],[29.96046,-0.76709],[29.95724,-0.76872],[29.95701,-0.77121],[29.95539,-0.7734],[29.95399,-0.77335],[29.95392,-0.77492],[29.95258,-0.77734],[29.95194,-0.77762],[29.95048,-0.77684],[29.94994,-0.77775],[29.94726,-0.77966],[29.94511,-0.78],[29.94335,-0.77937],[29.94115,-0.77979],[29.9369,-0.77889],[29.93382,-0.779],[29.9328,-0.77621],[29.93033,-0.77304],[29.92739,-0.77172],[29.92655,-0.77377]]}},{"type":"Feature","properties":{"name":"Rukungiri - Station Boundary","functional_class":"Class C National Road","surface_type":"Unsealed","length_km":19.6,"road_no":"C452"},"geometry":{"type":"LineString","coordinates":[[29.92547,-0.7832],[29.92536,-0.78055],[29.92404,-0.77889],[29.92455,-0.77548],[29.92652,-0.77399],[29.92623,-0.77101],[29.92711,-0.76627],[29.92809,-0.76373],[29.93072,-0.75998],[29.93032,-0.75833],[29.92888,-0.75736],[29.92846,-0.75597],[29.92946,-0.75502],[29.92856,-0.75394],[29.92953,-0.75267],[29.92925,-0.75065],[29.93019,-0.75029],[29.93005,-0.74868],[29.93088,-0.74561],[29.93031,-0.74459],[29.93017,-0.74046],[29.93114,-0.74021],[29.93145,-0.73954],[29.93009,-0.73653],[29.93134,-0.73577],[29.93551,-0.73708],[29.94117,-0.73542],[29.94282,-0.73316],[29.94389,-0.73252],[29.94459,-0.73074],[29.94447,-0.72893],[29.94568,-0.72901],[29.94601,-0.72804],[29.94706,-0.72865],[29.94756,-0.72804],[29.94717,-0.72391],[29.94648,-0.72379],[29.9452,-0.72463],[29.94492,-0.72376],[29.94521,-0.72257],[29.94634,-0.72133],[29.94841,-0.71562],[29.94572,-0.71157],[29.94574,-0.70813],[29.94647,-0.7054],[29.94792,-0.70475],[29.94813,-0.70305],[29.94747,-0.70138],[29.94635,-0.70034],[29.94667,-0.69726],[29.94623,-0.69358],[29.94963,-0.6918],[29.95086,-0.69046],[29.9491,-0.68772],[29.94898,-0.68624],[29.94806,-0.68567],[29.94658,-0.68178],[29.94391,-0.68084],[29.942,-0.67887],[29.93914,-0.67887],[29.93847,-0.67806],[29.93914,-0.67405],[29.93988,-0.67245],[29.94016,-0.66917],[29.94008,-0.66828],[29.93889,-0.66653],[29.93859,-0.66362],[29.94257,-0.66022],[29.94453,-0.65933],[29.94685,-0.65695],[29.94692,-0.65561],[29.94804,-0.6544],[29.94934,-0.65404],[29.94962,-0.65314],[29.95134,-0.65378],[29.95697,-0.65374],[29.95879,-0.65311],[29.95874,-0.65191]]}},{"type":"Feature","properties":{"name":"Mitooma HQ - Ruhinda/Kashenyi","functional_class":"Class C National Road","surface_type":"Bituminous","length_km":11.5,"road_no":"C452"},"geometry":{"type":"LineString","coordinates":[[30.04666,-0.61607],[30.04935,-0.61404],[30.05493,-0.61228],[30.06104,-0.61329],[30.06455,-0.6157],[30.06733,-0.61562],[30.06968,-0.61636],[30.07252,-0.61548],[30.07431,-0.61436],[30.07685,-0.61548],[30.0776,-0.61456],[30.08098,-0.615],[30.08292,-0.61318],[30.08918,-0.60899],[30.09366,-0.60771],[30.09829,-0.60361],[30.09903,-0.60132],[30.09967,-0.60074],[30.10647,-0.59726],[30.10965,-0.59863],[30.11221,-0.59634],[30.11566,-0.59439],[30.11811,-0.59079],[30.11927,-0.59052],[30.12066,-0.59126],[30.12383,-0.59016],[30.12728,-0.58767],[30.13005,-0.58624],[30.13163,-0.58598],[30.13305,-0.58479]]}},{"type":"Feature","properties":{"name":"Station Boundary - Mitooma HQ","functional_class":"Class C National Road","surface_type":"Unsealed","length_km":13.9,"road_no":"C452"},"geometry":{"type":"LineString","coordinates":[[29.95874,-0.65191],[29.95831,-0.65115],[29.9604,-0.65156],[29.96366,-0.65084],[29.96493,-0.64871],[29.96618,-0.64823],[29.96685,-0.64603],[29.96921,-0.64644],[29.97099,-0.64422],[29.97308,-0.64367],[29.97318,-0.64028],[29.97544,-0.6388],[29.97635,-0.63678],[29.9787,-0.63441],[29.97959,-0.63253],[29.98046,-0.6325],[29.98086,-0.63172],[29.98389,-0.63024],[29.98579,-0.62823],[29.98889,-0.62629],[29.99174,-0.62618],[29.99311,-0.62484],[29.99566,-0.62662],[30.00034,-0.62552],[30.00114,-0.625],[30.00325,-0.62134],[30.00653,-0.62101],[30.00777,-0.62162],[30.00946,-0.61979],[30.01186,-0.61897],[30.01551,-0.61997],[30.01785,-0.61923],[30.02069,-0.61976],[30.02249,-0.62104],[30.02919,-0.62286],[30.03328,-0.62506],[30.03381,-0.62645],[30.03605,-0.62559],[30.03649,-0.62727],[30.03786,-0.62782],[30.04068,-0.62742],[30.0423,-0.62596],[30.0438,-0.62713],[30.04529,-0.62292],[30.04451,-0.61882],[30.04666,-0.61607]]}},{"type":"Feature","properties":{"name":"Mbarara Bypass (dual)","functional_class":"Class C National Road","surface_type":"Bituminous","length_km":14,"road_no":"C390N1"},"geometry":{"type":"LineString","coordinates":[[30.58447,-0.64279],[30.5888,-0.64159],[30.59555,-0.63652],[30.59848,-0.63301],[30.60381,-0.6245],[30.61021,-0.62023],[30.61094,-0.61855],[30.61093,-0.61509],[30.61145,-0.61306],[30.61792,-0.60438],[30.6219,-0.59556],[30.62488,-0.59274],[30.63123,-0.59021],[30.63584,-0.59048],[30.63929,-0.58903],[30.64238,-0.58841],[30.64755,-0.58613],[30.65185,-0.58332],[30.65767,-0.58148],[30.66402,-0.5815],[30.67983,-0.58336],[30.68177,-0.58303],[30.68384,-0.58166]]}},{"type":"Feature","properties":{"name":"Nyamirama - Ishasha","functional_class":"Class C National Road","surface_type":"Bituminous","length_km":14.89,"road_no":"C428"},"geometry":{"type":"LineString","coordinates":[[29.63199,-0.72444],[29.63591,-0.72656],[29.63828,-0.72913],[29.64167,-0.72889],[29.64455,-0.72985],[29.64796,-0.72932],[29.65082,-0.72978],[29.65468,-0.72726],[29.6615,-0.72606],[29.6648,-0.72618],[29.66572,-0.72552],[29.66667,-0.72293],[29.67131,-0.71994],[29.6797,-0.71784],[29.69165,-0.71091],[29.6957,-0.70937],[29.69699,-0.70831],[29.69919,-0.70459],[29.70238,-0.70351],[29.70421,-0.70228],[29.70571,-0.70232],[29.70859,-0.70498],[29.70995,-0.70543],[29.7142,-0.7043],[29.71719,-0.70261],[29.72573,-0.70229],[29.72815,-0.70007],[29.7291,-0.69978],[29.73322,-0.70145],[29.74085,-0.69683],[29.74479,-0.69553],[29.74861,-0.69355]]}},{"type":"Feature","properties":{"name":"Rukungiri - Campbell","functional_class":"Class C National Road","surface_type":"Bituminous","length_km":13.959,"road_no":"C435"},"geometry":{"type":"LineString","coordinates":[[29.8585,-0.68783],[29.861,-0.68819],[29.86679,-0.69208],[29.86844,-0.69385],[29.86643,-0.70321],[29.86718,-0.70499],[29.8665,-0.70734],[29.86686,-0.70998],[29.86933,-0.71162],[29.8736,-0.71731],[29.87624,-0.71986],[29.87807,-0.72084],[29.87891,-0.7222],[29.88427,-0.72347],[29.88558,-0.72801],[29.88949,-0.73183],[29.89072,-0.73392],[29.8935,-0.73599],[29.89644,-0.73636],[29.89946,-0.7384],[29.90043,-0.73971],[29.90052,-0.74205],[29.90277,-0.74761],[29.9079,-0.75236],[29.90936,-0.75463],[29.91127,-0.75565],[29.91331,-0.76156],[29.91618,-0.76398],[29.91735,-0.76954],[29.91998,-0.77158],[29.91973,-0.77422],[29.92325,-0.77612],[29.92405,-0.77862]]}},{"type":"Feature","properties":{"name":"Kitumbi Bridge - Bukwiri","functional_class":"Class C National Road","surface_type":"Unsealed","length_km":39.386,"road_no":"C271"},"geometry":{"type":"LineString","coordinates":[[31.65819,0.81703],[31.65467,0.82162],[31.65132,0.82418],[31.64841,0.82494],[31.64337,0.82729],[31.63752,0.82772],[31.63149,0.83295],[31.63288,0.84016],[31.6382,0.84497],[31.63934,0.84832],[31.64094,0.85113],[31.6425,0.86092],[31.64164,0.86537],[31.639,0.86817],[31.63512,0.87094],[31.63381,0.873],[31.63405,0.87979],[31.63256,0.88542],[31.63076,0.88832],[31.62254,0.89692],[31.61965,0.89933],[31.61765,0.90229],[31.61374,0.90637],[31.6104,0.91204],[31.604,0.91646],[31.5988,0.91809],[31.59618,0.92004],[31.59574,0.92338],[31.59276,0.93372],[31.59096,0.94395],[31.59104,0.95015],[31.58946,0.96167],[31.59004,0.97549],[31.58909,0.97913],[31.58912,0.98307],[31.58811,0.98903],[31.58548,0.99646],[31.58493,1.0294],[31.58221,1.04323],[31.58265,1.04862],[31.58212,1.05363],[31.58275,1.05696],[31.58657,1.06659],[31.58859,1.06983],[31.59363,1.08151],[31.59662,1.10145],[31.59625,1.10507],[31.59499,1.10996],[31.59567,1.12552]]}},{"type":"Feature","properties":{"name":"Bijutsyo - Bihanga","functional_class":"Class C National Road","surface_type":"Unsealed","length_km":27.424,"road_no":"C378"},"geometry":{"type":"LineString","coordinates":[[30.67365,0.10112],[30.67132,0.10748],[30.67184,0.10846],[30.67194,0.11055],[30.67118,0.11338],[30.67228,0.11691],[30.67457,0.11827],[30.67499,0.12054],[30.67446,0.12276],[30.67487,0.12464],[30.67402,0.12565],[30.67022,0.12746],[30.66992,0.13094],[30.66868,0.1325],[30.66915,0.13476],[30.66825,0.13635],[30.66841,0.13995],[30.66769,0.14191],[30.66816,0.14436],[30.66912,0.1454],[30.66949,0.14865],[30.66874,0.15007],[30.66875,0.15533],[30.66761,0.16169],[30.66782,0.163],[30.66672,0.1662],[30.66706,0.16785],[30.66512,0.17276],[30.66388,0.1746],[30.66404,0.17699],[30.66224,0.17839],[30.66213,0.18081],[30.6591,0.18643],[30.65781,0.18746],[30.65595,0.18731],[30.65271,0.18821],[30.65012,0.1905],[30.64597,0.19257],[30.63881,0.19457],[30.63613,0.19407],[30.63278,0.19486],[30.6273,0.19329],[30.62398,0.19412],[30.62169,0.19589],[30.61833,0.19572],[30.61611,0.19626],[30.61171,0.20256],[30.61042,0.20859],[30.60431,0.21331],[30.60161,0.21645],[30.59805,0.21855],[30.59554,0.22195],[30.59571,0.22405],[30.59716,0.22696],[30.59735,0.23184],[30.59828,0.23399],[30.59764,0.24102],[30.59585,0.24446],[30.59566,0.24817],[30.59751,0.25118],[30.60218,0.26381],[30.60156,0.26559],[30.60136,0.26886],[30.60028,0.2719],[30.60066,0.2771],[30.59895,0.27985],[30.59816,0.28373],[30.59853,0.28553],[30.60016,0.28774]]}},{"type":"Feature","properties":{"name":"Bwijanga - Isimba Prisons","functional_class":"Class C National Road","surface_type":"Unsealed","length_km":3.187,"road_no":"C631"},"geometry":{"type":"LineString","coordinates":[[31.58623,1.53228],[31.58553,1.53119],[31.59161,1.50513]]}},{"type":"Feature","properties":{"name":"Kibaale-Kyebando - Pacwa","functional_class":"Class C National Road","surface_type":"Unsealed","length_km":46.268,"road_no":"C553"},"geometry":{"type":"LineString","coordinates":[[31.07624,0.79027],[31.08415,0.79569],[31.08494,0.79998],[31.08576,0.8008],[31.08538,0.80743],[31.07993,0.8096],[31.07995,0.81364],[31.07747,0.81589],[31.07426,0.817],[31.07345,0.81909],[31.07281,0.82597],[31.0748,0.83037],[31.07587,0.83777],[31.07829,0.84395],[31.08111,0.84913],[31.08473,0.85181],[31.08532,0.85277],[31.08644,0.86237],[31.08772,0.86597],[31.08656,0.86986],[31.09172,0.87526],[31.09159,0.88096],[31.09202,0.88209],[31.09374,0.88383],[31.09352,0.88639],[31.09561,0.89227],[31.09436,0.8945],[31.09406,0.89675],[31.09214,0.90092],[31.091,0.9075],[31.0895,0.90983],[31.08752,0.91126],[31.0829,0.91853],[31.08299,0.92399],[31.0815,0.92657],[31.08114,0.92941],[31.07964,0.93255],[31.0799,0.9363],[31.07896,0.94044],[31.07865,0.94554],[31.07502,0.95474],[31.07602,0.95904],[31.07588,0.96138],[31.07469,0.96497],[31.07036,0.97189],[31.06958,0.97472],[31.06968,0.9802],[31.07067,0.98532],[31.07637,0.99594],[31.08002,0.99985],[31.08095,1.00327],[31.08021,1.00645],[31.07701,1.01182],[31.07533,1.0179],[31.07208,1.02273],[31.06906,1.03709],[31.06791,1.04059],[31.06427,1.04778],[31.0617,1.05139],[31.06208,1.05609],[31.06326,1.06116],[31.06599,1.06701],[31.0661,1.07256],[31.06506,1.07921],[31.06521,1.08363],[31.06088,1.08604],[31.05918,1.08615],[31.05662,1.08541],[31.0547,1.08593],[31.05311,1.08679],[31.05168,1.08849],[31.04893,1.08983],[31.04258,1.09451],[31.03712,1.097],[31.03285,1.1007],[31.02848,1.10324],[31.00884,1.10839],[31.00107,1.11205],[30.9971,1.11117],[30.98752,1.11322]]}},{"type":"Feature","properties":{"name":"Rwekunye - Masindi","functional_class":"Class C National Road","surface_type":"Unsealed","length_km":35.426,"road_no":"C621"},"geometry":{"type":"LineString","coordinates":[[32.02848,1.71023],[32.01907,1.71039],[32.00579,1.71181],[31.98769,1.71475],[31.98234,1.71645],[31.97333,1.72027],[31.96436,1.72985],[31.95357,1.73605],[31.95151,1.7391],[31.94982,1.73861],[31.94889,1.7373],[31.94779,1.73673],[31.94143,1.73679],[31.91138,1.7443],[31.89943,1.74666],[31.89775,1.74585],[31.89491,1.74195],[31.88524,1.73189],[31.87945,1.72807],[31.87262,1.71888],[31.86557,1.71149],[31.86516,1.70905],[31.86345,1.70745],[31.86055,1.70754],[31.8544,1.71091],[31.84036,1.71145],[31.80145,1.70187],[31.79693,1.69754],[31.79427,1.69309],[31.79186,1.69193],[31.79018,1.6884],[31.78653,1.68672],[31.78239,1.68626],[31.77031,1.67634],[31.76613,1.67524],[31.76362,1.67394],[31.7565,1.67326],[31.75253,1.67148]]}},{"type":"Feature","properties":{"name":"Kigarama-Gweri-Harubaho","functional_class":"Class C National Road","surface_type":"Unsealed","length_km":6.415,"road_no":"C546"},"geometry":{"type":"LineString","coordinates":[[30.31096,0.58915],[30.30861,0.59106],[30.30378,0.59242],[30.30285,0.5939],[30.30286,0.59556],[30.3003,0.59877],[30.29186,0.60531],[30.29295,0.61121],[30.28981,0.61643],[30.28585,0.62024],[30.2869,0.62573],[30.28698,0.62896],[30.28875,0.63148],[30.28921,0.63295]]}},{"type":"Feature","properties":{"name":"Nyahuka - Busalu - Butoogo","functional_class":"Class C National Road","surface_type":"Unsealed","length_km":12.565,"road_no":"C545"},"geometry":{"type":"LineString","coordinates":[[30.03027,0.66929],[30.02882,0.67183],[30.02686,0.67392],[30.02592,0.677],[30.01878,0.68588],[30.01366,0.68627],[30.01173,0.69209],[30.01243,0.69346],[30.01245,0.69484],[30.01002,0.69854],[30.00808,0.69956],[30.00419,0.6972],[29.99731,0.69102],[29.99324,0.69039],[29.99159,0.69233],[29.98933,0.69316],[29.98946,0.69546],[29.98792,0.69834],[29.98328,0.70273],[29.98433,0.70661],[29.98372,0.70922],[29.9806,0.71088],[29.97898,0.7108],[29.97277,0.71308],[29.97229,0.71615],[29.97263,0.71764],[29.97135,0.72064],[29.97244,0.7254],[29.9745,0.7283]]}},{"type":"Feature","properties":{"name":"Bubandi - Kahuka -Malindi","functional_class":"Class C National Road","surface_type":"Unsealed","length_km":11,"road_no":"C544"},"geometry":{"type":"LineString","coordinates":[[29.97237,0.63711],[29.97182,0.63481],[29.97363,0.63126],[29.97442,0.62194],[29.97564,0.61939],[29.97486,0.61518],[29.97612,0.61181],[29.9771,0.60583],[29.97707,0.60303],[29.97645,0.60156],[29.97867,0.59205],[29.97775,0.58825],[29.9769,0.58871],[29.97596,0.58794],[29.97517,0.58851],[29.97237,0.58705],[29.97223,0.58413],[29.97132,0.58238]]}},{"type":"Feature","properties":{"name":"Bukwiri - Kyankwanzi","functional_class":"Class C National Road","surface_type":"Unsealed","length_km":28.829,"road_no":"C620"},"geometry":{"type":"LineString","coordinates":[[31.59563,1.12556],[31.59547,1.12883],[31.59611,1.13323],[31.60257,1.14211],[31.60515,1.1479],[31.61162,1.15381],[31.61518,1.15784],[31.62679,1.16309],[31.64074,1.17131],[31.65113,1.17205],[31.65491,1.17305],[31.66372,1.17753],[31.67767,1.18691],[31.68389,1.19014],[31.69155,1.19094],[31.7095,1.19493],[31.71711,1.19798],[31.72185,1.19873],[31.73559,1.20279],[31.77626,1.20005],[31.78781,1.19838],[31.80153,1.19495],[31.80593,1.19853],[31.80598,1.20113],[31.8089,1.20382],[31.81495,1.20504],[31.81911,1.20404]]}},{"type":"Feature","properties":{"name":"Bisozi - Kahunge","functional_class":"Class C National Road","surface_type":"Unsealed","length_km":19.567,"road_no":"C568"},"geometry":{"type":"LineString","coordinates":[[30.59936,0.28729],[30.59522,0.28603],[30.58613,0.28504],[30.58046,0.28692],[30.57307,0.28759],[30.56871,0.2849],[30.56526,0.28501],[30.56135,0.28817],[30.55785,0.28933],[30.55152,0.29326],[30.53842,0.29754],[30.53605,0.30035],[30.52566,0.30734],[30.52484,0.31086],[30.52281,0.31387],[30.52124,0.31743],[30.51883,0.32059],[30.51043,0.32525],[30.50412,0.32754],[30.50092,0.32797],[30.4928,0.32724],[30.48531,0.32375],[30.48374,0.32344],[30.48197,0.32598],[30.47842,0.32916],[30.47334,0.33025],[30.47159,0.32995],[30.46904,0.32698],[30.46625,0.32576],[30.44749,0.32446]]}},{"type":"Feature","properties":{"name":"Bubandi - Bundibugyo Army Barracks - Butama Health Center","functional_class":"Class C National Road","surface_type":"Unsealed","length_km":4.75,"road_no":"C543"},"geometry":{"type":"LineString","coordinates":[[29.97966,0.64262],[29.97936,0.63891],[29.98106,0.635],[29.98082,0.63208],[29.98207,0.62733],[29.98426,0.62565],[29.98467,0.62413],[29.98572,0.62401],[29.98716,0.62254],[29.99011,0.6186],[29.99213,0.61705],[29.99347,0.61783],[29.99406,0.61734],[29.99405,0.61474],[29.99622,0.60844]]}},{"type":"Feature","properties":{"name":"Kijunjubwa - Bulyamusenyu (Kafu)","functional_class":"Class C National Road","surface_type":"Unsealed","length_km":37.29,"road_no":"C638"},"geometry":{"type":"LineString","coordinates":[[31.73515,1.65476],[31.73664,1.65218],[31.73619,1.64535],[31.73978,1.6448],[31.74241,1.64369],[31.74778,1.63799],[31.75068,1.63255],[31.75083,1.61267],[31.75245,1.60818],[31.75344,1.60183],[31.75802,1.58352],[31.75895,1.57694],[31.75987,1.57462],[31.76203,1.57243],[31.76421,1.57125],[31.76632,1.56816],[31.76783,1.56157],[31.76946,1.54565],[31.76814,1.53744],[31.76821,1.52679],[31.76717,1.50494],[31.76895,1.49917],[31.7693,1.48889],[31.7703,1.48364],[31.77109,1.47398],[31.77315,1.4708],[31.77417,1.4673],[31.77437,1.46357],[31.77419,1.46197],[31.77254,1.45883],[31.76986,1.45122],[31.76909,1.44018],[31.76925,1.43563],[31.7756,1.42371],[31.7784,1.42013],[31.79051,1.40993],[31.79679,1.40314],[31.80107,1.3971],[31.80666,1.39144],[31.82557,1.3833],[31.83906,1.37667],[31.84183,1.37338],[31.84276,1.3714],[31.8438,1.37122],[31.84523,1.36783]]}},{"type":"Feature","properties":{"name":"Ntoma - Bwijanga","functional_class":"Class C National Road","surface_type":"Unsealed","length_km":34.777,"road_no":"C630"},"geometry":{"type":"LineString","coordinates":[[31.64775,1.48965],[31.64925,1.48832],[31.64794,1.48115],[31.6482,1.47829],[31.64384,1.43958],[31.62788,1.41478],[31.6233,1.37972],[31.61799,1.37709],[31.61179,1.3768],[31.60816,1.38129],[31.60348,1.39384],[31.6025,1.39876],[31.60246,1.40366],[31.60014,1.40911],[31.59969,1.42071],[31.59888,1.42437],[31.59675,1.42884],[31.59584,1.43526],[31.59112,1.44576],[31.588,1.44831],[31.58541,1.45303],[31.58388,1.46783],[31.58153,1.47197],[31.57489,1.48746],[31.57523,1.4912],[31.57786,1.49392],[31.57846,1.49672],[31.58162,1.50147],[31.5894,1.50473],[31.5936,1.50576],[31.59703,1.51202],[31.59762,1.51464],[31.59713,1.51651],[31.59712,1.52077],[31.5944,1.52671],[31.5925,1.5294],[31.58917,1.53162],[31.58343,1.53322]]}},{"type":"Feature","properties":{"name":"Access to Muhooti Army Barracks","functional_class":"Class C National Road","surface_type":"Unsealed","length_km":6,"road_no":"C562"},"geometry":{"type":"LineString","coordinates":[[30.27829,0.65713],[30.27525,0.65769],[30.27417,0.6585],[30.27449,0.66202],[30.27335,0.66411],[30.27071,0.66626],[30.26959,0.66883],[30.26816,0.67045],[30.26606,0.67196],[30.26585,0.67475],[30.25878,0.68139],[30.25741,0.68326],[30.25529,0.68884],[30.25327,0.69137],[30.25298,0.69372],[30.25042,0.69986],[30.25024,0.7027]]}},{"type":"Feature","properties":{"name":"Fortportal - Kijura - Kabende Bridge-Sogahe-Kyarusozi","functional_class":"Class C National Road","surface_type":"Unsealed","length_km":59.78,"road_no":"C542"},"geometry":{"type":"LineString","coordinates":[[30.29501,0.65871],[30.29758,0.661],[30.30267,0.66152],[30.30691,0.66314],[30.30829,0.66564],[30.31095,0.66727],[30.31245,0.6674],[30.31718,0.66553],[30.31896,0.66545],[30.32345,0.66839],[30.32488,0.67094],[30.32766,0.67114],[30.33024,0.67517],[30.33092,0.67809],[30.33219,0.68039],[30.3352,0.68057],[30.33871,0.68234],[30.34658,0.68845],[30.34597,0.69529],[30.3448,0.70009],[30.34811,0.70507],[30.34901,0.70791],[30.35155,0.71241],[30.35489,0.71501],[30.35715,0.723],[30.36669,0.72785],[30.3714,0.7294],[30.37534,0.72988],[30.37723,0.7308],[30.37859,0.73426],[30.37726,0.73775],[30.37747,0.74257],[30.37866,0.74396],[30.38118,0.74446],[30.38314,0.74556],[30.38517,0.74893],[30.38635,0.74928],[30.38914,0.74861],[30.39178,0.74873],[30.39596,0.75335],[30.40341,0.75236],[30.40509,0.75279],[30.40636,0.75392],[30.406,0.75647],[30.40652,0.75756],[30.40884,0.75915],[30.41008,0.76112],[30.41189,0.76065],[30.41287,0.76122],[30.41442,0.76452],[30.4142,0.76968],[30.41468,0.77463],[30.41654,0.78057],[30.41849,0.78421],[30.41805,0.78798],[30.41843,0.79195],[30.41734,0.80148],[30.41559,0.80741],[30.41544,0.81478],[30.42274,0.82377],[30.42458,0.82896],[30.42436,0.83451],[30.42596,0.83782],[30.42984,0.85063],[30.43069,0.85168],[30.43486,0.85411],[30.43606,0.8595],[30.43745,0.86092],[30.43899,0.86106],[30.44528,0.85983],[30.44773,0.86165],[30.45122,0.86251],[30.4555,0.86285],[30.45797,0.86452],[30.45926,0.86453],[30.46004,0.86548],[30.46248,0.86639],[30.46677,0.8693],[30.46783,0.86923],[30.46945,0.86795],[30.47107,0.86799],[30.47443,0.86979],[30.47528,0.87205],[30.47737,0.87146],[30.47957,0.87218],[30.48236,0.87497],[30.48774,0.87472],[30.49063,0.87795],[30.49132,0.88095],[30.4924,0.88208],[30.49374,0.88258],[30.49454,0.88225],[30.49502,0.881],[30.49552,0.87684],[30.49741,0.87664],[30.49935,0.87514],[30.50191,0.87453],[30.50557,0.87586],[30.52049,0.87424],[30.52804,0.86904],[30.53012,0.86626],[30.53077,0.86083],[30.53135,0.85974],[30.5407,0.85651],[30.54288,0.85396],[30.54292,0.85301],[30.54455,0.85187],[30.54482,0.85091],[30.54605,0.85063],[30.54703,0.84879],[30.54795,0.84355],[30.5535,0.83715],[30.55529,0.83205],[30.55907,0.8266],[30.56013,0.82587],[30.56501,0.82481],[30.56893,0.82508],[30.57013,0.82439],[30.57086,0.81943],[30.57469,0.81236],[30.57465,0.81104],[30.57212,0.80634],[30.57168,0.7983],[30.56781,0.79123],[30.56964,0.78656],[30.56775,0.78345],[30.56697,0.77906],[30.56608,0.77828],[30.5591,0.77561],[30.55574,0.77039],[30.55542,0.76893]]}},{"type":"Feature","properties":{"name":"Sebagoro Link","functional_class":"Class C National Road","surface_type":"Unsealed","length_km":8.063,"road_no":"C609"},"geometry":{"type":"LineString","coordinates":[[30.97087,1.40345],[30.96924,1.40386],[30.9688,1.40456],[30.96745,1.40458],[30.96132,1.41051],[30.95121,1.41598],[30.94651,1.41693],[30.93991,1.42144],[30.93171,1.42844],[30.91734,1.43935],[30.91106,1.44155],[30.90921,1.44297]]}},{"type":"Feature","properties":{"name":"Kyenda-Banda-River Mayanja","functional_class":"Class C National Road","surface_type":"Unsealed","length_km":37,"road_no":"C608"},"geometry":{"type":"MultiLineString","coordinates":[[[31.74177,1.11054],[31.77232,1.048],[31.88558,1.10429]],[[31.65324,1.06721],[31.65547,1.06791],[31.74175,1.11053]]]}},{"type":"Feature","properties":{"name":"Ikooba - Ntoma","functional_class":"Class C National Road","surface_type":"Unsealed","length_km":12.973,"road_no":"C630"},"geometry":{"type":"LineString","coordinates":[[31.65236,1.59723],[31.65163,1.59368],[31.65382,1.59036],[31.66068,1.5854],[31.66472,1.57713],[31.66485,1.57371],[31.66541,1.57184],[31.66361,1.56811],[31.6636,1.56379],[31.66299,1.56045],[31.66025,1.55419],[31.6595,1.549],[31.65402,1.53918],[31.65302,1.53469],[31.64996,1.52744],[31.64967,1.52254],[31.65187,1.51123],[31.65035,1.5022],[31.65031,1.49523],[31.64885,1.49281],[31.64775,1.48965]]}},{"type":"Feature","properties":{"name":"Bukuku - Rubona","functional_class":"Class C National Road","surface_type":"Unsealed","length_km":16.879,"road_no":"C556"},"geometry":{"type":"LineString","coordinates":[[30.17151,0.55693],[30.16623,0.56256],[30.16159,0.5625],[30.15569,0.56675],[30.15679,0.57344],[30.15874,0.57984],[30.15909,0.59349],[30.15867,0.59407],[30.15991,0.59657],[30.15934,0.59755],[30.16057,0.60298],[30.15872,0.60681],[30.15941,0.6075],[30.15956,0.60922],[30.15897,0.6099],[30.15957,0.61081],[30.15872,0.61148],[30.15937,0.61237],[30.15743,0.62585],[30.15851,0.62689],[30.16044,0.63445],[30.16194,0.63619],[30.16136,0.63733],[30.16321,0.6432],[30.16558,0.64616],[30.16722,0.65118],[30.17064,0.65362],[30.17505,0.65889],[30.17986,0.66265],[30.1852,0.66817],[30.18692,0.66878],[30.18862,0.66855],[30.191,0.66969],[30.19202,0.67066],[30.19334,0.67348],[30.19823,0.67441]]}},{"type":"Feature","properties":{"name":"Karugutu - Ntoroko","functional_class":"Class C National Road","surface_type":"Unsealed","length_km":50.281,"road_no":"C541"},"geometry":{"type":"LineString","coordinates":[[30.22621,0.78919],[30.22874,0.78845],[30.23461,0.78915],[30.25012,0.79507],[30.25248,0.79698],[30.25706,0.80288],[30.26087,0.81002],[30.26511,0.81441],[30.26605,0.81743],[30.27016,0.82461],[30.27238,0.8265],[30.27121,0.83076],[30.27761,0.84241],[30.2777,0.84923],[30.28125,0.85587],[30.29075,0.86228],[30.2994,0.87094],[30.33531,0.92542],[30.34636,0.92971],[30.3616,0.93675],[30.36841,0.92933],[30.38022,0.93099],[30.39652,0.93695],[30.40486,0.94014],[30.45348,0.97211],[30.46228,0.97231],[30.47991,0.98403],[30.49988,1.01623],[30.50625,1.02014],[30.51653,1.02414],[30.52719,1.03163],[30.53671,1.04411],[30.53675,1.04981],[30.53903,1.05238],[30.53998,1.05504],[30.54278,1.05625],[30.54452,1.05807]]}},{"type":"Feature","properties":{"name":"Bukwiri-Byerima-Kikuya","functional_class":"Class C National Road","surface_type":"Unsealed","length_km":18.154,"road_no":"C607"},"geometry":{"type":"LineString","coordinates":[[31.595,1.11111],[31.58397,1.10988],[31.58133,1.10688],[31.57758,1.10503],[31.57233,1.10424],[31.56977,1.10304],[31.56222,1.10096],[31.56191,1.09685],[31.5606,1.09481],[31.55976,1.09501],[31.55896,1.09622],[31.55259,1.0966],[31.55059,1.09572],[31.54811,1.09572],[31.54261,1.09434],[31.53296,1.09451],[31.52578,1.09353],[31.5246,1.09135],[31.5229,1.09076],[31.52169,1.08923],[31.52026,1.08647],[31.51874,1.08087],[31.51737,1.07964],[31.51456,1.07996],[31.51244,1.0813],[31.50404,1.08211],[31.49522,1.08136],[31.49178,1.08054],[31.48333,1.08165],[31.47893,1.08071],[31.4733,1.08614],[31.47315,1.08733],[31.47029,1.09203],[31.46931,1.09483],[31.47472,1.09599],[31.47835,1.09825]]}},{"type":"Feature","properties":{"name":"Rwera-Kaseeta","functional_class":"Class C National Road","surface_type":"Unsealed","length_km":15.448,"road_no":"C606"},"geometry":{"type":"LineString","coordinates":[[30.99459,1.38594],[30.99382,1.38273],[30.9919,1.37838],[30.99215,1.36666],[30.99158,1.36341],[30.98841,1.35209],[30.9862,1.3492],[30.98571,1.34226],[30.98858,1.33786],[30.9889,1.33623],[30.9906,1.33447],[30.99125,1.33296],[30.99061,1.32585],[30.99161,1.32393],[30.99359,1.32229],[30.99632,1.31787],[30.99671,1.31465],[30.99594,1.30868],[30.99761,1.30283],[30.99675,1.2977],[30.99734,1.29388],[30.9926,1.28097],[30.98665,1.27534],[30.98246,1.27279],[30.98008,1.26985],[30.9791,1.26391],[30.97761,1.2607]]}},{"type":"Feature","properties":{"name":"Kyenda - Mpongo Swamp - Kisita","functional_class":"Class C National Road","surface_type":"Unsealed","length_km":33.373,"road_no":"C629"},"geometry":{"type":"MultiLineString","coordinates":[[[31.65319,1.06727],[31.64675,1.06227],[31.643,1.06156],[31.6387,1.05991],[31.63528,1.05827],[31.63011,1.05453],[31.62474,1.05315],[31.62071,1.05097],[31.6164,1.05005],[31.61439,1.04907],[31.60775,1.04815],[31.60147,1.04883],[31.59581,1.04658],[31.59143,1.04725],[31.58341,1.05294],[31.5823,1.05503]],[[31.58234,1.05519],[31.57295,1.05517],[31.56727,1.05335],[31.55867,1.05252],[31.55538,1.05138],[31.55198,1.05116],[31.54803,1.05379],[31.54369,1.0578],[31.54125,1.06173],[31.53789,1.07194],[31.53296,1.07895],[31.53022,1.08672],[31.52837,1.08907],[31.52491,1.09182],[31.50948,1.09119],[31.49235,1.09222],[31.48496,1.09545],[31.48008,1.09695],[31.47586,1.10061],[31.46612,1.1075],[31.45717,1.11099],[31.44777,1.11367],[31.44665,1.11378],[31.44493,1.11245],[31.44011,1.11251],[31.435,1.11074],[31.43355,1.10973],[31.4288,1.10921],[31.42774,1.10925],[31.42525,1.11079],[31.41958,1.11226],[31.41622,1.11182],[31.41078,1.11216],[31.40718,1.10948],[31.40566,1.10775],[31.40445,1.1049],[31.40132,1.10166]]]}},{"type":"Feature","properties":{"name":"Fortportal-Kichwamba-Karugutu","functional_class":"Class C National Road","surface_type":"Bituminous","length_km":27.414,"road_no":"C540"},"geometry":{"type":"LineString","coordinates":[[30.27459,0.65279],[30.26139,0.65673],[30.25926,0.65661],[30.25509,0.65764],[30.25367,0.65719],[30.25271,0.65524],[30.2512,0.65402],[30.2474,0.65383],[30.24195,0.65628],[30.23919,0.65941],[30.23635,0.66036],[30.23494,0.66209],[30.23132,0.66243],[30.22883,0.66327],[30.22178,0.66309],[30.21341,0.6691],[30.20904,0.66972],[30.20348,0.6714],[30.1976,0.67481],[30.1965,0.67787],[30.19309,0.68427],[30.19375,0.69092],[30.19534,0.69405],[30.18915,0.71138],[30.189,0.71355],[30.18735,0.71426],[30.18684,0.71601],[30.18922,0.71839],[30.18854,0.71986],[30.19013,0.72362],[30.18959,0.72409],[30.18974,0.72491],[30.1887,0.72757],[30.18969,0.72827],[30.19092,0.72786],[30.19127,0.72821],[30.19074,0.72964],[30.191,0.7315],[30.18958,0.73195],[30.19048,0.73253],[30.19252,0.73252],[30.19306,0.73331],[30.19252,0.73472],[30.19383,0.73511],[30.19314,0.73644],[30.19338,0.73743],[30.19425,0.73808],[30.19264,0.73969],[30.19389,0.73961],[30.19585,0.74034],[30.19612,0.74177],[30.19538,0.74333],[30.19727,0.74359],[30.19799,0.74568],[30.19705,0.74705],[30.19941,0.74845],[30.1993,0.74904],[30.19725,0.74932],[30.19597,0.75153],[30.19763,0.75092],[30.20074,0.75163],[30.20064,0.75257],[30.20162,0.75295],[30.20172,0.75389],[30.20081,0.75475],[30.20247,0.75484],[30.20301,0.75568],[30.20391,0.75583],[30.20366,0.75701],[30.20476,0.75752],[30.20556,0.76017],[30.20612,0.76019],[30.2069,0.75928],[30.20752,0.76097],[30.20873,0.7619],[30.21221,0.76155],[30.21401,0.76185],[30.21597,0.76298],[30.22556,0.78754]]}},{"type":"Feature","properties":{"name":"Rugombe-Kyarusozi-Katooke","functional_class":"Class C National Road","surface_type":"Unsealed","length_km":15,"road_no":"C548"},"geometry":{"type":"LineString","coordinates":[[30.50255,0.66496],[30.50394,0.66625],[30.50871,0.6677],[30.512,0.66936],[30.51671,0.67326],[30.51776,0.67493],[30.51758,0.67848],[30.51556,0.68406],[30.51136,0.68984],[30.5106,0.69981],[30.51097,0.70268],[30.51303,0.70724],[30.51329,0.71253],[30.516,0.71855],[30.51762,0.72843],[30.51746,0.7317],[30.51789,0.73431],[30.52255,0.73998],[30.52345,0.74251],[30.52659,0.74293],[30.52897,0.7451],[30.52936,0.74717],[30.53105,0.74732],[30.53293,0.74888],[30.53449,0.7488],[30.53659,0.74756],[30.53914,0.74827],[30.54066,0.74924],[30.54299,0.75206],[30.54598,0.75319],[30.54876,0.75715],[30.55097,0.75911],[30.55016,0.76717],[30.55282,0.76892],[30.55763,0.76849],[30.56429,0.76547],[30.57012,0.76104],[30.57705,0.75916],[30.58568,0.76184],[30.58623,0.76268],[30.58666,0.76557],[30.58726,0.7661],[30.59142,0.76514],[30.59373,0.76531],[30.60589,0.76942],[30.60859,0.77217],[30.60927,0.77217],[30.6123,0.77022],[30.61381,0.76738],[30.61465,0.7667],[30.61992,0.76918],[30.62182,0.76811],[30.62271,0.76857],[30.62464,0.76832],[30.62706,0.76889],[30.63092,0.77207],[30.63246,0.77229],[30.63497,0.77163],[30.63807,0.76723],[30.64048,0.76607],[30.64176,0.76623],[30.64486,0.76787],[30.64771,0.76848],[30.64926,0.76717],[30.65085,0.76678],[30.65659,0.76922],[30.65803,0.7675],[30.65872,0.76305],[30.65928,0.76228],[30.66112,0.76302],[30.66437,0.76234],[30.67069,0.76267],[30.67811,0.76037],[30.68277,0.75451],[30.68141,0.7469],[30.68274,0.74624],[30.68726,0.74638],[30.68917,0.74547],[30.69352,0.74142],[30.69856,0.73882],[30.70025,0.73473]]}},{"type":"Feature","properties":{"name":"Kihura - Bwizi","functional_class":"Class C National Road","surface_type":"Unsealed","length_km":27.714,"road_no":"C568"},"geometry":{"type":"LineString","coordinates":[[30.73248,0.58716],[30.72929,0.58483],[30.72994,0.58022],[30.72825,0.57622],[30.72876,0.57463],[30.72693,0.57247],[30.7276,0.57167],[30.72922,0.57126],[30.72997,0.56854],[30.73115,0.56658],[30.73123,0.56429],[30.72998,0.56144],[30.72788,0.5584],[30.72721,0.55283],[30.7254,0.5492],[30.72482,0.54685],[30.72509,0.54426],[30.72474,0.54234],[30.7253,0.54051],[30.72897,0.53554],[30.72895,0.53414],[30.72611,0.53294],[30.7241,0.53273],[30.72109,0.53054],[30.71972,0.52615],[30.71801,0.52403],[30.71801,0.52127],[30.71602,0.51612],[30.71413,0.51431],[30.71363,0.51314],[30.70912,0.51185],[30.70665,0.51294],[30.70468,0.51295],[30.70273,0.51182],[30.70243,0.51018],[30.70359,0.50639],[30.70298,0.50406],[30.70327,0.5019],[30.69972,0.49845],[30.69892,0.49331],[30.6976,0.49295],[30.69667,0.49166],[30.69369,0.49157],[30.69073,0.48986],[30.6867,0.48851],[30.68573,0.48684],[30.69102,0.47446],[30.69437,0.46867],[30.69441,0.46444],[30.69748,0.45996],[30.69764,0.45868],[30.69589,0.45028],[30.69677,0.44503],[30.69844,0.43955],[30.70399,0.4323],[30.70782,0.42909],[30.7099,0.42557],[30.7111,0.41918],[30.71265,0.41471],[30.71428,0.41177],[30.7149,0.4092],[30.71988,0.40476],[30.72036,0.40209],[30.72582,0.40035],[30.72704,0.39852],[30.72692,0.3971],[30.72419,0.39384],[30.72216,0.39263],[30.72121,0.39086]]}},{"type":"Feature","properties":{"name":"Harubako-Kasusu","functional_class":"Class C National Road","surface_type":"Unsealed","length_km":2.876,"road_no":"C564"},"geometry":{"type":"LineString","coordinates":[[30.28862,0.63448],[30.28204,0.63988],[30.27904,0.64175],[30.27491,0.64184],[30.27009,0.63947],[30.26782,0.63658],[30.2673,0.63655]]}},{"type":"Feature","properties":{"name":"Kiryamboga Link","functional_class":"Class C National Road","surface_type":"Unsealed","length_km":2.785,"road_no":"C605"},"geometry":{"type":"LineString","coordinates":[[31.1158,1.56568],[31.11472,1.5699],[31.1102,1.57856],[31.10803,1.58046],[31.1017,1.58357]]}},{"type":"Feature","properties":{"name":"Nkooko-Nalweyo","functional_class":"Class C National Road","surface_type":"Unsealed","length_km":34.868,"road_no":"C627"},"geometry":{"type":"LineString","coordinates":[[31.44679,0.9545],[31.44505,0.9555],[31.4296,0.96061],[31.43417,0.96718],[31.43481,0.96903],[31.43567,0.97787],[31.43543,0.98569],[31.43319,0.99644],[31.43235,0.99921],[31.42845,1.00673],[31.42631,1.01394],[31.42168,1.02388],[31.41937,1.02734],[31.41708,1.04398],[31.41303,1.05226],[31.4087,1.07786],[31.40425,1.08966],[31.39967,1.1073],[31.39678,1.11005],[31.39227,1.11267],[31.3862,1.11361],[31.38256,1.11349],[31.37373,1.11183],[31.35935,1.11469],[31.35267,1.11527],[31.34054,1.11446],[31.33279,1.1148],[31.31657,1.10951],[31.31163,1.11009],[31.30066,1.10964],[31.29512,1.1106],[31.28542,1.11444],[31.26914,1.11611],[31.26221,1.11795]]}},{"type":"Feature","properties":{"name":"Ntandi - Kicyo - Bundibugyo","functional_class":"Class C National Road","surface_type":"Unsealed","length_km":19.926,"road_no":"C554"},"geometry":{"type":"LineString","coordinates":[[30.1435,0.80578],[30.14518,0.80002],[30.14119,0.79456],[30.13914,0.79384],[30.13874,0.79233],[30.13753,0.79068],[30.13616,0.78642],[30.13632,0.78476],[30.13582,0.78341],[30.13477,0.78254],[30.13438,0.77826],[30.1319,0.77613],[30.13148,0.77369],[30.13029,0.77157],[30.12465,0.76903],[30.12214,0.76662],[30.12156,0.76545],[30.12119,0.76278],[30.11966,0.75987],[30.12283,0.75383],[30.12394,0.75327],[30.12575,0.75017],[30.12522,0.74779],[30.12368,0.74625],[30.12352,0.74495],[30.12254,0.74374],[30.12254,0.74261],[30.12041,0.74154],[30.12138,0.73997],[30.12129,0.73862],[30.12192,0.73834],[30.12129,0.73692],[30.11995,0.73593],[30.11912,0.73443],[30.11749,0.73402],[30.11727,0.73287],[30.11518,0.73254],[30.11554,0.7314],[30.11525,0.72999],[30.11423,0.72917],[30.11528,0.72832],[30.11397,0.7245],[30.11192,0.72248],[30.10756,0.71984],[30.1073,0.71825],[30.10621,0.71704],[30.10662,0.71612],[30.10526,0.71546],[30.10309,0.7117],[30.10194,0.71133],[30.10033,0.71164],[30.09909,0.70931],[30.09732,0.709],[30.09705,0.70806],[30.09498,0.70736],[30.09432,0.70565],[30.09242,0.70533],[30.09083,0.70603],[30.089,0.70453],[30.08765,0.70413],[30.08541,0.70172],[30.08604,0.69852],[30.08575,0.69796],[30.08398,0.69798],[30.08179,0.70003],[30.08008,0.70076],[30.07723,0.70463],[30.07628,0.7037],[30.06935,0.7021],[30.0632,0.70588]]}},{"type":"Feature","properties":{"name":"Masoode-Nkooko","functional_class":"Class C National Road","surface_type":"Unsealed","length_km":35.684,"road_no":"C627"},"geometry":{"type":"LineString","coordinates":[[31.74404,0.9555],[31.73943,0.95636],[31.72759,0.95319],[31.72603,0.95385],[31.7229,0.95781],[31.72065,0.95873],[31.71465,0.95788],[31.7079,0.95543],[31.70472,0.95614],[31.70068,0.95521],[31.6977,0.95572],[31.6929,0.95534],[31.68427,0.95327],[31.67402,0.95189],[31.67071,0.94875],[31.66642,0.94678],[31.65778,0.948],[31.65562,0.94751],[31.65383,0.94638],[31.64509,0.94669],[31.64072,0.9455],[31.63537,0.94494],[31.63174,0.94367],[31.62915,0.94387],[31.62721,0.94532],[31.60285,0.94685],[31.59089,0.94972],[31.58687,0.94972],[31.57696,0.94821],[31.5727,0.94865],[31.55775,0.94596],[31.55361,0.94642],[31.55174,0.94551],[31.52917,0.94106],[31.52579,0.93977],[31.50826,0.93821],[31.50251,0.93673],[31.49232,0.93735],[31.47875,0.93462],[31.46622,0.93138],[31.46337,0.93247],[31.46243,0.93505],[31.45953,0.93918],[31.45053,0.94927],[31.44821,0.95314],[31.44679,0.9545]]}},{"type":"Feature","properties":{"name":"Butiti PTTC Access","functional_class":"Class C National Road","surface_type":"Unsealed","length_km":1.855,"road_no":"C560"},"geometry":{"type":"LineString","coordinates":[[30.54529,0.65464],[30.54535,0.65382],[30.54733,0.65105],[30.54754,0.64912],[30.5435,0.64527],[30.54112,0.64103]]}},{"type":"Feature","properties":{"name":"Paraa - Packwach","functional_class":"Class C National Road","surface_type":"Bituminous","length_km":21.832,"road_no":"C626"},"geometry":{"type":"LineString","coordinates":[[31.56416,2.28311],[31.56506,2.28842],[31.56213,2.29703],[31.56267,2.29861],[31.56359,2.29942],[31.56358,2.30285],[31.56711,2.30777],[31.56702,2.31264],[31.5676,2.31453],[31.56716,2.31585],[31.56851,2.32167],[31.56914,2.32256],[31.56935,2.32531],[31.57009,2.32675],[31.56796,2.32843],[31.56493,2.34294],[31.56257,2.35016],[31.56226,2.3568],[31.56171,2.35786],[31.55934,2.35966],[31.55764,2.3623],[31.55723,2.36433],[31.55759,2.36757],[31.55671,2.36999],[31.5554,2.37141],[31.55211,2.37047],[31.54748,2.37016],[31.53881,2.37344],[31.53555,2.37567],[31.53321,2.37882],[31.53093,2.38352],[31.52793,2.38645],[31.52363,2.38946],[31.52038,2.39832],[31.51772,2.40259],[31.51346,2.40707],[31.51341,2.4077],[31.51542,2.41025],[31.51577,2.41281],[31.51408,2.42271],[31.51103,2.431],[31.51051,2.43914],[31.51099,2.44308],[31.51328,2.45146]]}},{"type":"Feature","properties":{"name":"Kibale-Kagadi","functional_class":"Class C National Road","surface_type":"Bituminous","length_km":42.543,"road_no":"C550"},"geometry":{"type":"LineString","coordinates":[[31.07966,0.77489],[31.0781,0.77595],[31.07864,0.77774],[31.07878,0.78257],[31.0753,0.78478],[31.07462,0.78622],[31.0746,0.78807],[31.07621,0.79028],[31.07392,0.78952],[31.07161,0.79052],[31.07004,0.79049],[31.06896,0.78927],[31.06817,0.78622],[31.067,0.78532],[31.06469,0.78204],[31.06214,0.7808],[31.06068,0.78111],[31.05678,0.7858],[31.05228,0.78775],[31.04888,0.78608],[31.04622,0.78704],[31.0403,0.78538],[31.03796,0.7859],[31.03388,0.78232],[31.03192,0.78257],[31.03054,0.78665],[31.03105,0.78832],[31.03012,0.79273],[31.02987,0.80049],[31.02857,0.80496],[31.02265,0.81509],[31.01172,0.82585],[31.01077,0.83022],[31.00513,0.84163],[31.00487,0.84562],[31.00058,0.85198],[30.99526,0.8562],[30.99301,0.8603],[30.99032,0.863],[30.98757,0.86404],[30.97597,0.86645],[30.97475,0.86714],[30.97053,0.87159],[30.96455,0.87923],[30.96141,0.88161],[30.96073,0.88403],[30.95883,0.88437],[30.95594,0.88577],[30.9478,0.88594],[30.94591,0.88686],[30.94295,0.88952],[30.93681,0.89319],[30.93435,0.8942],[30.93115,0.8943],[30.92754,0.89544],[30.92247,0.89881],[30.91809,0.89909],[30.91295,0.89757],[30.90964,0.89902],[30.90155,0.89858],[30.89907,0.90156],[30.89633,0.90251],[30.89361,0.90434],[30.88809,0.90924],[30.88264,0.90891],[30.87812,0.91122],[30.87038,0.91231],[30.86749,0.91327],[30.86139,0.91704],[30.85747,0.91767],[30.85411,0.91907],[30.84599,0.92117],[30.84088,0.92181],[30.83383,0.92541],[30.83014,0.92923],[30.81506,0.9349],[30.80892,0.93775]]}},{"type":"Feature","properties":{"name":"Buseruka-Tonya","functional_class":"Class C National Road","surface_type":"Unsealed","length_km":9.325,"road_no":"C604"},"geometry":{"type":"LineString","coordinates":[[31.13623,1.54812],[31.13324,1.54857],[31.12948,1.55107],[31.12634,1.55543],[31.12301,1.55791],[31.12197,1.5596],[31.12105,1.55992],[31.12023,1.56174],[31.11792,1.56249],[31.1176,1.56366],[31.11806,1.56481],[31.11734,1.56466],[31.11784,1.56527],[31.1171,1.565],[31.11757,1.56549],[31.11572,1.56487],[31.11563,1.56579],[31.11275,1.56517],[31.11099,1.56596],[31.10766,1.56493],[31.10658,1.56338],[31.10653,1.56099],[31.10405,1.55824],[31.10177,1.55927],[31.09806,1.55951],[31.09635,1.56462],[31.09649,1.56764],[31.09584,1.57039],[31.09574,1.57426],[31.09161,1.58396],[31.09219,1.58543]]}},{"type":"Feature","properties":{"name":"Kibuku - Nyabushozi","functional_class":"Class C National Road","surface_type":"Unsealed","length_km":15,"road_no":"C575"},"geometry":{"type":"LineString","coordinates":[[30.30843,1.00732],[30.30679,1.00519],[30.30281,1.00377],[30.29843,1.0006],[30.29268,0.99396],[30.2847,0.98783],[30.28151,0.98666],[30.27785,0.98632],[30.27232,0.98352],[30.25569,0.96665],[30.2511,0.95785],[30.24073,0.94858],[30.23883,0.94609],[30.23928,0.94276],[30.23871,0.93805],[30.24032,0.93589],[30.24017,0.935],[30.2389,0.93297],[30.23868,0.93047],[30.23797,0.92985],[30.23795,0.92876],[30.23444,0.92432],[30.23067,0.92083],[30.23023,0.91979]]}},{"type":"Feature","properties":{"name":"Isunga-Bugwara","functional_class":"Class C National Road","surface_type":"Unsealed","length_km":27.591,"road_no":"C566"},"geometry":{"type":"LineString","coordinates":[[30.88815,0.90919],[30.89073,0.90961],[30.8936,0.91172],[30.89739,0.91779],[30.89769,0.92144],[30.89688,0.92546],[30.89827,0.93346],[30.89754,0.93836],[30.89994,0.94073],[30.90243,0.94152],[30.90642,0.94402],[30.90848,0.94608],[30.91298,0.94722],[30.91958,0.95163],[30.93039,0.9539],[30.94062,0.96216],[30.94333,0.96353],[30.9519,0.96094],[30.96506,0.96396],[30.96731,0.96394],[30.97004,0.96256],[30.97276,0.96221],[30.97784,0.96244],[30.97962,0.96556],[30.98071,0.96642],[30.98886,0.96816],[30.98974,0.96898],[30.99335,0.97415],[31.0023,0.98967],[31.01296,0.99882],[31.01832,0.99959],[31.02302,0.99919],[31.03041,0.99989],[31.03857,1.00377],[31.05382,1.01553],[31.07857,1.01911]]}},{"type":"Feature","properties":{"name":"Mpara - Kazinga - Bwizi","functional_class":"Class C National Road","surface_type":"Unsealed","length_km":37.837,"road_no":"C569"},"geometry":{"type":"LineString","coordinates":[[30.98427,0.37651],[30.98043,0.37187],[30.97913,0.37167],[30.97389,0.36702],[30.96598,0.36332],[30.96073,0.35749],[30.95696,0.35126],[30.95527,0.34978],[30.95173,0.34892],[30.94975,0.34735],[30.94721,0.34241],[30.94531,0.3411],[30.94252,0.33765],[30.94021,0.33588],[30.93263,0.33183],[30.92935,0.32658],[30.92778,0.32249],[30.92644,0.32091],[30.91851,0.3217],[30.91091,0.31814],[30.90868,0.31904],[30.90514,0.31901],[30.89695,0.31726],[30.8897,0.31312],[30.87957,0.3126],[30.87628,0.31025],[30.87423,0.30955],[30.87166,0.31121],[30.86791,0.31232],[30.86375,0.31504],[30.86173,0.31492],[30.85957,0.31363],[30.85654,0.31441],[30.85393,0.31632],[30.85072,0.32145],[30.84906,0.32217],[30.84665,0.32197],[30.84478,0.32336],[30.84292,0.32688],[30.84039,0.32669],[30.83767,0.32839],[30.83101,0.329],[30.82655,0.32673],[30.82514,0.32356],[30.82283,0.32183],[30.82028,0.32422],[30.81519,0.325],[30.81059,0.32391],[30.80586,0.32706],[30.80293,0.33242],[30.79862,0.33562],[30.79438,0.34097],[30.7841,0.34978],[30.78054,0.352],[30.77947,0.35417],[30.77917,0.3565],[30.77493,0.36081],[30.77245,0.36562],[30.76949,0.36924],[30.76554,0.37169],[30.75999,0.37294],[30.75801,0.37214],[30.75221,0.37348],[30.74946,0.37286],[30.73851,0.38397],[30.73463,0.38631],[30.7334,0.39102],[30.7313,0.39385],[30.72923,0.39353],[30.72842,0.39217],[30.72714,0.39139],[30.72201,0.39245]]}},{"type":"Feature","properties":{"name":"Bukommero-Dwaniro-Kyankwanzi","functional_class":"Class C National Road","surface_type":"Unsealed","length_km":68.528,"road_no":"C639"},"geometry":{"type":"LineString","coordinates":[[32.03984,0.69099],[32.04003,0.69619],[32.04143,0.70289],[32.04184,0.70826],[32.04517,0.72143],[32.05616,0.73772],[32.05775,0.74275],[32.06449,0.75314],[32.07032,0.76445],[32.072,0.76644],[32.07457,0.77334],[32.07558,0.78901],[32.07173,0.80802],[32.07019,0.81302],[32.06689,0.81553],[32.0619,0.81814],[32.05788,0.82588],[32.05031,0.83559],[32.03615,0.85219],[32.03344,0.85714],[32.02579,0.86735],[32.0209,0.8776],[32.01846,0.88455],[32.01424,0.89295],[32.01162,0.89766],[32.00733,0.90173],[32.00365,0.90671],[31.98168,0.95008],[31.98061,0.95624],[31.98052,0.96315],[31.98099,0.9679],[31.97971,0.97436],[31.97136,0.98722],[31.96948,0.99104],[31.95733,1.00845],[31.94776,1.01881],[31.94353,1.02476],[31.93642,1.03062],[31.93095,1.04084],[31.92306,1.05394],[31.91647,1.06311],[31.91142,1.06676],[31.90989,1.07141],[31.90673,1.07502],[31.90147,1.0775],[31.89948,1.07957],[31.89742,1.08049],[31.89454,1.08349],[31.89083,1.09173],[31.88808,1.09969],[31.88266,1.11005],[31.87457,1.11887],[31.87095,1.12418],[31.86629,1.13843],[31.86463,1.14871],[31.86406,1.15563],[31.85956,1.16389],[31.84916,1.17567],[31.83497,1.18353],[31.82122,1.1883],[31.81844,1.18854],[31.81284,1.19266],[31.80768,1.19333],[31.80165,1.195]]}},{"type":"Feature","properties":{"name":"Muhooro-Ndaiga-L. Albert","functional_class":"Class C National Road","surface_type":"Unsealed","length_km":30.252,"road_no":"C563"},"geometry":{"type":"LineString","coordinates":[[30.7596,0.91521],[30.75799,0.91608],[30.75518,0.91648],[30.75142,0.91788],[30.74645,0.92088],[30.74115,0.9226],[30.73847,0.92413],[30.73218,0.92426],[30.72722,0.92052],[30.72542,0.92001],[30.72227,0.9219],[30.71533,0.92334],[30.71162,0.92532],[30.70938,0.92717],[30.70853,0.93212],[30.70456,0.93992],[30.70159,0.94319],[30.69919,0.9474],[30.69511,0.95161],[30.69267,0.95708],[30.69107,0.95845],[30.68872,0.95945],[30.6866,0.95998],[30.68019,0.95842],[30.67545,0.95916],[30.66762,0.95276],[30.6562,0.95131],[30.65155,0.9524],[30.64796,0.95553],[30.64322,0.95764],[30.63573,0.95869],[30.63019,0.96007],[30.62541,0.96205],[30.61628,0.96477],[30.60842,0.96949],[30.6016,0.97202],[30.59127,0.97679],[30.5879,0.98076],[30.58494,0.98132],[30.57906,0.98443],[30.57837,0.98412],[30.57821,0.98323],[30.57638,0.9832],[30.57626,0.98481],[30.57557,0.98613],[30.57629,0.98901],[30.57605,0.98999],[30.57665,0.9904],[30.57529,0.99196],[30.57649,0.99301],[30.57636,0.9941],[30.57706,0.99535],[30.57644,0.99653],[30.57558,0.99601],[30.57524,0.99637],[30.57532,0.99719],[30.57614,0.99769],[30.5742,0.99849],[30.5751,0.99973],[30.57494,1.0001],[30.57421,0.99996],[30.57379,1.0018],[30.57834,1.01199],[30.57963,1.01328],[30.58064,1.01355],[30.58417,1.01703],[30.58611,1.0223],[30.58579,1.02288]]}},{"type":"Feature","properties":{"name":"Waki 2 - Katanga - Karongo","functional_class":"Class C National Road","surface_type":"Unsealed","length_km":18.116,"road_no":"C603"},"geometry":{"type":"LineString","coordinates":[[31.30832,1.61557],[31.31419,1.61492],[31.31633,1.61368],[31.31754,1.61352],[31.3249,1.61439],[31.32933,1.61583],[31.33214,1.61541],[31.33742,1.61581],[31.33974,1.61768],[31.34387,1.61986],[31.34569,1.62554],[31.3476,1.62803],[31.35034,1.62945],[31.35543,1.63102],[31.363,1.63096],[31.36527,1.63138],[31.3668,1.63114],[31.36826,1.63022],[31.37304,1.63016],[31.38006,1.63105],[31.38473,1.63352],[31.39081,1.63309],[31.39324,1.63419],[31.39612,1.63342],[31.39954,1.63526],[31.4044,1.63482],[31.40566,1.63216],[31.41216,1.63059],[31.41622,1.63411],[31.41888,1.63545],[31.42361,1.63213],[31.42464,1.62921],[31.42622,1.62691],[31.42924,1.6253],[31.43065,1.62392],[31.43227,1.62205],[31.43469,1.61749],[31.43946,1.61575],[31.44428,1.61094],[31.44617,1.61055]]}},{"type":"Feature","properties":{"name":"Bulera PTC Access","functional_class":"Class C National Road","surface_type":"Unsealed","length_km":0.583,"road_no":"C602"},"geometry":{"type":"LineString","coordinates":[[31.37776,1.40166],[31.37624,1.39935],[31.37525,1.39966],[31.3753,1.40081]]}},{"type":"Feature","properties":{"name":"Buseruka-Kigorobya","functional_class":"Class C National Road","surface_type":"Unsealed","length_km":17.582,"road_no":"C601"},"geometry":{"type":"LineString","coordinates":[[31.30793,1.59869],[31.30331,1.59553],[31.30158,1.59554],[31.30005,1.5964],[31.29768,1.59687],[31.29519,1.59583],[31.28894,1.58542],[31.28683,1.58047],[31.28403,1.57801],[31.28249,1.57749],[31.2793,1.57525],[31.27173,1.57475],[31.27033,1.57407],[31.2681,1.57193],[31.26197,1.57088],[31.25043,1.57249],[31.2443,1.57466],[31.24194,1.57477],[31.2373,1.57395],[31.23459,1.57487],[31.22613,1.57629],[31.21889,1.57592],[31.21624,1.57473],[31.2119,1.57167],[31.20968,1.56998],[31.20948,1.56917],[31.20245,1.56791],[31.19692,1.56598],[31.19267,1.56221],[31.18969,1.55779],[31.18513,1.55603],[31.17757,1.55103],[31.17332,1.55013]]}},{"type":"Feature","properties":{"name":"Park junction - Buliisa","functional_class":"Class C National Road","surface_type":"Bituminous","length_km":21.433,"road_no":"C625"},"geometry":{"type":"LineString","coordinates":[[31.56975,2.21731],[31.53596,2.19236],[31.52862,2.18231],[31.52628,2.18014],[31.443,2.11972],[31.44037,2.11896],[31.41291,2.11858],[31.41169,2.11772]]}},{"type":"Feature","properties":{"name":"Kasisi - Rutete -Kabata-Rwenkenzi-Kyanga","functional_class":"Class C National Road","surface_type":"Unsealed","length_km":27.85,"road_no":"C557"},"geometry":{"type":"LineString","coordinates":[[30.21535,0.39497],[30.21624,0.3951],[30.22076,0.39983],[30.22355,0.3994],[30.22844,0.40016],[30.23191,0.4037],[30.2365,0.40522],[30.2435,0.41137],[30.24822,0.41391],[30.2514,0.41884],[30.25279,0.4191],[30.25642,0.41846],[30.25987,0.41881],[30.2611,0.42595],[30.26228,0.4267],[30.26314,0.42906],[30.26705,0.43172],[30.26818,0.43471],[30.26817,0.43621],[30.26934,0.43788],[30.26998,0.44072],[30.272,0.44242],[30.27583,0.44281],[30.27779,0.44364],[30.27823,0.44433],[30.27893,0.44602],[30.2792,0.44945],[30.27755,0.45319],[30.27808,0.45621],[30.27757,0.45927],[30.27926,0.46438],[30.28236,0.46609],[30.28148,0.46863],[30.28211,0.47095],[30.28111,0.47145],[30.28052,0.47379],[30.28188,0.47874],[30.28437,0.48274],[30.28633,0.48408],[30.28672,0.486],[30.28908,0.48772],[30.28935,0.4888],[30.29052,0.48936],[30.29077,0.49104],[30.28948,0.49301],[30.29024,0.49598],[30.29156,0.49767],[30.29136,0.49875],[30.29188,0.49909],[30.29297,0.49872],[30.29434,0.50041],[30.29785,0.50292],[30.29924,0.50738],[30.30066,0.50875],[30.30166,0.51413],[30.30125,0.51576],[30.30008,0.51707],[30.30109,0.51952],[30.30025,0.52115],[30.30292,0.52579],[30.30522,0.52786],[30.30485,0.53156],[30.30703,0.53436],[30.30781,0.53617],[30.30739,0.53839],[30.30564,0.54215],[30.30515,0.54592],[30.30429,0.547],[30.30148,0.54826],[30.30004,0.55228],[30.29975,0.55482],[30.30029,0.55882],[30.30094,0.55993],[30.30294,0.56042],[30.30648,0.56015],[30.309,0.56241],[30.31044,0.56953],[30.30985,0.57268],[30.31015,0.5755]]}},{"type":"Feature","properties":{"name":"Hoima (Parajwoki) -Biso","functional_class":"Class C National Road","surface_type":"Bituminous","length_km":35.703,"road_no":"C590"},"geometry":{"type":"LineString","coordinates":[[31.35009,1.43676],[31.34325,1.44261],[31.34183,1.44484],[31.34135,1.44637],[31.34192,1.44914],[31.34135,1.4513],[31.33945,1.45495],[31.33874,1.46203],[31.34681,1.49024],[31.35005,1.50496],[31.35093,1.51108],[31.35025,1.51652],[31.35061,1.52178],[31.34672,1.52978],[31.34145,1.53598],[31.3354,1.54733],[31.33279,1.55076],[31.33284,1.55367],[31.33196,1.55533],[31.32962,1.55781],[31.32538,1.55953],[31.32115,1.56214],[31.31644,1.56675],[31.31441,1.56965],[31.31398,1.57433],[31.31228,1.57807],[31.31196,1.5829],[31.30796,1.59821],[31.30814,1.59969],[31.30979,1.60343],[31.30841,1.60801],[31.30828,1.6171],[31.30881,1.61888],[31.31696,1.63387],[31.32356,1.64868],[31.32609,1.65026],[31.33122,1.65711],[31.33506,1.65991],[31.33968,1.666],[31.34334,1.66925],[31.34738,1.67478],[31.34777,1.67982],[31.34851,1.68127],[31.35422,1.68718],[31.35677,1.6884],[31.36224,1.69319],[31.36607,1.69752],[31.37407,1.7083],[31.37629,1.70923]]}},{"type":"Feature","properties":{"name":"Kisanja-Park junction","functional_class":"Class C National Road","surface_type":"Bituminous","length_km":71.121,"road_no":"C625"},"geometry":{"type":"LineString","coordinates":[[31.56975,2.21731],[31.57903,2.21289],[31.59085,2.21084],[31.60453,2.2066],[31.60855,2.20299],[31.61639,2.1973],[31.62517,2.19179],[31.64824,2.19109],[31.65038,2.19],[31.65255,2.18725],[31.65894,2.1853],[31.66461,2.18492],[31.66702,2.18556],[31.67981,2.18599],[31.68529,2.18395],[31.6937,2.18193],[31.69608,2.17878],[31.69835,2.17761],[31.7008,2.17249],[31.70154,2.16821],[31.70495,2.15823],[31.70506,2.15515],[31.70669,2.15041],[31.70567,2.14689],[31.70587,2.1425],[31.72056,2.1202],[31.72064,2.11817],[31.71678,2.099],[31.71564,2.09601],[31.71586,2.09228],[31.71777,2.08878],[31.71692,2.08437],[31.71871,2.06933],[31.71653,2.05806],[31.71797,2.05095],[31.71333,2.04227],[31.71385,2.04145],[31.71731,2.04143],[31.71782,2.0408],[31.71186,2.03534],[31.71153,2.03325],[31.71231,2.03173],[31.71598,2.03018],[31.7226,2.02273],[31.72398,2.01593],[31.72375,2.0123],[31.72431,2.00423],[31.72346,2.00238],[31.70484,1.98305],[31.70333,1.97757],[31.70455,1.9725],[31.70882,1.96798],[31.71385,1.95925],[31.71309,1.95435],[31.71495,1.94806],[31.71209,1.93464],[31.71325,1.92983],[31.7175,1.92297],[31.7194,1.91452],[31.71826,1.90997],[31.71453,1.90584],[31.71509,1.89893],[31.71249,1.89147],[31.70831,1.88344],[31.71012,1.85964],[31.71002,1.85508],[31.70735,1.84262],[31.70883,1.83544],[31.7061,1.82842],[31.70533,1.8194],[31.70693,1.8126],[31.70709,1.80833],[31.71166,1.80002],[31.71428,1.79409],[31.71416,1.79215],[31.71227,1.78864],[31.71298,1.78332],[31.7142,1.77996],[31.7184,1.77377],[31.71999,1.76446],[31.7236,1.75723],[31.72725,1.75358],[31.73242,1.74987],[31.73549,1.74655],[31.74283,1.73302]]}},{"type":"Feature","properties":{"name":"Katasiiha-Waki","functional_class":"Class C National Road","surface_type":"Unsealed","length_km":32.735,"road_no":"C600"},"geometry":{"type":"LineString","coordinates":[[31.3416,1.45039],[31.35004,1.45661],[31.35727,1.4584],[31.3677,1.46388],[31.36985,1.46563],[31.37654,1.47288],[31.37806,1.47536],[31.38134,1.48645],[31.3819,1.49031],[31.38417,1.49494],[31.38708,1.50844],[31.38961,1.51499],[31.39933,1.53045],[31.40484,1.54084],[31.41154,1.54727],[31.42412,1.56643],[31.42492,1.56876],[31.42456,1.57204],[31.42718,1.58319],[31.43006,1.58967],[31.43369,1.59611],[31.4388,1.6025],[31.44277,1.60604],[31.44326,1.60778],[31.44477,1.60843],[31.44709,1.61203],[31.44993,1.61452],[31.45753,1.62367],[31.45885,1.6259],[31.46027,1.63155],[31.46881,1.63968],[31.46952,1.64292],[31.47121,1.6429],[31.47483,1.64403],[31.48213,1.64741],[31.48328,1.64859],[31.48512,1.65103],[31.48736,1.65866],[31.49124,1.66806],[31.49239,1.67001],[31.49385,1.67051],[31.49378,1.67411],[31.49598,1.67679],[31.50245,1.67816]]}},{"type":"Feature","properties":{"name":"Kaiso-Tonya","functional_class":"Class C National Road","surface_type":"Unsealed","length_km":23.123,"road_no":"C599"},"geometry":{"type":"LineString","coordinates":[[31.00019,1.49075],[31.00361,1.49455],[31.00981,1.49597],[31.01119,1.49811],[31.01487,1.50177],[31.01626,1.50597],[31.02113,1.5081],[31.02116,1.51037],[31.02355,1.51433],[31.02627,1.51644],[31.02864,1.51937],[31.02974,1.52221],[31.03143,1.52399],[31.03195,1.52547],[31.03356,1.52691],[31.03326,1.53004],[31.03064,1.53362],[31.03158,1.53919],[31.03139,1.54089],[31.03058,1.54219],[31.02846,1.54363],[31.03054,1.55126],[31.03552,1.55557],[31.04793,1.56135],[31.05421,1.56581],[31.05767,1.56666],[31.05858,1.56887],[31.06269,1.57086],[31.06444,1.57305],[31.0691,1.57388],[31.07074,1.57462],[31.07419,1.57707],[31.07575,1.58045],[31.08001,1.58406],[31.08394,1.58543],[31.08991,1.585],[31.09219,1.58543]]}},{"type":"Feature","properties":{"name":"Kakabara-Bujuzo-Katooke","functional_class":"Class C National Road","surface_type":"Unsealed","length_km":45.144,"road_no":"C549"},"geometry":{"type":"LineString","coordinates":[[30.72867,0.74968],[30.72995,0.75019],[30.73198,0.75203],[30.73598,0.75404],[30.74097,0.75347],[30.74575,0.7569],[30.74797,0.7571],[30.75092,0.75634],[30.75799,0.75218],[30.76144,0.74867],[30.76313,0.74898],[30.76353,0.74633],[30.76522,0.7427],[30.76709,0.74275],[30.76946,0.74432],[30.77492,0.74136],[30.77724,0.73919],[30.77976,0.73826],[30.79434,0.73579],[30.80282,0.73659],[30.80637,0.73605],[30.80915,0.73477],[30.81067,0.73268],[30.81462,0.7324],[30.81525,0.73063],[30.81656,0.72955],[30.81896,0.73],[30.8237,0.73197],[30.82509,0.73066],[30.82786,0.73115],[30.83114,0.73311],[30.83222,0.73298],[30.83342,0.73357],[30.83466,0.73236],[30.83538,0.73233],[30.83623,0.73274],[30.83774,0.73494],[30.84175,0.73509],[30.84515,0.73642],[30.84845,0.73551],[30.85171,0.73375],[30.85321,0.73082],[30.85483,0.73004],[30.85792,0.72979],[30.85997,0.72714],[30.8659,0.72717],[30.86693,0.72662],[30.86993,0.72336],[30.87177,0.71816],[30.87067,0.71441],[30.87104,0.71134],[30.87068,0.70901],[30.86715,0.69986],[30.86868,0.69198],[30.86819,0.68924],[30.8702,0.68806],[30.87302,0.68147],[30.87681,0.67798],[30.88,0.67298],[30.88298,0.67028],[30.88575,0.66881],[30.8878,0.66623],[30.88838,0.66476],[30.88803,0.66135],[30.88907,0.65608],[30.88764,0.65056],[30.89,0.64699],[30.89331,0.64485],[30.89372,0.64372],[30.89296,0.64129],[30.89478,0.63949],[30.89636,0.63577],[30.90171,0.62778],[30.90295,0.62667],[30.90363,0.6245],[30.90259,0.62041],[30.90321,0.61784],[30.90615,0.61451],[30.90819,0.61296],[30.91027,0.61026],[30.91704,0.59895],[30.92339,0.5962],[30.93001,0.5919],[30.93071,0.58772],[30.93354,0.58571],[30.939,0.58032],[30.94093,0.57501],[30.94168,0.56869],[30.94642,0.56442],[30.94678,0.54678],[30.94742,0.54601],[30.95189,0.54373],[30.95604,0.53785],[30.95619,0.53368],[30.95497,0.52935],[30.95324,0.52689]]}},{"type":"Feature","properties":{"name":"Kyehooro Link 3","functional_class":"Class C National Road","surface_type":"Unsealed","length_km":6.7,"road_no":"C610"},"geometry":{"type":"LineString","coordinates":[[30.93808,1.50809],[30.93595,1.50896]]}},{"type":"Feature","properties":{"name":"Bwizi - Bisozi","functional_class":"Class C National Road","surface_type":"Unsealed","length_km":19.735,"road_no":"C568"},"geometry":{"type":"LineString","coordinates":[[30.72121,0.39086],[30.71953,0.38875],[30.71579,0.38695],[30.71411,0.38534],[30.7128,0.38187],[30.71187,0.37477],[30.70994,0.37142],[30.70754,0.36998],[30.70598,0.36817],[30.70014,0.36657],[30.69699,0.36686],[30.69491,0.36774],[30.69335,0.36758],[30.6908,0.36855],[30.68777,0.36858],[30.68471,0.36593],[30.67454,0.36159],[30.67064,0.35687],[30.66845,0.35507],[30.66664,0.35469],[30.66506,0.35311],[30.66143,0.35094],[30.6543,0.3486],[30.65387,0.34779],[30.65386,0.34356],[30.65125,0.33864],[30.65076,0.33497],[30.64854,0.33436],[30.64674,0.33286],[30.64025,0.33103],[30.63236,0.32563],[30.63114,0.32381],[30.63023,0.32038],[30.62812,0.31718],[30.62708,0.31181],[30.6264,0.31047],[30.62497,0.30946],[30.61901,0.30716],[30.61386,0.3017],[30.60931,0.29921],[30.60585,0.29659],[30.60191,0.29124],[30.60025,0.28785],[30.59936,0.28729]]}},{"type":"Feature","properties":{"name":"Kyehooro Link 1","functional_class":"Class C National Road","surface_type":"Bituminous","length_km":7.5,"road_no":"C597"},"geometry":{"type":"LineString","coordinates":[[30.9392,1.50718],[30.93808,1.50809],[30.94023,1.50837]]}},{"type":"Feature","properties":{"name":"Bukumi - Butiaba","functional_class":"Class C National Road","surface_type":"Bituminous","length_km":8.191,"road_no":"C624"},"geometry":{"type":"LineString","coordinates":[[31.38492,1.79138],[31.34674,1.81491],[31.33732,1.81495],[31.33297,1.81612],[31.32534,1.81948],[31.32168,1.8226],[31.32085,1.82394]]}},{"type":"Feature","properties":{"name":"Kyenzige-Rugashali-Mabaale","functional_class":"Class C National Road","surface_type":"Unsealed","length_km":30.085,"road_no":"C565"},"geometry":{"type":"LineString","coordinates":[[30.84928,0.97969],[30.84874,0.98282],[30.84744,0.98568],[30.84729,0.98904],[30.84625,0.99352],[30.84688,0.99892],[30.84587,1.00779],[30.8453,1.00836],[30.84274,1.00858],[30.83971,1.0116],[30.84135,1.01348],[30.84111,1.01725],[30.84328,1.01903],[30.83992,1.02231],[30.83998,1.02401],[30.8382,1.02663],[30.83734,1.03034],[30.83478,1.03277],[30.83134,1.03862],[30.82891,1.04825],[30.82387,1.05688],[30.82461,1.05842],[30.82391,1.06012],[30.824,1.06422],[30.82278,1.06551],[30.81774,1.08218],[30.81954,1.08273],[30.82104,1.0876],[30.82572,1.08991],[30.82681,1.09314],[30.83061,1.09389],[30.83484,1.0964],[30.84095,1.09679],[30.84669,1.10167],[30.85843,1.08869],[30.86266,1.08938],[30.86798,1.08757],[30.8697,1.08628],[30.87074,1.08822],[30.8709,1.09192],[30.87343,1.09488],[30.87629,1.0956],[30.88048,1.09512],[30.8834,1.09558],[30.89036,1.08333],[30.89305,1.08047],[30.89748,1.0774],[30.89952,1.07222],[30.89965,1.06947],[30.90149,1.064],[30.90234,1.06269],[30.90522,1.06033],[30.9062,1.05841],[30.90571,1.05603],[30.90627,1.05418],[30.90591,1.05126],[30.90865,1.05176],[30.9143,1.05152],[30.91781,1.04973]]}},{"type":"Feature","properties":{"name":"Kabaale -Kaiso","functional_class":"Class C National Road","surface_type":"Bituminous","length_km":33.7,"road_no":"C596"},"geometry":{"type":"LineString","coordinates":[[31.03313,1.44492],[31.03082,1.44224],[31.02608,1.43937],[31.01478,1.43025],[31.00503,1.4201],[31.0029,1.41395],[30.99952,1.40801],[30.99841,1.4043],[30.99717,1.39617],[30.99582,1.39262],[30.99279,1.38707],[30.99119,1.38213],[30.98613,1.37859],[30.98148,1.37863],[30.98021,1.37938],[30.97886,1.38338],[30.97738,1.38584],[30.97744,1.38902],[30.9758,1.39041],[30.97526,1.39168],[30.97905,1.40127],[30.97892,1.40274],[30.97706,1.40393],[30.97049,1.40376],[30.96803,1.40611],[30.96824,1.4109],[30.96514,1.41742],[30.96061,1.43385],[30.96022,1.43831],[30.96058,1.44178],[30.96194,1.44609],[30.96455,1.4505],[30.97148,1.45745],[30.97478,1.46224],[30.97647,1.46857],[30.97703,1.47761],[30.9807,1.48473],[30.98293,1.48622],[30.98524,1.48628],[30.98643,1.4859],[30.98891,1.48357],[30.99067,1.48262],[30.9928,1.48237],[30.99511,1.48309],[30.99673,1.48458],[30.99953,1.48892],[31.00064,1.49271],[31.00063,1.49737],[30.99866,1.50402],[30.99671,1.50654],[30.99541,1.50745],[30.98978,1.50913],[30.98416,1.51184],[30.98196,1.51312],[30.98015,1.51527],[30.97696,1.51749],[30.97107,1.5198],[30.96781,1.5232],[30.96265,1.52509]]}},{"type":"Feature","properties":{"name":"Bulisa-Wanseko","functional_class":"Class C National Road","surface_type":"Bituminous","length_km":8.52,"road_no":"C623"},"geometry":{"type":"LineString","coordinates":[[31.41174,2.1177],[31.41077,2.11816],[31.40798,2.12576],[31.40686,2.14078],[31.40522,2.14683],[31.404,2.1546],[31.40121,2.163],[31.39558,2.17015],[31.39163,2.17345],[31.37761,2.17914]]}},{"type":"Feature","properties":{"name":"Nyakigumba-Katebwa","functional_class":"Class C National Road","surface_type":"Unsealed","length_km":6.477,"road_no":"C555"},"geometry":{"type":"LineString","coordinates":[[30.17105,0.52899],[30.16955,0.5274],[30.16916,0.52558],[30.16641,0.5231],[30.16271,0.52181],[30.1599,0.51894],[30.15721,0.51822],[30.15547,0.51643],[30.15434,0.51659],[30.14778,0.51511],[30.14564,0.5153],[30.14079,0.5125],[30.13601,0.51168],[30.13358,0.51225],[30.13182,0.51197],[30.12787,0.50984],[30.12346,0.51211],[30.12289,0.51284],[30.12297,0.51383]]}},{"type":"Feature","properties":{"name":"Mairirwe-Wambabya","functional_class":"Class C National Road","surface_type":"Unsealed","length_km":7.361,"road_no":"C595"},"geometry":{"type":"LineString","coordinates":[[31.24876,1.36358],[31.25102,1.36972],[31.25165,1.3756],[31.24881,1.38179],[31.24816,1.38441],[31.24394,1.39073],[31.24361,1.39185],[31.24389,1.39623],[31.2421,1.40292],[31.24294,1.40477],[31.24509,1.40723],[31.24618,1.40727],[31.24762,1.40622],[31.24807,1.4064],[31.2484,1.40933],[31.25343,1.42047]]}},{"type":"Feature","properties":{"name":"Access to Canon Apollo PTTC","functional_class":"Class C National Road","surface_type":"Unsealed","length_km":5.047,"road_no":"C561"},"geometry":{"type":"LineString","coordinates":[[30.19845,0.67427],[30.19903,0.67504],[30.19881,0.67718],[30.19987,0.678],[30.21221,0.67582],[30.21885,0.67623],[30.22353,0.67524],[30.22566,0.67249],[30.22499,0.67212],[30.22396,0.67256],[30.22374,0.6716],[30.22533,0.66877],[30.22752,0.66665],[30.22895,0.66326]]}},{"type":"Feature","properties":{"name":"Bugambe-Kidoma","functional_class":"Class C National Road","surface_type":"Unsealed","length_km":27.202,"road_no":"C594"},"geometry":{"type":"LineString","coordinates":[[31.3393,1.45594],[31.33736,1.45574],[31.33502,1.45405],[31.33029,1.4496],[31.32749,1.44507],[31.32324,1.44236],[31.30936,1.43004],[31.30396,1.42944],[31.29275,1.42968],[31.2869,1.42932],[31.27937,1.42675],[31.27482,1.42253],[31.27266,1.42155],[31.27201,1.42034],[31.26793,1.41932],[31.26426,1.41748],[31.2614,1.4181],[31.25925,1.42022],[31.25508,1.42082],[31.2532,1.42058],[31.25132,1.42278],[31.24994,1.42614],[31.24683,1.4291],[31.24148,1.43617],[31.23701,1.43715],[31.2337,1.4321],[31.2328,1.42817],[31.22745,1.41969],[31.22712,1.41705],[31.22574,1.41588],[31.22116,1.41466],[31.21915,1.40873],[31.21765,1.40752],[31.21243,1.40593],[31.21073,1.40494],[31.20604,1.40013],[31.20226,1.40003],[31.20081,1.40063],[31.19681,1.39854],[31.19421,1.39541],[31.19154,1.39461],[31.18906,1.39267],[31.18371,1.38974],[31.18277,1.38723],[31.18146,1.38658],[31.17961,1.38259],[31.18229,1.37843],[31.18288,1.37289],[31.18611,1.37066],[31.18999,1.36957],[31.19178,1.37006],[31.19297,1.36941],[31.19363,1.36775],[31.19374,1.3648],[31.1928,1.36298],[31.1934,1.3614],[31.19318,1.36008]]}},{"type":"Feature","properties":{"name":"Bukumi-Bulisa","functional_class":"Class C National Road","surface_type":"Bituminous","length_km":41.349,"road_no":"C623"},"geometry":{"type":"LineString","coordinates":[[31.38492,1.79138],[31.39485,1.83039],[31.39473,1.83782],[31.39403,1.8427],[31.39717,1.85593],[31.40627,1.88084],[31.4298,1.93398],[31.43707,1.94439],[31.44548,1.95098],[31.45567,1.95613],[31.45989,1.95955],[31.47551,1.98277],[31.47622,1.9843],[31.47658,1.98699],[31.47671,1.98966],[31.47597,1.9915],[31.46025,2.01626],[31.42717,2.07027],[31.41806,2.09344],[31.41555,2.11025],[31.41329,2.11657],[31.41174,2.1177]]}},{"type":"Feature","properties":{"name":"Ihungu - Kijunjubwa","functional_class":"Class C National Road","surface_type":"Unsealed","length_km":3.449,"road_no":"C638"},"geometry":{"type":"LineString","coordinates":[[31.70625,1.65571],[31.70956,1.65747],[31.71361,1.65822],[31.71505,1.65919],[31.72067,1.66008],[31.73515,1.65476]]}},{"type":"Feature","properties":{"name":"Kyegegwa-Hapuyo-kibale","functional_class":"Class C National Road","surface_type":"Unsealed","length_km":36.551,"road_no":"C551"},"geometry":{"type":"LineString","coordinates":[[31.05306,0.48302],[31.05305,0.48385],[31.05009,0.48954],[31.04799,0.49698],[31.04844,0.49882],[31.05247,0.50562],[31.0495,0.51188],[31.05048,0.51804],[31.05074,0.52515],[31.04861,0.5314],[31.04727,0.53312],[31.04697,0.53645],[31.04557,0.54095],[31.04689,0.54502],[31.05075,0.55171],[31.05083,0.55681],[31.05169,0.56021],[31.05175,0.5628],[31.05476,0.57075],[31.05553,0.57489],[31.05749,0.57726],[31.05844,0.58038],[31.06042,0.58406],[31.06312,0.58642],[31.06538,0.59107],[31.06544,0.59423],[31.06791,0.59752],[31.06699,0.60274],[31.06711,0.60793],[31.07169,0.61303],[31.07284,0.6178],[31.07246,0.61901],[31.07273,0.62202],[31.07042,0.6264],[31.07016,0.63218],[31.06907,0.63492],[31.06746,0.63707],[31.06932,0.63992],[31.06957,0.64127],[31.06709,0.64552],[31.06414,0.64798],[31.06122,0.65216],[31.05989,0.65329],[31.06032,0.6563],[31.05957,0.65921],[31.05591,0.66758],[31.05601,0.6721],[31.05522,0.67494],[31.05513,0.67774],[31.05611,0.68073],[31.05786,0.68211],[31.06026,0.68626],[31.06008,0.69025],[31.06103,0.69421],[31.05966,0.69975],[31.05808,0.70233],[31.05879,0.70746],[31.05994,0.70952],[31.06006,0.71153],[31.0594,0.71821],[31.05821,0.72131],[31.0576,0.72573],[31.05764,0.73473],[31.05891,0.73768],[31.06228,0.7401],[31.06459,0.74302],[31.0658,0.74334],[31.06835,0.74294],[31.07007,0.74354],[31.07285,0.74514],[31.07452,0.74777],[31.07527,0.75061],[31.07763,0.75456],[31.07622,0.75886],[31.07677,0.76112],[31.07651,0.76417],[31.07761,0.76815],[31.07931,0.76994],[31.07997,0.77145],[31.07966,0.77489]]}},{"type":"Feature","properties":{"name":"Bugambe-Buseruka","functional_class":"Class C National Road","surface_type":"Unsealed","length_km":19.172,"road_no":"C593"},"geometry":{"type":"LineString","coordinates":[[31.23709,1.43718],[31.23083,1.43728],[31.22768,1.43653],[31.22702,1.43819],[31.22294,1.44262],[31.22072,1.44651],[31.22029,1.44866],[31.21812,1.44944],[31.21463,1.44951],[31.21092,1.45208],[31.20684,1.45218],[31.20439,1.45318],[31.19981,1.45203],[31.19632,1.45308],[31.19338,1.45531],[31.18576,1.45423],[31.18452,1.45789],[31.1817,1.46136],[31.17686,1.46971],[31.17429,1.47177],[31.17017,1.47381],[31.16838,1.47611],[31.1637,1.47877],[31.16115,1.48106],[31.15995,1.48466],[31.15585,1.48889],[31.15396,1.49174],[31.15242,1.49767],[31.1485,1.50106],[31.14641,1.50444],[31.14293,1.51578],[31.14086,1.51839],[31.14155,1.52185],[31.1411,1.52491],[31.14165,1.52932],[31.13956,1.53526],[31.1387,1.54545],[31.13755,1.54728],[31.13734,1.54874]]}},{"type":"Feature","properties":{"name":"(Kisengya)","functional_class":"Class C National Road","surface_type":"Unsealed","length_km":1.543,"road_no":"C637"},"geometry":{"type":"LineString","coordinates":[[31.7317,1.67016],[31.72964,1.66392],[31.72449,1.65876]]}},{"type":"Feature","properties":{"name":"Kamwenge - Kabambiro - Bigusyo - Bihanga","functional_class":"Class C National Road","surface_type":"Unsealed","length_km":22.682,"road_no":"C571"},"geometry":{"type":"LineString","coordinates":[[30.45218,0.18019],[30.45101,0.17741],[30.45275,0.17494],[30.45461,0.17045],[30.45788,0.17177],[30.45973,0.17188],[30.46219,0.16894],[30.46516,0.16752],[30.4665,0.1679],[30.46834,0.1673],[30.46936,0.16948],[30.47092,0.16999],[30.47486,0.16894],[30.47921,0.16663],[30.48038,0.16553],[30.48491,0.16374],[30.48879,0.15876],[30.49226,0.15774],[30.4954,0.15549],[30.49741,0.15328],[30.50131,0.15498],[30.50786,0.15416],[30.50861,0.1575],[30.51244,0.15814],[30.52609,0.16488],[30.52692,0.16495],[30.53055,0.16323],[30.53249,0.16346],[30.53623,0.16621],[30.54243,0.16915],[30.54389,0.17063],[30.54523,0.17305],[30.54551,0.17555],[30.54644,0.17768],[30.54615,0.17946],[30.54779,0.18913],[30.5534,0.19329],[30.55532,0.19694],[30.5581,0.19864],[30.56081,0.2011],[30.56101,0.20419],[30.56503,0.20417],[30.56904,0.20599],[30.57593,0.20546],[30.5789,0.20576],[30.58144,0.20675],[30.58595,0.20613],[30.58647,0.20763],[30.58966,0.21044],[30.59114,0.21643],[30.59557,0.22191]]}},{"type":"Feature","properties":{"name":"Kirasa-Kamurasi-Kiwanana (Kisengya)","functional_class":"Class C National Road","surface_type":"Unsealed","length_km":2.552,"road_no":"C636"},"geometry":{"type":"LineString","coordinates":[[31.73146,1.67545],[31.73233,1.67196],[31.73175,1.66987],[31.73371,1.66853],[31.73569,1.66572],[31.73582,1.66254],[31.73466,1.65929],[31.73505,1.65484]]}},{"type":"Feature","properties":{"name":"Buseruka-Kabaale","functional_class":"Class C National Road","surface_type":"Bituminous","length_km":21.341,"road_no":"C592"},"geometry":{"type":"LineString","coordinates":[[31.17332,1.55013],[31.17041,1.55154],[31.16163,1.55275],[31.14674,1.55297],[31.14082,1.55105],[31.1362,1.5481],[31.13182,1.53989],[31.12813,1.53606],[31.12229,1.53247],[31.11271,1.52902],[31.10424,1.5191],[31.09706,1.51434],[31.09244,1.51239],[31.08943,1.51019],[31.08397,1.50474],[31.08009,1.49994],[31.07447,1.49521],[31.07147,1.48834],[31.06304,1.4777],[31.05808,1.47283],[31.05664,1.47221],[31.05405,1.47277],[31.05267,1.47234],[31.04093,1.46283],[31.03612,1.45679],[31.03313,1.44492]]}},{"type":"Feature","properties":{"name":"Katulikile - Mutunda - Atura / Nanda","functional_class":"Class C National Road","surface_type":"Unsealed","length_km":23.301,"road_no":"C635"},"geometry":{"type":"LineString","coordinates":[[32.17154,1.98816],[32.17341,1.98773],[32.1856,1.99453],[32.18959,1.99725],[32.21366,2.01962],[32.23973,2.03715],[32.25047,2.04332],[32.25841,2.05195],[32.26584,2.06122],[32.31363,2.1035],[32.32844,2.12286],[32.32952,2.12373]]}},{"type":"Feature","properties":{"name":"Parajwoki-Buseruka","functional_class":"Class C National Road","surface_type":"Bituminous","length_km":21.728,"road_no":"C592"},"geometry":{"type":"LineString","coordinates":[[31.34378,1.4792],[31.32981,1.48284],[31.31919,1.47939],[31.30417,1.4835],[31.28821,1.49049],[31.27075,1.5023],[31.2672,1.50534],[31.2594,1.50812],[31.25203,1.50641],[31.25025,1.50637],[31.24787,1.50726],[31.24465,1.5101],[31.24276,1.51311],[31.23993,1.51593],[31.2306,1.52233],[31.21824,1.52729],[31.21443,1.53153],[31.20136,1.54201],[31.19846,1.54265],[31.19147,1.54163],[31.18514,1.54313],[31.18077,1.54478],[31.1761,1.54863],[31.17332,1.55013]]}},{"type":"Feature","properties":{"name":"Kabwoya - Kituti","functional_class":"Class C National Road","surface_type":"Unsealed","length_km":41.302,"road_no":"C591"},"geometry":{"type":"LineString","coordinates":[[31.08337,1.24592],[31.07906,1.24664],[31.07316,1.24532],[31.06265,1.23942],[31.05438,1.23612],[31.04647,1.2347],[31.04099,1.23121],[31.03762,1.23123],[31.03469,1.23422],[31.03034,1.23623],[31.01833,1.23254],[30.9947,1.24546],[30.98901,1.2499],[30.98383,1.25319],[30.97926,1.25935],[30.97725,1.26093],[30.97316,1.26195],[30.96933,1.26215],[30.9656,1.2602],[30.96097,1.25201],[30.95557,1.24886],[30.95157,1.24815],[30.94751,1.24677],[30.93969,1.24243],[30.9347,1.23785],[30.93142,1.23334],[30.92915,1.23159],[30.92374,1.22997],[30.91537,1.22943],[30.91146,1.23038],[30.91043,1.23016],[30.90388,1.22676],[30.90179,1.22297],[30.89977,1.2212],[30.89462,1.22087],[30.89125,1.22234],[30.88829,1.22505],[30.88506,1.22704],[30.87896,1.22676],[30.87415,1.22866],[30.87218,1.22892],[30.86477,1.22849],[30.86029,1.22508],[30.85518,1.22712],[30.85077,1.22726],[30.84626,1.22541],[30.83973,1.22416],[30.83663,1.22407],[30.82878,1.22656],[30.82466,1.22638],[30.82053,1.22754],[30.81877,1.22691],[30.8146,1.22137],[30.8103,1.21824],[30.80759,1.2137],[30.80492,1.21255],[30.80299,1.21238],[30.78913,1.21751],[30.78377,1.22139],[30.77502,1.22543],[30.77187,1.22629],[30.76747,1.22595],[30.7658,1.22641]]}},{"type":"Feature","properties":{"name":"Nguedo - Bugana - Waiga","functional_class":"Class C National Road","surface_type":"Unsealed","length_km":22.103,"road_no":"C634"},"geometry":{"type":"LineString","coordinates":[[31.47226,1.99689],[31.47458,1.99936],[31.47783,2.00166],[31.48168,2.00372],[31.48693,2.00523],[31.48931,2.00699],[31.4956,2.01366],[31.497,2.01647],[31.49801,2.02144],[31.49972,2.02446],[31.50324,2.02827],[31.50845,2.03199],[31.51029,2.03425],[31.51376,2.03995],[31.51559,2.04543],[31.51546,2.04785],[31.51366,2.0526],[31.51304,2.05796],[31.51014,2.06281],[31.50526,2.06555],[31.48805,2.08297],[31.4848,2.08442],[31.47038,2.0929],[31.46373,2.09554],[31.45796,2.09883],[31.45087,2.10137],[31.44183,2.10784],[31.43729,2.10956],[31.42947,2.11434],[31.41582,2.11863]]}},{"type":"Feature","properties":{"name":"Kitumba-Harubako","functional_class":"Class C National Road","surface_type":"Unsealed","length_km":2.948,"road_no":"C564"},"geometry":{"type":"LineString","coordinates":[[30.30372,0.64959],[30.30139,0.64837],[30.30034,0.64671],[30.30079,0.64261],[30.29965,0.63792],[30.2913,0.633],[30.29036,0.63302],[30.28864,0.63432]]}},{"type":"Feature","properties":{"name":"Biso-Bukumi","functional_class":"Class C National Road","surface_type":"Bituminous","length_km":17.596,"road_no":"C590"},"geometry":{"type":"LineString","coordinates":[[31.37629,1.70923],[31.37771,1.70936],[31.37869,1.7101],[31.38029,1.71399],[31.3855,1.72217],[31.39441,1.74119],[31.39899,1.74808],[31.39975,1.75181],[31.40235,1.75201],[31.40522,1.75399],[31.40982,1.75408],[31.41305,1.75662],[31.41657,1.75843],[31.41838,1.76086],[31.4114,1.76488],[31.40344,1.76378],[31.40094,1.76242],[31.40021,1.76354],[31.39792,1.76503],[31.39772,1.76612],[31.39828,1.76834],[31.39765,1.76939],[31.39661,1.76994],[31.39295,1.76863],[31.39017,1.76666],[31.38539,1.76568],[31.38425,1.76591],[31.38345,1.77229],[31.38109,1.77357],[31.37957,1.77313],[31.37888,1.77359],[31.38042,1.77931],[31.38019,1.78003],[31.37722,1.77967],[31.3756,1.77817],[31.37504,1.77857],[31.3842,1.78895],[31.38492,1.79138]]}},{"type":"Feature","properties":{"name":"Butiaba Army Barracks Accesse","functional_class":"Class C National Road","surface_type":"Bituminous","length_km":1.197,"road_no":"C633"},"geometry":{"type":"LineString","coordinates":[[31.37353,1.79845],[31.36691,1.79005]]}},{"type":"Feature","properties":{"name":"Masindi - Biiso","functional_class":"Class C National Road","surface_type":"Unsealed","length_km":49.704,"road_no":"C622"},"geometry":{"type":"LineString","coordinates":[[31.70284,1.68066],[31.70118,1.67792],[31.69803,1.67669],[31.68735,1.67757],[31.68281,1.67688],[31.67817,1.67514],[31.66895,1.67625],[31.66022,1.67398],[31.65659,1.67429],[31.65535,1.67395],[31.65095,1.66854],[31.6504,1.66263],[31.64942,1.65994],[31.64551,1.65514],[31.64368,1.65405],[31.64037,1.65457],[31.63427,1.65799],[31.62478,1.65911],[31.62107,1.66298],[31.61875,1.66399],[31.61405,1.66488],[31.61063,1.66448],[31.60812,1.66305],[31.6067,1.66063],[31.60271,1.65656],[31.59629,1.65205],[31.59522,1.65209],[31.5933,1.65384],[31.58584,1.65503],[31.58572,1.65235],[31.5872,1.64826],[31.58675,1.64729],[31.5834,1.64699],[31.58031,1.6475],[31.57796,1.64589],[31.57554,1.64708],[31.57421,1.64709],[31.57053,1.64549],[31.56564,1.6473],[31.56543,1.64679],[31.56661,1.64372],[31.5651,1.64164],[31.56333,1.63693],[31.56117,1.63416],[31.55627,1.63156],[31.55467,1.63117],[31.53488,1.63107],[31.53147,1.63314],[31.52993,1.63611],[31.5294,1.64761],[31.52716,1.65329],[31.51712,1.66262],[31.51528,1.66866],[31.51341,1.67122],[31.50571,1.67532],[31.49237,1.68751],[31.48937,1.68895],[31.48896,1.68991],[31.4899,1.69372],[31.4898,1.69885],[31.48676,1.70121],[31.47962,1.71192],[31.47112,1.71589],[31.46797,1.72255],[31.46627,1.7247],[31.46265,1.72764],[31.44507,1.73396],[31.44103,1.73641],[31.43806,1.74009],[31.43534,1.74753],[31.43229,1.75221],[31.42835,1.75577],[31.41835,1.76093]]}},{"type":"Feature","properties":{"name":"Kakara - Rwebisengo","functional_class":"Class C National Road","surface_type":"Unsealed","length_km":26.152,"road_no":"C558"},"geometry":{"type":"LineString","coordinates":[[30.27857,0.85079],[30.28035,0.86554],[30.28028,0.87008],[30.28149,0.87304],[30.28183,0.87556],[30.27873,0.88997],[30.28497,0.89867],[30.28632,0.90916],[30.29372,0.91299],[30.29582,0.92081],[30.30134,0.92734],[30.30737,0.9414],[30.31193,0.94934],[30.31719,0.95428],[30.31589,0.95779],[30.3177,0.96594],[30.31907,0.9683],[30.32267,0.98082],[30.32174,0.98494],[30.32024,0.9886],[30.31608,0.99406],[30.31129,0.99907],[30.3075,1.01011],[30.30665,1.01066],[30.30445,1.01062],[30.29773,1.01505],[30.29291,1.02059],[30.29202,1.02208],[30.29173,1.02383],[30.28258,1.03514],[30.27383,1.0443],[30.2722,1.04531],[30.27076,1.04524],[30.26743,1.04379]]}},{"type":"Feature","properties":{"name":"Itojo - Sempaya","functional_class":"Class C National Road","surface_type":"Unsealed","length_km":15,"road_no":"C539"},"geometry":{"type":"LineString","coordinates":[[30.22733,0.84057],[30.22463,0.84133],[30.22166,0.84094],[30.22052,0.842],[30.21857,0.84063],[30.21693,0.83843],[30.21588,0.83838],[30.21428,0.83715],[30.21161,0.83681],[30.20997,0.83541],[30.20917,0.83622],[30.20944,0.83699],[30.20897,0.83783],[30.21078,0.83803],[30.21243,0.83924],[30.21121,0.83992],[30.20819,0.8386],[30.20626,0.83655],[30.2041,0.83824],[30.20324,0.83775],[30.20309,0.83876],[30.20222,0.83946],[30.20123,0.83924],[30.20058,0.83821],[30.20023,0.83933],[30.19744,0.84029],[30.19237,0.84023],[30.19081,0.8395],[30.19023,0.84038],[30.1885,0.84049],[30.18247,0.84263],[30.18173,0.84274],[30.18116,0.84207],[30.17964,0.8437],[30.17841,0.84359],[30.17816,0.84274],[30.17728,0.84298],[30.17729,0.84132],[30.17608,0.84143],[30.17631,0.84039],[30.17561,0.83881],[30.17605,0.83755],[30.17531,0.83675],[30.17445,0.83744],[30.1745,0.83834],[30.17539,0.83823],[30.17454,0.84016],[30.17478,0.84152],[30.17398,0.84117],[30.17414,0.83876],[30.17178,0.83709],[30.17282,0.83886],[30.17277,0.84005],[30.17138,0.83879],[30.1714,0.83816],[30.17053,0.83821],[30.17106,0.83832],[30.17083,0.83915],[30.17175,0.83992],[30.17194,0.84183],[30.17134,0.84008],[30.17022,0.83992],[30.16892,0.83777],[30.16908,0.83638],[30.16842,0.83558],[30.16786,0.83886]]}},{"type":"Feature","properties":{"name":"Karugutu-Bundibugyo - Lamia","functional_class":"Class C National Road","surface_type":"Bituminous","length_km":76.2,"road_no":"C540"},"geometry":{"type":"LineString","coordinates":[[30.22556,0.78754],[30.23176,0.80295],[30.23372,0.80647],[30.23315,0.80958],[30.23349,0.81323],[30.23434,0.8145],[30.23367,0.81507],[30.23514,0.81645],[30.2355,0.81829],[30.23479,0.8191],[30.2355,0.82061],[30.23433,0.82274],[30.23309,0.82345],[30.23388,0.82471],[30.23345,0.82576],[30.23249,0.82592],[30.23273,0.82676],[30.23188,0.82768],[30.23262,0.82891],[30.23243,0.83062],[30.23037,0.83216],[30.22981,0.83324],[30.2305,0.83676],[30.22932,0.83654],[30.22866,0.83565],[30.22674,0.836],[30.22749,0.83757],[30.22736,0.84674],[30.22431,0.8502],[30.22396,0.85658],[30.2251,0.85975],[30.2302,0.86754],[30.2342,0.8748],[30.23412,0.88357],[30.2354,0.88799],[30.24562,0.90237],[30.24709,0.90653],[30.24669,0.91244],[30.24477,0.91728],[30.24468,0.91867],[30.24223,0.91879],[30.2406,0.92083],[30.23897,0.9217],[30.23025,0.91979],[30.22044,0.91492],[30.21281,0.91469],[30.20459,0.91126],[30.20267,0.91109],[30.20141,0.91019],[30.19929,0.91049],[30.19353,0.91009],[30.19059,0.90827],[30.18686,0.90179],[30.18573,0.89369],[30.17956,0.88002],[30.1743,0.87313],[30.17351,0.87141],[30.17336,0.86331],[30.17391,0.85862],[30.17359,0.84703],[30.17251,0.84491],[30.16934,0.84204],[30.16832,0.84042],[30.16774,0.83842],[30.16715,0.83114],[30.16543,0.82972],[30.16408,0.8272],[30.16232,0.82565],[30.15834,0.81938],[30.15734,0.81668],[30.15535,0.81421],[30.1513,0.81243],[30.14381,0.80583],[30.13361,0.80624],[30.12399,0.8053],[30.1175,0.80605],[30.11554,0.80538],[30.11358,0.80309],[30.10963,0.80095],[30.10747,0.80046],[30.10487,0.80066],[30.09999,0.79879],[30.0921,0.79344],[30.08817,0.79187],[30.08174,0.78634],[30.0803,0.78272],[30.07948,0.78179],[30.0779,0.78115],[30.07557,0.7814],[30.07373,0.78016],[30.06558,0.77101],[30.0649,0.76974],[30.06454,0.76733],[30.06126,0.76747],[30.0604,0.76824],[30.05842,0.76795],[30.05709,0.76834],[30.05227,0.76469],[30.05056,0.76412],[30.05004,0.76319],[30.04851,0.76262],[30.0492,0.75572],[30.05083,0.75458],[30.05103,0.75388],[30.04892,0.75002],[30.04904,0.74875],[30.05134,0.74449],[30.05352,0.73779],[30.0533,0.73603],[30.05174,0.73398],[30.0531,0.72828],[30.05307,0.72418],[30.05542,0.71927],[30.05575,0.71743],[30.0594,0.71516],[30.06045,0.7119],[30.06179,0.71029],[30.06312,0.70672],[30.06343,0.69917],[30.06197,0.69892],[30.06105,0.69802],[30.06111,0.69577],[30.06152,0.69361],[30.06295,0.69267],[30.06396,0.69052],[30.06438,0.6874],[30.06565,0.68557],[30.06571,0.68148],[30.06627,0.68031],[30.06379,0.67838],[30.06319,0.67693],[30.05739,0.67466],[30.04846,0.66701],[30.0456,0.66741],[30.04178,0.6669],[30.03835,0.66844],[30.03626,0.67105],[30.03529,0.67003],[30.0243,0.66827],[30.02321,0.66733],[30.01732,0.67004],[30.01227,0.67029],[30.00825,0.66944],[30.00115,0.6754],[29.99346,0.67388],[29.99189,0.67141],[29.99035,0.67013],[29.98859,0.66617],[29.98633,0.66338],[29.98512,0.6601],[29.98488,0.65734],[29.97836,0.64634],[29.97966,0.64262],[29.97678,0.6421],[29.97645,0.64042],[29.97403,0.63784],[29.9682,0.63568],[29.9657,0.63383],[29.96046,0.63262],[29.95792,0.63007]]}},{"type":"Feature","properties":{"name":"Rwimi-Dura-Kamwenge","functional_class":"Class C National Road","surface_type":"Unsealed","length_km":58.624,"road_no":"C547"},"geometry":{"type":"LineString","coordinates":[[30.21619,0.37925],[30.21651,0.37808],[30.22537,0.37377],[30.23015,0.37283],[30.2337,0.37323],[30.2372,0.37137],[30.24172,0.37044],[30.24361,0.36893],[30.24751,0.36802],[30.2503,0.36864],[30.25225,0.3706],[30.25384,0.37085],[30.25511,0.37028],[30.25814,0.37022],[30.261,0.36772],[30.26248,0.36341],[30.26451,0.36154],[30.26542,0.35924],[30.26811,0.357],[30.27159,0.35546],[30.27329,0.3528],[30.27639,0.34961],[30.27727,0.34954],[30.27872,0.35037],[30.28085,0.35032],[30.28352,0.34871],[30.28633,0.34597],[30.28892,0.34462],[30.29036,0.34223],[30.29433,0.33916],[30.29462,0.33695],[30.29774,0.33342],[30.29995,0.32835],[30.30415,0.32652],[30.30844,0.32729],[30.31,0.32688],[30.31079,0.32609],[30.31128,0.32474],[30.31094,0.32048],[30.31169,0.31911],[30.31306,0.31808],[30.31468,0.3146],[30.31344,0.30715],[30.31627,0.30335],[30.31487,0.30096],[30.31593,0.29881],[30.3159,0.29769],[30.3136,0.29488],[30.3137,0.28944],[30.31137,0.28555],[30.31281,0.28254],[30.31215,0.27865],[30.3132,0.27416],[30.3142,0.27372],[30.31634,0.27448],[30.31708,0.27391],[30.31765,0.27226],[30.31764,0.27008],[30.30936,0.26545],[30.30498,0.26377],[30.30291,0.2603],[30.30109,0.25906],[30.29952,0.25622],[30.29868,0.25244],[30.29968,0.25039],[30.30308,0.23461],[30.30436,0.23275],[30.30555,0.22746],[30.3074,0.22337],[30.3076,0.2214],[30.30709,0.21844],[30.30749,0.21609],[30.31031,0.2108],[30.31682,0.20621],[30.31818,0.20626],[30.31903,0.20538],[30.319,0.20279],[30.31775,0.20168],[30.31661,0.19904],[30.31773,0.19516],[30.3159,0.19348],[30.31693,0.19111],[30.31893,0.18945],[30.31931,0.18787],[30.31884,0.1861],[30.31748,0.18397],[30.31715,0.1807],[30.31489,0.17882],[30.31591,0.17521],[30.31489,0.1682],[30.31603,0.16592],[30.32206,0.161],[30.32291,0.1592],[30.32587,0.15557],[30.32748,0.155],[30.33103,0.15176],[30.33399,0.15211],[30.33651,0.15149],[30.33915,0.15208],[30.34078,0.15192],[30.34441,0.15006],[30.346,0.14814],[30.34941,0.14736],[30.35196,0.1461],[30.35329,0.14474],[30.3554,0.1454],[30.3571,0.14481],[30.36009,0.14291],[30.36148,0.13882],[30.36528,0.13873],[30.36476,0.1348],[30.36657,0.1328],[30.36724,0.13251],[30.37157,0.13315],[30.37646,0.13005],[30.38193,0.13251],[30.38459,0.13672],[30.38703,0.13652],[30.38934,0.13729],[30.3897,0.13999],[30.39342,0.14514],[30.39562,0.14671],[30.398,0.14706],[30.40072,0.14909],[30.40225,0.15178],[30.40249,0.15386],[30.40348,0.15566],[30.40348,0.15719],[30.40275,0.1588],[30.4028,0.16434],[30.40393,0.16823],[30.40788,0.1752],[30.4142,0.18118],[30.42037,0.18028],[30.42246,0.18042],[30.4248,0.18304],[30.43027,0.18451],[30.43191,0.18599],[30.43309,0.18632],[30.4365,0.18421],[30.43931,0.18346],[30.44178,0.18374],[30.44524,0.18159],[30.44934,0.18035],[30.45218,0.18019]]}},{"type":"Feature","properties":{"name":"Kamwenge Railway Access","functional_class":"Class C National Road","surface_type":"Unsealed","length_km":2,"road_no":"C573"},"geometry":{"type":"LineString","coordinates":[[30.43899,0.1835],[30.44055,0.18487],[30.44255,0.18574],[30.44372,0.18805],[30.44522,0.18856],[30.4528,0.1854]]}},{"type":"Feature","properties":{"name":"Harugale - Bupompoli","functional_class":"Class C National Road","surface_type":"Unsealed","length_km":8,"road_no":"C579"},"geometry":{"type":"LineString","coordinates":[[30.06589,0.68111],[30.06774,0.68015],[30.06876,0.67686],[30.07051,0.67641],[30.07318,0.67818],[30.07464,0.67819],[30.07474,0.67772],[30.07367,0.67746],[30.0735,0.67688],[30.07591,0.67721],[30.07609,0.67667],[30.07676,0.67679],[30.07691,0.67586],[30.07781,0.67605],[30.0769,0.67453],[30.07868,0.67469],[30.0783,0.67261],[30.07804,0.67239],[30.0774,0.67325],[30.07637,0.67255],[30.07542,0.67276],[30.07518,0.67028],[30.07401,0.66961],[30.07475,0.66906],[30.07436,0.66812]]}},{"type":"Feature","properties":{"name":"Isimba-Ntoma","functional_class":"Class C National Road","surface_type":"Unsealed","length_km":14,"road_no":"C632"},"geometry":{"type":"LineString","coordinates":[[31.59411,1.50645],[31.59592,1.49998],[31.59793,1.49872],[31.60205,1.49746],[31.60429,1.49061],[31.60519,1.47948],[31.61713,1.46762],[31.62606,1.45766],[31.63145,1.45323],[31.63347,1.44302],[31.63427,1.44187],[31.63588,1.44105],[31.64045,1.43431]]}},{"type":"Feature","properties":{"name":"Nkondo - Nalweyo","functional_class":"Class C National Road","surface_type":"Unsealed","length_km":14.467,"road_no":"C283"},"geometry":{"type":"LineString","coordinates":[[31.26221,1.11795],[31.26136,1.11656],[31.26067,1.11173],[31.26266,1.10706],[31.26496,1.09946],[31.26407,1.0864],[31.26298,1.08187],[31.26333,1.07796],[31.26208,1.07284],[31.26269,1.05638],[31.26632,1.04737],[31.27322,1.03794],[31.27601,1.03188],[31.27884,1.02965],[31.28317,1.0212],[31.28657,1.0188],[31.28909,1.01568],[31.29103,1.01421],[31.29637,1.00778],[31.2997,1.00192],[31.30736,0.99438],[31.30992,0.99105],[31.31271,0.98874],[31.31451,0.98391],[31.31541,0.97917],[31.31778,0.97373],[31.3184,0.96929],[31.31741,0.96564],[31.31443,0.95903],[31.31312,0.94973],[31.31699,0.9432],[31.31759,0.94121],[31.32005,0.93682],[31.32072,0.92865],[31.32236,0.92393],[31.32208,0.92209],[31.32104,0.92044],[31.31806,0.91907],[31.31739,0.91771],[31.31882,0.90405],[31.32054,0.90068],[31.32114,0.89579],[31.32388,0.89292],[31.32654,0.89133],[31.32828,0.88852],[31.33006,0.8821],[31.32935,0.88012],[31.32978,0.87785],[31.33118,0.87693]]}},{"type":"Feature","properties":{"name":"Kiziranfumbi - Kabaale","functional_class":"Class C National Road","surface_type":"Bituminous","length_km":25.081,"road_no":"C596"},"geometry":{"type":"LineString","coordinates":[[31.20484,1.33069],[31.2017,1.34075],[31.19937,1.3536],[31.19751,1.35668],[31.19413,1.35956],[31.17831,1.36685],[31.16825,1.37008],[31.15747,1.37195],[31.1451,1.37155],[31.14205,1.37209],[31.13209,1.3797],[31.11776,1.38413],[31.11323,1.38825],[31.10759,1.39813],[31.10465,1.40232],[31.10095,1.40622],[31.0979,1.40858],[31.09342,1.41125],[31.08784,1.4134],[31.07054,1.41523],[31.06413,1.41772],[31.05033,1.42787],[31.04757,1.433],[31.04628,1.43913],[31.04489,1.44093],[31.03925,1.44361],[31.03313,1.44492]]}},{"type":"Feature","properties":{"name":"Bugungu - Wanseko","functional_class":"Class C National Road","surface_type":"Bituminous","length_km":21.222,"road_no":"C640"},"geometry":{"type":"LineString","coordinates":[[31.51762,2.17384],[31.5171,2.17547],[31.51828,2.18386],[31.52023,2.18947],[31.52292,2.19511],[31.52274,2.19972],[31.52019,2.20455],[31.51574,2.20976],[31.51275,2.21244],[31.50612,2.22112],[31.49862,2.21981],[31.48952,2.2133],[31.48729,2.2128],[31.48352,2.21306],[31.48178,2.21161],[31.47844,2.21052],[31.47663,2.20918],[31.47334,2.20852],[31.46109,2.20036],[31.45605,2.19954],[31.44678,2.19494],[31.44066,2.19408],[31.43388,2.18991],[31.42894,2.18556],[31.42503,2.1835],[31.40848,2.18035],[31.39838,2.18102],[31.39173,2.18002],[31.38379,2.18009],[31.38289,2.17956],[31.38208,2.17752]]}},{"type":"Feature","properties":{"name":"Bugwara-Kikwaya","functional_class":"Class C National Road","surface_type":"Unsealed","length_km":8.653,"road_no":"C566"},"geometry":{"type":"LineString","coordinates":[[31.07857,1.01911],[31.08325,1.02145],[31.09674,1.02464],[31.1054,1.02504],[31.1079,1.02565],[31.11671,1.02573],[31.11977,1.02637],[31.12385,1.02318],[31.12883,1.02047],[31.13412,1.01573],[31.14157,1.01258],[31.14517,1.01163]]}},{"type":"Feature","properties":{"name":"Kituti-Buhuka","functional_class":"Class C National Road","surface_type":"Bituminous","length_km":10.1,"road_no":"C611"},"geometry":{"type":"LineString","coordinates":[[30.7658,1.22641],[30.76456,1.22687],[30.7627,1.22861],[30.76282,1.2271],[30.76089,1.22572],[30.7613,1.22689],[30.76075,1.22902],[30.76023,1.22889],[30.7603,1.22713],[30.75868,1.22779],[30.75877,1.22821],[30.75982,1.22821],[30.75912,1.23094],[30.75856,1.22974],[30.75657,1.22942],[30.756,1.2268],[30.75554,1.2268],[30.75821,1.24186],[30.75839,1.25113],[30.75758,1.25261],[30.75483,1.25399],[30.75218,1.25615],[30.75059,1.25586]]}},{"type":"Feature","properties":{"name":"Park junction - Paraa","functional_class":"Class C National Road","surface_type":"Bituminous","length_km":7.701,"road_no":"C626"},"geometry":{"type":"LineString","coordinates":[[31.56981,2.21734],[31.565,2.21997],[31.56301,2.22321],[31.56402,2.25032],[31.56257,2.26437],[31.56306,2.27319],[31.56446,2.2803],[31.56372,2.28266],[31.56416,2.28311]]}},{"type":"Feature","properties":{"name":"Kaiso Airstrip link 1","functional_class":"Class C National Road","surface_type":"Bituminous","length_km":9.309,"road_no":"C613"},"geometry":{"type":"LineString","coordinates":[[30.96409,1.52666],[30.96549,1.53162],[30.96693,1.53271],[30.96694,1.53175],[30.96501,1.52774],[30.95915,1.52057],[30.95358,1.51601],[30.95112,1.51207],[30.94314,1.50901],[30.94028,1.50839],[30.93933,1.50754],[30.93915,1.50633],[30.93965,1.50497],[30.94504,1.50157],[30.94588,1.50023],[30.94607,1.49822],[30.9456,1.49635],[30.94307,1.49307],[30.94346,1.48955],[30.94312,1.48568],[30.94007,1.48231],[30.93858,1.47606]]}},{"type":"Feature","properties":{"name":"Kaiso Airstrip link 2","functional_class":"Class C National Road","surface_type":"Unsealed","length_km":6.69,"road_no":"C613"},"geometry":{"type":"LineString","coordinates":[[30.93858,1.47606],[30.93776,1.47379],[30.93548,1.47017],[30.93501,1.46766],[30.93508,1.46135],[30.93644,1.46029],[30.93846,1.46005],[30.94478,1.45339],[30.94791,1.45193],[30.94975,1.45],[30.95434,1.4428],[30.9559,1.44136],[30.95788,1.43686],[30.95985,1.4339],[30.96026,1.43179],[30.96214,1.42818]]}},{"type":"Feature","properties":{"name":"Hohwa - Nyairongo - Kyarushesha","functional_class":"Class C National Road","surface_type":"Bituminous","length_km":24.958,"road_no":"C598"},"geometry":{"type":"LineString","coordinates":[[30.98289,1.37852],[30.98212,1.37661],[30.98061,1.37565],[30.97388,1.37341],[30.96618,1.37216],[30.95185,1.36267],[30.94507,1.35139],[30.94159,1.34786],[30.94028,1.34403],[30.93755,1.3411],[30.93491,1.33368],[30.9335,1.3319],[30.93077,1.33057],[30.92053,1.32813],[30.91495,1.32456],[30.90195,1.32344],[30.89347,1.31921],[30.89184,1.31775],[30.89006,1.31396],[30.88696,1.30493],[30.88817,1.29244],[30.88728,1.28949],[30.88653,1.2884],[30.88152,1.28446],[30.87602,1.27474],[30.87339,1.27324],[30.86394,1.27131],[30.86238,1.26987],[30.85807,1.26245],[30.85644,1.24585],[30.8567,1.24021],[30.85554,1.23693],[30.85569,1.23181],[30.85462,1.22719]]}},{"type":"Feature","properties":{"name":"Nyamirama - Kikongi - Burama","functional_class":"Class C National Road","surface_type":"Bituminous","length_km":7.616,"road_no":"C446"},"geometry":{"type":"LineString","coordinates":[[29.74861,-0.69355],[29.74548,-0.70295],[29.74552,-0.70895],[29.74618,-0.71114],[29.7462,-0.71356],[29.74753,-0.71776],[29.74577,-0.73292],[29.74343,-0.73714],[29.74188,-0.74364],[29.74318,-0.74603],[29.74432,-0.75033],[29.74754,-0.75419],[29.74839,-0.75871]]}},{"type":"Feature","properties":{"name":"Bugangari - Campbell","functional_class":"Class C National Road","surface_type":"Unsealed","length_km":4.375,"road_no":"C445"},"geometry":{"type":"LineString","coordinates":[[29.85375,-0.72348],[29.85355,-0.72054],[29.85441,-0.71697],[29.8532,-0.71632],[29.85278,-0.71551],[29.85428,-0.71224],[29.85235,-0.70814],[29.85229,-0.70392],[29.85509,-0.69918],[29.85581,-0.69336],[29.85745,-0.69096],[29.8585,-0.68783]]}},{"type":"Feature","properties":{"name":"Campbell - Bukurungu","functional_class":"Class C National Road","surface_type":"Bituminous","length_km":6.442,"road_no":"C445"},"geometry":{"type":"LineString","coordinates":[[29.8585,-0.68783],[29.85831,-0.68637],[29.85994,-0.68447],[29.86137,-0.68017],[29.86538,-0.67275],[29.86726,-0.66604],[29.86676,-0.66523],[29.86473,-0.66439],[29.86407,-0.66033],[29.86175,-0.65709],[29.86135,-0.65405],[29.86013,-0.6529],[29.85836,-0.65181],[29.85464,-0.65274],[29.84989,-0.64894],[29.84618,-0.64893],[29.84476,-0.64818]]}},{"type":"Feature","properties":{"name":"Kihihi - Kazinga","functional_class":"Class C National Road","surface_type":"Bituminous","length_km":4.142,"road_no":"C433"},"geometry":{"type":"LineString","coordinates":[[29.70012,-0.74611],[29.6973,-0.73963],[29.69743,-0.73526],[29.69513,-0.73285],[29.69369,-0.72854],[29.69149,-0.725],[29.68134,-0.71879],[29.68019,-0.71759]]}},{"type":"Feature","properties":{"name":"Lira - Akia","functional_class":"Class C National Road","surface_type":"Bituminous","length_km":8.2,"road_no":"C650"},"geometry":{"type":"LineString","coordinates":[[32.90217,2.25041],[32.90886,2.2461],[32.95897,2.2432],[32.97404,2.23975]]}},{"type":"Feature","properties":{"name":"Isingiro-Ngarama","functional_class":"Class C National Road","surface_type":"Bituminous","length_km":6.1,"road_no":"C360"},"geometry":{"type":"LineString","coordinates":[[30.81202,-0.81507],[30.81533,-0.81602],[30.81787,-0.81547],[30.81809,-0.81666],[30.81759,-0.81838],[30.81853,-0.81991],[30.81708,-0.82345],[30.81646,-0.82825],[30.81521,-0.82875],[30.81256,-0.83195],[30.81072,-0.837],[30.81064,-0.84109],[30.80955,-0.84819],[30.8101,-0.85238],[30.81217,-0.85701],[30.81189,-0.86153]]}},{"type":"Feature","properties":{"name":"Kabaranga - Kisiizi","functional_class":"Class C National Road","surface_type":"Unsealed","length_km":6.429,"road_no":"C432"},"geometry":{"type":"LineString","coordinates":[[29.90996,-0.99682],[29.91195,-0.99869],[29.91147,-1.00168],[29.9103,-1.00363],[29.91187,-1.00455],[29.9129,-1.00792],[29.91554,-1.00918],[29.91581,-1.012],[29.918,-1.01381],[29.91901,-1.01356],[29.92043,-1.01464],[29.92137,-1.01459],[29.9228,-1.01689],[29.92773,-1.01892],[29.93034,-1.01905],[29.93498,-1.02166],[29.93795,-1.01846],[29.93815,-1.01674],[29.93733,-1.01592],[29.93777,-1.01351],[29.9402,-1.01274],[29.94166,-1.01367]]}}]}